Start URL,Category,Product,Unit,Price,Slash Price,Details Link
https://myaeon2go.com/products/category/6528959/grocery/pages/1-52,Grocery,Nikko Brand Whole Mushroom,425 g,RM 3.55,,https://myaeon2go.com/product/2372/whole-mushroom
https://myaeon2go.com/products/category/6528959/grocery/pages/1-52,Grocery,Buttercup Butter Blend Spread,1 kg,RM 21.51,,https://myaeon2go.com/product/2096/butter-blend-spread
https://myaeon2go.com/products/category/6528959/grocery/pages/1-52,Grocery,Jasmine Sunwhite Super Import (Wangi Thailand),10 kg,RM 60.99,RM 73.34,https://myaeon2go.com/product/2626/sunwhite-super-import-%28wangi-thailand%29
https://myaeon2go.com/products/category/6528959/grocery/pages/1-52,Grocery,Nongshim Shin Ramyun,5 x 120 g,RM 18.99,RM 22.80,https://myaeon2go.com/product/6408/nongshim-shin-ramyun-5-x-120-g
https://myaeon2go.com/products/category/6528959/grocery/pages/1-52,Grocery,Sun City Button Mushroom,425 g,RM 4.06,,https://myaeon2go.com/product/12796/button-mushroom
https://myaeon2go.com/products/category/6528959/grocery/pages/1-52,Grocery,Howei Mushroom,425 g,RM 5.86,,https://myaeon2go.com/product/16753/mushroom
https://myaeon2go.com/products/category/6528959/grocery/pages/1-52,Grocery,Jasmine Sunwhite Super Import (Wangi Thailand),5 kg,RM 31.99,RM 36.64,https://myaeon2go.com/product/2627/sunwhite-super-import-%28wangi-thailand%29
https://myaeon2go.com/products/category/6528959/grocery/pages/1-52,Grocery,Maggi 2 Minute Curry Instant Noodle,5 x 79 g,RM 4.79,RM 5.79,https://myaeon2go.com/product/2453/2-minute-curry-instant-noodle
https://myaeon2go.com/products/category/6528959/grocery/pages/1-52,Grocery,Maggi 2 Minute Instant Noodle,,RM 4.19 to RM 6.20,RM 5.79,https://myaeon2go.com/product/2450/2-minute-chicken-instant-noodle
https://myaeon2go.com/products/category/6528959/grocery/pages/1-52,Grocery,Maggi 2 Minute Chicken Instant Noodle,5 x 77 g,RM 4.19,RM 5.79,https://myaeon2go.com/product/2450/2-minute-chicken-instant-noodle
https://myaeon2go.com/products/category/6528959/grocery/pages/1-52,Grocery,TOPVALU Rice Vermicelli,400 g,RM 6.90,,https://myaeon2go.com/product/30712/rice-vermicelli
https://myaeon2go.com/products/category/6528959/grocery/pages/1-52,Grocery,TOPVALU Fresh Rice Vermicelli Dried,300 g,RM 5.90,,https://myaeon2go.com/product/30621/fresh-rice-vermicelli-dried
https://myaeon2go.com/products/category/6528959/grocery/pages/1-52,Grocery,CSR Coarse Sugar,1 kg,RM 2.85,,https://myaeon2go.com/product/5429/coarse-sugar
https://myaeon2go.com/products/category/6528959/grocery/pages/1-52,Grocery,Double Swallow Garam Halus,450 g,RM 0.95,,https://myaeon2go.com/product/2926/garam-halus
https://myaeon2go.com/products/category/6528959/grocery/pages/1-52,Grocery,Prego Tradisional Spaghetti Sauce,300 g,RM 4.40,RM 5.87,https://myaeon2go.com/product/2852/tradisional-spaghetti-sauce
https://myaeon2go.com/products/category/6528959/grocery/pages/1-52,Grocery,Prego Can Pasta Sauce,,RM 4.40 to RM 6.99,RM 5.87,https://myaeon2go.com/product/2848/herbs-&-cheese-sauce
https://myaeon2go.com/products/category/6528959/grocery/pages/1-52,Grocery,Anchor Wheat Flour,1 kg,RM 2.99,RM 3.90,https://myaeon2go.com/product/2079/wheat-flour
https://myaeon2go.com/products/category/6528959/grocery/pages/1-52,Grocery,Mi Sedaap Mi Goreng,,RM 4.99 to RM 5.54,,https://myaeon2go.com/product/2474/mi-goreng-ayam-krispi
https://myaeon2go.com/products/category/6528959/grocery/pages/1-52,Grocery,Mi Sedaap Mi Goreng Asli,5 x 90 g,RM 4.99,RM 5.80,https://myaeon2go.com/product/2475/mi-goreng-asli
https://myaeon2go.com/products/category/6528959/grocery/pages/1-52,Grocery,Prego Carbonara Mushroom,295 g,RM 4.40,RM 5.87,https://myaeon2go.com/product/2851/carbonara-mushroom
https://myaeon2go.com/products/category/6528959/grocery/pages/1-52,Grocery,Ayam Brand Sardine In Tomato Sauce,155 g,RM 5.30,,https://myaeon2go.com/product/2300/sardine-in-tomato-sauce
https://myaeon2go.com/products/category/6528959/grocery/pages/1-52,Grocery,Buruh Cooking Oil,5 kg,RM 30.85,,https://myaeon2go.com/product/2236/cooking-oil
https://myaeon2go.com/products/category/6528959/grocery/pages/1-52,Grocery,Maggi Hot Cup Multipack,,RM 14.00,,https://myaeon2go.com/product/6077/maggi-hot-cup-chicken-multipack-6-x-57-g
https://myaeon2go.com/products/category/6528959/grocery/pages/1-52,Grocery,Maggi Hot Cup Curry Multipack,6 x 59 g,RM 14.00,,https://myaeon2go.com/product/6078/maggi-hot-cup-curry-multipack-6-x-59-g
https://myaeon2go.com/products/category/6528959/grocery/pages/1-52,Grocery,Ayam Brand Coconut Milk,200 ml,RM 3.59,RM 4.00,https://myaeon2go.com/product/2082/coconut-milk
https://myaeon2go.com/products/category/6528959/grocery/pages/1-52,Grocery,Ayam Brand Baked Beans,425 g,RM 4.80,,https://myaeon2go.com/product/2283/baked-beans
https://myaeon2go.com/products/category/6528959/grocery/pages/1-52,Grocery,MFM Cap Rose All Purpose Flour,850 g,RM 2.39,RM 2.70,https://myaeon2go.com/product/2149/cap-rose-all-purpose-flour
https://myaeon2go.com/products/category/6528959/grocery/pages/1-52,Grocery,Ayam Brand Baked Beans 425 g,,RM 4.80 to RM 5.10,,https://myaeon2go.com/product/2281/baked-beans-in-light-tomato-sauce
https://myaeon2go.com/products/category/6528959/grocery/pages/1-52,Grocery,Gula Prai Coarse Grain Sugar,1 kg,RM 2.85,,https://myaeon2go.com/product/36017/coarse-grain-sugar
https://myaeon2go.com/products/category/6528959/grocery/pages/1-52,Grocery,CSR Fine Sugar,1 kg,RM 2.95,,https://myaeon2go.com/product/5430/fine-sugar
https://myaeon2go.com/products/category/6528959/grocery/pages/1-52,Grocery,Maggi Hot Cup,,RM 2.50,,https://myaeon2go.com/product/6072/maggi-hot-cup-chicken-57-g
https://myaeon2go.com/products/category/6528959/grocery/pages/1-52,Grocery,Maggi Hot Cup Asam Laksa,59 g,RM 2.50,,https://myaeon2go.com/product/6073/maggi-hot-cup-asam-laksa-59-g
https://myaeon2go.com/products/category/6528959/grocery/pages/1-52,Grocery,Maggi Hot Cup Curry,59 g,RM 2.50,,https://myaeon2go.com/product/6075/maggi-hot-cup-curry-59-g
https://myaeon2go.com/products/category/6528959/grocery/pages/1-52,Grocery,Prego Dry Pasta,,RM 4.50,RM 5.13,https://myaeon2go.com/product/2531/spaghetti
https://myaeon2go.com/products/category/6528959/grocery/pages/1-52,Grocery,Prego Spaghetti,500 g,RM 4.50,RM 5.13,https://myaeon2go.com/product/2531/spaghetti
https://myaeon2go.com/products/category/6528959/grocery/pages/1-52,Grocery,Knife Cooking Oil,5 kg,RM 29.99,RM 35.61,https://myaeon2go.com/product/2231/cooking-oil
https://myaeon2go.com/products/category/6528959/grocery/pages/1-52,Grocery,CSR Coarse Sugar,2 kg,RM 5.70,,https://myaeon2go.com/product/3029/coarse-sugar
https://myaeon2go.com/products/category/6528959/grocery/pages/1-52,Grocery,Mi Sedaap Cup Noodle,,RM 2.61 to RM 3.15,,https://myaeon2go.com/product/6180/cup-noodle-baso-special
https://myaeon2go.com/products/category/6528959/grocery/pages/1-52,Grocery,Mi Sedaap Cup Noodle Goreng,81 g,RM 2.61,,https://myaeon2go.com/product/6183/cup-noodle-goreng
https://myaeon2go.com/products/category/6528959/grocery/pages/1-52,Grocery,Maggi Tomato Sauce,475 g,RM 4.69,RM 5.95,https://myaeon2go.com/product/6086/tomato-sauce
https://myaeon2go.com/products/category/6528959/grocery/pages/1-52,Grocery,Kara Natural Coconut Extract,200 ml,RM 3.59,RM 4.17,https://myaeon2go.com/product/2128/natural-coconut-extract
https://myaeon2go.com/products/category/6528959/grocery/pages/1-52,Grocery,Nongshim Shin Ramyun Bowl,114 g,RM 4.99,RM 6.00,https://myaeon2go.com/product/26955/shin-ramyun-bowl
https://myaeon2go.com/products/category/6528959/grocery/pages/1-52,Grocery,TOPVALU Iodised Coarse Salt,350 g,RM 0.55,,https://myaeon2go.com/product/8341/iodised-coarse-salt
https://myaeon2go.com/products/category/6528959/grocery/pages/1-52,Grocery,Gula Prai Fine Grain Sugar,1 kg,RM 2.95,,https://myaeon2go.com/product/36012/fine-grain-sugar
https://myaeon2go.com/products/category/6528959/grocery/pages/1-52,Grocery,Buruh Cooking Oil,2 kg,RM 13.19,,https://myaeon2go.com/product/2235/cooking-oil
https://myaeon2go.com/products/category/6528959/grocery/pages/1-52,Grocery,Mamee Mi Segera,10 x 70 g,RM 4.99,RM 7.25,https://myaeon2go.com/product/6126/mi-segera
https://myaeon2go.com/products/category/6528959/grocery/pages/1-52,Grocery,Nestle School Pack,140 g,RM 9.90,,https://myaeon2go.com/product/6325/school-pack
https://myaeon2go.com/products/category/6528959/grocery/pages/1-52,Grocery,Maggi Hot Cup Chicken Multipack,6 x 57 g,RM 14.00,,https://myaeon2go.com/product/6077/maggi-hot-cup-chicken-multipack-6-x-57-g
https://myaeon2go.com/products/category/6528959/grocery/pages/1-52,Grocery,Kara Coconut Cream,65 ml,RM 1.77,,https://myaeon2go.com/product/49522/kara-coconut-cream-65-ml
https://myaeon2go.com/products/category/6528959/grocery/pages/1-52,Grocery,Sumo Calrose Rice,5 kg,RM 31.99,RM 34.75,https://myaeon2go.com/product/6791/calrose-rice
https://myaeon2go.com/products/category/6528959/grocery/pages/1-52,Grocery,Saji Cooking Oil,5 kg,RM 30.82,,https://myaeon2go.com/product/6656/cooking-oil
https://myaeon2go.com/products/category/6528959/grocery/pages/1-52,Grocery,Mamee Basic Vegetarian Noodle,5 x 78 g,RM 3.59,RM 5.29,https://myaeon2go.com/product/10000/mamee-basic-vegetarian-noodle-5-x-80-g
https://myaeon2go.com/products/category/6528959/grocery/pages/1-52,Grocery,Maggi Hot Cup Tom Yam Multipack,6 x 61 g,RM 14.00,,https://myaeon2go.com/product/6079/maggi-hot-cup-tom-yam-multipack-6-x-61-g
https://myaeon2go.com/products/category/6528959/grocery/pages/1-52,Grocery,Nestle Nestum 3 In 1 Original,14 x 28 g,RM 10.99,RM 12.89,https://myaeon2go.com/product/2017/nestum-3-in-1-original
https://myaeon2go.com/products/category/6528959/grocery/pages/1-52,Grocery,Nestle Nestum 3 In 1,,RM 10.99,RM 12.89,https://myaeon2go.com/product/2016/nestum-3-in-1-brown-rice
https://myaeon2go.com/products/category/6528959/grocery/pages/1-52,Grocery,Naturel Blend Oil,3 kg,RM 29.99,RM 36.74,https://myaeon2go.com/product/2239/blend-oil
https://myaeon2go.com/products/category/6528959/grocery/pages/1-52,Grocery,Naturel Cooking Oil 3 kg,,RM 29.99,RM 36.74,https://myaeon2go.com/product/2239/blend-oil
https://myaeon2go.com/products/category/6528959/grocery/pages/1-52,Grocery,Mamee Basic Curry Noodle,5 x 77 g,RM 3.59,RM 5.29,https://myaeon2go.com/product/9997/mamee-basic-curry-noodle-5-x-77-g
https://myaeon2go.com/products/category/6528959/grocery/pages/1-52,Grocery,Sunflower Japanese Calrose Rice,5 kg,RM 29.99,RM 36.50,https://myaeon2go.com/product/6795/japanese-calrose-rice
https://myaeon2go.com/products/category/6528959/grocery/pages/1-52,Grocery,Jasmine Calfresh Super Calrose,5 kg,RM 28.99,RM 36.00,https://myaeon2go.com/product/8381/calfresh-super-calrose
https://myaeon2go.com/products/category/6528959/grocery/pages/1-52,Grocery,Prego Chicken Mushroom,290 g,RM 4.40,RM 5.87,https://myaeon2go.com/product/2849/chicken-mushroom
https://myaeon2go.com/products/category/6528959/grocery/pages/1-52,Grocery,Kimball Spaghetti,400 g,RM 3.39,RM 3.99,https://myaeon2go.com/product/2438/spaghetti
https://myaeon2go.com/products/category/6528959/grocery/pages/1-52,Grocery,Kimball Dry Pasta,,RM 3.39,RM 3.99,https://myaeon2go.com/product/2438/spaghetti
https://myaeon2go.com/products/category/6528959/grocery/pages/1-52,Grocery,Ayam Brand Baked Beans 230 g,,RM 3.40 to RM 3.60,,https://myaeon2go.com/product/2278/baked-beans
https://myaeon2go.com/products/category/6528959/grocery/pages/1-52,Grocery,Ayam Brand Baked Beans,230 g,RM 3.40,,https://myaeon2go.com/product/2278/baked-beans
https://myaeon2go.com/products/category/6528959/grocery/pages/1-52,Grocery,"Prego Tomato,Basil & Garlic Sauce",300 g,RM 4.40,RM 5.87,https://myaeon2go.com/product/2854/tomato%2Cbasil-&-garlic-sauce
https://myaeon2go.com/products/category/6528959/grocery/pages/1-52,Grocery,Ayam Brand Tuna,,RM 7.59 to RM 7.68,,https://myaeon2go.com/product/2310/tuna-chunk-in-water
https://myaeon2go.com/products/category/6528959/grocery/pages/1-52,Grocery,Prego Herbs & Cheese Sauce,290 g,RM 4.40,RM 5.87,https://myaeon2go.com/product/2848/herbs-&-cheese-sauce
https://myaeon2go.com/products/category/6528959/grocery/pages/1-52,Grocery,Ayam Brand Tuna Chunk In Water,150 g,RM 7.59,,https://myaeon2go.com/product/2310/tuna-chunk-in-water
https://myaeon2go.com/products/category/6528959/grocery/pages/1-52,Grocery,Maggi 2 Minute Chicken 5+1 Instant Noodles,6 x 77 g,RM 4.79,RM 5.79,https://myaeon2go.com/product/9031/2-minute-chicken-5+1-instant-noodles
https://myaeon2go.com/products/category/6528959/grocery/pages/1-52,Grocery,TOPVALU No.5 Spaghetti,400 g,RM 2.90,,https://myaeon2go.com/product/31158/no.5-spaghetti
https://myaeon2go.com/products/category/6528959/grocery/pages/1-52,Grocery,CSR Natural Brown Sugar,1 kg,RM 5.34,,https://myaeon2go.com/product/3030/natural-brown-sugar
https://myaeon2go.com/products/category/6528959/grocery/pages/1-52,Grocery,Adabi Asam Jawa,200 g,RM 4.39,RM 4.95,https://myaeon2go.com/product/57/asam-jawa
https://myaeon2go.com/products/category/6528959/grocery/pages/1-52,Grocery,Jati Signature Pusa Finest Basmathi 1121,5 kg,RM 29.59,RM 44.90,https://myaeon2go.com/product/9982/signature-pusa-finest-basmathi-1121
https://myaeon2go.com/products/category/6528959/grocery/pages/1-52,Grocery,Kewpie Dressing Roasted Sesame,210 ml,RM 8.59,RM 9.13,https://myaeon2go.com/product/5860/dressing-roasted-sesame
https://myaeon2go.com/products/category/6528959/grocery/pages/1-52,Grocery,Gula Prai Soft Brown Sugar,500 g,RM 2.60,,https://myaeon2go.com/product/35988/soft-brown-sugar
https://myaeon2go.com/products/category/6528959/grocery/pages/1-52,Grocery,Kewpie Dressing,,RM 6.99 to RM 8.59,RM 9.13,https://myaeon2go.com/product/2733/dressing-caesar
https://myaeon2go.com/products/category/6528959/grocery/pages/1-52,Grocery,Maggi Hot Cup Tom Yum,61 g,RM 2.50,,https://myaeon2go.com/product/6076/maggi-hot-cup-tom-yum-61-g
https://myaeon2go.com/products/category/6528959/grocery/pages/1-52,Grocery,Ayam Brand Tuna Chunks In Olive Oil,150 g,RM 7.59,,https://myaeon2go.com/product/2311/tuna-chunks-in-olive-oil
https://myaeon2go.com/products/category/6528959/grocery/pages/1-52,Grocery,Prego Mushroom Spaghetti Sauce,300 g,RM 4.40,RM 5.87,https://myaeon2go.com/product/2853/mushroom-spaghetti-sauce
https://myaeon2go.com/products/category/6528959/grocery/pages/1-52,Grocery,Ayam Brand Chili Tuna,160 g,RM 7.68,,https://myaeon2go.com/product/2286/chili-tuna
https://myaeon2go.com/products/category/6528959/grocery/pages/1-52,Grocery,Kimball Macaroni,400 g,RM 3.39,RM 3.99,https://myaeon2go.com/product/2439/macaroni
https://myaeon2go.com/products/category/6528959/grocery/pages/1-52,Grocery,Jalen Cuka Buatan,325 ml,RM 2.61,,https://myaeon2go.com/product/2721/cuka-buatan
https://myaeon2go.com/products/category/6528959/grocery/pages/1-52,Grocery,Mamee Chef Cup Creamy Tom Yam,70 g,RM 2.98,,https://myaeon2go.com/product/6114/chef-cup-creamy-tom-yam
https://myaeon2go.com/products/category/6528959/grocery/pages/1-52,Grocery,Kewpie Dressing Roasted Sesame,500 g,RM 15.99,RM 19.90,https://myaeon2go.com/product/2738/dressing-roasted-sesame
https://myaeon2go.com/products/category/6528959/grocery/pages/1-52,Grocery,Mamee Chef Cup Noodle,,RM 2.98,,https://myaeon2go.com/product/6114/chef-cup-creamy-tom-yam
https://myaeon2go.com/products/category/6528959/grocery/pages/1-52,Grocery,Cap Bintang Tepung Jagung,400 g,RM 2.05,,https://myaeon2go.com/product/2098/tepung-jagung
https://myaeon2go.com/products/category/6528959/grocery/pages/1-52,Grocery,Nestle Koko Krunch Economy Pack,450 g,RM 17.50,,https://myaeon2go.com/product/2008/nestle-koko-krunch-economy-pack-450-g
https://myaeon2go.com/products/category/6528959/grocery/pages/1-52,Grocery,Maggi Big Instant,,RM 6.59 to RM 7.50,RM 7.10,https://myaeon2go.com/product/2455/big-chicken-instant
https://myaeon2go.com/products/category/6528959/grocery/pages/1-52,Grocery,Maggi Big Curry Instant,5 x 106 g,RM 6.59,RM 7.10,https://myaeon2go.com/product/2456/big-curry-instant
https://myaeon2go.com/products/category/6528959/grocery/pages/1-52,Grocery,Cap Kipas Udang Kicap Kacang Soya Manis,645 ml,RM 10.99,RM 12.30,https://myaeon2go.com/product/7759/kicap-kacang-soya-manis
https://myaeon2go.com/products/category/6528959/grocery/pages/1-52,Grocery,Maggi Chili Sauce,500 g,RM 4.99,RM 5.99,https://myaeon2go.com/product/6068/chili-sauce
https://myaeon2go.com/products/category/6528959/grocery/pages/1-52,Grocery,Buruh Cooking Oil,1 kg,RM 6.76,,https://myaeon2go.com/product/2234/cooking-oil
https://myaeon2go.com/products/category/6528959/grocery/pages/1-52,Grocery,Jasmine Beehoon,400 g,RM 2.79,RM 3.50,https://myaeon2go.com/product/2434/beehoon
https://myaeon2go.com/products/category/6528959/grocery/pages/1-52,Grocery,Faiza Tepung Gandum,1 kg,RM 3.46,,https://myaeon2go.com/product/2110/tepung-gandum
https://myaeon2go.com/products/category/6528959/grocery/pages/1-52,Grocery,Lee Kum Kee Panda Brand Oyster Sauce,770 g,RM 10.83,,https://myaeon2go.com/product/9881/panda-brand-oyster-sauce
https://myaeon2go.com/products/category/6528959/grocery/pages/1-52,Grocery,TOPVALU Non Dairy Creamer,450 g,RM 4.90,,https://myaeon2go.com/product/23151/non-dairy-creamer
https://myaeon2go.com/products/category/6528959/grocery/pages/1-52,Grocery,Mamee Basic Chicken Noodle,5 x 77 g,RM 3.59,RM 5.29,https://myaeon2go.com/product/9996/mamee-basic-chicken-noodle-5-x-77-g
https://myaeon2go.com/products/category/6528959/grocery/pages/1-52,Grocery,Barilla Dry Pasta,,RM 6.99 to RM 11.10,RM 7.90,https://myaeon2go.com/product/2398/fusilli
https://myaeon2go.com/products/category/6528959/grocery/pages/1-52,Grocery,Barilla Spaghetti 5,500 g,RM 6.99,RM 8.10,https://myaeon2go.com/product/2399/spaghetti-5
https://myaeon2go.com/products/category/6528959/grocery/pages/1-52,Grocery,Kara Coconut Cream,110 ml,RM 2.36,,https://myaeon2go.com/product/49548/kara-coconut-cream-110-ml
https://myaeon2go.com/products/category/6528959/grocery/pages/1-52,Grocery,Saji Santan Coconut Milk,200 ml,RM 3.39,RM 3.80,https://myaeon2go.com/product/2188/santan-coconut-milk
https://myaeon2go.com/products/category/6528959/grocery/pages/1-52,Grocery,Ayam Brand Tuna Omega-3 Flakes in Extra Virgin Olive Oil,150 g,RM 7.59,,https://myaeon2go.com/product/2314/tuna-omega-3-flakes-in-extra-virgin-olive-oil
https://myaeon2go.com/products/category/6528959/grocery/pages/1-52,Grocery,Ecobrown's Sella Cream Premium Basmathi,5 kg,RM 31.99,RM 44.50,https://myaeon2go.com/product/9966/sella-cream-premium-basmathi
https://myaeon2go.com/products/category/6528959/grocery/pages/1-52,Grocery,Ayam Brand Kernel Corn,425 g,RM 4.40,,https://myaeon2go.com/product/2292/kernel-corn
https://myaeon2go.com/products/category/6528959/grocery/pages/1-52,Grocery,Indomie Mi Goreng Asli,5 x 85 g,RM 4.79,RM 5.81,https://myaeon2go.com/product/2429/mi-goreng-asli
https://myaeon2go.com/products/category/6528959/grocery/pages/1-52,Grocery,Indomie Mi Goreng,,RM 4.79,RM 5.70,https://myaeon2go.com/product/2428/mi-goreng-pedas
https://myaeon2go.com/products/category/6528959/grocery/pages/1-52,Grocery,CED Natural Himalayan Pink Rock Salt,500 g,RM 3.00,,https://myaeon2go.com/product/2923/natural-himalayan-pink-rock-salt
https://myaeon2go.com/products/category/6528959/grocery/pages/1-52,Grocery,Alishan Whole Mushroom,425 g,RM 4.00,,https://myaeon2go.com/product/2276/whole-mushroom
https://myaeon2go.com/products/category/6528959/grocery/pages/1-52,Grocery,Prego Macaroni,500 g,RM 4.50,RM 5.13,https://myaeon2go.com/product/2532/macaroni
https://myaeon2go.com/products/category/6528959/grocery/pages/1-52,Grocery,Alishan Mushroom,,RM 4.00 to RM 4.74,,https://myaeon2go.com/product/2275/straw-mushroom
https://myaeon2go.com/products/category/6528959/grocery/pages/1-52,Grocery,Lee Kum Kee Selected Light Soy Sauce,500 ml,RM 7.99,RM 8.35,https://myaeon2go.com/product/5979/selected-light-soy-sauce
https://myaeon2go.com/products/category/6528959/grocery/pages/1-52,Grocery,Jasmine Moly Thai Fragrant AA Rice,10 kg,RM 43.99,RM 63.85,https://myaeon2go.com/product/2616/moly-thai-fragrant-aa-rice
https://myaeon2go.com/products/category/6528959/grocery/pages/1-52,Grocery,TOPVALU Elbow Pasta Macaroni,400 g,RM 2.90,,https://myaeon2go.com/product/31106/elbow-pasta-macaroni
https://myaeon2go.com/products/category/6528959/grocery/pages/1-52,Grocery,Sunflower Sella Gold Basmathi Pusa Cream,5 kg,RM 29.99,RM 47.90,https://myaeon2go.com/product/63650/sunflower-sella-gold-basmathi-pusa-cream-5-kg
https://myaeon2go.com/products/category/6528959/grocery/pages/1-52,Grocery,Bakers Choice Vitamin Flour,1 kg,RM 2.95,,https://myaeon2go.com/product/26443/vitamin-flour
https://myaeon2go.com/products/category/6528959/grocery/pages/1-52,Grocery,Jasmine Super 5 Imported Thailand,10 kg,RM 34.99,RM 43.00,https://myaeon2go.com/product/2628/super-5-imported-thailand
https://myaeon2go.com/products/category/6528959/grocery/pages/1-52,Grocery,Munchy's Oat Krunch Breakfast Dark Chocolate With Blueberry,384 g,RM 8.30,RM 10.95,https://myaeon2go.com/product/26598/oat-krunch-breakfast-dark-chocolate-with-blueberry
https://myaeon2go.com/products/category/6528959/grocery/pages/1-52,Grocery,Mamee Chef Cup Spicy Chicken Shiitake Noodles,62 g,RM 2.98,,https://myaeon2go.com/product/10002/chef-cup-spicy-chicken-shiitake-noodles
https://myaeon2go.com/products/category/6528959/grocery/pages/1-52,Grocery,Sunflower Basmathi Pusa 1121 Cream,5 kg,RM 32.59,RM 52.50,https://myaeon2go.com/product/2657/basmathi-pusa-1121-cream
https://myaeon2go.com/products/category/6528959/grocery/pages/1-52,Grocery,A1 Bihun Beras,455 g,RM 9.46,,https://myaeon2go.com/product/32/bihun-beras
https://myaeon2go.com/products/category/6528959/grocery/pages/1-52,Grocery,Seri Murni Cooking Oil,5 kg,RM 30.87,,https://myaeon2go.com/product/2265/cooking-oil
https://myaeon2go.com/products/category/6528959/grocery/pages/1-52,Grocery,Faiza Bihun Siam,400 g,RM 3.99,,https://myaeon2go.com/product/2414/bihun-siam
https://myaeon2go.com/products/category/6528959/grocery/pages/1-52,Grocery,Ayam Brand Rendang Paste,180 g,RM 3.99,RM 5.25,https://myaeon2go.com/product/26458/rendang-paste
https://myaeon2go.com/products/category/6528959/grocery/pages/1-52,Grocery,Campbell's Cream Of Mushroom,290 g,RM 5.79,RM 6.25,https://myaeon2go.com/product/9958/cream-of-mushroom
https://myaeon2go.com/products/category/6528959/grocery/pages/1-52,Grocery,Mamee Chef Lontong,4 x 97 g,RM 4.90,RM 6.79,https://myaeon2go.com/product/2468/chef-lontong
https://myaeon2go.com/products/category/6528959/grocery/pages/1-52,Grocery,Life Chili Sauce Jumbo,725 g,RM 6.59,RM 7.25,https://myaeon2go.com/product/2789/chili-sauce-jumbo
https://myaeon2go.com/products/category/6528959/grocery/pages/1-52,Grocery,Mamee Chef,,RM 4.90,RM 6.79,https://myaeon2go.com/product/2467/chef-spicy-chicken-shiitake
https://myaeon2go.com/products/category/6528959/grocery/pages/1-52,Grocery,Youmee Plain Air Dried Noodles,420 g,RM 7.62,,https://myaeon2go.com/product/2579/plain-air-dried-noodles
https://myaeon2go.com/products/category/6528959/grocery/pages/1-52,Grocery,Nestle Nestum 3 In 1 Oats,14 x 30 g,RM 10.99,RM 12.89,https://myaeon2go.com/product/2018/nestum-3-in-1-oats
https://myaeon2go.com/products/category/6528959/grocery/pages/1-52,Grocery,Jasmine Super 5 Imported Thailand,5 kg,RM 17.99,RM 20.96,https://myaeon2go.com/product/2629/super-5-imported-thailand
https://myaeon2go.com/products/category/6528959/grocery/pages/1-52,Grocery,Heinz Tomato Ketchup,300 g,RM 5.65,,https://myaeon2go.com/product/5758/tomato-ketchup
https://myaeon2go.com/products/category/6528959/grocery/pages/1-52,Grocery,Jasmine Sunwhite Super Import (Wangi Thailand),1 kg,RM 8.40,,https://myaeon2go.com/product/2625/sunwhite-super-import-%28wangi-thailand%29
https://myaeon2go.com/products/category/6528959/grocery/pages/1-52,Grocery,Knorr Cube,,RM 3.60 to RM 4.20,,https://myaeon2go.com/product/2932/cube-chicken-no-msg
https://myaeon2go.com/products/category/6528959/grocery/pages/1-52,Grocery,Knorr Cube Chicken No MSG,6 Cubes,RM 4.20,,https://myaeon2go.com/product/2932/cube-chicken-no-msg
https://myaeon2go.com/products/category/6528959/grocery/pages/1-52,Grocery,Knife Cooking Oil,2 kg,RM 14.99,RM 15.65,https://myaeon2go.com/product/2229/cooking-oil
https://myaeon2go.com/products/category/6528959/grocery/pages/1-52,Grocery,Mamee Express Vegetarian Cup Instant Noodle,6 x 65 g,RM 10.99,RM 11.83,https://myaeon2go.com/product/10009/express-vegetarian-cup-instant-noodle
https://myaeon2go.com/products/category/6528959/grocery/pages/1-52,Grocery,Jati Signature Super Special Tempatan 5%,10 kg,RM 26.00,,https://myaeon2go.com/product/55587/jati-signature-super-special-tempatan-5%25-10-kg
https://myaeon2go.com/products/category/6528959/grocery/pages/1-52,Grocery,Mamee Express Curry Cup Instant Noodle,6 x 65 g,RM 10.99,RM 11.83,https://myaeon2go.com/product/10007/express-curry-cup-instant-noodle
https://myaeon2go.com/products/category/6528959/grocery/pages/1-52,Grocery,Jasmine Pusa Cream Basmathi Sella Parboiled,5 kg,RM 31.99,RM 49.90,https://myaeon2go.com/product/2618/pusa-cream-basmathi-sella-parboiled
https://myaeon2go.com/products/category/6528959/grocery/pages/1-52,Grocery,Cintan Instant,,RM 4.79 to RM 6.39,,https://myaeon2go.com/product/2403/instant-vegetarian-curry
https://myaeon2go.com/products/category/6528959/grocery/pages/1-52,Grocery,Alishan Fried Dace With Salted Black Bean,184 g,RM 4.44,,https://myaeon2go.com/product/8371/fried-dace-with-salted-black-bean
https://myaeon2go.com/products/category/6528959/grocery/pages/1-52,Grocery,Indomie Mi Goreng Spesial,5 x 85 g,RM 4.79,RM 5.81,https://myaeon2go.com/product/7297/mi-goreng-spesial
https://myaeon2go.com/products/category/6528959/grocery/pages/1-52,Grocery,Cintan Instant Curry,5 x 76 g,RM 4.79,RM 5.72,https://myaeon2go.com/product/2408/instant-curry
https://myaeon2go.com/products/category/6528959/grocery/pages/1-52,Grocery,Alishan Pickled Lettuce,182 g,RM 2.20,,https://myaeon2go.com/product/2277/pickled-lettuce
https://myaeon2go.com/products/category/6528959/grocery/pages/1-52,Grocery,Hosen Whole Mushroom,425 g,RM 4.95,,https://myaeon2go.com/product/2354/whole-mushroom
https://myaeon2go.com/products/category/6528959/grocery/pages/1-52,Grocery,CSR Better Brown Sugar,1 kg,RM 5.82,,https://myaeon2go.com/product/3027/better-brown-sugar
https://myaeon2go.com/products/category/6528959/grocery/pages/1-52,Grocery,Bestari Fried Chicken Coating Original,1 kg,RM 8.99,RM 10.11,https://myaeon2go.com/product/2087/fried-chicken-coating-original
https://myaeon2go.com/products/category/6528959/grocery/pages/1-52,Grocery,Prego Traditional Pasta Sauce,680 g,RM 12.99,RM 15.00,https://myaeon2go.com/product/9896/traditional-pasta-sauce
https://myaeon2go.com/products/category/6528959/grocery/pages/1-52,Grocery,Bestari Fried Chicken Coating 1 kg,,RM 8.99 to RM 9.89,RM 11.24,https://myaeon2go.com/product/2085/fried-chicken-coating-garlic
https://myaeon2go.com/products/category/6528959/grocery/pages/1-52,Grocery,Nutella Chocolate Spread,200 g,RM 11.99,RM 13.70,https://myaeon2go.com/product/7072/chocolate-spread
https://myaeon2go.com/products/category/6528959/grocery/pages/1-52,Grocery,Kara Natural Coconut Extract,5 x 200 ml,RM 17.79,RM 20.86,https://myaeon2go.com/product/5831/natural-coconut-extract
https://myaeon2go.com/products/category/6528959/grocery/pages/1-52,Grocery,Maggi Chicken Cube Econpack,120 g,RM 5.94,,https://myaeon2go.com/product/2938/chicken-cube-econpack
https://myaeon2go.com/products/category/6528959/grocery/pages/1-52,Grocery,San Remo No.5 Spaghetti,500 g,RM 4.79,RM 5.30,https://myaeon2go.com/product/2553/san-remo-spaghetti-no-5500-g
https://myaeon2go.com/products/category/6528959/grocery/pages/1-52,Grocery,San Remo Dry Pasta,,RM 4.79,RM 5.30,https://myaeon2go.com/product/2552/san-remo-active-vegeroni-spiral-no-121375-g
https://myaeon2go.com/products/category/6528959/grocery/pages/1-52,Grocery,Hosen Longan,565 g,RM 10.50,,https://myaeon2go.com/product/2343/longan
https://myaeon2go.com/products/category/6528959/grocery/pages/1-52,Grocery,Singlong Sweet Potato Vermicelli,200 g,RM 5.57,,https://myaeon2go.com/product/6725/sweet-potato-vermicelli
https://myaeon2go.com/products/category/6528959/grocery/pages/1-52,Grocery,Adabi Soup,,RM 1.52 to RM 1.74,,https://myaeon2go.com/product/102/sup-tulang
https://myaeon2go.com/products/category/6528959/grocery/pages/1-52,Grocery,Adabi Sup Bunjut,6 pcs,RM 8.40,,https://myaeon2go.com/product/42470/adabi-sup-bunjut-ekonomi-pek-6-s-x-8-g
https://myaeon2go.com/products/category/6528959/grocery/pages/1-52,Grocery,Gulong Braised Peanuts,170 g,RM 2.90,,https://myaeon2go.com/product/2336/braised-peanuts
https://myaeon2go.com/products/category/6528959/grocery/pages/1-52,Grocery,Jasmine Basmathi King,5 kg,RM 33.99,RM 49.99,https://myaeon2go.com/product/2614/basmathi-king
https://myaeon2go.com/products/category/6528959/grocery/pages/1-52,Grocery,Adabi Sup Tulang,13 g,RM 1.52,,https://myaeon2go.com/product/102/sup-tulang
https://myaeon2go.com/products/category/6528959/grocery/pages/1-52,Grocery,Chek Hup Rock Sugar,,RM 2.69 to RM 3.18,,https://myaeon2go.com/product/3024/honey-rock-sugar
https://myaeon2go.com/products/category/6528959/grocery/pages/1-52,Grocery,Life Chili Sauce,500 g,RM 5.33,,https://myaeon2go.com/product/2788/chili-sauce
https://myaeon2go.com/products/category/6528959/grocery/pages/1-52,Grocery,Chek Hup Rock Sugar,250 g,RM 2.69,,https://myaeon2go.com/product/3025/rock-sugar
https://myaeon2go.com/products/category/6528959/grocery/pages/1-52,Grocery,Jasmine Super Import Blue,10 kg,RM 29.99,RM 39.92,https://myaeon2go.com/product/41404/super-import-blue
https://myaeon2go.com/products/category/6528959/grocery/pages/1-52,Grocery,Naturel Pure Sunflower Oil,3 kg,RM 29.99,RM 36.74,https://myaeon2go.com/product/6253/pure-sunflower-oil
https://myaeon2go.com/products/category/6528959/grocery/pages/1-52,Grocery,TOPVALU Mayonnaise Mild,310 ml,RM 7.90,,https://myaeon2go.com/product/8745/mayonnaise-mild
https://myaeon2go.com/products/category/6528959/grocery/pages/1-52,Grocery,Maggi Ayam Percik,100 g,RM 4.89,,https://myaeon2go.com/product/16225/ayam-percik
https://myaeon2go.com/products/category/6528959/grocery/pages/1-52,Grocery,Pearl Super Import (Wangi Thailand),10 kg,RM 39.99,RM 60.38,https://myaeon2go.com/product/2646/super-import-%28wangi-thailand%29
https://myaeon2go.com/products/category/6528959/grocery/pages/1-52,Grocery,Singlong Gula Melaka,400 g,RM 4.67,,https://myaeon2go.com/product/6717/gula-melaka
https://myaeon2go.com/products/category/6528959/grocery/pages/1-52,Grocery,Maggi Sambal Tumis,60 g,RM 3.00,,https://myaeon2go.com/product/2802/sambal-tumis
https://myaeon2go.com/products/category/6528959/grocery/pages/1-52,Grocery,Prego Spiral,500 g,RM 4.50,RM 5.13,https://myaeon2go.com/product/2533/spiral
https://myaeon2go.com/products/category/6528959/grocery/pages/1-52,Grocery,Star Brand Food Colour,,RM 2.90,,https://myaeon2go.com/product/2191/true-blue-colour
https://myaeon2go.com/products/category/6528959/grocery/pages/1-52,Grocery,Kellogg's Corn Flakes Jumbo Pack,500 g,RM 13.29,RM 16.05,https://myaeon2go.com/product/1980/corn-flakes-jumbo-pack
https://myaeon2go.com/products/category/6528959/grocery/pages/1-52,Grocery,Naturel Pure Olive Oil,750 ml,RM 36.99,RM 53.48,https://myaeon2go.com/product/2251/pure-olive-oil
https://myaeon2go.com/products/category/6528959/grocery/pages/1-52,Grocery,Mamee Express Tom Yam Cup Instant Noodle,6 x 68 g,RM 10.99,RM 11.83,https://myaeon2go.com/product/10008/express-tom-yam-cup-instant-noodle
https://myaeon2go.com/products/category/6528959/grocery/pages/1-52,Grocery,TOPVALU Spiral Fusilli Pasta,400 g,RM 2.90,,https://myaeon2go.com/product/58282/topvalu-spiral-fusilli-pasta-400-g
https://myaeon2go.com/products/category/6528959/grocery/pages/1-52,Grocery,Erawan Erawan Tepung Beras,500 g,RM 2.75,,https://myaeon2go.com/product/5553/erawan-tepung-beras
https://myaeon2go.com/products/category/6528959/grocery/pages/1-52,Grocery,Maggi Big Chicken Instant,5 x 103 g,RM 6.59,RM 7.10,https://myaeon2go.com/product/2455/big-chicken-instant
https://myaeon2go.com/products/category/6528959/grocery/pages/1-52,Grocery,Naturel Canola Oil,3 kg,RM 29.99,RM 36.74,https://myaeon2go.com/product/6252/canola-oil
https://myaeon2go.com/products/category/6528959/grocery/pages/1-52,Grocery,TOPVALU Refined Palm Olein Cooking Oil,2 kg,RM 12.90,,https://myaeon2go.com/product/39587/refined-palm-olein-cooking-oil
https://myaeon2go.com/products/category/6528959/grocery/pages/1-52,Grocery,Knorr Chicken Cube,12 cubes,RM 5.76,,https://myaeon2go.com/product/5900/chicken-cube
https://myaeon2go.com/products/category/6528959/grocery/pages/1-52,Grocery,Vesawit Cooking Oil,5 kg,RM 30.68,,https://myaeon2go.com/product/2272/cooking-oil
https://myaeon2go.com/products/category/6528959/grocery/pages/1-52,Grocery,Maggi Chicken Stock Cube,60 g,RM 3.35,,https://myaeon2go.com/product/8377/chicken-stock-cube
https://myaeon2go.com/products/category/6528959/grocery/pages/1-52,Grocery,Lee Kum Kee Panda Oyster Sauce,18 oz,RM 8.70,,https://myaeon2go.com/product/2773/lee-kum-kee-panda-oyster-sauce-18-oz
https://myaeon2go.com/products/category/6528959/grocery/pages/1-52,Grocery,Mamee Basic Duck Noodle,5 x 79 g,RM 3.59,RM 5.29,https://myaeon2go.com/product/9998/mamee-basic-duck-noodle-5-x-77-g
https://myaeon2go.com/products/category/6528959/grocery/pages/1-52,Grocery,Life Tomato Sauce Jumbo,685 g,RM 6.24,,https://myaeon2go.com/product/9884/tomato-sauce-jumbo
https://myaeon2go.com/products/category/6528959/grocery/pages/1-52,Grocery,TOPVALU Refined Palm Olein Cooking Oil,5 kg,RM 29.90,,https://myaeon2go.com/product/39567/refined-palm-olein-cooking-oil
https://myaeon2go.com/products/category/6528959/grocery/pages/1-52,Grocery,Ayam Brand Chili Tuna Light,160 g,RM 7.68,,https://myaeon2go.com/product/2288/chili-tuna-light
https://myaeon2go.com/products/category/6528959/grocery/pages/1-52,Grocery,Adabi Perencah Sup Bunjut,8 g,RM 1.52,,https://myaeon2go.com/product/8375/perencah-sup-bunjut
https://myaeon2go.com/products/category/6528959/grocery/pages/1-52,Grocery,Lee Kum Kee Pure Sesame Oil,7 oz,RM 8.99,RM 10.45,https://myaeon2go.com/product/5978/lee-kum-kee-pure-sesame-oil-207-ml
https://myaeon2go.com/products/category/6528959/grocery/pages/1-52,Grocery,Ayam Brand Tuna Mayonnaise Light,160 g,RM 7.68,,https://myaeon2go.com/product/2321/tuna-mayonnaise-light
https://myaeon2go.com/products/category/6528959/grocery/pages/1-52,Grocery,Ayam Brand Tuna Light Flakes In Water,150 g,RM 7.59,,https://myaeon2go.com/product/2312/tuna-light-flakes-in-water
https://myaeon2go.com/products/category/6528959/grocery/pages/1-52,Grocery,Nutella Chocolate Spread,350 g,RM 21.59,RM 24.59,https://myaeon2go.com/product/6417/chocolate-spread
https://myaeon2go.com/products/category/6528959/grocery/pages/1-52,Grocery,Maggi Pes Sambal Tumis,30 g,RM 1.60,,https://myaeon2go.com/product/9888/pes-sambal-tumis
https://myaeon2go.com/products/category/6528959/grocery/pages/1-52,Grocery,Kewpie Mayo Sauce,50 ml,RM 1.50,,https://myaeon2go.com/product/2740/mayo-sauce
https://myaeon2go.com/products/category/6528959/grocery/pages/1-52,Grocery,Adabi Serbuk 24 - 30 g,,RM 1.40 to RM 1.74,,https://myaeon2go.com/product/89/serbuk-kari-kurma-ayam-&-daging
https://myaeon2go.com/products/category/6528959/grocery/pages/1-52,Grocery,CED Honey,500 g,RM 13.99,,https://myaeon2go.com/product/1961/honey
https://myaeon2go.com/products/category/6528959/grocery/pages/1-52,Grocery,TC Boy Tuna,,RM 6.48,,https://myaeon2go.com/product/2384/tc-boy-chili-padi-150-g
https://myaeon2go.com/products/category/6528959/grocery/pages/1-52,Grocery,Seng Hin Garam Kasar Beriodin,350 g,RM 0.69,,https://myaeon2go.com/product/2980/garam-kasar-beriodin
https://myaeon2go.com/products/category/6528959/grocery/pages/1-52,Grocery,Nissin Cup Mushroom Chicken,70 g,RM 4.90,,https://myaeon2go.com/product/6347/cup-mushroom-chicken
https://myaeon2go.com/products/category/6528959/grocery/pages/1-52,Grocery,Mamee Cup Noodle,,RM 2.10,,https://myaeon2go.com/product/6117/cup-noodle-tom-yam
https://myaeon2go.com/products/category/6528959/grocery/pages/1-52,Grocery,Mamee Cup Noodle Chicken,64 g,RM 2.10,,https://myaeon2go.com/product/6119/cup-noodle-chicken
https://myaeon2go.com/products/category/6528959/grocery/pages/1-52,Grocery,Adabi Serbuk Kari Kurma Ayam & Daging,24 g,RM 1.74,,https://myaeon2go.com/product/89/serbuk-kari-kurma-ayam-&-daging
https://myaeon2go.com/products/category/6528959/grocery/pages/1-52,Grocery,Ayam Brand Kurma Paste,180 g,RM 3.99,RM 5.25,https://myaeon2go.com/product/41645/kurma-paste
https://myaeon2go.com/products/category/6528959/grocery/pages/1-52,Grocery,Nissin Cup,,RM 3.99 to RM 4.90,,https://myaeon2go.com/product/6347/cup-mushroom-chicken
https://myaeon2go.com/products/category/6528959/grocery/pages/1-52,Grocery,Jati Calrice Japonica Rice,5 kg,RM 25.99,RM 42.90,https://myaeon2go.com/product/17166/calrice-japonica-rice
https://myaeon2go.com/products/category/6528959/grocery/pages/1-52,Grocery,Singlong Ho I Egg Noodle,300 g,RM 4.43,,https://myaeon2go.com/product/6719/ho-i-egg-noodle
https://myaeon2go.com/products/category/6528959/grocery/pages/1-52,Grocery,Bird Of Paradise Basmathi Royale,5 kg,RM 49.99,RM 54.56,https://myaeon2go.com/product/2584/basmathi-royale
https://myaeon2go.com/products/category/6528959/grocery/pages/1-52,Grocery,Sante Granola Nut,350 g,RM 11.99,RM 13.80,https://myaeon2go.com/product/34327/granola-nut
https://myaeon2go.com/products/category/6528959/grocery/pages/1-52,Grocery,Mamee Chef Creamy Tom Yam Instant Noodle,4 x 82 g,RM 4.90,RM 6.79,https://myaeon2go.com/product/10001/chef-creamy-tom-yam-instant-noodle
https://myaeon2go.com/products/category/6528959/grocery/pages/1-52,Grocery,Indomie Instant Soto,5 x 78 g,RM 4.79,RM 5.29,https://myaeon2go.com/product/7295/instant-soto
https://myaeon2go.com/products/category/6528959/grocery/pages/1-52,Grocery,Indomie Mi Goreng Spesial Value Pack,10 x 85 g,RM 9.99,RM 10.90,https://myaeon2go.com/product/2432/mi-goreng-spesial-value-pack
https://myaeon2go.com/products/category/6528959/grocery/pages/1-52,Grocery,Lee Kum Kee Light Soy Sauce,250 ml,RM 4.99,RM 5.60,https://myaeon2go.com/product/57465/lee-kum-kee-light-soy-sauce-250-ml
https://myaeon2go.com/products/category/6528959/grocery/pages/1-52,Grocery,Adabi Garam Halus,400 g,RM 1.95,,https://myaeon2go.com/product/67/garam-halus
https://myaeon2go.com/products/category/6528959/grocery/pages/1-52,Grocery,KCL Sohun Vermicelli,100 g,RM 4.44,,https://myaeon2go.com/product/9988/sohun-vermicelli
https://myaeon2go.com/products/category/6528959/grocery/pages/1-52,Grocery,Indomie Mi Goreng Value Pack,,RM 9.99,RM 10.90,https://myaeon2go.com/product/2432/mi-goreng-spesial-value-pack
https://myaeon2go.com/products/category/6528959/grocery/pages/1-52,Grocery,Adabi Garam,,RM 1.95,,https://myaeon2go.com/product/67/garam-halus
https://myaeon2go.com/products/category/6528959/grocery/pages/1-52,Grocery,Maggi Hot Cup Chicken,57 g,RM 2.50,,https://myaeon2go.com/product/6072/maggi-hot-cup-chicken-57-g
https://myaeon2go.com/products/category/6528959/grocery/pages/1-52,Grocery,Apple Brand Double Deluxe Light Soya Sauce Foc Small Botlle Sauce,140 g,RM 10.99,RM 12.99,https://myaeon2go.com/product/18069/double-deluxe-light-soya-sauce-foc-small-botlle-sauce
https://myaeon2go.com/products/category/6528959/grocery/pages/1-52,Grocery,Barilla Fusilli,500 g,RM 6.99,RM 7.90,https://myaeon2go.com/product/2398/fusilli
https://myaeon2go.com/products/category/6528959/grocery/pages/1-52,Grocery,Mamee Chef Cup Lontong,84 g,RM 2.98,,https://myaeon2go.com/product/6116/chef-cup-lontong
https://myaeon2go.com/products/category/6528959/grocery/pages/1-52,Grocery,Long Fong Cho Super Import (Thailand) 5%,10 kg,RM 32.39,RM 38.00,https://myaeon2go.com/product/9993/super-import-%28thailand%29-5%25
https://myaeon2go.com/products/category/6528959/grocery/pages/1-52,Grocery,Lee Kum Kee Selected Dark Soy Sauce,500 ml,RM 7.99,RM 8.35,https://myaeon2go.com/product/5061/selected-dark-soy-sauce
https://myaeon2go.com/products/category/6528959/grocery/pages/1-52,Grocery,Masterfoods Honey Mustard Squeezy,275 g,RM 13.99,RM 16.44,https://myaeon2go.com/product/17898/honey-mustard-squeezy
https://myaeon2go.com/products/category/6528959/grocery/pages/1-52,Grocery,Nestle Cornflakes Cereal Econopack,500 g,RM 14.77,,https://myaeon2go.com/product/1996/cornflakes-cereal-econopack
https://myaeon2go.com/products/category/6528959/grocery/pages/1-52,Grocery,Nissin Cup Tom Yam Seafood,70 g,RM 3.99,RM 4.90,https://myaeon2go.com/product/6349/cup-tom-yam-seafood
https://myaeon2go.com/products/category/6528959/grocery/pages/1-52,Grocery,Ayam Brand Chickpeas,425 g,RM 5.80,,https://myaeon2go.com/product/55338/ayam-brand-chickpeas-425-g
https://myaeon2go.com/products/category/6528959/grocery/pages/1-52,Grocery,Lady's Choice Mayonnaise,450 ml,RM 15.75,,https://myaeon2go.com/product/8384/mayonnaise
https://myaeon2go.com/products/category/6528959/grocery/pages/1-52,Grocery,Duchef Tomato Puree,100 g,RM 2.79,,https://myaeon2go.com/product/8373/tomato-puree
https://myaeon2go.com/products/category/6528959/grocery/pages/1-52,Grocery,Barilla Pesto Alla Genovese,190 g,RM 19.99,RM 25.77,https://myaeon2go.com/product/8382/pesto-alla-genovese
https://myaeon2go.com/products/category/6528959/grocery/pages/1-52,Grocery,Vit's Instant Noodle,700 g,RM 7.59,,https://myaeon2go.com/product/2575/instant-noodle
https://myaeon2go.com/products/category/6528959/grocery/pages/1-52,Grocery,Prego Big Jar Pasta Sauce,,RM 11.99 to RM 12.99,RM 15.00,https://myaeon2go.com/product/2855/mushroom-spaghetti-sauce
https://myaeon2go.com/products/category/6528959/grocery/pages/1-52,Grocery,Prego Mushroom Spaghetti Sauce,680 g,RM 12.99,RM 15.00,https://myaeon2go.com/product/2855/mushroom-spaghetti-sauce
https://myaeon2go.com/products/category/6528959/grocery/pages/1-52,Grocery,Prego Mac & Cheese,290 g,RM 6.99,RM 7.65,https://myaeon2go.com/product/2850/mac-&-cheese
https://myaeon2go.com/products/category/6528959/grocery/pages/1-52,Grocery,Barilla Penne Rigate,500 g,RM 6.99,RM 7.90,https://myaeon2go.com/product/5256/penne-rigate
https://myaeon2go.com/products/category/6528959/grocery/pages/1-52,Grocery,Seri Murni Cooking Oil,2 kg,RM 13.22,,https://myaeon2go.com/product/2263/cooking-oil
https://myaeon2go.com/products/category/6528959/grocery/pages/1-52,Grocery,Quaker Instant Oatmeal,1.2 kg,RM 12.99,RM 14.90,https://myaeon2go.com/product/64243/quaker-instant-oatmeal-1.2-kg
https://myaeon2go.com/products/category/6528959/grocery/pages/1-52,Grocery,Marina Tuna Chunks In Brine,185 g,RM 6.45,,https://myaeon2go.com/product/2366/tuna-chunks-in-brine
https://myaeon2go.com/products/category/6528959/grocery/pages/1-52,Grocery,Marina Tuna,,RM 6.45,,https://myaeon2go.com/product/2365/marina-tuna-chunks-in-vegetable-oil-185-g
https://myaeon2go.com/products/category/6528959/grocery/pages/1-52,Grocery,Mi Sedaap Cup Noodle Korean Spicy Chicken,81 g,RM 3.15,,https://myaeon2go.com/product/6182/cup-noodle-korean-spicy-chicken
https://myaeon2go.com/products/category/6528959/grocery/pages/1-52,Grocery,Campbell's Wild Mushroom Soup,295 g,RM 6.88,,https://myaeon2go.com/product/5332/wild-mushroom-soup
https://myaeon2go.com/products/category/6528959/grocery/pages/1-52,Grocery,CIRIO Chick Peas,380 g,RM 6.25,,https://myaeon2go.com/product/17256/chick-peas
https://myaeon2go.com/products/category/6528959/grocery/pages/1-52,Grocery,Nongshim Clay Pot Ramyun Cup Noodle,70 g,RM 5.00,,https://myaeon2go.com/product/8353/clay-pot-ramyun-cup-noodle
https://myaeon2go.com/products/category/6528959/grocery/pages/1-52,Grocery,Chek Hup Sugar Cane Rock Sugar,250 g,RM 3.00,,https://myaeon2go.com/product/3026/sugar-cane-rock-sugar
https://myaeon2go.com/products/category/6528959/grocery/pages/1-52,Grocery,Maggi Hot Mealz Cili Kampung,94 g,RM 4.60,,https://myaeon2go.com/product/31772/hot-mealz-cili-kampung
https://myaeon2go.com/products/category/6528959/grocery/pages/1-52,Grocery,Nestle Nestum All Family Cereal Original Softpack,450 g,RM 7.99,RM 8.73,https://myaeon2go.com/product/2020/nestum-all-family-cereal-original-softpack
https://myaeon2go.com/products/category/6528959/grocery/pages/1-52,Grocery,Maggi Satay,100 g,RM 4.89,,https://myaeon2go.com/product/57410/maggi-satay-100-g
https://myaeon2go.com/products/category/6528959/grocery/pages/1-52,Grocery,Mamee Chef Cup Curry Laksa,72 g,RM 2.98,,https://myaeon2go.com/product/6115/chef-cup-curry-laksa
https://myaeon2go.com/products/category/6528959/grocery/pages/1-52,Grocery,Nissin Bowl Sesame,110 g,RM 6.10,,https://myaeon2go.com/product/6344/bowl-sesame
https://myaeon2go.com/products/category/6528959/grocery/pages/1-52,Grocery,Naturel Extra Virgin Olive Oil,750 ml,RM 37.99,RM 54.50,https://myaeon2go.com/product/11825/extra-virgin-olive-oil
https://myaeon2go.com/products/category/6528959/grocery/pages/1-52,Grocery,Ayam Brand Mackeral In Tomato Sauce,230 g,RM 7.80,,https://myaeon2go.com/product/2294/mackeral-in-tomato-sauce
https://myaeon2go.com/products/category/6528959/grocery/pages/1-52,Grocery,Songhe Noble Pine Crane Thai Hom Mali Rice (Beras Wangi),10 kg,RM 47.99,RM 62.90,https://myaeon2go.com/product/10995/noble-pine-crane-thai-hom-mali-rice-%28beras-wangi%29
https://myaeon2go.com/products/category/6528959/grocery/pages/1-52,Grocery,Milo Cereal Economy Pack,450 g,RM 17.50,,https://myaeon2go.com/product/2014/nestle-milo-cereal-economy-pack-450-g
https://myaeon2go.com/products/category/6528959/grocery/pages/1-52,Grocery,Alishan Braised Peanut,170 g,RM 2.30,,https://myaeon2go.com/product/2273/braised-peanut
https://myaeon2go.com/products/category/6528959/grocery/pages/1-52,Grocery,Maggi Ayam Goreng Berempah,100 g,RM 4.89,,https://myaeon2go.com/product/16217/ayam-goreng-berempah
https://myaeon2go.com/products/category/6528959/grocery/pages/1-52,Grocery,Knorr Cube Ikan Bilis,6 Cubes,RM 3.60,,https://myaeon2go.com/product/2934/cube-ikan-bilis
https://myaeon2go.com/products/category/6528959/grocery/pages/1-52,Grocery,Prego Fettuccine,500 g,RM 4.50,RM 5.13,https://myaeon2go.com/product/6515/fettuccine
https://myaeon2go.com/products/category/6528959/grocery/pages/1-52,Grocery,Ayam Brand Baked Beans In Light Tomato Sauce,425 g,RM 4.80,,https://myaeon2go.com/product/2281/baked-beans-in-light-tomato-sauce
https://myaeon2go.com/products/category/6528959/grocery/pages/1-52,Grocery,Yakin Cuka Buatan,640 ml,RM 3.86,,https://myaeon2go.com/product/7022/cuka-buatan
https://myaeon2go.com/products/category/6528959/grocery/pages/1-52,Grocery,Saji Cooking Oil,3 kg,RM 19.60,,https://myaeon2go.com/product/41780/cooking-oil
https://myaeon2go.com/products/category/6528959/grocery/pages/1-52,Grocery,Hosen Lychee,565 g,RM 8.10,,https://myaeon2go.com/product/2344/lychee
https://myaeon2go.com/products/category/6528959/grocery/pages/1-52,Grocery,Prego Mac & Cheese,70 g,RM 4.80,,https://myaeon2go.com/product/6516/mac-&-cheese
https://myaeon2go.com/products/category/6528959/grocery/pages/1-52,Grocery,Moghul Faiza Basmathi Rice,1 kg,RM 10.90,,https://myaeon2go.com/product/6203/faiza-basmathi-rice
https://myaeon2go.com/products/category/6528959/grocery/pages/1-52,Grocery,Vesawit Cooking Oil,2 kg,RM 13.20,,https://myaeon2go.com/product/10781/cooking-oil
https://myaeon2go.com/products/category/6528959/grocery/pages/1-52,Grocery,Marina Tuna Chunks In Oil,185 g,RM 6.45,,https://myaeon2go.com/product/2365/marina-tuna-chunks-in-vegetable-oil-185-g
https://myaeon2go.com/products/category/6528959/grocery/pages/1-52,Grocery,Red Eagle Cooking Oil,1 kg,RM 8.17,,https://myaeon2go.com/product/10774/cooking-oil
https://myaeon2go.com/products/category/6528959/grocery/pages/1-52,Grocery,Maggi Tomato Ketchup,325 g,RM 4.30,,https://myaeon2go.com/product/2803/tomato-ketchup
https://myaeon2go.com/products/category/6528959/grocery/pages/1-52,Grocery,Mi Sedaap Cup Noodle Baso Special,72 g,RM 2.67,,https://myaeon2go.com/product/6180/cup-noodle-baso-special
https://myaeon2go.com/products/category/6528959/grocery/pages/1-52,Grocery,Prego Carbonara Mushroom,665 g,RM 11.99,RM 16.75,https://myaeon2go.com/product/6513/carbonara-mushroom
https://myaeon2go.com/products/category/6528959/grocery/pages/1-52,Grocery,Mi Juara Kuetiau,400 g,RM 2.50,,https://myaeon2go.com/product/10607/mi-juara-kuetiau-400-g
https://myaeon2go.com/products/category/6528959/grocery/pages/1-52,Grocery,Prego Traditional Sauce,350 g,RM 8.33,,https://myaeon2go.com/product/6519/traditional-sauce
https://myaeon2go.com/products/category/6528959/grocery/pages/1-52,Grocery,Pama Instant Cup Bihun Clear Soup,50 g,RM 3.69,,https://myaeon2go.com/product/15227/instant-cup-bihun-clear-soup
https://myaeon2go.com/products/category/6528959/grocery/pages/1-52,Grocery,Ayam Brand Tuna Natural Deli Salad In Mayonnaise,160 g,RM 7.68,,https://myaeon2go.com/product/2322/tuna-natural-deli-salad-in-mayonnaise
https://myaeon2go.com/products/category/6528959/grocery/pages/1-52,Grocery,Ibumie Mi Goreng Asli,5 x 80 g,RM 5.75,,https://myaeon2go.com/product/2416/mi-goreng-asli
https://myaeon2go.com/products/category/6528959/grocery/pages/1-52,Grocery,Adabi Paste 30-70 g,,RM 2.40 to RM 2.43,,https://myaeon2go.com/product/77/perencah-beehoon-goreng
https://myaeon2go.com/products/category/6528959/grocery/pages/1-52,Grocery,Prego Small Jar Pasta Sauce,,RM 8.33 to RM 9.33,,https://myaeon2go.com/product/2856/carbonara-mushroom
https://myaeon2go.com/products/category/6528959/grocery/pages/1-52,Grocery,TOPVALU Pure Olive Oil,500 ml,RM 19.90,,https://myaeon2go.com/product/55847/topvalu-pure-olive-oil-500-ml
https://myaeon2go.com/products/category/6528959/grocery/pages/1-52,Grocery,Nestle Koko Krunch,300 g,RM 12.85,,https://myaeon2go.com/product/2009/koko-krunch
https://myaeon2go.com/products/category/6528959/grocery/pages/1-52,Grocery,TOPVALU Linguine Pasta,400 g,RM 2.90,,https://myaeon2go.com/product/58281/topvalu-linguine-pasta-400-g
https://myaeon2go.com/products/category/6528959/grocery/pages/1-52,Grocery,Mauri Pan Yeast,11 g,RM 0.83,,https://myaeon2go.com/product/15011/yeast
https://myaeon2go.com/products/category/6528959/grocery/pages/1-52,Grocery,Kewpie Mayonnaise Japanese Style,520 ml,RM 19.95,,https://myaeon2go.com/product/7068/kewpie-mayonnaise-japanese-style-520-ml
https://myaeon2go.com/products/category/6528959/grocery/pages/1-52,Grocery,Nestle Nestum 3 In 1 Brown Rice,10 x 27 g,RM 10.99,RM 12.89,https://myaeon2go.com/product/2016/nestum-3-in-1-brown-rice
https://myaeon2go.com/products/category/6528959/grocery/pages/1-52,Grocery,Indomie Mi Goreng Pedas,5 x 80 g,RM 4.79,RM 5.70,https://myaeon2go.com/product/2428/mi-goreng-pedas
https://myaeon2go.com/products/category/6528959/grocery/pages/1-52,Grocery,Sumo Calrose Rice,2 kg,RM 19.59,RM 21.90,https://myaeon2go.com/product/17145/calrose-rice
https://myaeon2go.com/products/category/6528959/grocery/pages/1-52,Grocery,Asam Jawa,500 g,RM 3.40,,https://myaeon2go.com/product/6486/asam-jawa-500-g
https://myaeon2go.com/products/category/6528959/grocery/pages/1-52,Grocery,TC Boy Red Salmon Salad Spread Style,180 g,RM 6.83,,https://myaeon2go.com/product/2385/red-salmon-salad-spread-style
https://myaeon2go.com/products/category/6528959/grocery/pages/1-52,Grocery,Sumo Calrose Super Imported,1 kg,RM 10.90,,https://myaeon2go.com/product/2656/calrose-super-imported
https://myaeon2go.com/products/category/6528959/grocery/pages/1-52,Grocery,Ayam Brand Asam Pedas Paste,180 g,RM 3.99,RM 5.25,https://myaeon2go.com/product/26351/asam-pedas-paste
https://myaeon2go.com/products/category/6528959/grocery/pages/1-52,Grocery,Mi Sedaap Instant Cup Mi Goreng Asli Valuepack,6 x 85 g,RM 14.78,,https://myaeon2go.com/product/10011/instant-cup-mi-goreng-asli-valuepack
https://myaeon2go.com/products/category/6528959/grocery/pages/1-52,Grocery,Nongshim Ramyun,,RM 17.99 to RM 19.90,,https://myaeon2go.com/product/2504/veggie-soon-ramyun
https://myaeon2go.com/products/category/6528959/grocery/pages/1-52,Grocery,Jasmine Sunbrown Original Brown Rice,5 kg,RM 20.99,RM 24.35,https://myaeon2go.com/product/2623/sunbrown-original-brown-rice
https://myaeon2go.com/products/category/6528959/grocery/pages/1-52,Grocery,Barilla Basilico Pasta Sauce,400 g,RM 12.99,RM 17.93,https://myaeon2go.com/product/11852/basilico-pasta-sauce
https://myaeon2go.com/products/category/6528959/grocery/pages/1-52,Grocery,Nongshim Korean Claypot Ramyun,5 x 120 g,RM 17.99,RM 19.50,https://myaeon2go.com/product/2506/korean-claypot-ramyun
https://myaeon2go.com/products/category/6528959/grocery/pages/1-52,Grocery,Kimball Spiral,400 g,RM 3.39,RM 3.99,https://myaeon2go.com/product/2440/spiral
https://myaeon2go.com/products/category/6528959/grocery/pages/1-52,Grocery,Oriental Traditional Kaya,260 g,RM 9.90,,https://myaeon2go.com/product/34687/traditional-kaya
https://myaeon2go.com/products/category/6528959/grocery/pages/1-52,Grocery,Life Tomato Sauce,485 g,RM 5.07,,https://myaeon2go.com/product/6000/tomato-sauce
https://myaeon2go.com/products/category/6528959/grocery/pages/1-52,Grocery,Royal Umbrella Thai Fragrant Rice 5%,5 kg,RM 29.59,RM 37.90,https://myaeon2go.com/product/16005/thai-fragrant-rice-5%25
https://myaeon2go.com/products/category/6528959/grocery/pages/1-52,Grocery,Singlong Garlic Powder,55 g,RM 5.30,,https://myaeon2go.com/product/2990/garlic-powder
https://myaeon2go.com/products/category/6528959/grocery/pages/1-52,Grocery,Leggo's Pasta Sauce,,RM 9.99,RM 13.30,https://myaeon2go.com/product/2782/alfredo
https://myaeon2go.com/products/category/6528959/grocery/pages/1-52,Grocery,TOPVALU Himalaya Rock Salt (Pouch),500 g,RM 2.90,,https://myaeon2go.com/product/27912/himalaya-rock-salt-pouch
https://myaeon2go.com/products/category/6528959/grocery/pages/1-52,Grocery,TOPVALU Extra Virgin Olive Oil,500 ml,RM 21.90,,https://myaeon2go.com/product/55848/topvalu-extra-virgin-olive-oil-500-ml
https://myaeon2go.com/products/category/6528959/grocery/pages/1-52,Grocery,Knife Cooking Oil,3 kg,RM 23.46,,https://myaeon2go.com/product/2230/cooking-oil
https://myaeon2go.com/products/category/6528959/grocery/pages/1-52,Grocery,Heinz Mayonnaise,400 ml,RM 13.99,RM 17.85,https://myaeon2go.com/product/18355/mayonnaise
https://myaeon2go.com/products/category/6528959/grocery/pages/1-52,Grocery,TOPVALU Corn Starch,400 g,RM 2.00,,https://myaeon2go.com/product/59389/topvalu-corn-starch-400-g
https://myaeon2go.com/products/category/6528959/grocery/pages/1-52,Grocery,Captain Oats Granola Cocoa Hazelnut,220 g,RM 13.99,RM 16.90,https://myaeon2go.com/product/17485/oats-granola-cocoa-hazelnut
https://myaeon2go.com/products/category/6528959/grocery/pages/1-52,Grocery,Royal Umbrella Thai Fragrant Rice,1 kg,RM 7.50,,https://myaeon2go.com/product/10018/thai-fragrant-rice
https://myaeon2go.com/products/category/6528959/grocery/pages/1-52,Grocery,Mamee Chef Curry Laksa Instant Noodle,4 x 89 g,RM 4.90,RM 6.79,https://myaeon2go.com/product/10003/chef-curry-laksa-instant-noodle
https://myaeon2go.com/products/category/6528959/grocery/pages/1-52,Grocery,Kings Baking Powder,100 g,RM 2.55,,https://myaeon2go.com/product/2130/baking-powder
https://myaeon2go.com/products/category/6528959/grocery/pages/1-52,Grocery,Ayam Brand Spicy Tomato Paste,180 g,RM 3.99,RM 5.25,https://myaeon2go.com/product/41647/spicy-tomato-paste
https://myaeon2go.com/products/category/6528959/grocery/pages/1-52,Grocery,Maggi Black Pepper,80 g,RM 4.89,,https://myaeon2go.com/product/55399/maggi-black-pepper-80-g
https://myaeon2go.com/products/category/6528959/grocery/pages/1-52,Grocery,Maggi Ikan Bilis Stock Cube,60 g,RM 3.35,,https://myaeon2go.com/product/8376/ikan-bilis-stock-cube
https://myaeon2go.com/products/category/6528959/grocery/pages/1-52,Grocery,Leggo's Bolognese,500 g,RM 9.99,RM 13.30,https://myaeon2go.com/product/2784/bolognese
https://myaeon2go.com/products/category/6528959/grocery/pages/1-52,Grocery,Kalbe Fitbar Fruits Delight,5's x 22 g,RM 12.90,,https://myaeon2go.com/product/34622/fitbar-fruits-delight
https://myaeon2go.com/products/category/6528959/grocery/pages/1-52,Grocery,Lee Shun Hing Oyster Sauce,765 g,RM 6.99,RM 8.00,https://myaeon2go.com/product/2780/oyster-sauce
https://myaeon2go.com/products/category/6528959/grocery/pages/1-52,Grocery,MFM Haru Sakura Bread Flour,1 kg,RM 8.52,,https://myaeon2go.com/product/16175/haru-sakura-bread-flour
https://myaeon2go.com/products/category/6528959/grocery/pages/1-52,Grocery,Adabi Serbuk Nasi Goreng Cina,17 g,RM 1.24,,https://myaeon2go.com/product/5155/serbuk-nasi-goreng-cina
https://myaeon2go.com/products/category/6528959/grocery/pages/1-52,Grocery,Noraini's Pancake & Crepe Mix Vanilla,200 g,RM 2.50,,https://myaeon2go.com/product/10857/pancake-&-crepe-mix-vanilla
https://myaeon2go.com/products/category/6528959/grocery/pages/1-52,Grocery,Lee Kum Kee Light Soy Sauce,500 ml,RM 6.55,,https://myaeon2go.com/product/2771/light-soy-sauce
https://myaeon2go.com/products/category/6528959/grocery/pages/1-52,Grocery,Mi Sedaap Soup Soto,5 x 75 g,RM 4.99,RM 5.69,https://myaeon2go.com/product/2479/soup-soto
https://myaeon2go.com/products/category/6528959/grocery/pages/1-52,Grocery,Campbell's Creamy Chicken Mushroom,300 g,RM 5.79,RM 6.25,https://myaeon2go.com/product/9959/creamy-chicken-mushroom
https://myaeon2go.com/products/category/6528959/grocery/pages/1-52,Grocery,Samyang Hot Chicken Cream Carbonara Ramen Bowl,120 g,RM 6.79,RM 7.90,https://myaeon2go.com/product/57367/samyang-hot-chicken-cream-carbonara-ramen-bowl-120-g
https://myaeon2go.com/products/category/6528959/grocery/pages/1-52,Grocery,Barilla Bolognese Sauce,400 g,RM 12.99,RM 17.93,https://myaeon2go.com/product/11732/bolognese-sauce
https://myaeon2go.com/products/category/6528959/grocery/pages/1-52,Grocery,Mi Sedaap Mi Soup,,RM 4.99,RM 5.69,https://myaeon2go.com/product/2478/soup-ayam-bawang
https://myaeon2go.com/products/category/6528959/grocery/pages/1-52,Grocery,Adabi Serbuk Nasi Goreng,,RM 1.24 to RM 1.62,,https://myaeon2go.com/product/95/serbuk-nasi-goreng-ayam
https://myaeon2go.com/products/category/6528959/grocery/pages/1-52,Grocery,San Remo 38 Macaroni,500 g,RM 4.79,RM 5.50,https://myaeon2go.com/product/2554/san-remo-macaroni-no-38500-g
https://myaeon2go.com/products/category/6528959/grocery/pages/1-52,Grocery,Justbrown's Unpolished Brown Rice,5 kg,RM 16.99,RM 23.90,https://myaeon2go.com/product/11711/unpolished-brown-rice
https://myaeon2go.com/products/category/6528959/grocery/pages/1-52,Grocery,Yogood Muesli Bar Blueberry Cranberry,138 g,RM 14.93,,https://myaeon2go.com/product/2071/muesli-bar-blueberry-cranberry
https://myaeon2go.com/products/category/6528959/grocery/pages/1-52,Grocery,Barilla Spaghettini,500 g,RM 6.99,RM 8.10,https://myaeon2go.com/product/2400/barilla-spaghettini-3500-g
https://myaeon2go.com/products/category/6528959/grocery/pages/1-52,Grocery,Red Eagle Cooking Oil,5 kg,RM 34.99,RM 36.39,https://myaeon2go.com/product/10775/cooking-oil
https://myaeon2go.com/products/category/6528959/grocery/pages/1-52,Grocery,Gula Prai Icing Sugar,500 g,RM 2.88,,https://myaeon2go.com/product/36007/icing-sugar
https://myaeon2go.com/products/category/6528959/grocery/pages/1-52,Grocery,Nestle Honey Gold Flakes,370 g,RM 11.91,,https://myaeon2go.com/product/2004/honey-gold-flakes
https://myaeon2go.com/products/category/6528959/grocery/pages/1-52,Grocery,Ayam Brand Tuna Hot & Spicy Deli In Mayonnaise,160 g,RM 7.68,,https://myaeon2go.com/product/2323/tuna-hot-&-spicy-deli-in-mayonnaise
https://myaeon2go.com/products/category/6528959/grocery/pages/1-52,Grocery,Nutrico Longan,565 g,RM 8.80,,https://myaeon2go.com/product/2373/longan
https://myaeon2go.com/products/category/6528959/grocery/pages/1-52,Grocery,Maggi Cukup Rasa All In One Seasoning,300 g,RM 7.45,,https://myaeon2go.com/product/2940/cukup-rasa-all-in-one-seasoning
https://myaeon2go.com/products/category/6528959/grocery/pages/1-52,Grocery,Angel Light Soy Sauce New,500 ml,RM 3.99,RM 5.90,https://myaeon2go.com/product/41739/light-soy-sauce-new
https://myaeon2go.com/products/category/6528959/grocery/pages/1-52,Grocery,Prego Angel Hair,500 g,RM 4.50,RM 5.13,https://myaeon2go.com/product/2534/angel-hair
https://myaeon2go.com/products/category/6528959/grocery/pages/1-52,Grocery,Gula Prai Caster Parcel,500 g,RM 2.70,,https://myaeon2go.com/product/35970/caster-parcel
https://myaeon2go.com/products/category/6528959/grocery/pages/1-52,Grocery,Samyang Hot Chicken Cheese Ramen,5 x 140 g,RM 23.99,RM 28.20,https://myaeon2go.com/product/2544/hot-chicken-cheese-ramen
https://myaeon2go.com/products/category/6528959/grocery/pages/1-52,Grocery,Nature's Own Instantant Porridge-Chicken,40 g,RM 2.70,,https://myaeon2go.com/product/16515/own-instantant-porridge-chicken
https://myaeon2go.com/products/category/6528959/grocery/pages/1-52,Grocery,Captain Oats Granola Honey Almond,250 g,RM 13.99,RM 16.90,https://myaeon2go.com/product/17345/oats-granola-honey-almond
https://myaeon2go.com/products/category/6528959/grocery/pages/1-52,Grocery,Bird Of Paradise Super Import Thai 5%,5 kg,RM 24.99,RM 26.60,https://myaeon2go.com/product/2587/super-import-thai-5%25
https://myaeon2go.com/products/category/6528959/grocery/pages/1-52,Grocery,Ecobrown's Premiere Vermicelli,300 g,RM 3.99,RM 4.45,https://myaeon2go.com/product/2413/premiere-vermicelli
https://myaeon2go.com/products/category/6528959/grocery/pages/1-52,Grocery,Cintan Non Fried Jumbo Pack,550 g,RM 6.57,,https://myaeon2go.com/product/2411/non-fried-jumbo-pack
https://myaeon2go.com/products/category/6528959/grocery/pages/1-52,Grocery,Maggi Cukup Rasa All In One Seasoning,500 g,RM 9.90,,https://myaeon2go.com/product/9886/cukup-rasa-all-in-one-seasoning
https://myaeon2go.com/products/category/6528959/grocery/pages/1-52,Grocery,Samyang Hot Chicken Ramen Stir Fried Noodle 5 x 140 g,,RM 23.99 to RM 28.10,RM 28.20,https://myaeon2go.com/product/2542/hot-chicken-ramen-carbonara-flavour
https://myaeon2go.com/products/category/6528959/grocery/pages/1-52,Grocery,San Remo Quick Cook Spaghetti,500 g,RM 4.79,RM 5.30,https://myaeon2go.com/product/10990/quick-cook-spaghetti
https://myaeon2go.com/products/category/6528959/grocery/pages/1-52,Grocery,Blue Key Self Raising Flour,1 kg,RM 5.30,,https://myaeon2go.com/product/2095/self-raising-flour
https://myaeon2go.com/products/category/6528959/grocery/pages/1-52,Grocery,Blue Key Flour,,RM 4.89 to RM 5.86,,https://myaeon2go.com/product/2093/pau-flour
https://myaeon2go.com/products/category/6528959/grocery/pages/1-52,Grocery,M&S Coconut Milk,200 ml,RM 3.74,,https://myaeon2go.com/product/2133/coconut-milk
https://myaeon2go.com/products/category/6528959/grocery/pages/1-52,Grocery,Adabi Serbuk Kunyit,100 g,RM 3.65,,https://myaeon2go.com/product/5154/serbuk-kunyit
https://myaeon2go.com/products/category/6528959/grocery/pages/1-52,Grocery,Little Cook Shrimp Tom Yum Cup Instant Noodle,62 g,RM 3.51,,https://myaeon2go.com/product/9992/shrimp-tom-yum-cup-instant-noodle
https://myaeon2go.com/products/category/6528959/grocery/pages/1-52,Grocery,Pama Plain Bihun,,RM 5.96 to RM 6.35,,https://myaeon2go.com/product/2524/plain-bihun-gold
https://myaeon2go.com/products/category/6528959/grocery/pages/1-52,Grocery,San Remo Tomato & Basil Pasta Sauce,500 g,RM 12.65,,https://myaeon2go.com/product/9899/tomato-&-basil-pasta-sauce
https://myaeon2go.com/products/category/6528959/grocery/pages/1-52,Grocery,Songhe AAA Thai Fragrant Rice,5 kg,RM 26.99,RM 32.50,https://myaeon2go.com/product/17084/aaa-thai-fragrant-rice
https://myaeon2go.com/products/category/6528959/grocery/pages/1-52,Grocery,Lady's Choice Peanut Butter 500 g,,RM 14.99,RM 20.03,https://myaeon2go.com/product/1982/ladys-choice-chocolate-stripe-peanut-butter-500-g
https://myaeon2go.com/products/category/6528959/grocery/pages/1-52,Grocery,Ayam Brand Pulled Chicken Hot Chilli,150 g,RM 7.70,,https://myaeon2go.com/product/55644/ayam-brand-pulled-chicken-hot-chilli-150-g
https://myaeon2go.com/products/category/6528959/grocery/pages/1-52,Grocery,Adabi Perencah Sup,24 g,RM 1.74,,https://myaeon2go.com/product/103/perencah-sup
https://myaeon2go.com/products/category/6528959/grocery/pages/1-52,Grocery,Maggi Oyster Sauce,500 g,RM 7.85,,https://myaeon2go.com/product/6083/oyster-sauce
https://myaeon2go.com/products/category/6528959/grocery/pages/1-52,Grocery,Knorr Hot And Sour Soup,62 g,RM 5.70,,https://myaeon2go.com/product/17048/hot-and-sour-soup
https://myaeon2go.com/products/category/6528959/grocery/pages/1-52,Grocery,Maggi Syiok Kari Kaw,5 x 83 g,RM 8.39,RM 8.90,https://myaeon2go.com/product/44117/syiok-kari-kaw
https://myaeon2go.com/products/category/6528959/grocery/pages/1-52,Grocery,Naturel Olive Oil 250 ml,,RM 16.99 to RM 17.99,RM 21.48,https://myaeon2go.com/product/2247/extra-virgin-olive-oil
https://myaeon2go.com/products/category/6528959/grocery/pages/1-52,Grocery,Knife Cooking Oil,1 kg,RM 8.30,,https://myaeon2go.com/product/2228/cooking-oil
https://myaeon2go.com/products/category/6528959/grocery/pages/1-52,Grocery,Pama Plain Bihun Gold,350 g,RM 6.35,,https://myaeon2go.com/product/2524/plain-bihun-gold
https://myaeon2go.com/products/category/6528959/grocery/pages/1-52,Grocery,Naturel Pure Olive Oil,250 ml,RM 16.99,RM 20.50,https://myaeon2go.com/product/2248/pure-olive-oil
https://myaeon2go.com/products/category/6528959/grocery/pages/1-52,Grocery,Lady's Choice Peanut Butter Chocolate Stripe,500 g,RM 14.99,RM 20.03,https://myaeon2go.com/product/1982/ladys-choice-chocolate-stripe-peanut-butter-500-g
https://myaeon2go.com/products/category/6528959/grocery/pages/1-52,Grocery,Skippy Peanut Butter Super Chunk,500 g,RM 19.99,,https://myaeon2go.com/product/6726/peanut-butter-super-chunk
https://myaeon2go.com/products/category/6528959/grocery/pages/1-52,Grocery,Prego Mac And Cheese Instant Pasta Bowl,70 g,RM 5.39,RM 5.80,https://myaeon2go.com/product/44036/mac-and-cheese-instant-pasta-bowl
https://myaeon2go.com/products/category/6528959/grocery/pages/1-52,Grocery,San Remo Angel Hair Spaghetti,500 g,RM 4.79,RM 5.30,https://myaeon2go.com/product/9032/san-remo-angel-hair-spaghetti-no-9500-g
https://myaeon2go.com/products/category/6528959/grocery/pages/1-52,Grocery,Royal Umbrella Thai Premium Fragrant Rice,5 kg,RM 40.99,RM 45.50,https://myaeon2go.com/product/10019/thai-premium-fragrant-rice
https://myaeon2go.com/products/category/6528959/grocery/pages/1-52,Grocery,Adabi Tepung Cucur,,RM 4.20 to RM 4.55,,https://myaeon2go.com/product/105/tepung-cucur-ikan-bilis
https://myaeon2go.com/products/category/6528959/grocery/pages/1-52,Grocery,TC Boy Solid White Meat,,RM 6.60,,https://myaeon2go.com/product/2386/tc-boy-tuna-solid-white-meat-in-vegetable-oil-150-g
https://myaeon2go.com/products/category/6528959/grocery/pages/1-52,Grocery,Daisy Seri Kaya,480 g,RM 7.50,,https://myaeon2go.com/product/9102/seri-kaya
https://myaeon2go.com/products/category/6528959/grocery/pages/1-52,Grocery,Duchef Baked Beans,425 g,RM 4.50,,https://myaeon2go.com/product/55337/duchef-baked-beans-425-g
https://myaeon2go.com/products/category/6528959/grocery/pages/1-52,Grocery,Buruh Cooking Oil,3 kg,RM 19.49,,https://myaeon2go.com/product/18571/cooking-oil
https://myaeon2go.com/products/category/6528959/grocery/pages/1-52,Grocery,Marina Tuna Flakes In Oil,185 g,RM 6.45,,https://myaeon2go.com/product/2367/tuna-flakes-in-oil
https://myaeon2go.com/products/category/6528959/grocery/pages/1-52,Grocery,Maggi Concentrated Chicken Stock,250 g,RM 9.99,,https://myaeon2go.com/product/9794/concentrated-chicken-stock
https://myaeon2go.com/products/category/6528959/grocery/pages/1-52,Grocery,TC Boy Tuna Solid White Meat Spring Water,150 g,RM 6.60,,https://myaeon2go.com/product/2387/tc-boy-tuna-solid-white-meat-spring-water-150-g
https://myaeon2go.com/products/category/6528959/grocery/pages/1-52,Grocery,Maggi Tom Yam Soup Cube,60 g,RM 3.35,,https://myaeon2go.com/product/2941/maggi-tom-yam-soup-cube-60-g
https://myaeon2go.com/products/category/6528959/grocery/pages/1-52,Grocery,Knorr Cube Chicken,6 Cubes,RM 3.60,,https://myaeon2go.com/product/2933/cube-chicken
https://myaeon2go.com/products/category/6528959/grocery/pages/1-52,Grocery,Ibumie Penang White Curry Mee,4 x 105 g,RM 9.03,,https://myaeon2go.com/product/2417/penang-white-curry-mee
https://myaeon2go.com/products/category/6528959/grocery/pages/1-52,Grocery,Sunflower Embryo Brown Rice,5 kg,RM 23.39,RM 30.90,https://myaeon2go.com/product/15717/embryo-brown-rice
https://myaeon2go.com/products/category/6528959/grocery/pages/1-52,Grocery,Adabi Tepung Cucur Udang,200 g,RM 4.25,,https://myaeon2go.com/product/107/tepung-cucur-udang
https://myaeon2go.com/products/category/6528959/grocery/pages/1-52,Grocery,Salt Sense Natural Himalayan Pink Rock Salt,500 g,RM 2.90,,https://myaeon2go.com/product/10777/natural-himalayan-pink-rock-salt
https://myaeon2go.com/products/category/6528959/grocery/pages/1-52,Grocery,Adabi Tepung Cucur Ikan Bilis,200 g,RM 4.20,,https://myaeon2go.com/product/105/tepung-cucur-ikan-bilis
https://myaeon2go.com/products/category/6528959/grocery/pages/1-52,Grocery,Salt Sense Natural Himalayan White Rock Salt,500 g,RM 2.94,,https://myaeon2go.com/product/10778/natural-himalayan-white-rock-salt
https://myaeon2go.com/products/category/6528959/grocery/pages/1-52,Grocery,Lingham's Chili Sauce Squeeze,340 g,RM 6.60,,https://myaeon2go.com/product/2794/chili-sauce-squeeze
https://myaeon2go.com/products/category/6528959/grocery/pages/1-52,Grocery,Cap Kipas Udang Kicap Kacang Soya Manis,345 ml,RM 7.35,,https://myaeon2go.com/product/7760/kicap-kacang-soya-manis
https://myaeon2go.com/products/category/6528959/grocery/pages/1-52,Grocery,Nongshim Shin Spicy Chicken Ramyun Bowl,114 g,RM 4.99,RM 6.00,https://myaeon2go.com/product/49561/nongshim-shin-spicy-chicken-ramyun-bowl-114-g
https://myaeon2go.com/products/category/6528959/grocery/pages/1-52,Grocery,Ayam Brand Chopped Tomatoes,380 g,RM 6.00,,https://myaeon2go.com/product/17100/chopped-tomatoes
https://myaeon2go.com/products/category/6528959/grocery/pages/1-52,Grocery,Phkarkhnei Cambodia White Rice,5 kg,RM 32.59,RM 35.07,https://myaeon2go.com/product/2648/cambodia-white-rice
https://myaeon2go.com/products/category/6528959/grocery/pages/1-52,Grocery,Ecobrown's Brown Rice Original,5 kg,RM 28.50,,https://myaeon2go.com/product/2599/brown-rice-original
https://myaeon2go.com/products/category/6528959/grocery/pages/1-52,Grocery,Kellogg's Cornflakes,275 g,RM 7.59,RM 8.89,https://myaeon2go.com/product/5847/cornflakes
https://myaeon2go.com/products/category/6528959/grocery/pages/1-52,Grocery,Kellogg's Froot Loops,285 g,RM 12.99,RM 14.86,https://myaeon2go.com/product/5849/froot-loops
https://myaeon2go.com/products/category/6528959/grocery/pages/1-52,Grocery,Vit's Fresh Udon,3 x 150 g,RM 6.22,,https://myaeon2go.com/product/2573/fresh-udon
https://myaeon2go.com/products/category/6528959/grocery/pages/1-52,Grocery,Bird Of Paradise Super Import Wangi Thai 5%,5 kg,RM 31.39,RM 33.87,https://myaeon2go.com/product/2589/super-import-wangi-thai-5%25
https://myaeon2go.com/products/category/6528959/grocery/pages/1-52,Grocery,Cap Rambutan Super Import (TSS) Oren,10 kg,RM 37.39,RM 38.05,https://myaeon2go.com/product/2594/super-import-%28tss%29-oren
https://myaeon2go.com/products/category/6528959/grocery/pages/1-52,Grocery,Kalbe Fitbar Choco Delight,5's x 22 g,RM 12.90,,https://myaeon2go.com/product/34657/fitbar-choco-delight
https://myaeon2go.com/products/category/6528959/grocery/pages/1-52,Grocery,S&W Tomato Paste,170 g,RM 5.93,,https://myaeon2go.com/product/18085/tomato-paste
https://myaeon2go.com/products/category/6528959/grocery/pages/1-52,Grocery,Adabi Kiub Pati Ayam,60 g,RM 3.59,,https://myaeon2go.com/product/14063/kiub-pati-ayam
https://myaeon2go.com/products/category/6528959/grocery/pages/1-52,Grocery,Taj Mahal Herbal Ponni Rice 5%,5 kg,RM 34.59,RM 36.80,https://myaeon2go.com/product/2662/herbal-ponni-rice-5%25
https://myaeon2go.com/products/category/6528959/grocery/pages/1-52,Grocery,Vit's Fresh,,RM 6.22,,https://myaeon2go.com/product/2572/fresh-ramen
https://myaeon2go.com/products/category/6528959/grocery/pages/1-52,Grocery,Chek Hup Sweetened Melon Sugar,250 g,RM 3.83,,https://myaeon2go.com/product/17860/sweetened-melon-sugar
https://myaeon2go.com/products/category/6528959/grocery/pages/1-52,Grocery,Ayam Brand Coconut Milk Trim,200 ml,RM 3.84,,https://myaeon2go.com/product/2083/coconut-milk-trim
https://myaeon2go.com/products/category/6528959/grocery/pages/1-52,Grocery,Maggi 2 Minute Assam Laksa Instant Noodle,5 x 78 g,RM 6.20,,https://myaeon2go.com/product/8508/maggi-2-minute-assam-laksa-instant-noodle-5-x-78-g
https://myaeon2go.com/products/category/6528959/grocery/pages/1-52,Grocery,Kimball Tomato Sauce,325 g,RM 3.84,,https://myaeon2go.com/product/2758/tomato-sauce
https://myaeon2go.com/products/category/6528959/grocery/pages/1-52,Grocery,Lee Kum Kee Less Salty Soy Sauce,500 ml,RM 8.99,RM 9.65,https://myaeon2go.com/product/9879/less-salty-soy-sauce
https://myaeon2go.com/products/category/6528959/grocery/pages/1-52,Grocery,Mi Sedaap Mi Goreng Ayam Krispi,5 x 88 g,RM 5.54,,https://myaeon2go.com/product/2474/mi-goreng-ayam-krispi
https://myaeon2go.com/products/category/6528959/grocery/pages/1-52,Grocery,Neu Vida High Oleic Cooking Oil (Omega-9),2 kg,RM 32.99,RM 36.13,https://myaeon2go.com/product/10765/high-oleic-cooking-oil-%28omega-9%29
https://myaeon2go.com/products/category/6528959/grocery/pages/1-52,Grocery,Adabi Cili Giling,150 g,RM 4.48,,https://myaeon2go.com/product/5145/cili-giling
https://myaeon2go.com/products/category/6528959/grocery/pages/1-52,Grocery,Ayam Brand Tuna Spread,160 g,RM 7.68,,https://myaeon2go.com/product/2320/tuna-spread
https://myaeon2go.com/products/category/6528959/grocery/pages/1-52,Grocery,Knorr Cube Beef,6 Cubes,RM 3.60,,https://myaeon2go.com/product/2935/cube-beef
https://myaeon2go.com/products/category/6528959/grocery/pages/1-52,Grocery,Maggi Tandoori,100 g,RM 4.89,,https://myaeon2go.com/product/57421/maggi-tandoori-100-g
https://myaeon2go.com/products/category/6528959/grocery/pages/1-52,Grocery,Quaker Instant Oatmeal Pouch,300 g,RM 4.80,,https://myaeon2go.com/product/2029/instant-oatmeal-pouch
https://myaeon2go.com/products/category/6528959/grocery/pages/1-52,Grocery,Marina Sardines In Tomato Sauce Tall,425 g,RM 7.82,,https://myaeon2go.com/product/2364/sardines-in-tomato-sauce-tall
https://myaeon2go.com/products/category/6528959/grocery/pages/1-52,Grocery,Ajinomoto Monosodiom MSG,300 g,RM 7.03,,https://myaeon2go.com/product/2896/ajinomoto-monosodium-msg-300-g
https://myaeon2go.com/products/category/6528959/grocery/pages/1-52,Grocery,A1 Taiwanese Hsinchu Bihun,300 g,RM 8.47,,https://myaeon2go.com/product/32166/taiwanese-hsinchu-bihun
https://myaeon2go.com/products/category/6528959/grocery/pages/1-52,Grocery,Indomie Mi Goreng Asli Value Pack,10 x 85 g,RM 9.99,RM 10.90,https://myaeon2go.com/product/2433/mi-goreng-asli-value-pack
https://myaeon2go.com/products/category/6528959/grocery/pages/1-52,Grocery,Ayam Brand Mackeral In Tomato Sauce,425 g,RM 11.45,,https://myaeon2go.com/product/2295/mackeral-in-tomato-sauce
https://myaeon2go.com/products/category/6528959/grocery/pages/1-52,Grocery,Nestle Fitnesse Red Berries Single Bar,23.5 g,RM 2.49,,https://myaeon2go.com/product/9700/fitnesse-red-berries-single-bar
https://myaeon2go.com/products/category/6528959/grocery/pages/1-52,Grocery,Quaker Oatmeal Pouch 325 g,,RM 4.80,,https://myaeon2go.com/product/2029/instant-oatmeal-pouch
https://myaeon2go.com/products/category/6528959/grocery/pages/1-52,Grocery,Captain Oats Granola Strawberry Yoghurt,220 g,RM 13.99,RM 16.90,https://myaeon2go.com/product/16910/oats-granola-strawberry-yoghurt
https://myaeon2go.com/products/category/6528959/grocery/pages/1-52,Grocery,Royal Umbrella Thai Fragrant Rice 5%,10 kg,RM 57.99,RM 74.90,https://myaeon2go.com/product/11688/thai-fragrant-rice-5%25
https://myaeon2go.com/products/category/6528959/grocery/pages/1-52,Grocery,Adabi Serbuk Kari Ayam dan Daging,24 g,RM 1.40,,https://myaeon2go.com/product/93/serbuk-kari-ayam-dan-daging
https://myaeon2go.com/products/category/6528959/grocery/pages/1-52,Grocery,Kimball Chilli Sauce,500 g,RM 5.72,,https://myaeon2go.com/product/2750/chilli-sauce
https://myaeon2go.com/products/category/6528959/grocery/pages/1-52,Grocery,Bestari Fried Chicken Coating 150 g,,RM 2.79,RM 3.21,https://myaeon2go.com/product/2088/fried-chicken-coating-original
https://myaeon2go.com/products/category/6528959/grocery/pages/1-52,Grocery,Duchef Tomato Puree,430 g,RM 6.17,,https://myaeon2go.com/product/2689/tomato-puree
https://myaeon2go.com/products/category/6528959/grocery/pages/1-52,Grocery,Colavita Extra Virgin Olive Oil,1 liter,RM 59.99,RM 72.50,https://myaeon2go.com/product/2213/extra-virgin-olive-oil-1-liter
https://myaeon2go.com/products/category/6528959/grocery/pages/1-52,Grocery,Bestari Fried Chicken Coating Original,150 g,RM 2.79,RM 3.21,https://myaeon2go.com/product/2088/fried-chicken-coating-original
https://myaeon2go.com/products/category/6528959/grocery/pages/1-52,Grocery,Samyang Hot Chicken Ramen Carbonara Flavour,5 x 130 g,RM 23.99,RM 28.20,https://myaeon2go.com/product/2542/hot-chicken-ramen-carbonara-flavour
https://myaeon2go.com/products/category/6528959/grocery/pages/1-52,Grocery,Taj Mahal Herbal Ponni Rice 5%,1 kg,RM 7.80,,https://myaeon2go.com/product/2661/herbal-ponni-rice-5%25
https://myaeon2go.com/products/category/6528959/grocery/pages/1-52,Grocery,Moghul Faiza Basmathi Rice,5 kg,RM 47.99,RM 51.90,https://myaeon2go.com/product/2636/faiza-basmathi-rice
https://myaeon2go.com/products/category/6528959/grocery/pages/1-52,Grocery,Sanitarium Weet-Bix,575 g,RM 17.33,,https://myaeon2go.com/product/9261/weet-bix
https://myaeon2go.com/products/category/6528959/grocery/pages/1-52,Grocery,San Remo La Pasta Macaroni & Cheese,120 g,RM 4.38,,https://myaeon2go.com/product/10025/san-remo-la-pasta-macaroni-cheese-120-g
https://myaeon2go.com/products/category/6528959/grocery/pages/1-52,Grocery,Lee Kum Kee Premium Oyster Sauce,510 g,RM 19.40,,https://myaeon2go.com/product/8385/premium-oyster-sauce
https://myaeon2go.com/products/category/6528959/grocery/pages/1-52,Grocery,Ayam Brand Sambal Tumis Paste,180 g,RM 3.99,RM 5.25,https://myaeon2go.com/product/26422/sambal-tumis-paste
https://myaeon2go.com/products/category/6528959/grocery/pages/1-52,Grocery,"Prego Tomato, Basil Garlic Spaghetti Sauce",680 g,RM 12.99,RM 15.00,https://myaeon2go.com/product/6514/tomato%2C-basil-garlic-spaghetti-sauce
https://myaeon2go.com/products/category/6528959/grocery/pages/1-52,Grocery,Kellogg's Coco Chex,330 g,RM 12.99,RM 14.86,https://myaeon2go.com/product/5841/coco-chex
https://myaeon2go.com/products/category/6528959/grocery/pages/1-52,Grocery,Campbell's Cream Of Chicken,300 g,RM 5.79,RM 6.25,https://myaeon2go.com/product/9957/cream-of-chicken
https://myaeon2go.com/products/category/6528959/grocery/pages/1-52,Grocery,Mama Gula Melaka Comel Mini,6 x 350 g,RM 6.00,,https://myaeon2go.com/product/17984/gula-melaka-comel-mini
https://myaeon2go.com/products/category/6528959/grocery/pages/1-52,Grocery,Ayam Brand Pulled Chicken Mayonnaise,150 g,RM 7.70,,https://myaeon2go.com/product/55645/ayam-brand-pulled-chicken-mayonnaise-150-g
https://myaeon2go.com/products/category/6528959/grocery/pages/1-52,Grocery,King Cup Sardines,155 g,RM 4.74,,https://myaeon2go.com/product/8374/sardines
https://myaeon2go.com/products/category/6528959/grocery/pages/1-52,Grocery,Duchef Tomato Puree,220 g,RM 4.20,,https://myaeon2go.com/product/2688/tomato-puree
https://myaeon2go.com/products/category/6528959/grocery/pages/1-52,Grocery,Heinz Distilled White Vinegar,946 ml,RM 13.79,RM 15.85,https://myaeon2go.com/product/2698/distilled-white-vinegar
https://myaeon2go.com/products/category/6528959/grocery/pages/1-52,Grocery,San Remo Vegeroni Spiral,375 g,RM 4.79,RM 5.30,https://myaeon2go.com/product/2552/san-remo-active-vegeroni-spiral-no-121375-g
https://myaeon2go.com/products/category/6528959/grocery/pages/1-52,Grocery,TOPVALU Tapioca Starch,500 g,RM 2.80,,https://myaeon2go.com/product/59390/topvalu-tapioca-starch-500-g
https://myaeon2go.com/products/category/6528959/grocery/pages/1-52,Grocery,Daebak Miyeok Guk Ramyeon Cup,68 g,RM 3.90,,https://myaeon2go.com/product/44153/daebak-miyeok-guk-ramyeon-cup-68-g
https://myaeon2go.com/products/category/6528959/grocery/pages/1-52,Grocery,Mi Sedaap Soup Ayam Bawang,5 x 70 g,RM 4.99,RM 5.69,https://myaeon2go.com/product/2478/soup-ayam-bawang
https://myaeon2go.com/products/category/6528959/grocery/pages/1-52,Grocery,TOPVALU Mixed Herbs,16 g,RM 3.00,,https://myaeon2go.com/product/41829/mixed-herbs
https://myaeon2go.com/products/category/6528959/grocery/pages/1-52,Grocery,Maggi Mi Goreng Cili Ala Kampung,5 x 89 g,RM 7.39,RM 7.90,https://myaeon2go.com/product/2462/maggi-mi-goreng-cili-ala-kampung-5-x-89-g
https://myaeon2go.com/products/category/6528959/grocery/pages/1-52,Grocery,Cintan Instant Chicken,5 x 75 g,RM 4.79,RM 5.72,https://myaeon2go.com/product/2406/instant-chicken
https://myaeon2go.com/products/category/6528959/grocery/pages/1-52,Grocery,Nestle Honey Stars Economy Pack,450 g,RM 17.50,,https://myaeon2go.com/product/2007/honey-stars-economy-pack
https://myaeon2go.com/products/category/6528959/grocery/pages/1-52,Grocery,CSR Caster Sugar,1 kg,RM 5.63,,https://myaeon2go.com/product/3028/caster-sugar
https://myaeon2go.com/products/category/6528959/grocery/pages/1-52,Grocery,Yeo's Curry Chicken,280 g,RM 7.68,,https://myaeon2go.com/product/7033/curry-chicken
https://myaeon2go.com/products/category/6528959/grocery/pages/1-52,Grocery,Maggi Cukup Rasa All In One Seasoning,100 g,RM 3.65,,https://myaeon2go.com/product/9885/cukup-rasa-all-in-one-seasoning
https://myaeon2go.com/products/category/6528959/grocery/pages/1-52,Grocery,Nongshim Kimchi Big Bowl,117 g,RM 5.85,,https://myaeon2go.com/product/6406/kimchi-big-bowl
https://myaeon2go.com/products/category/6528959/grocery/pages/1-52,Grocery,Cintan Instant Asli,5 x 75 g,RM 4.79,RM 5.72,https://myaeon2go.com/product/2405/cintan-instant-seafood-asli-5-x-75-g
https://myaeon2go.com/products/category/6528959/grocery/pages/1-52,Grocery,Mamee Chef Laksa Nyonya Goreng,4 x 93 g,RM 4.90,RM 8.50,https://myaeon2go.com/product/30232/chef-laksa-nyonya-goreng
https://myaeon2go.com/products/category/6528959/grocery/pages/1-52,Grocery,Mamee Cup Noodle Vegetarian,60 g,RM 2.10,,https://myaeon2go.com/product/6118/cup-noodle-vegetarian
https://myaeon2go.com/products/category/6528959/grocery/pages/1-52,Grocery,TC Boy Tuna Lemon And Pepper,150 g,RM 6.60,,https://myaeon2go.com/product/16622/tuna-lemon-and-pepper
https://myaeon2go.com/products/category/6528959/grocery/pages/1-52,Grocery,Nutella Chocolate Spread,680 g,RM 44.60,,https://myaeon2go.com/product/6416/chocolate-spread
https://myaeon2go.com/products/category/6528959/grocery/pages/1-52,Grocery,Van Houten Cocoa Powder Box,100 g,RM 10.99,RM 11.80,https://myaeon2go.com/product/6957/cocoa-powder-box
https://myaeon2go.com/products/category/6528959/grocery/pages/1-52,Grocery,Singlong Onion Powder,70 g,RM 5.66,,https://myaeon2go.com/product/18552/onion-powder
https://myaeon2go.com/products/category/6528959/grocery/pages/1-52,Grocery,Mak Nyonya Vegetarian Curry,200 g,RM 5.99,RM 6.62,https://myaeon2go.com/product/6099/vegetarian-curry
https://myaeon2go.com/products/category/6528959/grocery/pages/1-52,Grocery,Mahsuri Berperisa Tiram,510 g,RM 5.99,RM 6.70,https://myaeon2go.com/product/6097/mahsuri-berperisa-tiram-510-g
https://myaeon2go.com/products/category/6528959/grocery/pages/1-52,Grocery,Adabi Serbuk Kari Ayam dan Daging,250 g,RM 5.99,RM 6.76,https://myaeon2go.com/product/5152/serbuk-kari-ayam-dan-daging
https://myaeon2go.com/products/category/6528959/grocery/pages/1-52,Grocery,Nongshim Ramyun Big Bowl 117 g,,RM 5.85,,https://myaeon2go.com/product/6405/clay-pot-ramyun-big-bowl
https://myaeon2go.com/products/category/6528959/grocery/pages/1-52,Grocery,Maggi 2 Minute Tom Yam Instant Noodle,5 x 83 g,RM 6.20,,https://myaeon2go.com/product/2454/2-minute-tom-yam-instant-noodle
https://myaeon2go.com/products/category/6528959/grocery/pages/1-52,Grocery,Adabi Serbuk 250 g,,RM 5.99 to RM 8.59,,https://myaeon2go.com/product/88/serbuk-gulai-ikan
https://myaeon2go.com/products/category/6528959/grocery/pages/1-52,Grocery,Lady's Choice Peanut Butter Chunky,500 g,RM 14.99,RM 18.96,https://myaeon2go.com/product/1984/ladys-choice-chunky-peanut-butter-500-g
https://myaeon2go.com/products/category/6528959/grocery/pages/1-52,Grocery,Ghee Hiang Sesame Oil,300 ml,RM 17.70,,https://myaeon2go.com/product/5663/sesame-oil
https://myaeon2go.com/products/category/6528959/grocery/pages/1-52,Grocery,Youmee Plain Pan Mee,420 g,RM 7.60,,https://myaeon2go.com/product/2581/plain-pan-mee
https://myaeon2go.com/products/category/6528959/grocery/pages/1-52,Grocery,Apple Brand Premium Light Soya Sauce,700 g,RM 9.39,RM 10.50,https://myaeon2go.com/product/18264/premium-light-soya-sauce
https://myaeon2go.com/products/category/6528959/grocery/pages/1-52,Grocery,Adabi Sup Ikan,13 g,RM 1.45,,https://myaeon2go.com/product/18117/sup-ikan
https://myaeon2go.com/products/category/6528959/grocery/pages/1-52,Grocery,Meriah Baking Soda,150 g,RM 2.12,,https://myaeon2go.com/product/10846/baking-soda
https://myaeon2go.com/products/category/6528959/grocery/pages/1-52,Grocery,Kewpie Dressing Roasted Sesame Yuzu Taste,210 ml,RM 7.99,RM 9.13,https://myaeon2go.com/product/2737/dressing-roasted-sesame-yuzu-taste
https://myaeon2go.com/products/category/6528959/grocery/pages/1-52,Grocery,Ayam Brand Sardine In Tomato Sauce Oval,425 g,RM 13.85,,https://myaeon2go.com/product/2303/sardine-in-tomato-sauce-oval
https://myaeon2go.com/products/category/6528959/grocery/pages/1-52,Grocery,Cap Kapal Abc Tepung Ubi Kayu,1 kg,RM 5.69,,https://myaeon2go.com/product/2099/tepung-ubi-kayu
https://myaeon2go.com/products/category/6528959/grocery/pages/1-52,Grocery,Mak Nyonya Paste,,RM 5.99 to RM 8.99,RM 6.62,https://myaeon2go.com/product/2812/asam-pedas
https://myaeon2go.com/products/category/6528959/grocery/pages/1-52,Grocery,Jasmine Lasella Parboiled,5 kg,RM 32.59,RM 49.90,https://myaeon2go.com/product/39118/lasella-parboiled
https://myaeon2go.com/products/category/6528959/grocery/pages/1-52,Grocery,Gardenia Numee Instant Noodle Goreng,5 x 82 g,RM 4.29,RM 5.00,https://myaeon2go.com/product/26781/numee-instant-noodle-goreng
https://myaeon2go.com/products/category/6528959/grocery/pages/1-52,Grocery,Red Eagle Fried Onion Oil,200 g,RM 12.99,RM 14.95,https://myaeon2go.com/product/10776/fried-onion-oil
https://myaeon2go.com/products/category/6528959/grocery/pages/1-52,Grocery,Adabi Serbuk Kari Kerutuk Ayam & Daging,24 g,RM 1.74,,https://myaeon2go.com/product/18328/serbuk-kari-kerutuk-ayam-&-daging
https://myaeon2go.com/products/category/6528959/grocery/pages/1-52,Grocery,Sante Muesli,,RM 9.99,RM 11.55,https://myaeon2go.com/product/2046/muesli-traditional
https://myaeon2go.com/products/category/6528959/grocery/pages/1-52,Grocery,Edsam Green Bean (1 Pack),300 g,RM 4.52,,https://myaeon2go.com/product/27838/green-bean-%281-pack%29
https://myaeon2go.com/products/category/6528959/grocery/pages/1-52,Grocery,Ayam Brand Baked Beans In Light Tomato Sauce,230 g,RM 3.40,,https://myaeon2go.com/product/2279/baked-beans-in-light-tomato-sauce
https://myaeon2go.com/products/category/6528959/grocery/pages/1-52,Grocery,Life Chili Sauce,340 g,RM 4.23,,https://myaeon2go.com/product/2787/chili-sauce
https://myaeon2go.com/products/category/6528959/grocery/pages/1-52,Grocery,Samyang Hot Chicken Bowl 105 g,,RM 6.79,RM 7.84,https://myaeon2go.com/product/6660/hot-chicken-ramen-carbonara-bowl
https://myaeon2go.com/products/category/6528959/grocery/pages/1-52,Grocery,Era Nagasari Import Blue,10 kg,RM 29.99,RM 39.92,https://myaeon2go.com/product/51387/era-nagasari-import-blue-10-kg
https://myaeon2go.com/products/category/6528959/grocery/pages/1-52,Grocery,Seri Murni Cooking Oil,3 kg,RM 19.42,,https://myaeon2go.com/product/2264/cooking-oil
https://myaeon2go.com/products/category/6528959/grocery/pages/1-52,Grocery,San Remo Vermicelli,500 g,RM 4.79,RM 5.30,https://myaeon2go.com/product/2556/san-remo-vermicelli-no-2500-g
https://myaeon2go.com/products/category/6528959/grocery/pages/1-52,Grocery,Floral Premium Imported  Taiwan Rice,5 kg,RM 37.99,RM 41.02,https://myaeon2go.com/product/9973/premium-imported-taiwan-rice
https://myaeon2go.com/products/category/6528959/grocery/pages/1-52,Grocery,Kara Natural Coconut Cream Powder,50 g,RM 3.27,,https://myaeon2go.com/product/2126/natural-coconut-cream-powder
https://myaeon2go.com/products/category/6528959/grocery/pages/1-52,Grocery,Nestle Koko Krunch,150 g,RM 7.34,,https://myaeon2go.com/product/5049/koko-krunch
https://myaeon2go.com/products/category/6528959/grocery/pages/1-52,Grocery,Sante Muesli Tropical,350 g,RM 9.99,RM 11.55,https://myaeon2go.com/product/2047/muesli-tropical
https://myaeon2go.com/products/category/6528959/grocery/pages/1-52,Grocery,Beksul Korea Vermicelli Sweet Potato Glass Noodles Dangmyeon (Japchae),300 g,RM 12.90,,https://myaeon2go.com/product/10813/korea-vermicelli-sweet-potato-glass-noodles-dangmyeon-%28japchae%29
https://myaeon2go.com/products/category/6528959/grocery/pages/1-52,Grocery,Kewpie Mayo Sauce,1 liter,RM 14.05,,https://myaeon2go.com/product/2739/mayo-sauce
https://myaeon2go.com/products/category/6528959/grocery/pages/1-52,Grocery,Aji-Shio Flavoured,,RM 7.85,,https://myaeon2go.com/product/2903/black-pepper
https://myaeon2go.com/products/category/6528959/grocery/pages/1-52,Grocery,Youmee Plain Ramen,420 g,RM 7.60,,https://myaeon2go.com/product/2582/plain-ramen
https://myaeon2go.com/products/category/6528959/grocery/pages/1-52,Grocery,Aji-Shio Black Pepper,80 g,RM 7.85,,https://myaeon2go.com/product/2903/black-pepper
https://myaeon2go.com/products/category/6528959/grocery/pages/1-52,Grocery,Campbell's Mushroom Potage,300 g,RM 5.79,RM 6.25,https://myaeon2go.com/product/2332/mushroom-potage
https://myaeon2go.com/products/category/6528959/grocery/pages/1-52,Grocery,Quaker Whole Rolled Oats,800 g,RM 10.68,,https://myaeon2go.com/product/6560/whole-rolled-oats
https://myaeon2go.com/products/category/6528959/grocery/pages/1-52,Grocery,Cap Kapal ABC Tepung Ubi Kayu,500 g,RM 2.83,,https://myaeon2go.com/product/8369/tepung-ubi-kayu
https://myaeon2go.com/products/category/6528959/grocery/pages/1-52,Grocery,King Rice Bran Oil,1 liter,RM 19.99,RM 22.65,https://myaeon2go.com/product/2227/rice-bran-oil
https://myaeon2go.com/products/category/6528959/grocery/pages/1-52,Grocery,Lady's Choice Mayonnaise Sebenar (Sachet),40 ml,RM 1.74,,https://myaeon2go.com/product/8383/mayonnaise-sebenar-%28sachet%29
https://myaeon2go.com/products/category/6528959/grocery/pages/1-52,Grocery,Nature's Own Instant Brown Rice Cereal with Spirulina No Added Sugar,10 x 30 g,RM 11.40,,https://myaeon2go.com/product/1992/instant-brown-rice-cereal-with-spirulina-no-added-sugar
https://myaeon2go.com/products/category/6528959/grocery/pages/1-52,Grocery,Naturel Sunflower Oil,1 kg,RM 14.59,RM 14.90,https://myaeon2go.com/product/58274/naturel-sunflower-oil-1-kg
https://myaeon2go.com/products/category/6528959/grocery/pages/1-52,Grocery,Samyang Hot Chicken Ramen Carbonara Bowl,105 g,RM 6.79,RM 7.84,https://myaeon2go.com/product/6660/hot-chicken-ramen-carbonara-bowl
https://myaeon2go.com/products/category/6528959/grocery/pages/1-52,Grocery,S&W Whole Dills,680 ml,RM 13.80,,https://myaeon2go.com/product/17232/s-w-whole-dills-680-ml
https://myaeon2go.com/products/category/6528959/grocery/pages/1-52,Grocery,Adabi Perencah Nasi Goreng,30 g,RM 2.43,,https://myaeon2go.com/product/78/perencah-nasi-goreng
https://myaeon2go.com/products/category/6528959/grocery/pages/1-52,Grocery,Narcissus Whole Mushroom,425 g,RM 5.60,,https://myaeon2go.com/product/2370/whole-mushroom
https://myaeon2go.com/products/category/6528959/grocery/pages/1-52,Grocery,Narcissus Mushroom,,RM 5.60,,https://myaeon2go.com/product/2370/whole-mushroom
https://myaeon2go.com/products/category/6528959/grocery/pages/1-52,Grocery,Nature's Own Instant Brown Rice Cereal with Spirulina,,RM 11.40,,https://myaeon2go.com/product/1992/instant-brown-rice-cereal-with-spirulina-no-added-sugar
https://myaeon2go.com/products/category/6528959/grocery/pages/1-52,Grocery,Naga Mutiara Super Wangi AAA (Thai) 5%,10 kg,RM 54.99,RM 59.85,https://myaeon2go.com/product/2638/super-wangi-aaa-%28thai%29-5%25
https://myaeon2go.com/products/category/6528959/grocery/pages/1-52,Grocery,Chek Hup Brown Sugar,300 g,RM 2.99,,https://myaeon2go.com/product/3023/brown-sugar
https://myaeon2go.com/products/category/6528959/grocery/pages/1-52,Grocery,Nureys Bawang Goreng,100 g,RM 3.36,,https://myaeon2go.com/product/6413/bawang-goreng
https://myaeon2go.com/products/category/6528959/grocery/pages/1-52,Grocery,TOPVALU Sweetened Creamer,500 g,RM 3.40,,https://myaeon2go.com/product/24795/sweetened-creamer
https://myaeon2go.com/products/category/6528959/grocery/pages/1-52,Grocery,Lee Kum Kee Premium Mushroom Seasoning Powder,200 g,RM 10.99,RM 12.00,https://myaeon2go.com/product/57400/lee-kum-kee-premium-mushroom-seasoning-powder-200-g
https://myaeon2go.com/products/category/6528959/grocery/pages/1-52,Grocery,Salt Sense Natural French Sea Salt,500 g,RM 6.50,,https://myaeon2go.com/product/41494/natural-french-sea-salt
https://myaeon2go.com/products/category/6528959/grocery/pages/1-52,Grocery,Nongshim Clay Pot Ramyun Big Bowl,117 g,RM 5.85,,https://myaeon2go.com/product/6405/clay-pot-ramyun-big-bowl
https://myaeon2go.com/products/category/6528959/grocery/pages/1-52,Grocery,Red Eagle Cooking Oil,3 kg,RM 22.95,,https://myaeon2go.com/product/10772/cooking-oil
https://myaeon2go.com/products/category/6528959/grocery/pages/1-52,Grocery,Barilla Bavette Linguine,500 g,RM 6.99,RM 8.10,https://myaeon2go.com/product/2401/bavette-linguine
https://myaeon2go.com/products/category/6528959/grocery/pages/1-52,Grocery,San Remo Quick Cook Macaroni,500 g,RM 4.79,RM 5.30,https://myaeon2go.com/product/10991/quick-cook-macaroni
https://myaeon2go.com/products/category/6528959/grocery/pages/1-52,Grocery,Yeo's Sardine In Tomato Sauce,425 g,RM 8.36,,https://myaeon2go.com/product/10042/sardine-in-tomato-sauce
https://myaeon2go.com/products/category/6528959/grocery/pages/1-52,Grocery,Nona Tepung Kastard,300 g,RM 3.04,,https://myaeon2go.com/product/16075/tepung-kastard
https://myaeon2go.com/products/category/6528959/grocery/pages/1-52,Grocery,Chek Hup Honey Rock Sugar,250 g,RM 3.18,,https://myaeon2go.com/product/3024/honey-rock-sugar
https://myaeon2go.com/products/category/6528959/grocery/pages/1-52,Grocery,Kashmir Basmathi 5%,5 kg,RM 32.99,RM 34.86,https://myaeon2go.com/product/2633/basmathi-5%25
https://myaeon2go.com/products/category/6528959/grocery/pages/1-52,Grocery,Vesawit Cooking Oil,3 kg,RM 19.46,,https://myaeon2go.com/product/18040/cooking-oil
https://myaeon2go.com/products/category/6528959/grocery/pages/1-52,Grocery,Pristine Rolled Oat,750 g,RM 9.38,,https://myaeon2go.com/product/2024/rolled-oat
https://myaeon2go.com/products/category/6528959/grocery/pages/1-52,Grocery,Ayam Brand Mackerel Fillets In Extra Virgin Olive Oil,125 g,RM 15.10,,https://myaeon2go.com/product/16640/mackerel-fillets-in-extra-virgin-olive-oil
https://myaeon2go.com/products/category/6528959/grocery/pages/1-52,Grocery,Jati Rice Flour,500 g,RM 2.75,,https://myaeon2go.com/product/2123/rice-flour
https://myaeon2go.com/products/category/6528959/grocery/pages/1-52,Grocery,Meriah Bread Crumbs,,RM 5.33 to RM 5.73,,https://myaeon2go.com/product/2135/bread-crumbs-golden-orange
https://myaeon2go.com/products/category/6528959/grocery/pages/1-52,Grocery,TOPVALU Perencah Sambal Tumis,180 g,RM 4.50,,https://myaeon2go.com/product/31127/perencah-sambal-tumis
https://myaeon2go.com/products/category/6528959/grocery/pages/1-52,Grocery,Lee Kum Kee White Vinegar,473 ml,RM 8.45,,https://myaeon2go.com/product/9882/white-vinegar
https://myaeon2go.com/products/category/6528959/grocery/pages/1-52,Grocery,Naturel Extra Virgin Olive Oil,250 ml,RM 17.99,RM 21.48,https://myaeon2go.com/product/2247/extra-virgin-olive-oil
https://myaeon2go.com/products/category/6528959/grocery/pages/1-52,Grocery,San Remo Instant Lasagna,250 g,RM 5.90,,https://myaeon2go.com/product/2561/san-remo-instant-lasagna-no-103250-g
https://myaeon2go.com/products/category/6528959/grocery/pages/1-52,Grocery,Adabi Serbuk Kunyit Campuran,250 g,RM 7.07,,https://myaeon2go.com/product/94/serbuk-kunyit-campuran
https://myaeon2go.com/products/category/6528959/grocery/pages/1-52,Grocery,Lee Kum Kee Chicken Marinade,14 oz,RM 7.99,RM 8.35,https://myaeon2go.com/product/2767/lee-kum-kee-chicken-marinade-410-ml
https://myaeon2go.com/products/category/6528959/grocery/pages/1-52,Grocery,Quaker Q-Vital In Chocolate,14 x 28 g,RM 11.44,,https://myaeon2go.com/product/2035/quaker-q-vital-in-chocolate-14-x-28-g
https://myaeon2go.com/products/category/6528959/grocery/pages/1-52,Grocery,Quaker Q-Vital 14 x 28 g,,RM 11.44,,https://myaeon2go.com/product/2033/quaker-q-vital-in-original-14-x-28-g
https://myaeon2go.com/products/category/6528959/grocery/pages/1-52,Grocery,Edsam Dry Seaweed (1 Pack),20 g,RM 5.30,,https://myaeon2go.com/product/27849/dry-seaweed-%281-pack%29
https://myaeon2go.com/products/category/6528959/grocery/pages/1-52,Grocery,Adabi Tepung Cucur Bawang,200 g,RM 4.55,,https://myaeon2go.com/product/108/tepung-cucur-bawang
https://myaeon2go.com/products/category/6528959/grocery/pages/1-52,Grocery,Meriah Bread Crumbs Original,300 g,RM 5.73,,https://myaeon2go.com/product/2136/bread-crumbs-original
https://myaeon2go.com/products/category/6528959/grocery/pages/1-52,Grocery,Nureys Laksa,400 g,RM 3.98,,https://myaeon2go.com/product/2512/laksa
https://myaeon2go.com/products/category/6528959/grocery/pages/1-52,Grocery,Mamami Quinoa Mix,500 g,RM 21.59,RM 24.81,https://myaeon2go.com/product/21181/quinoa-mix
https://myaeon2go.com/products/category/6528959/grocery/pages/1-52,Grocery,Sante Muesli Traditional,350 g,RM 9.99,RM 11.55,https://myaeon2go.com/product/2046/muesli-traditional
https://myaeon2go.com/products/category/6528959/grocery/pages/1-52,Grocery,CED Organic Rolled Oats Regular,450 g,RM 8.99,RM 9.45,https://myaeon2go.com/product/1967/organic-rolled-oats-regular
https://myaeon2go.com/products/category/6528959/grocery/pages/1-52,Grocery,Ayam Brand Tomato Puree,430 g,RM 6.33,,https://myaeon2go.com/product/18083/tomato-puree
https://myaeon2go.com/products/category/6528959/grocery/pages/1-52,Grocery,Adabi Tepung Cucur Lemak Manis,200 g,RM 4.25,,https://myaeon2go.com/product/106/tepung-cucur-lemak-manis
https://myaeon2go.com/products/category/6528959/grocery/pages/1-52,Grocery,A1 Kway Teow,400 g,RM 9.46,,https://myaeon2go.com/product/41/kway-teow
https://myaeon2go.com/products/category/6528959/grocery/pages/1-52,Grocery,Ayam Brand Mackeral In Tomato Sauce,155 g,RM 5.60,,https://myaeon2go.com/product/2293/mackeral-in-tomato-sauce
https://myaeon2go.com/products/category/6528959/grocery/pages/1-52,Grocery,Myojo Mee Goreng Original,5 x 80 g,RM 9.35,,https://myaeon2go.com/product/2486/mee-goreng-original
https://myaeon2go.com/products/category/6528959/grocery/pages/1-52,Grocery,Baba's Hot & Spicy Powder,,RM 3.86,,https://myaeon2go.com/product/2910/hot-&-spicy-fish-curry-powder
https://myaeon2go.com/products/category/6528959/grocery/pages/1-52,Grocery,Mak Nyonya Asam Pedas,200 g,RM 5.99,RM 6.62,https://myaeon2go.com/product/2812/asam-pedas
https://myaeon2go.com/products/category/6528959/grocery/pages/1-52,Grocery,Ayam Brand Chili Tuna Fire Hot,150 g,RM 7.68,,https://myaeon2go.com/product/2287/chili-tuna-fire-hot
https://myaeon2go.com/products/category/6528959/grocery/pages/1-52,Grocery,Adabi Perencah Nasi Goreng,120 g,RM 5.35,,https://myaeon2go.com/product/18323/perencah-nasi-goreng
https://myaeon2go.com/products/category/6528959/grocery/pages/1-52,Grocery,TOPVALU Super Import White Rice,5 kg,RM 17.50,,https://myaeon2go.com/product/64706/topvalu-super-import-white-rice-5-kg
https://myaeon2go.com/products/category/6528959/grocery/pages/1-52,Grocery,Baba's Hot & Spicy Meat Curry Powder,125 g,RM 3.86,,https://myaeon2go.com/product/2911/hot-&-spicy-meat-curry-powder
https://myaeon2go.com/products/category/6528959/grocery/pages/1-52,Grocery,Lingham's Chili Sauce Regular,340 g,RM 6.00,,https://myaeon2go.com/product/2793/chili-sauce-regular
https://myaeon2go.com/products/category/6528959/grocery/pages/1-52,Grocery,Kewpie Chilli Mayo,40 ml,RM 1.80,,https://myaeon2go.com/product/9874/chilli-mayo
https://myaeon2go.com/products/category/6528959/grocery/pages/1-52,Grocery,Super Nutremill 4 In 1 Cereal With Brown Rice,450 g,RM 12.15,,https://myaeon2go.com/product/7077/nutremill-4-in-1-cereal-with-brown-rice
https://myaeon2go.com/products/category/6528959/grocery/pages/1-52,Grocery,Ayam Brand Pulled Chicken Teriyaki,150 g,RM 7.70,,https://myaeon2go.com/product/66231/ayam-brand-pulled-chicken-teriyaki-150-g
https://myaeon2go.com/products/category/6528959/grocery/pages/1-52,Grocery,Seri Pelangi Margerine,1 kg,RM 8.89,,https://myaeon2go.com/product/2189/margerine
https://myaeon2go.com/products/category/6528959/grocery/pages/1-52,Grocery,San Remo Spirals,500 g,RM 4.79,RM 5.30,https://myaeon2go.com/product/2557/san-remo-spirals-no-16500-g
https://myaeon2go.com/products/category/6528959/grocery/pages/1-52,Grocery,Barilla Napoletana Sauce,400 g,RM 12.99,RM 17.93,https://myaeon2go.com/product/11906/barilla-napoletana-with-herbs-sauce-400-g
https://myaeon2go.com/products/category/6528959/grocery/pages/1-52,Grocery,Maggi Big Tom Yam Instant,5 x 107 g,RM 7.50,,https://myaeon2go.com/product/2457/big-tom-yam-instant
https://myaeon2go.com/products/category/6528959/grocery/pages/1-52,Grocery,Kewpie Dressing Thousand Island,210 ml,RM 7.99,RM 9.13,https://myaeon2go.com/product/2736/dressing-thousand-island
https://myaeon2go.com/products/category/6528959/grocery/pages/1-52,Grocery,TOPVALU Angel Hair Style Spaghetti,400 g,RM 2.90,,https://myaeon2go.com/product/31205/angel-hair-style-spaghetti
https://myaeon2go.com/products/category/6528959/grocery/pages/1-52,Grocery,Kimball Oyster Sauce,510 g,RM 7.29,,https://myaeon2go.com/product/5875/oyster-sauce
https://myaeon2go.com/products/category/6528959/grocery/pages/1-52,Grocery,Betty Crocker Pancake Mix Buttermilk,400 g,RM 9.89,,https://myaeon2go.com/product/14686/pancake-mix-buttermilk
https://myaeon2go.com/products/category/6528959/grocery/pages/1-52,Grocery,Kimball Penne,400 g,RM 3.39,RM 3.99,https://myaeon2go.com/product/2443/penne
https://myaeon2go.com/products/category/6528959/grocery/pages/1-52,Grocery,Kimball Fettucine,400 g,RM 3.39,RM 3.99,https://myaeon2go.com/product/2441/fettucine
https://myaeon2go.com/products/category/6528959/grocery/pages/1-52,Grocery,Van Houten Cocoa Powder,350 g,RM 31.39,RM 34.69,https://myaeon2go.com/product/2199/cocoa-powder
https://myaeon2go.com/products/category/6528959/grocery/pages/1-52,Grocery,Kellogg's Coco Pops,350 g,RM 12.99,RM 14.86,https://myaeon2go.com/product/5845/coco-pops
https://myaeon2go.com/products/category/6528959/grocery/pages/1-52,Grocery,Jati Signature S Siri Thai Import 5%,10 kg,RM 32.99,RM 33.90,https://myaeon2go.com/product/30099/s-siri-thai-import-5%25
https://myaeon2go.com/products/category/6528959/grocery/pages/1-52,Grocery,Myojo Mee Goreng,,RM 9.35,,https://myaeon2go.com/product/2486/mee-goreng-original
https://myaeon2go.com/products/category/6528959/grocery/pages/1-52,Grocery,Bestari Fried Chicken Coating Garlic,1 kg,RM 9.89,RM 11.24,https://myaeon2go.com/product/2085/fried-chicken-coating-garlic
https://myaeon2go.com/products/category/6528959/grocery/pages/1-52,Grocery,Red Eagle Fried Garlic Oil,200 g,RM 12.99,RM 14.95,https://myaeon2go.com/product/14250/fried-garlic-oil
https://myaeon2go.com/products/category/6528959/grocery/pages/1-52,Grocery,Ina Pan Mee Plain Thin,530 g,RM 8.74,,https://myaeon2go.com/product/5792/pan-mee-plain-thin
https://myaeon2go.com/products/category/6528959/grocery/pages/1-52,Grocery,Adabi Santan,200 g,RM 4.39,RM 4.90,https://myaeon2go.com/product/85/santan
https://myaeon2go.com/products/category/6528959/grocery/pages/1-52,Grocery,Maggi Curry Stock Cube,60 g,RM 3.40,,https://myaeon2go.com/product/27015/curry-stock-cube
https://myaeon2go.com/products/category/6528959/grocery/pages/1-52,Grocery,Ina Pan Mee Thin,,RM 8.74 to RM 9.84,,https://myaeon2go.com/product/2424/pan-mee-pumpkin-thin
https://myaeon2go.com/products/category/6528959/grocery/pages/1-52,Grocery,Golden Dragon Brand Mee Suah Flour Vermicelli,120 g,RM 2.80,,https://myaeon2go.com/product/16785/mee-suah-flour-vermicelli
https://myaeon2go.com/products/category/6528959/grocery/pages/1-52,Grocery,Meriah Bread Flour,1 kg,RM 9.66,,https://myaeon2go.com/product/2137/bread-flour
https://myaeon2go.com/products/category/6528959/grocery/pages/1-52,Grocery,Harmuni Cream Santan,200 ml,RM 4.03,,https://myaeon2go.com/product/2112/cream-santan
https://myaeon2go.com/products/category/6528959/grocery/pages/1-52,Grocery,Heinz Sweet Chilli Sauce,305 g,RM 5.70,,https://myaeon2go.com/product/5757/sweet-chilli-sauce
https://myaeon2go.com/products/category/6528959/grocery/pages/1-52,Grocery,Tean's Gourmet Curry Laksa Paste,200 g,RM 5.59,RM 6.40,https://myaeon2go.com/product/11887/curry-laksa-paste
https://myaeon2go.com/products/category/6528959/grocery/pages/1-52,Grocery,Ayam Brand Fish Curry Paste,180 g,RM 3.99,RM 5.25,https://myaeon2go.com/product/41644/fish-curry-paste
https://myaeon2go.com/products/category/6528959/grocery/pages/1-52,Grocery,Jati Pusa Finest Basmathi 1121,2 kg,RM 15.59,RM 18.90,https://myaeon2go.com/product/5816/pusa-finest-basmathi-1121
https://myaeon2go.com/products/category/6528959/grocery/pages/1-52,Grocery,Floral Beras Pulut (Thailand) 5%,1 kg,RM 7.51,,https://myaeon2go.com/product/2610/beras-pulut-%28thailand%29-5%25
https://myaeon2go.com/products/category/6528959/grocery/pages/1-52,Grocery,Ecobrown's Sella Cream Premium Basmathi,2 kg,RM 16.99,RM 18.50,https://myaeon2go.com/product/2602/sella-cream-premium-basmathi
https://myaeon2go.com/products/category/6528959/grocery/pages/1-52,Grocery,Ecobrown's Brown Rice Original,2 kg,RM 13.50,,https://myaeon2go.com/product/2598/brown-rice-original
https://myaeon2go.com/products/category/6528959/grocery/pages/1-52,Grocery,TOPVALU Instant Noodles,700 g,RM 6.30,,https://myaeon2go.com/product/55559/topvalu-instant-noodles-700-g
https://myaeon2go.com/products/category/6528959/grocery/pages/1-52,Grocery,Ghee Hiang Sesame Oil,680 ml,RM 34.03,,https://myaeon2go.com/product/5662/sesame-oil
https://myaeon2go.com/products/category/6528959/grocery/pages/1-52,Grocery,Nissin Instant Bag,,RM 9.99 to RM 10.55,RM 10.05,https://myaeon2go.com/product/2491/instant-bag-chicken
https://myaeon2go.com/products/category/6528959/grocery/pages/1-52,Grocery,Golden Cock Brand Sesame Oil,630 ml,RM 20.70,,https://myaeon2go.com/product/2225/sesame-oil
https://myaeon2go.com/products/category/6528959/grocery/pages/1-52,Grocery,Cirio Polpa Fine (Chopped Tomatoes) Chili,390 g,RM 5.39,RM 6.01,https://myaeon2go.com/product/14678/polpa-fine-%28chopped-tomatoes%29-chili
https://myaeon2go.com/products/category/6528959/grocery/pages/1-52,Grocery,Kewpie Dressing Caesar,210 ml,RM 7.99,RM 9.13,https://myaeon2go.com/product/2733/dressing-caesar
https://myaeon2go.com/products/category/6528959/grocery/pages/1-52,Grocery,Knorr Cup Jok Chicken,32 g,RM 3.00,,https://myaeon2go.com/product/5907/cup-jok-chicken
https://myaeon2go.com/products/category/6528959/grocery/pages/1-52,Grocery,Vit's Noodle,400 g,RM 4.95,,https://myaeon2go.com/product/7079/noodle
https://myaeon2go.com/products/category/6528959/grocery/pages/1-52,Grocery,Amazin' Graze Granola - Hazelnut Blackforest,250 g,RM 17.99,RM 21.20,https://myaeon2go.com/product/13653/granola---hazelnut-blackforest
https://myaeon2go.com/products/category/6528959/grocery/pages/1-52,Grocery,Ayam Brand Pineapple Chunks In Syrup,425 g,RM 6.60,,https://myaeon2go.com/product/2296/pineapple-chunks-in-syrup
https://myaeon2go.com/products/category/6528959/grocery/pages/1-52,Grocery,Mahsuri Kicap Lemak Manis,410 ml,RM 5.99,RM 6.95,https://myaeon2go.com/product/2809/mahsuri-kicap-lemak-manis-410-ml
https://myaeon2go.com/products/category/6528959/grocery/pages/1-52,Grocery,Mak Nyonya Kari Ayam,200 g,RM 5.99,RM 6.62,https://myaeon2go.com/product/2813/kari-ayam
https://myaeon2go.com/products/category/6528959/grocery/pages/1-52,Grocery,Sante Muesli Fruit,350 g,RM 9.99,RM 11.55,https://myaeon2go.com/product/2045/muesli-fruit
https://myaeon2go.com/products/category/6528959/grocery/pages/1-52,Grocery,CED Pure Honey Squeezed Bottle,380 g,RM 10.50,,https://myaeon2go.com/product/1966/pure-honey-squeezed-bottle
https://myaeon2go.com/products/category/6528959/grocery/pages/1-52,Grocery,Life Thai Chilli Sauce Jumbo,750 g,RM 8.33,,https://myaeon2go.com/product/5999/thai-chilli-sauce-jumbo
https://myaeon2go.com/products/category/6528959/grocery/pages/1-52,Grocery,Nissin Instant Bag Chicken,5 x 82 g,RM 9.99,RM 10.05,https://myaeon2go.com/product/2491/instant-bag-chicken
https://myaeon2go.com/products/category/6528959/grocery/pages/1-52,Grocery,Tumix Stock 120 g,,RM 3.83 to RM 3.85,,https://myaeon2go.com/product/2999/chicken-stock
https://myaeon2go.com/products/category/6528959/grocery/pages/1-52,Grocery,Mi Sedaap Mi Goreng Asli Jumbo Pack,4 x 139 g,RM 7.19,,https://myaeon2go.com/product/2477/mi-goreng-asli-jumbo-pack
https://myaeon2go.com/products/category/6528959/grocery/pages/1-52,Grocery,Lee Kum Kee Premium Oyster Sauce,255 g,RM 11.90,,https://myaeon2go.com/product/18564/premium-oyster-sauce
https://myaeon2go.com/products/category/6528959/grocery/pages/1-52,Grocery,A1 5 Minutes Instant Wonton Mee,360 g,RM 9.35,,https://myaeon2go.com/product/31/5-minutes-instant-wonton-mee
https://myaeon2go.com/products/category/6528959/grocery/pages/1-52,Grocery,Lady's Choice Peanut Butter Grape Stripe,500 g,RM 14.99,RM 19.03,https://myaeon2go.com/product/1983/ladys-choice-grape-peanut-butter-500-g
https://myaeon2go.com/products/category/6528959/grocery/pages/1-52,Grocery,Pristine Oat Bran,500 g,RM 9.48,,https://myaeon2go.com/product/2023/oat-bran
https://myaeon2go.com/products/category/6528959/grocery/pages/1-52,Grocery,Lady's Choice Peanut Butter Creamy,500 g,RM 14.99,RM 18.96,https://myaeon2go.com/product/1986/ladys-choice-creamy-peanut-butter-500-g
https://myaeon2go.com/products/category/6528959/grocery/pages/1-52,Grocery,TOPVALU J-Cup Noodle Miso,50 g,RM 1.90,,https://myaeon2go.com/product/41969/j-cup-noodle-miso
https://myaeon2go.com/products/category/6528959/grocery/pages/1-52,Grocery,Tumix Ikan Bilis Stock,120 g,RM 3.85,,https://myaeon2go.com/product/3000/ikan-bilis-stock
https://myaeon2go.com/products/category/6528959/grocery/pages/1-52,Grocery,Lee Kum Kee Selected Light Soy Sauce,250 ml,RM 4.99,RM 5.60,https://myaeon2go.com/product/57467/lee-kum-kee-selected-light-soy-sauce-250-ml
https://myaeon2go.com/products/category/6528959/grocery/pages/1-52,Grocery,Knife Classic Light Soy Sauce,500 ml,RM 4.99,RM 7.72,https://myaeon2go.com/product/9875/classic-light-soy-sauce
https://myaeon2go.com/products/category/6528959/grocery/pages/1-52,Grocery,TOPVALU White Pepper Powder,20 g,RM 3.00,,https://myaeon2go.com/product/41832/white-pepper-powder
https://myaeon2go.com/products/category/6528959/grocery/pages/1-52,Grocery,Singlong Ground Pepper,80 g,RM 9.28,,https://myaeon2go.com/product/2991/ground-pepper
https://myaeon2go.com/products/category/6528959/grocery/pages/1-52,Grocery,Ayam Brand Mackerel,300 g,RM 9.45,,https://myaeon2go.com/product/41896/mackerel
https://myaeon2go.com/products/category/6528959/grocery/pages/1-52,Grocery,Balducci No.4 Spaghetti,400 g,RM 3.35,,https://myaeon2go.com/product/5252/no.4-spaghetti
https://myaeon2go.com/products/category/6528959/grocery/pages/1-52,Grocery,Kimball Angel Hair,400 g,RM 3.39,RM 3.99,https://myaeon2go.com/product/2442/angel-hair
https://myaeon2go.com/products/category/6528959/grocery/pages/1-52,Grocery,CSR Soft Brown Sugar,1 kg,RM 5.75,,https://myaeon2go.com/product/3031/soft-brown-sugar
https://myaeon2go.com/products/category/6528959/grocery/pages/1-52,Grocery,Hollyfarms Black Pepper Coarse,70 g,RM 9.00,,https://myaeon2go.com/product/2931/black-pepper-coarse
https://myaeon2go.com/products/category/6528959/grocery/pages/1-52,Grocery,Heinz Easy Squeeze Ketchup,325 g,RM 11.60,,https://myaeon2go.com/product/18555/heinz-easy-squeeze-ketchup-325-g
https://myaeon2go.com/products/category/6528959/grocery/pages/1-52,Grocery,Moonlight Longan Super King Size Whole,565 g,RM 10.75,,https://myaeon2go.com/product/2369/longan-super-king-size-whole
https://myaeon2go.com/products/category/6528959/grocery/pages/1-52,Grocery,Leggo's Bolognese Mushroom,500 ml,RM 9.99,RM 13.30,https://myaeon2go.com/product/28887/bolognese-mushroom
https://myaeon2go.com/products/category/6528959/grocery/pages/1-52,Grocery,Samyang Hot Chicken Rose Flavour Ramen Bowl,105 g,RM 6.79,RM 7.84,https://myaeon2go.com/product/28744/hot-chicken-rose-flavour-ramen-bowl
https://myaeon2go.com/products/category/6528959/grocery/pages/1-52,Grocery,Indomie Mi Goreng Cabe Ijo,5 x 85 g,RM 4.79,RM 5.70,https://myaeon2go.com/product/7298/mi-goreng-cabe-ijo
https://myaeon2go.com/products/category/6528959/grocery/pages/1-52,Grocery,Adabi Aqsa Bawang Goreng,100 g,RM 2.90,,https://myaeon2go.com/product/63297/adabi-aqsa-bawang-goreng-100-g
https://myaeon2go.com/products/category/6528959/grocery/pages/1-52,Grocery,Naco Coconut Cream,3 x 200 ml,RM 8.99,RM 9.60,https://myaeon2go.com/product/6245/coconut-cream
https://myaeon2go.com/products/category/6528959/grocery/pages/1-52,Grocery,Knorr Ikan Bilis Seasoning Powder,120 g,RM 5.75,,https://myaeon2go.com/product/18418/ikan-bilis-seasoning-powder
https://myaeon2go.com/products/category/6528959/grocery/pages/1-52,Grocery,Mak Nyonya Perencah Rendang,200 g,RM 5.99,RM 6.62,https://myaeon2go.com/product/2815/perencah-rendang
https://myaeon2go.com/products/category/6528959/grocery/pages/1-52,Grocery,ABC Rice Vermicelli,400 g,RM 3.75,,https://myaeon2go.com/product/46/rice-vermicelli
https://myaeon2go.com/products/category/6528959/grocery/pages/1-52,Grocery,Verde Pure Olive Oil,750 ml,RM 19.99,RM 39.90,https://myaeon2go.com/product/51400/verde-pure-olive-oil-750-ml
https://myaeon2go.com/products/category/6528959/grocery/pages/1-52,Grocery,Maggi Chili Sauce,340 g,RM 4.30,,https://myaeon2go.com/product/2800/chili-sauce
https://myaeon2go.com/products/category/6528959/grocery/pages/1-52,Grocery,Adabi Banana Pancake Mix,400 g,RM 7.99,RM 8.90,https://myaeon2go.com/product/58/banana-pancake-mix
https://myaeon2go.com/products/category/6528959/grocery/pages/1-52,Grocery,Lady's Choice Real Mayonnaise,205 ml,RM 8.80,,https://myaeon2go.com/product/9878/real-mayonnaise
https://myaeon2go.com/products/category/6528959/grocery/pages/1-52,Grocery,Jalen Kicap 325 ml,,RM 4.48 to RM 5.32,,https://myaeon2go.com/product/2722/kicap-manis
https://myaeon2go.com/products/category/6528959/grocery/pages/1-52,Grocery,Knorr Chicken Powder,120 g,RM 5.75,,https://myaeon2go.com/product/5901/chicken-powder
https://myaeon2go.com/products/category/6528959/grocery/pages/1-52,Grocery,Lee Kum Kee Panda Brand Oyster Sauce,255 g,RM 5.80,,https://myaeon2go.com/product/9880/panda-brand-oyster-sauce
https://myaeon2go.com/products/category/6528959/grocery/pages/1-52,Grocery,Kimball Chilli Sauce Pouch,1 kg,RM 6.28,,https://myaeon2go.com/product/2748/chilli-sauce-pouch
https://myaeon2go.com/products/category/6528959/grocery/pages/1-52,Grocery,Gardenia Numee Signature Curry Laksa,4 x 100 g,RM 5.99,,https://myaeon2go.com/product/44123/numee-signature-curry-laksa
https://myaeon2go.com/products/category/6528959/grocery/pages/1-52,Grocery,Glow-san Kentucky Flour,200 g,RM 1.84,,https://myaeon2go.com/product/10851/kentucky-flour
https://myaeon2go.com/products/category/6528959/grocery/pages/1-52,Grocery,McCormick Black Pepper Grinder,28 g,RM 11.59,RM 12.79,https://myaeon2go.com/product/14664/black-pepper-grinder
https://myaeon2go.com/products/category/6528959/grocery/pages/1-52,Grocery,Jalen Kicap Manis,325 ml,RM 4.95,,https://myaeon2go.com/product/2722/kicap-manis
https://myaeon2go.com/products/category/6528959/grocery/pages/1-52,Grocery,McCormick Chili Flakes,29 g,RM 13.90,,https://myaeon2go.com/product/44778/mccormick-chili-flakes-29-g
https://myaeon2go.com/products/category/6528959/grocery/pages/1-52,Grocery,Balducci Dry Pasta,,RM 3.35,,https://myaeon2go.com/product/5251/no.55-spirali
https://myaeon2go.com/products/category/6528959/grocery/pages/1-52,Grocery,Kellogg's School Pack,170 g,RM 11.98,,https://myaeon2go.com/product/5855/school-pack
https://myaeon2go.com/products/category/6528959/grocery/pages/1-52,Grocery,Adabi Canned Rendang Daging,280 g,RM 11.59,RM 12.06,https://myaeon2go.com/product/65/canned-rendang-daging
https://myaeon2go.com/products/category/6528959/grocery/pages/1-52,Grocery,Oriental Pandan Kaya,260 g,RM 9.90,,https://myaeon2go.com/product/34695/pandan-kaya
https://myaeon2go.com/products/category/6528959/grocery/pages/1-52,Grocery,Adabi Pancake Mix,,RM 7.99,RM 8.90,https://myaeon2go.com/product/58/banana-pancake-mix
https://myaeon2go.com/products/category/6528959/grocery/pages/1-52,Grocery,Adabi Canned,,RM 8.99 to RM 18.39,RM 9.86,https://myaeon2go.com/product/60/canned-kurma-ayam
https://myaeon2go.com/products/category/6528959/grocery/pages/1-52,Grocery,Salt Sense Natural Himalayan Pink Rock Salt,1 kg,RM 5.80,,https://myaeon2go.com/product/60404/salt-sense-natural-himalayan-pink-rock-salt-1-kg
https://myaeon2go.com/products/category/6528959/grocery/pages/1-52,Grocery,TC Boy Baked Beans In Tomato Sauce,425 g,RM 3.54,,https://myaeon2go.com/product/10035/baked-beans-in-tomato-sauce
https://myaeon2go.com/products/category/6528959/grocery/pages/1-52,Grocery,Samyang Extreme Hot Chicken Flavor Sauce,200 g,RM 14.39,RM 15.90,https://myaeon2go.com/product/14513/samyang-extremely-hot-chicken-flavor-sauce-200-g
https://myaeon2go.com/products/category/6528959/grocery/pages/1-52,Grocery,Jati Tepung Jagung,400 g,RM 2.05,,https://myaeon2go.com/product/16657/tepung-jagung
https://myaeon2go.com/products/category/6528959/grocery/pages/1-52,Grocery,Quaker Five Black Multigrain,518 g,RM 20.68,,https://myaeon2go.com/product/12057/five-black-multigrain
https://myaeon2go.com/products/category/6528959/grocery/pages/1-52,Grocery,Planta Margarine,240 g,RM 7.55,,https://myaeon2go.com/product/2172/margarine
https://myaeon2go.com/products/category/6528959/grocery/pages/1-52,Grocery,Naco Coconut Cream,200 ml,RM 2.99,RM 3.20,https://myaeon2go.com/product/2151/coconut-cream
https://myaeon2go.com/products/category/6528959/grocery/pages/1-52,Grocery,Sakura Japanese Calrose,1 kg,RM 8.59,RM 9.50,https://myaeon2go.com/product/2653/japanese-calrose
https://myaeon2go.com/products/category/6528959/grocery/pages/1-52,Grocery,Peace Brand Extra King Lychee,565 g,RM 9.37,,https://myaeon2go.com/product/6475/extra-king-lychee
https://myaeon2go.com/products/category/6528959/grocery/pages/1-52,Grocery,Floral Basmathi Rice,5 kg,RM 33.99,RM 38.35,https://myaeon2go.com/product/9969/basmathi-rice
https://myaeon2go.com/products/category/6528959/grocery/pages/1-52,Grocery,Kara Natural Coconut Extract,1 liter,RM 16.59,RM 17.80,https://myaeon2go.com/product/2127/natural-coconut-extract
https://myaeon2go.com/products/category/6528959/grocery/pages/1-52,Grocery,Meriah Bread Crumbs Golden Orange,300 g,RM 5.33,,https://myaeon2go.com/product/2135/bread-crumbs-golden-orange
https://myaeon2go.com/products/category/6528959/grocery/pages/1-52,Grocery,Singsong Gochujang Hot Red Pepper Paste (Less Sodium),500 g,RM 18.99,RM 20.70,https://myaeon2go.com/product/22102/gochujang-hot-red-pepper-paste-%28less-sodium%29
https://myaeon2go.com/products/category/6528959/grocery/pages/1-52,Grocery,Cirio Diced Tomatoes (Polpa),400 g,RM 7.39,,https://myaeon2go.com/product/17269/diced-tomatoes-%28polpa%29
https://myaeon2go.com/products/category/6528959/grocery/pages/1-52,Grocery,Lee Kum Kee Sesame Oil (Pure),410 ml,RM 18.85,,https://myaeon2go.com/product/11824/sesame-oil-%28pure%29
https://myaeon2go.com/products/category/6528959/grocery/pages/1-52,Grocery,ABC Chili Sauce,395 g,RM 5.59,RM 6.89,https://myaeon2go.com/product/45/chili-sauce
https://myaeon2go.com/products/category/6528959/grocery/pages/1-52,Grocery,Alagappa's Suji Flour,300 g,RM 6.93,,https://myaeon2go.com/product/2077/suji-flour
https://myaeon2go.com/products/category/6528959/grocery/pages/1-52,Grocery,Knife Sesame Oil,315 ml,RM 12.39,RM 12.80,https://myaeon2go.com/product/2233/sesame-oil
https://myaeon2go.com/products/category/6528959/grocery/pages/1-52,Grocery,Adabi Perencah Beehoon Goreng,30 g,RM 2.40,,https://myaeon2go.com/product/77/perencah-beehoon-goreng
https://myaeon2go.com/products/category/6528959/grocery/pages/1-52,Grocery,Dragon Super Siam (Thailand) 5%,10 kg,RM 30.99,RM 37.90,https://myaeon2go.com/product/17058/super-siam-%28thailand%29-5%25
https://myaeon2go.com/products/category/6528959/grocery/pages/1-52,Grocery,Adabi Sardin Dalam Sos Tomato Dengan Cili,425 g,RM 10.50,,https://myaeon2go.com/product/86/sardin-dalam-sos-tomato-dengan-cili
https://myaeon2go.com/products/category/6528959/grocery/pages/1-52,Grocery,Alishan Straw Mushroom,425 g,RM 4.74,,https://myaeon2go.com/product/2275/straw-mushroom
https://myaeon2go.com/products/category/6528959/grocery/pages/1-52,Grocery,Maggi Syiok Aglio Olio,89 g,RM 4.60,,https://myaeon2go.com/product/44118/syiok-aglio-olio
https://myaeon2go.com/products/category/6528959/grocery/pages/1-52,Grocery,Love Earth Mushroom Seasoning Powder,150 g,RM 19.95,,https://myaeon2go.com/product/24990/mushroom-seasoning-powder
https://myaeon2go.com/products/category/6528959/grocery/pages/1-52,Grocery,Nestle Honey Stars,300 g,RM 12.85,,https://myaeon2go.com/product/2006/honey-stars
https://myaeon2go.com/products/category/6528959/grocery/pages/1-52,Grocery,St. Dalfour Fruit Spread Jam,,RM 19.15,,https://myaeon2go.com/product/2052/fruit-spread-orange-marmalade-jam
https://myaeon2go.com/products/category/6528959/grocery/pages/1-52,Grocery,Hosen Young Corn Spear,425 g,RM 5.81,,https://myaeon2go.com/product/14980/young-corn-spear
https://myaeon2go.com/products/category/6528959/grocery/pages/1-52,Grocery,Alzara Blended Ghee,400 g,RM 13.27,,https://myaeon2go.com/product/16855/blended-ghee
https://myaeon2go.com/products/category/6528959/grocery/pages/1-52,Grocery,Gardenia Delicia Chocolate Spread Hazelnut,200 g,RM 12.10,,https://myaeon2go.com/product/1976/delicia-chocolate-spread-hazelnut
https://myaeon2go.com/products/category/6528959/grocery/pages/1-52,Grocery,TOPVALU Canola Oil,3 kg,RM 29.90,,https://myaeon2go.com/product/58303/topvalu-canola-oil-3-kg
https://myaeon2go.com/products/category/6528959/grocery/pages/1-52,Grocery,My Kuali Penang White Curry,4 x 110 g,RM 9.79,RM 11.50,https://myaeon2go.com/product/2484/penang-white-curry
https://myaeon2go.com/products/category/6528959/grocery/pages/1-52,Grocery,Adabi Perencah Mee Goreng,120 g,RM 5.35,,https://myaeon2go.com/product/17957/perencah-mee-goreng
https://myaeon2go.com/products/category/6528959/grocery/pages/1-52,Grocery,Hosen Sweet Corn (Whole Kernel Corn),340 g,RM 4.99,,https://myaeon2go.com/product/9979/sweet-corn-%28whole-kernel-corn%29
https://myaeon2go.com/products/category/6528959/grocery/pages/1-52,Grocery,Prego Buddies Dry Pasta Animals,200 g,RM 3.00,,https://myaeon2go.com/product/2528/buddies-dry-pasta-animals
https://myaeon2go.com/products/category/6528959/grocery/pages/1-52,Grocery,Kimono Premium Calrose Rice,5 kg,RM 30.99,RM 33.40,https://myaeon2go.com/product/9989/premium-calrose-rice
https://myaeon2go.com/products/category/6528959/grocery/pages/1-52,Grocery,TC Boy Sardines In Tomato Sauce,155 g,RM 3.96,,https://myaeon2go.com/product/10037/sardines-in-tomato-sauce
https://myaeon2go.com/products/category/6528959/grocery/pages/1-52,Grocery,Life Black Pepper Sauce,500 g,RM 7.02,,https://myaeon2go.com/product/18120/black-pepper-sauce
https://myaeon2go.com/products/category/6528959/grocery/pages/1-52,Grocery,Kewpie Mayonnaise Mild Type,310 ml,RM 11.00,,https://myaeon2go.com/product/5863/mayonnaise-mild-type
https://myaeon2go.com/products/category/6528959/grocery/pages/1-52,Grocery,Bird Of Paradise Super Import Thai 5%,10 kg,RM 46.99,RM 48.90,https://myaeon2go.com/product/2586/super-import-thai-5%25
https://myaeon2go.com/products/category/6528959/grocery/pages/1-52,Grocery,Prego Buddies Dry Pasta,,RM 3.00,,https://myaeon2go.com/product/2528/buddies-dry-pasta-animals
https://myaeon2go.com/products/category/6528959/grocery/pages/1-52,Grocery,St. Dalfour Fruit Spread Strawberry Jam,284 g,RM 19.15,,https://myaeon2go.com/product/6780/fruit-spread-strawberry-jam
https://myaeon2go.com/products/category/6528959/grocery/pages/1-52,Grocery,Jalen Kicap 650 ml,,RM 8.43 to RM 8.77,,https://myaeon2go.com/product/2726/kicap-manis
https://myaeon2go.com/products/category/6528959/grocery/pages/1-52,Grocery,Eva Honey,1 kg,RM 19.90,,https://myaeon2go.com/product/34345/honey
https://myaeon2go.com/products/category/6528959/grocery/pages/1-52,Grocery,Maggi 2 Minute Tom Yam,5+1 x 83 g,RM 6.20,,https://myaeon2go.com/product/15537/2-minute-tom-yam
https://myaeon2go.com/products/category/6528959/grocery/pages/1-52,Grocery,Tean's Gourmet Crispy Garlic Chilli,320 g,RM 12.99,RM 14.99,https://myaeon2go.com/product/61457/tean%27s-gourmet-crispy-garlic-chilli-320-g
https://myaeon2go.com/products/category/6528959/grocery/pages/1-52,Grocery,Jalen Kicap Lemak Manis,650 ml,RM 8.77,,https://myaeon2go.com/product/2729/kicap-lemak-manis
https://myaeon2go.com/products/category/6528959/grocery/pages/1-52,Grocery,Ibumie Penang Har Mee,5 x 85 g,RM 6.86,,https://myaeon2go.com/product/10832/penang-har-mee
https://myaeon2go.com/products/category/6528959/grocery/pages/1-52,Grocery,Nona Crystal Jelly Rasberry,90 g,RM 2.97,,https://myaeon2go.com/product/5050/crystal-jelly-rasberry
https://myaeon2go.com/products/category/6528959/grocery/pages/1-52,Grocery,Aji-Shio Pepper 45 g,,RM 5.20 to RM 5.35,,https://myaeon2go.com/product/2902/black-pepper
https://myaeon2go.com/products/category/6528959/grocery/pages/1-52,Grocery,Singlong White Pepper Powder,80 g,RM 9.63,,https://myaeon2go.com/product/18482/white-pepper-powder
https://myaeon2go.com/products/category/6528959/grocery/pages/1-52,Grocery,TOPVALU Instant Oatmeal,1 kg,RM 8.40,,https://myaeon2go.com/product/8743/instant-oatmeal
https://myaeon2go.com/products/category/6528959/grocery/pages/1-52,Grocery,Orchid Brand Selected Soy Sauce (First Draw),750 ml,RM 16.70,,https://myaeon2go.com/product/13828/premium-soya-sauce
https://myaeon2go.com/products/category/6528959/grocery/pages/1-52,Grocery,Balducci No.55 Spirali,400 g,RM 3.35,,https://myaeon2go.com/product/5251/no.55-spirali
https://myaeon2go.com/products/category/6528959/grocery/pages/1-52,Grocery,Po-Po Light Soya Sauce,720 ml,RM 11.13,,https://myaeon2go.com/product/2846/light-soya-sauce
https://myaeon2go.com/products/category/6528959/grocery/pages/1-52,Grocery,TOPVALU Ground Cumin,25 g,RM 3.00,,https://myaeon2go.com/product/41827/ground-cumin
https://myaeon2go.com/products/category/6528959/grocery/pages/1-52,Grocery,Aji-Shio Black Pepper,45 g,RM 5.20,,https://myaeon2go.com/product/2902/black-pepper
https://myaeon2go.com/products/category/6528959/grocery/pages/1-52,Grocery,CED Peanut Butter Creamy,500 g,RM 15.80,,https://myaeon2go.com/product/5352/peanut-butter-creamy
https://myaeon2go.com/products/category/6528959/grocery/pages/1-52,Grocery,Chivers English Orange Marmalade Jam,340 g,RM 13.85,,https://myaeon2go.com/product/5374/english-orange-marmalade-jam
https://myaeon2go.com/products/category/6528959/grocery/pages/1-52,Grocery,McCormick Paprika Ground,40 g,RM 10.90,,https://myaeon2go.com/product/41792/paprika-ground
https://myaeon2go.com/products/category/6528959/grocery/pages/1-52,Grocery,Ajinomoto Monosodium MSG,100 g,RM 3.52,,https://myaeon2go.com/product/2897/monosodium-msg
https://myaeon2go.com/products/category/6528959/grocery/pages/1-52,Grocery,Tiparos Fish Sauce,300 ml,RM 5.54,,https://myaeon2go.com/product/2882/fish-sauce
https://myaeon2go.com/products/category/6528959/grocery/pages/1-52,Grocery,TOPVALU Peanut Butter Crunchy,500 g,RM 13.90,,https://myaeon2go.com/product/47998/topvalu-peanut-butter-crunchy-500-g
https://myaeon2go.com/products/category/6528959/grocery/pages/1-52,Grocery,Prego Carbonara Mushroom,350 g,RM 9.33,,https://myaeon2go.com/product/2856/carbonara-mushroom
https://myaeon2go.com/products/category/6528959/grocery/pages/1-52,Grocery,Kimball Tomato Sauce,485 g,RM 5.44,,https://myaeon2go.com/product/18640/tomato-sauce
https://myaeon2go.com/products/category/6528959/grocery/pages/1-52,Grocery,TOPVALU Sweet Corn In Brine,420 g,RM 3.90,,https://myaeon2go.com/product/62950/topvalu-sweet-corn-in-brine-420-g
https://myaeon2go.com/products/category/6528959/grocery/pages/1-52,Grocery,Telly Roasted Sesame Mayo,50 ml,RM 1.60,,https://myaeon2go.com/product/10780/roasted-sesame-mayo
https://myaeon2go.com/products/category/6528959/grocery/pages/1-52,Grocery,Lingham's Chili Sauce Extra Hot,358 g,RM 6.60,,https://myaeon2go.com/product/2792/chili-sauce-extra-hot
https://myaeon2go.com/products/category/6528959/grocery/pages/1-52,Grocery,Kimball Tomato Ketchup Pouch,1 kg,RM 6.70,,https://myaeon2go.com/product/2757/tomato-ketchup-pouch
https://myaeon2go.com/products/category/6528959/grocery/pages/1-52,Grocery,Indomie Hot Spicy Chicken,5 x 83 g,RM 4.79,RM 5.79,https://myaeon2go.com/product/49557/indomie-hot-spicy-chicken-5-x-83-g
https://myaeon2go.com/products/category/6528959/grocery/pages/1-52,Grocery,Golden Lion Glutinous Rice Flour,500 g,RM 2.39,RM 3.70,https://myaeon2go.com/product/65939/golden-lion-glutinous-rice-flour-500-g
https://myaeon2go.com/products/category/6528959/grocery/pages/1-52,Grocery,Jasmine Sunbrown Original Brown Rice,2 kg,RM 10.30,,https://myaeon2go.com/product/2622/sunbrown-original-brown-rice
https://myaeon2go.com/products/category/6528959/grocery/pages/1-52,Grocery,Ecobrown's Gold Wholegrain Rice Mix,5 kg,RM 35.90,,https://myaeon2go.com/product/2601/gold-wholegrain-rice-mix
https://myaeon2go.com/products/category/6528959/grocery/pages/1-52,Grocery,Meriah Double Action Baking Powder,40 g,RM 1.41,,https://myaeon2go.com/product/16559/double-action-baking-powder
https://myaeon2go.com/products/category/6528959/grocery/pages/1-52,Grocery,Nongshim Kimchi Ramyun Cup Noodle,70 g,RM 5.00,,https://myaeon2go.com/product/8354/kimchi-ramyun-cup-noodle
https://myaeon2go.com/products/category/6528959/grocery/pages/1-52,Grocery,Saji Sup Bunjut Ayam,20 g,RM 2.50,,https://myaeon2go.com/product/59477/saji-sup-bunjut-ayam-20-g
https://myaeon2go.com/products/category/6528959/grocery/pages/1-52,Grocery,Nature's Own Instant Porridge Sup Tulang,90 g,RM 2.95,,https://myaeon2go.com/product/59411/nature%27s-own-instant-porridge-sup-tulang-90-g
https://myaeon2go.com/products/category/6528959/grocery/pages/1-52,Grocery,San Remo La Pasta Alfredo,120 g,RM 4.38,,https://myaeon2go.com/product/10024/la-pasta-alfredo
https://myaeon2go.com/products/category/6528959/grocery/pages/1-52,Grocery,Adabi Perencah Asam Pedas,70 g,RM 2.50,,https://myaeon2go.com/product/18025/perencah-asam-pedas
https://myaeon2go.com/products/category/6528959/grocery/pages/1-52,Grocery,San Remo Plain Fettucine,500 g,RM 4.79,RM 5.30,https://myaeon2go.com/product/2555/san-remo-fettuccine-no-12500-g
https://myaeon2go.com/products/category/6528959/grocery/pages/1-52,Grocery,Pama Meehoon Soup,5 x 55 g,RM 7.88,,https://myaeon2go.com/product/2523/meehoon-soup
https://myaeon2go.com/products/category/6528959/grocery/pages/1-52,Grocery,Naturel Cooking Oil 2 kg,,RM 22.99,RM 27.58,https://myaeon2go.com/product/2242/pure-sunflower-oil
https://myaeon2go.com/products/category/6528959/grocery/pages/1-52,Grocery,Naturel Cooking Oil 1 kg,,RM 14.59,RM 15.38,https://myaeon2go.com/product/2240/blend-oil
https://myaeon2go.com/products/category/6528959/grocery/pages/1-52,Grocery,Pama Mee Tom Yam,5 x 55 g,RM 7.86,,https://myaeon2go.com/product/2522/mee-tom-yam
https://myaeon2go.com/products/category/6528959/grocery/pages/1-52,Grocery,Daesang Seasoned Bean Paste,1000 g,RM 23.05,,https://myaeon2go.com/product/13519/seasoned-bean-paste
https://myaeon2go.com/products/category/6528959/grocery/pages/1-52,Grocery,Pama Instant Kua Tew,5 x 55 g,RM 7.65,,https://myaeon2go.com/product/2520/instant-kua-tew
https://myaeon2go.com/products/category/6528959/grocery/pages/1-52,Grocery,Knorr Cup Mashed Potato Mushroom,26 g,RM 4.63,,https://myaeon2go.com/product/15118/cup-mashed-potato-mushroom
https://myaeon2go.com/products/category/6528959/grocery/pages/1-52,Grocery,Ayam Brand Kerisik Kelapa,40 g,RM 1.34,,https://myaeon2go.com/product/26001/kerisik-kelapa
https://myaeon2go.com/products/category/6528959/grocery/pages/1-52,Grocery,Nissin Instant Bag Sesame Oil,5 x 81 g,RM 9.99,RM 10.05,https://myaeon2go.com/product/2493/instant-bag-sesame-oil
https://myaeon2go.com/products/category/6528959/grocery/pages/1-52,Grocery,Maggi Fried Pedas Giler Bowl,,RM 4.60,,https://myaeon2go.com/product/6069/fried-pedas-giler-tom-yum-bowl
https://myaeon2go.com/products/category/6528959/grocery/pages/1-52,Grocery,Maggi Fried Pedas Giler Ayam Bakar Bowl,93 g,RM 4.60,,https://myaeon2go.com/product/6070/fried-pedas-giler-ayam-bakar-bowl
https://myaeon2go.com/products/category/6528959/grocery/pages/1-52,Grocery,Pama Instant Cup Kua Teow Clear Soup,50 g,RM 3.69,,https://myaeon2go.com/product/16898/instant-cup-kua-teow-clear-soup
https://myaeon2go.com/products/category/6528959/grocery/pages/1-52,Grocery,Mahsuri Kicap Manis Pedas,410 ml,RM 5.99,RM 6.70,https://myaeon2go.com/product/6096/kicap-manis-pedas
https://myaeon2go.com/products/category/6528959/grocery/pages/1-52,Grocery,Lee Kum Kee Kum Light Soy,500 ml,RM 7.99,RM 8.50,https://myaeon2go.com/product/36405/kum-light-soy
https://myaeon2go.com/products/category/6528959/grocery/pages/1-52,Grocery,Nestle Nestum All Family Cereal Original Softpack,220 g,RM 4.80,,https://myaeon2go.com/product/2019/nestum-all-family-cereal-original-softpack
https://myaeon2go.com/products/category/6528959/grocery/pages/1-52,Grocery,Quaker 3 In 1 Cereal Berry Burst,15 x 30 g,RM 11.44,,https://myaeon2go.com/product/2025/3-in-1-cereal-berry-burst
https://myaeon2go.com/products/category/6528959/grocery/pages/1-52,Grocery,Mr. Korea Vermicelli,500 g,RM 12.15,,https://myaeon2go.com/product/6212/vermicelli
https://myaeon2go.com/products/category/6528959/grocery/pages/1-52,Grocery,Radiant Whole Food Oat Rolled Organic,500 g,RM 8.99,RM 10.10,https://myaeon2go.com/product/2039/oat-rolled-organic
https://myaeon2go.com/products/category/6528959/grocery/pages/1-52,Grocery,Naturel Blend Oil,2 kg,RM 22.99,RM 27.58,https://myaeon2go.com/product/6251/blend-oil
https://myaeon2go.com/products/category/6528959/grocery/pages/1-52,Grocery,Adabi Perencah Tom Yam,40 g,RM 2.40,,https://myaeon2go.com/product/79/perencah-tom-yam
https://myaeon2go.com/products/category/6528959/grocery/pages/1-52,Grocery,Saji Cooking Oil,1 kg,RM 6.90,,https://myaeon2go.com/product/2260/cooking-oil
https://myaeon2go.com/products/category/6528959/grocery/pages/1-52,Grocery,Naturel Blend Oil,1 kg,RM 14.59,RM 15.38,https://myaeon2go.com/product/2240/blend-oil
https://myaeon2go.com/products/category/6528959/grocery/pages/1-52,Grocery,ABC Sweet Special Sauce,620 ml,RM 14.45,,https://myaeon2go.com/product/48/sweet-special-sauce
https://myaeon2go.com/products/category/6528959/grocery/pages/1-52,Grocery,ABC Sweet Special Sauce,320 ml,RM 6.39,RM 7.50,https://myaeon2go.com/product/47/sweet-special-sauce
https://myaeon2go.com/products/category/6528959/grocery/pages/1-52,Grocery,Printana Baby Gherkin,340 g,RM 11.22,,https://myaeon2go.com/product/17437/printana-baby-gherkin-340-g
https://myaeon2go.com/products/category/6528959/grocery/pages/1-52,Grocery,Pama Instant Cup Mee Shrimp Tom Yam,60 g,RM 3.69,,https://myaeon2go.com/product/17131/instant-cup-mee-shrimp-tom-yam
https://myaeon2go.com/products/category/6528959/grocery/pages/1-52,Grocery,Wonder's Dark Chocolate Chip,300 g,RM 12.79,,https://myaeon2go.com/product/17409/dark-chocolate-chip
https://myaeon2go.com/products/category/6528959/grocery/pages/1-52,Grocery,Barilla Arrabbiata Pasta Sauce,400 g,RM 12.99,RM 17.93,https://myaeon2go.com/product/11846/arrabbiata-pasta-sauce
https://myaeon2go.com/products/category/6528959/grocery/pages/1-52,Grocery,Windmill Corn Starch,350 g,RM 6.81,,https://myaeon2go.com/product/2200/corn-starch
https://myaeon2go.com/products/category/6528959/grocery/pages/1-52,Grocery,Rasaku Coconut Milk,200 ml,RM 3.35,,https://myaeon2go.com/product/2183/coconut-milk
https://myaeon2go.com/products/category/6528959/grocery/pages/1-52,Grocery,Mazola Canola Oil,1 kg,RM 16.16,,https://myaeon2go.com/product/12047/canola-oil
https://myaeon2go.com/products/category/6528959/grocery/pages/1-52,Grocery,Alagappa's Papadam,100 g,RM 2.35,,https://myaeon2go.com/product/17390/papadam
https://myaeon2go.com/products/category/6528959/grocery/pages/1-52,Grocery,Yeo's Chicken Rendang With Potato,280 g,RM 8.99,,https://myaeon2go.com/product/17446/chicken-rendang-with-potato
https://myaeon2go.com/products/category/6528959/grocery/pages/1-52,Grocery,Kewpie Sachet,,RM 1.45,,https://myaeon2go.com/product/1860/roasted-sesame-yuzu-taste-sachet
https://myaeon2go.com/products/category/6528959/grocery/pages/1-52,Grocery,Prego Mushroom Carbonara Mac Instant Pasta Bowl,71 g,RM 5.39,RM 5.80,https://myaeon2go.com/product/44037/mushroom-carbonara-mac-instant-pasta-bowl
https://myaeon2go.com/products/category/6528959/grocery/pages/1-52,Grocery,Adabi Serbuk Kunyit,30 g,RM 1.42,,https://myaeon2go.com/product/90/serbuk-kunyit
https://myaeon2go.com/products/category/6528959/grocery/pages/1-52,Grocery,Adabi Serbuk Nasi Goreng Ayam,17 g,RM 1.24,,https://myaeon2go.com/product/95/serbuk-nasi-goreng-ayam
https://myaeon2go.com/products/category/6528959/grocery/pages/1-52,Grocery,Knorr Pasti Sedap All In One Seasoning,300 g,RM 5.79,RM 6.55,https://myaeon2go.com/product/9788/pasti-sedap-all-in-one-seasoning
https://myaeon2go.com/products/category/6528959/grocery/pages/1-52,Grocery,Quaker Oatmeal Pouch 1 kg,,RM 11.95,,https://myaeon2go.com/product/2027/quick-cook-oatmeal-pouch
https://myaeon2go.com/products/category/6528959/grocery/pages/1-52,Grocery,Adabi Sardin Dalam Sos Tomato Dengan Cili,155 g,RM 5.53,,https://myaeon2go.com/product/9949/sardin-dalam-sos-tomato-dengan-cili
https://myaeon2go.com/products/category/6528959/grocery/pages/1-52,Grocery,Bestari Corn Starch,350 g,RM 2.41,,https://myaeon2go.com/product/9954/bestari-corn-starch-350-g
https://myaeon2go.com/products/category/6528959/grocery/pages/1-52,Grocery,Jobbie Pure Chunky Pure Peanut Butter,380 g,RM 19.49,RM 20.90,https://myaeon2go.com/product/16736/pure-chunky-pure-peanut-butter
https://myaeon2go.com/products/category/6528959/grocery/pages/1-52,Grocery,Pama Instant Cup Kua Teow Tom Yam,55 g,RM 3.69,,https://myaeon2go.com/product/16734/instant-cup-kua-teow-tom-yam
https://myaeon2go.com/products/category/6528959/grocery/pages/1-52,Grocery,Nestle Nestum All Family Cereal Honey Softpack,450 g,RM 7.99,RM 8.88,https://myaeon2go.com/product/9036/nestum-all-family-cereal-honey-softpack
https://myaeon2go.com/products/category/6528959/grocery/pages/1-52,Grocery,Nature's Own 3 Minutes Instant Mushroom Porridge,40 g,RM 2.70,,https://myaeon2go.com/product/10015/3-minutes-instant-mushroom-porridge
https://myaeon2go.com/products/category/6528959/grocery/pages/1-52,Grocery,A1 Soup Spices,,RM 10.03,,https://myaeon2go.com/product/43/chicken-soup-spices
https://myaeon2go.com/products/category/6528959/grocery/pages/1-52,Grocery,Hanamaruki Soybean Paste (Dashi Iri Miso),500 g,RM 18.97,,https://myaeon2go.com/product/21340/soybean-paste-%28dashi-iri-miso%29
https://myaeon2go.com/products/category/6528959/grocery/pages/1-52,Grocery,McCormick Black Pepper Ground,39 g,RM 14.90,,https://myaeon2go.com/product/44785/mccormick-black-pepper-ground-39-g
https://myaeon2go.com/products/category/6528959/grocery/pages/1-52,Grocery,Mamee Chef Sarawak Laksa,4 x 90 g,RM 4.90,RM 6.79,https://myaeon2go.com/product/42467/chef-sarawak-laksa
https://myaeon2go.com/products/category/6528959/grocery/pages/1-52,Grocery,Amazin' Graze Granola - Blueberry Goji Coconut,250 g,RM 17.99,RM 21.20,https://myaeon2go.com/product/13646/granola---blueberry-goji-coconut
https://myaeon2go.com/products/category/6528959/grocery/pages/1-52,Grocery,Mahsuri Kicap Manis,410 ml,RM 5.99,RM 6.70,https://myaeon2go.com/product/7087/kicap-manis
https://myaeon2go.com/products/category/6528959/grocery/pages/1-52,Grocery,Adabi Perencah Bihun Goreng,120 g,RM 5.35,,https://myaeon2go.com/product/18487/perencah-bihun-goreng
https://myaeon2go.com/products/category/6528959/grocery/pages/1-52,Grocery,Adabi Sos Korea Pedas,340 g,RM 11.87,,https://myaeon2go.com/product/5156/sos-korea-pedas
https://myaeon2go.com/products/category/6528959/grocery/pages/1-52,Grocery,Alishan Pickled Lettuce,170 g,RM 2.97,,https://myaeon2go.com/product/5179/pickled-lettuce
https://myaeon2go.com/products/category/6528959/grocery/pages/1-52,Grocery,Yogood Crisp & Crunch Choc Chip Cookies & Nut,280 g,RM 13.85,,https://myaeon2go.com/product/7046/yogood-crispy-crunch-choc-chip-cookies-nut-280-g
https://myaeon2go.com/products/category/6528959/grocery/pages/1-52,Grocery,Yakin Sedap Arabiatta Spaghetti Sauce,350 g,RM 5.26,,https://myaeon2go.com/product/7027/sedap-arabiatta-spaghetti-sauce
https://myaeon2go.com/products/category/6528959/grocery/pages/1-52,Grocery,Tumix Chicken Stock,330 g,RM 7.00,,https://myaeon2go.com/product/2998/chicken-stock
https://myaeon2go.com/products/category/6528959/grocery/pages/1-52,Grocery,TOPVALU Green Bean Vermicelli,200 g,RM 6.50,,https://myaeon2go.com/product/30703/green-bean-vermicelli
https://myaeon2go.com/products/category/6528959/grocery/pages/1-52,Grocery,TOPVALU Cajun Spices,20 g,RM 3.00,,https://myaeon2go.com/product/41838/cajun-spices
https://myaeon2go.com/products/category/6528959/grocery/pages/1-52,Grocery,Maggi Cukup Rasa All In One Seasoning,25 g,RM 1.00,,https://myaeon2go.com/product/2939/cukup-rasa-all-in-one-seasoning
https://myaeon2go.com/products/category/6528959/grocery/pages/1-52,Grocery,TOPVALU Oregano Leaves,18 g,RM 3.00,,https://myaeon2go.com/product/41831/oregano-leaves
https://myaeon2go.com/products/category/6528959/grocery/pages/1-52,Grocery,Tabasco Pepper Sauce,60 ml,RM 9.94,,https://myaeon2go.com/product/2868/pepper-sauce
https://myaeon2go.com/products/category/6528959/grocery/pages/1-52,Grocery,Sante Granola White Chocolate And Strawberry,350 g,RM 11.99,RM 13.80,https://myaeon2go.com/product/63072/sante-granola-white-chocolate-and-strawberry-350-g
https://myaeon2go.com/products/category/6528959/grocery/pages/1-52,Grocery,Mak Nyonya Instant Chicken Rice Sauce,200 g,RM 8.99,RM 9.62,https://myaeon2go.com/product/2817/instant-chicken-rice-sauce
https://myaeon2go.com/products/category/6528959/grocery/pages/1-52,Grocery,Mak Nyonya Portuguese Steamed Fish,200 g,RM 5.99,RM 6.62,https://myaeon2go.com/product/2816/portuguese-steamed-fish
https://myaeon2go.com/products/category/6528959/grocery/pages/1-52,Grocery,Baker's Choice Cakes & Cookies Flour,1 kg,RM 3.75,,https://myaeon2go.com/product/62246/baker%27s-choice-cakes-&-cookies-flour-1-kg
https://myaeon2go.com/products/category/6528959/grocery/pages/1-52,Grocery,Telly Mayo All Purpose Dressing,50 ml,RM 1.20,,https://myaeon2go.com/product/10779/mayo-all-purpose-dressing
https://myaeon2go.com/products/category/6528959/grocery/pages/1-52,Grocery,Kewpie Caesar Sachet,25 ml,RM 1.45,,https://myaeon2go.com/product/22680/caesar-sachet
https://myaeon2go.com/products/category/6528959/grocery/pages/1-52,Grocery,TOPVALU Rice Vermicelli (L),400 g,RM 2.90,,https://myaeon2go.com/product/61884/topvalu-rice-vermicelli-%2528l%2529-400-g
https://myaeon2go.com/products/category/6528959/grocery/pages/1-52,Grocery,Jalen Kicap Lemak Manis,325 ml,RM 5.32,,https://myaeon2go.com/product/2725/kicap-lemak-manis
https://myaeon2go.com/products/category/6528959/grocery/pages/1-52,Grocery,Heinz Apple Cider Vinegar,946 ml,RM 22.99,RM 25.60,https://myaeon2go.com/product/2695/heinz-apple-vinegar-946-ml
https://myaeon2go.com/products/category/6528959/grocery/pages/1-52,Grocery,Cap Dua Ikan Parang Keropok Ikan Terengganu,500 g,RM 14.90,,https://myaeon2go.com/product/33598/keropok-ikan-terengganu
https://myaeon2go.com/products/category/6528959/grocery/pages/1-52,Grocery,Harmuni Cream Santan,5 x 200 ml,RM 21.14,,https://myaeon2go.com/product/5737/cream-santan
https://myaeon2go.com/products/category/6528959/grocery/pages/1-52,Grocery,Thai King Super Siam (Thailand) 5%,10 kg,RM 33.39,RM 36.60,https://myaeon2go.com/product/2664/super-siam-%28thailand%29-5%25
https://myaeon2go.com/products/category/6528959/grocery/pages/1-52,Grocery,Songhe AAA Thai Fragrant Rice,1 kg,RM 7.90,,https://myaeon2go.com/product/2655/aaa-thai-fragrant-rice
https://myaeon2go.com/products/category/6528959/grocery/pages/1-52,Grocery,Naga Mutiara Super Wangi AAA (Thai) 5%,5 kg,RM 29.99,RM 34.70,https://myaeon2go.com/product/2597/super-wangi-aaa-%28thai%29-5%25
https://myaeon2go.com/products/category/6528959/grocery/pages/1-52,Grocery,Pinnacle Mauri Pan Instant Yeast,5 X 11 g,RM 4.17,,https://myaeon2go.com/product/8370/mauri-pan-instant-yeast
https://myaeon2go.com/products/category/6528959/grocery/pages/1-52,Grocery,Pawada Corned Beef,150 g,RM 12.40,,https://myaeon2go.com/product/15355/corned-beef
https://myaeon2go.com/products/category/6528959/grocery/pages/1-52,Grocery,Mamee Cup Noodle-Curry,60 g,RM 2.10,,https://myaeon2go.com/product/15260/cup-noodle-curry
https://myaeon2go.com/products/category/6528959/grocery/pages/1-52,Grocery,TOPVALU Refined Palm Olein Cooking Oil,3 kg,RM 18.90,,https://myaeon2go.com/product/39586/refined-palm-olein-cooking-oil
https://myaeon2go.com/products/category/6528959/grocery/pages/1-52,Grocery,Knorr Tom Yam Cube,6 Cubes,RM 3.60,,https://myaeon2go.com/product/5912/tom-yam-cube
https://myaeon2go.com/products/category/6528959/grocery/pages/1-52,Grocery,Singlong Hainanese Chicken Rice Mix,180 g,RM 10.44,,https://myaeon2go.com/product/6718/hainanese-chicken-rice-mix
https://myaeon2go.com/products/category/6528959/grocery/pages/1-52,Grocery,Mamee Chef Spicy Chicken Shiitake,4 x 78 g,RM 4.90,RM 6.79,https://myaeon2go.com/product/2467/chef-spicy-chicken-shiitake
https://myaeon2go.com/products/category/6528959/grocery/pages/1-52,Grocery,Samyang Hot Chicken Cheese Ramen Bowl,105 g,RM 6.79,RM 7.84,https://myaeon2go.com/product/6661/hot-chicken-cheese-ramen-bowl
https://myaeon2go.com/products/category/6528959/grocery/pages/1-52,Grocery,Nature's Own Instant Brown Rice Cereal with Spirulina Less Sugar,10 x 35 g,RM 11.40,,https://myaeon2go.com/product/1993/instant-brown-rice-cereal-with-spirulina-less-sugar
https://myaeon2go.com/products/category/6528959/grocery/pages/1-52,Grocery,Nestle Gold Cornflakes Cereal,275 g,RM 8.50,,https://myaeon2go.com/product/1995/gold-cornflakes-cereal
https://myaeon2go.com/products/category/6528959/grocery/pages/1-52,Grocery,Nestle Honey Stars,150 g,RM 7.30,,https://myaeon2go.com/product/2005/honey-stars
https://myaeon2go.com/products/category/6528959/grocery/pages/1-52,Grocery,Mamee Cup Noodle Tom Yam,60 g,RM 2.10,,https://myaeon2go.com/product/6117/cup-noodle-tom-yam
https://myaeon2go.com/products/category/6528959/grocery/pages/1-52,Grocery,Adabi Cili Giling,400 g,RM 6.50,,https://myaeon2go.com/product/52360/adabi-cili-giling-400-g
https://myaeon2go.com/products/category/6528959/grocery/pages/1-52,Grocery,Quaker Instant Oatmeal Pouch,1 kg,RM 11.95,,https://myaeon2go.com/product/2028/instant-oatmeal-pouch
https://myaeon2go.com/products/category/6528959/grocery/pages/1-52,Grocery,Medella Premium Coconut Cooking Oil,1.9 liter,RM 40.15,,https://myaeon2go.com/product/6172/premium-coconut-cooking-oil
https://myaeon2go.com/products/category/6528959/grocery/pages/1-52,Grocery,Quaker Q-Vital In Original,14 x 28 g,RM 11.44,,https://myaeon2go.com/product/2033/quaker-q-vital-in-original-14-x-28-g
https://myaeon2go.com/products/category/6528959/grocery/pages/1-52,Grocery,Mi Sedaap Cup Noodle Soto,77 g,RM 2.67,,https://myaeon2go.com/product/6181/cup-noodle-soto
https://myaeon2go.com/products/category/6528959/grocery/pages/1-52,Grocery,Marina Sardines In Tomato Sauce Jitney,155 g,RM 3.79,,https://myaeon2go.com/product/2363/sardines-in-tomato-sauce-jitney
https://myaeon2go.com/products/category/6528959/grocery/pages/1-52,Grocery,TOPVALU Baked Beans In Tomato Sauce,425 g,RM 4.30,,https://myaeon2go.com/product/56955/topvalu-baked-beans-in-tomato-sauce-425-g
https://myaeon2go.com/products/category/6528959/grocery/pages/1-52,Grocery,Hosen Pineapple Cubes,565 g,RM 8.25,,https://myaeon2go.com/product/2348/pineapple-cubes
https://myaeon2go.com/products/category/6528959/grocery/pages/1-52,Grocery,Cap Lili Wheat Flour,850 g,RM 2.50,,https://myaeon2go.com/product/14771/wheat-flour
https://myaeon2go.com/products/category/6528959/grocery/pages/1-52,Grocery,Lee Shun Hing Vegetarian Oyster Sauce,765 g,RM 6.99,RM 8.00,https://myaeon2go.com/product/11639/vegetarian-oyster-sauce
https://myaeon2go.com/products/category/6528959/grocery/pages/1-52,Grocery,FG Food Garlic Chili Oil Authentic,200 g,RM 19.99,RM 21.90,https://myaeon2go.com/product/56141/fg-food-garlic-chili-oil-authentic-200-g
https://myaeon2go.com/products/category/6528959/grocery/pages/1-52,Grocery,Lingam's Atta Flour,1 kg,RM 7.25,,https://myaeon2go.com/product/55852/lingam%27s-atta-flour-1-kg
https://myaeon2go.com/products/category/6528959/grocery/pages/1-52,Grocery,Kewpie Black Vinegar Onion Dressin,210 ml,RM 7.99,RM 9.40,https://myaeon2go.com/product/14634/black-vinegar-onion-dressin
https://myaeon2go.com/products/category/6528959/grocery/pages/1-52,Grocery,TOPVALU Extra Virgin Olive Oil Glass,250 ml,RM 12.90,,https://myaeon2go.com/product/55846/topvalu-extra-virgin-olive-oil-glass-250-ml
https://myaeon2go.com/products/category/6528959/grocery/pages/1-52,Grocery,Masterfoods Mixed Herbs,10 g,RM 6.99,RM 9.07,https://myaeon2go.com/product/11762/mixed-herbs
https://myaeon2go.com/products/category/6528959/grocery/pages/1-52,Grocery,Yakin Sedap Spaghetti Sauce,,RM 5.26,,https://myaeon2go.com/product/7027/sedap-arabiatta-spaghetti-sauce
https://myaeon2go.com/products/category/6528959/grocery/pages/1-52,Grocery,Yogood Crunchy Muesli,,RM 13.85,,https://myaeon2go.com/product/7046/yogood-crispy-crunch-choc-chip-cookies-nut-280-g
https://myaeon2go.com/products/category/6528959/grocery/pages/1-52,Grocery,Nongshim Shin Ramyun Cup,75 g,RM 5.50,,https://myaeon2go.com/product/6409/shin-ramyun-cup
https://myaeon2go.com/products/category/6528959/grocery/pages/1-52,Grocery,Planta Margarine,480 g,RM 12.00,,https://myaeon2go.com/product/6493/margarine
https://myaeon2go.com/products/category/6528959/grocery/pages/1-52,Grocery,Sri Nona Oyster Sauce (Promo Pack),510 g,RM 6.00,,https://myaeon2go.com/product/11883/oyster-sauce-%28promo-pack%29
https://myaeon2go.com/products/category/6528959/grocery/pages/1-52,Grocery,Naturel Extra Virgin Olive Oil,500 ml,RM 28.99,RM 37.50,https://myaeon2go.com/product/11962/extra-virgin-olive-oil
https://myaeon2go.com/products/category/6528959/grocery/pages/1-52,Grocery,Kewpie Chilli Mayo,310 ml,RM 10.85,,https://myaeon2go.com/product/11914/chilli-mayo
https://myaeon2go.com/products/category/6528959/grocery/pages/1-52,Grocery,Helang Bihun,500 g,RM 7.99,RM 9.55,https://myaeon2go.com/product/11898/bihun
https://myaeon2go.com/products/category/6528959/grocery/pages/1-52,Grocery,Jobbie Classic Chunky Peanut Butter,380 g,RM 18.49,RM 19.90,https://myaeon2go.com/product/17181/classic-chunky-peanut-butter
https://myaeon2go.com/products/category/6528959/grocery/pages/1-52,Grocery,Vecorn Corn Oil,3 kg,RM 34.99,RM 41.35,https://myaeon2go.com/product/14442/corn-oil
https://myaeon2go.com/products/category/6528959/grocery/pages/1-52,Grocery,Singlong Black Pepper Coarse,70 g,RM 9.35,,https://myaeon2go.com/product/20534/black-pepper-coarse
https://myaeon2go.com/products/category/6528959/grocery/pages/1-52,Grocery,Seri-Aji Rempah Gorengan Serbaguna,72 g,RM 3.95,,https://myaeon2go.com/product/11815/rempah-gorengan-serbaguna
https://myaeon2go.com/products/category/6528959/grocery/pages/1-52,Grocery,Wonder's Sugar Free Dark Chocolate Chip,200 g,RM 9.90,,https://myaeon2go.com/product/17430/sugar-free-dark-chocolate-chip
https://myaeon2go.com/products/category/6528959/grocery/pages/1-52,Grocery,Colavita Extra Virgin Olive Oil,250 ml,RM 21.99,RM 24.93,https://myaeon2go.com/product/2215/extra-virgin-olive-oil
https://myaeon2go.com/products/category/6528959/grocery/pages/1-52,Grocery,A1 Instant Sauce Chicken Curry,200 g,RM 6.23,,https://myaeon2go.com/product/38/instant-sauce-chicken-curry
https://myaeon2go.com/products/category/6528959/grocery/pages/1-52,Grocery,Naturel Extra Light Olive Oil,750 ml,RM 36.99,RM 54.50,https://myaeon2go.com/product/12035/extra-light-olive-oil
https://myaeon2go.com/products/category/6528959/grocery/pages/1-52,Grocery,A1 Emperor Chicken Herbs Spices,20 g,RM 10.03,,https://myaeon2go.com/product/44/emperor-chicken-herbs-spices
https://myaeon2go.com/products/category/6528959/grocery/pages/1-52,Grocery,Prego Mushroom Sauce,350 g,RM 8.33,,https://myaeon2go.com/product/6518/mushroom-sauce
https://myaeon2go.com/products/category/6528959/grocery/pages/1-52,Grocery,Green Love Rice Bran Oil,3 liter,RM 39.99,RM 45.00,https://myaeon2go.com/product/2226/rice-bran-oil
https://myaeon2go.com/products/category/6528959/grocery/pages/1-52,Grocery,McCormick Air Fryer Soy Garlic Marinade Mix,45 g,RM 5.90,,https://myaeon2go.com/product/53227/mccormick-air-fryer-soy-garlic-marinade-mix-45-g
https://myaeon2go.com/products/category/6528959/grocery/pages/1-52,Grocery,Naturel Canola Oil,1 kg,RM 14.59,RM 15.33,https://myaeon2go.com/product/2241/canola-oil
https://myaeon2go.com/products/category/6528959/grocery/pages/1-52,Grocery,FG Food Garlic Chili Oil Spicy,200 g,RM 19.99,RM 21.90,https://myaeon2go.com/product/56142/fg-food-garlic-chili-oil-spicy-200-g
https://myaeon2go.com/products/category/6528959/grocery/pages/1-52,Grocery,Adabi Serbuk Kari Ikan,24 g,RM 1.40,,https://myaeon2go.com/product/91/serbuk-kari-ikan
https://myaeon2go.com/products/category/6528959/grocery/pages/1-52,Grocery,Nestle Koko Krunch Cereal Bar Multipack,4 x 25 g,RM 10.63,,https://myaeon2go.com/product/6301/koko-krunch-cereal-bar-multipack
https://myaeon2go.com/products/category/6528959/grocery/pages/1-52,Grocery,Ayam Brand Saba Mayonnaise,160 g,RM 7.68,,https://myaeon2go.com/product/2299/saba-mayonnaise
https://myaeon2go.com/products/category/6528959/grocery/pages/1-52,Grocery,Ayam Brand Sweet Corns,425 g,RM 4.02,,https://myaeon2go.com/product/2307/sweet-corns
https://myaeon2go.com/products/category/6528959/grocery/pages/1-52,Grocery,Adabi Tepung Goreng Pisang,250 g,RM 2.99,RM 3.36,https://myaeon2go.com/product/109/tepung-goreng-pisang
https://myaeon2go.com/products/category/6528959/grocery/pages/1-52,Grocery,Adabi Vanilla Pancake Mix,400 g,RM 7.99,RM 8.90,https://myaeon2go.com/product/111/vanilla-pancake-mix
https://myaeon2go.com/products/category/6528959/grocery/pages/1-52,Grocery,Kellogg's Dark Chocolate Granola,220 g,RM 23.50,,https://myaeon2go.com/product/24963/dark-chocolate-granola
https://myaeon2go.com/products/category/6528959/grocery/pages/1-52,Grocery,Quaker Five Red Multigrain,480 g,RM 21.90,,https://myaeon2go.com/product/24967/five-red-multigrain
https://myaeon2go.com/products/category/6528959/grocery/pages/1-52,Grocery,Delfi Choco Spread,,RM 16.99,RM 17.55,https://myaeon2go.com/product/1969/choco-spread-choco-hazelnut
https://myaeon2go.com/products/category/6528959/grocery/pages/1-52,Grocery,Daebak Rabokki Cup,73 g,RM 3.90,,https://myaeon2go.com/product/44154/daebak-rabokki-cup-73-g
https://myaeon2go.com/products/category/6528959/grocery/pages/1-52,Grocery,Carman's Dark Chocolate & Cranberry Protein Bars,200 g,RM 26.65,,https://myaeon2go.com/product/36733/dark-chocolate-&-cranberry-protein-bars
https://myaeon2go.com/products/category/6528959/grocery/pages/1-52,Grocery,Cirio Red Kidney,380 g,RM 6.25,,https://myaeon2go.com/product/16918/red-kidney
https://myaeon2go.com/products/category/6528959/grocery/pages/1-52,Grocery,Cheffaro Sambal Petai Paste,200 g,RM 5.84,,https://myaeon2go.com/product/9872/sambal-petai-paste
https://myaeon2go.com/products/category/6528959/grocery/pages/1-52,Grocery,Heinz Chicken Broth,1 liter,RM 20.45,,https://myaeon2go.com/product/9873/chicken-broth
https://myaeon2go.com/products/category/6528959/grocery/pages/1-52,Grocery,Del Monte Whole Kernel Corn,380 g,RM 4.30,,https://myaeon2go.com/product/16902/whole-kernel-corn
https://myaeon2go.com/products/category/6528959/grocery/pages/1-52,Grocery,ABC Saus Manis,132 ml,RM 3.90,,https://myaeon2go.com/product/57409/abc-saus-manis-132-ml
https://myaeon2go.com/products/category/6528959/grocery/pages/1-52,Grocery,Meriah Kelapa Parut Kering,150 g,RM 3.85,,https://myaeon2go.com/product/14909/kelapa-parut-kering
https://myaeon2go.com/products/category/6528959/grocery/pages/1-52,Grocery,Kellogg's Frosties,300 g,RM 12.99,RM 14.86,https://myaeon2go.com/product/1981/frosties
https://myaeon2go.com/products/category/6528959/grocery/pages/1-52,Grocery,Jati Penang Laksa Rice Noodle,450 g,RM 3.55,,https://myaeon2go.com/product/2437/penang-laksa-rice-noodle
https://myaeon2go.com/products/category/6528959/grocery/pages/1-52,Grocery,Maggi Goreng Pedas Giler Ayam Bakar,5 x 76 g,RM 9.60,,https://myaeon2go.com/product/2459/goreng-pedas-giler-ayam-bakar
https://myaeon2go.com/products/category/6528959/grocery/pages/1-52,Grocery,Mae Pranom Thai Sweet Chili Sauce,980 g,RM 11.68,,https://myaeon2go.com/product/6067/thai-sweet-chili-sauce
https://myaeon2go.com/products/category/6528959/grocery/pages/1-52,Grocery,Swallow Globe Agar-Agar Powder,,RM 4.65,,https://myaeon2go.com/product/2198/agar-agar-powder-red
https://myaeon2go.com/products/category/6528959/grocery/pages/1-52,Grocery,Colavita Olive Oil 250 ml,,RM 20.99 to RM 21.99,RM 24.93,https://myaeon2go.com/product/2215/extra-virgin-olive-oil
https://myaeon2go.com/products/category/6528959/grocery/pages/1-52,Grocery,Delfi Choco Spread Double Hazelnut,350 g,RM 16.99,RM 18.80,https://myaeon2go.com/product/1972/choco-spread-double-hazelnut
https://myaeon2go.com/products/category/6528959/grocery/pages/1-52,Grocery,Cirio Baked Beans,420 g,RM 6.76,,https://myaeon2go.com/product/9965/baked-beans
https://myaeon2go.com/products/category/6528959/grocery/pages/1-52,Grocery,Delfi Choco Spread Choco Hazelnut,350 g,RM 16.99,RM 17.55,https://myaeon2go.com/product/1969/choco-spread-choco-hazelnut
https://myaeon2go.com/products/category/6528959/grocery/pages/1-52,Grocery,Lingham's J.B Worcestershire Sauce,280 ml,RM 9.20,,https://myaeon2go.com/product/14194/j.b-worcestershire-sauce
https://myaeon2go.com/products/category/6528959/grocery/pages/1-52,Grocery,Golden Taste Fried Garlic,100 g,RM 6.28,,https://myaeon2go.com/product/17981/fried-garlic
https://myaeon2go.com/products/category/6528959/grocery/pages/1-52,Grocery,Greatwall Lump Sugar,400 g,RM 4.32,,https://myaeon2go.com/product/18034/lump-sugar
https://myaeon2go.com/products/category/6528959/grocery/pages/1-52,Grocery,Toh's Daily Chili Garlic,200 g,RM 17.99,RM 21.00,https://myaeon2go.com/product/26397/chili-garlic
https://myaeon2go.com/products/category/6528959/grocery/pages/1-52,Grocery,Life Sos Cili Pedas,320 g,RM 4.88,,https://myaeon2go.com/product/18132/sos-cili-pedas
https://myaeon2go.com/products/category/6528959/grocery/pages/1-52,Grocery,San Remo Spinach Fettucine,500 g,RM 4.79,RM 5.50,https://myaeon2go.com/product/2558/san-remo-spinach-fettuccine-no-13500-g
https://myaeon2go.com/products/category/6528959/grocery/pages/1-52,Grocery,San Tao Amoy Flour Vermicelli,300 g,RM 7.19,,https://myaeon2go.com/product/2565/amoy-flour-vermicelli
https://myaeon2go.com/products/category/6528959/grocery/pages/1-52,Grocery,Salt Sense Lite Salt Pink Himalayan Salt,400 g,RM 8.50,,https://myaeon2go.com/product/35204/lite-salt-pink-himalayan-salt
https://myaeon2go.com/products/category/6528959/grocery/pages/1-52,Grocery,Maggi Goreng Pedas Giler,,RM 9.60,,https://myaeon2go.com/product/2458/goreng-pedas-giler-tom-yum
https://myaeon2go.com/products/category/6528959/grocery/pages/1-52,Grocery,Long Fong Cho Super Wangi (Thailand) 5%,10 kg,RM 46.99,RM 60.85,https://myaeon2go.com/product/15312/super-wangi-%28thailand%29-5%25
https://myaeon2go.com/products/category/6528959/grocery/pages/1-52,Grocery,Love Earth Crispy Chilli Flakes,180 g,RM 22.90,,https://myaeon2go.com/product/19663/crispy-chilli-flakes
https://myaeon2go.com/products/category/6528959/grocery/pages/1-52,Grocery,ITP Foods Chilli Sauce,280 g,RM 7.90,,https://myaeon2go.com/product/27495/chilli-sauce
https://myaeon2go.com/products/category/6528959/grocery/pages/1-52,Grocery,Jasmine Royal Siam Fragrant Rice,5 kg,RM 38.99,RM 45.08,https://myaeon2go.com/product/2621/royal-siam-fragrant-rice
https://myaeon2go.com/products/category/6528959/grocery/pages/1-52,Grocery,Pearl Super Import (Wangi Thailand),5 kg,RM 24.79,RM 30.59,https://myaeon2go.com/product/2647/super-import-%28wangi-thailand%29
https://myaeon2go.com/products/category/6528959/grocery/pages/1-52,Grocery,Ayam Brand Hot Chilli Creamy Coconut Paste,180 g,RM 3.99,RM 5.25,https://myaeon2go.com/product/41646/hot-chilli-creamy-coconut-paste
https://myaeon2go.com/products/category/6528959/grocery/pages/1-52,Grocery,McCormick Onion Powder,45 g,RM 13.90,,https://myaeon2go.com/product/44767/mccormick-onion-powder-45-g
https://myaeon2go.com/products/category/6528959/grocery/pages/1-52,Grocery,Heng's Crispy Chili,,RM 14.99 to RM 16.99,RM 18.79,https://myaeon2go.com/product/2709/crispy-prawn-chili
https://myaeon2go.com/products/category/6528959/grocery/pages/1-52,Grocery,Angel Light Soy Sauce (Selected),750 ml,RM 12.95,,https://myaeon2go.com/product/2667/light-soy-sauce-%28selected%29
https://myaeon2go.com/products/category/6528959/grocery/pages/1-52,Grocery,Eva Honey,500 g,RM 12.90,,https://myaeon2go.com/product/34356/honey
https://myaeon2go.com/products/category/6528959/grocery/pages/1-52,Grocery,Naturel Organic Spaghetti,500 g,RM 7.99,RM 8.50,https://myaeon2go.com/product/19504/organic-spaghetti
https://myaeon2go.com/products/category/6528959/grocery/pages/1-52,Grocery,Swallow Globe Agar-Agar Powder Clear,10 g,RM 4.65,,https://myaeon2go.com/product/6828/agar-agar-powder-clear
https://myaeon2go.com/products/category/6528959/grocery/pages/1-52,Grocery,Heng's Crispy Prawn Chili,340 g,RM 16.99,RM 18.79,https://myaeon2go.com/product/2709/crispy-prawn-chili
https://myaeon2go.com/products/category/6528959/grocery/pages/1-52,Grocery,Edsam Red Bean (1 Pack),300 g,RM 5.50,,https://myaeon2go.com/product/27862/red-bean-%281-pack%29
https://myaeon2go.com/products/category/6528959/grocery/pages/1-52,Grocery,Kewpie Tartar Sauce,130 ml,RM 6.63,,https://myaeon2go.com/product/2747/tartar-sauce
https://myaeon2go.com/products/category/6528959/grocery/pages/1-52,Grocery,Kimball Chili Sauce,340 g,RM 4.34,,https://myaeon2go.com/product/2749/chili-sauce
https://myaeon2go.com/products/category/6528959/grocery/pages/1-52,Grocery,Kimball Chili Sauce,725 g,RM 7.20,,https://myaeon2go.com/product/2751/chili-sauce
https://myaeon2go.com/products/category/6528959/grocery/pages/1-52,Grocery,Kimball Traditional Pasta Sauce,330 g,RM 6.95,,https://myaeon2go.com/product/2753/traditional-pasta-sauce
https://myaeon2go.com/products/category/6528959/grocery/pages/1-52,Grocery,"Masfood ""101"" Instant Paste",,RM 5.59,RM 6.45,https://myaeon2go.com/product/2828/%22101%22-portugeses-steam-fish-paste
https://myaeon2go.com/products/category/6528959/grocery/pages/1-52,Grocery,Ajinomoto Monosodium MSG (Bottle),70 g,RM 3.74,,https://myaeon2go.com/product/18356/monosodium-msg-%28bottle%29
https://myaeon2go.com/products/category/6528959/grocery/pages/1-52,Grocery,"Adabi Serbuk Kari Udang, Ketam & Ikan Masin",24 g,RM 1.74,,https://myaeon2go.com/product/18378/serbuk-kari-udang%2C-ketam-&-ikan-masin
https://myaeon2go.com/products/category/6528959/grocery/pages/1-52,Grocery,Hosen Straw Mushroom (Unpeeled),425 g,RM 5.68,,https://myaeon2go.com/product/12778/straw-mushroom-%28unpeeled%29
https://myaeon2go.com/products/category/6528959/grocery/pages/1-52,Grocery,McCormick Parsley Leaves,5 g,RM 9.50,,https://myaeon2go.com/product/41787/parsley-leaves
https://myaeon2go.com/products/category/6528959/grocery/pages/1-52,Grocery,Mak Nyonya Nyonya Curry Laksa,200 g,RM 5.99,RM 6.62,https://myaeon2go.com/product/2818/nyonya-curry-laksa
https://myaeon2go.com/products/category/6528959/grocery/pages/1-52,Grocery,Seri-Aji Perencah Nasi Goreng 72 g,,RM 3.95,,https://myaeon2go.com/product/2987/perencah-nasi-goreng-kampung
https://myaeon2go.com/products/category/6528959/grocery/pages/1-52,Grocery,Dollee Crispy Prawn Chilli,200 g,RM 9.99,RM 11.50,https://myaeon2go.com/product/10761/crispy-prawn-chilli
https://myaeon2go.com/products/category/6528959/grocery/pages/1-52,Grocery,"Masfood ""101"" Portugeses Steam Fish Paste",200 g,RM 5.59,RM 6.45,https://myaeon2go.com/product/2828/%22101%22-portugeses-steam-fish-paste
https://myaeon2go.com/products/category/6528959/grocery/pages/1-52,Grocery,Singlong Rosemary Whole,30 g,RM 5.66,,https://myaeon2go.com/product/18512/rosemary-whole
https://myaeon2go.com/products/category/6528959/grocery/pages/1-52,Grocery,Adabi Canned Kuah Kacang,280 g,RM 8.99,RM 9.90,https://myaeon2go.com/product/5144/canned-kuah-kacang
https://myaeon2go.com/products/category/6528959/grocery/pages/1-52,Grocery,Adabi Perencah Tom Yam,200 g,RM 7.59,RM 8.54,https://myaeon2go.com/product/5148/perencah-tom-yam
https://myaeon2go.com/products/category/6528959/grocery/pages/1-52,Grocery,Singlong Cincalok,250 g,RM 5.25,,https://myaeon2go.com/product/2864/cincalok
https://myaeon2go.com/products/category/6528959/grocery/pages/1-52,Grocery,Meriah Red Chilli Flakes,120 g,RM 6.30,,https://myaeon2go.com/product/18944/meriah-red-chilli-flakes-120-g
https://myaeon2go.com/products/category/6528959/grocery/pages/1-52,Grocery,Teen Seong Teen Black Rice Vinegar,375 ml,RM 6.21,,https://myaeon2go.com/product/18620/black-rice-vinegar
https://myaeon2go.com/products/category/6528959/grocery/pages/1-52,Grocery,Barilla Angel Hair,500 g,RM 6.99,RM 8.10,https://myaeon2go.com/product/5257/angel-hair
https://myaeon2go.com/products/category/6528959/grocery/pages/1-52,Grocery,Adabi Perencah Oden Tomyam,120 g,RM 6.89,RM 7.45,https://myaeon2go.com/product/13810/perencah-oden-tomyam
https://myaeon2go.com/products/category/6528959/grocery/pages/1-52,Grocery,Seri-Aji Perencah Nasi Goreng Cina,72 g,RM 3.95,,https://myaeon2go.com/product/2988/perencah-nasi-goreng-cina
https://myaeon2go.com/products/category/6528959/grocery/pages/1-52,Grocery,TOPVALU Rosemary Leaves,20 g,RM 3.00,,https://myaeon2go.com/product/41834/rosemary-leaves
