Start URL,Category,Product,Price,Slash Price,Details Link
https://jgut.jayagrocer.com/collections/eggs,Eggs,NutriPlus Omega-3 Chicken Eggs 15pcs/pack,RM 11.50,,No_link_found
https://jgut.jayagrocer.com/collections/eggs,Eggs,Nutriplus Kampung Eggs with Omega-3 10pcs/pack,RM 8.60,,No_link_found
https://jgut.jayagrocer.com/collections/eggs,Eggs,NutriPlus Jumbo Eggs with Omega 3 10pcs/pack,RM 9.15,,No_link_found
https://jgut.jayagrocer.com/collections/eggs,Eggs,QL Omega Eggs with Omega 3 and DHA (Large) 15pcs/pack,RM 10.99,,No_link_found
https://jgut.jayagrocer.com/collections/eggs,Eggs,Telur Ayam Kampung 10pcs/pack,RM 8.40,,No_link_found
https://jgut.jayagrocer.com/collections/eggs,Eggs,LK Fresh All Natural Farm Fresh Eggs 12pcs/pack,RM 10.50,,No_link_found
https://jgut.jayagrocer.com/collections/eggs,Eggs,NutriPlus Classic Plus Size Chicken Eggs 24pcs/pack,RM 10.99,,No_link_found
https://jgut.jayagrocer.com/collections/eggs,Eggs,QL Omega Eggs with Omega 3 and DHA (Medium) 10pcs/pack,RM 8.00,,No_link_found
https://jgut.jayagrocer.com/collections/eggs,Eggs,LK Fresh Lovegg Chicken Eggs Grade A 12pcs/pack,RM 11.10,,No_link_found
https://jgut.jayagrocer.com/collections/eggs,Eggs,Sandy Free Range Chicken Eggs 10pcs/pack,RM 14.50,,No_link_found
https://jgut.jayagrocer.com/collections/eggs,Eggs,Salted Egg 4pcs/pack,RM 8.50,,No_link_found
https://jgut.jayagrocer.com/collections/eggs,Eggs,QL Sakura Fresh Eggs 10pcs/pack,RM 8.00,,No_link_found
https://jgut.jayagrocer.com/collections/eggs,Eggs,LTK Organic Selenium Plus Egg 10pcs/pack,RM 8.30,,No_link_found
https://jgut.jayagrocer.com/collections/eggs,Eggs,LTK Omega Plus Chicken Egg 10pcs/pack,RM 8.30,,No_link_found
https://jgut.jayagrocer.com/collections/eggs,Eggs,DFresh Classic Chicken Eggs 10pcs/pack,RM 8.00,,No_link_found
https://jgut.jayagrocer.com/collections/eggs,Eggs,Bragg Organic Apple Cider Vinegar 946ml,RM 31.90,,No_link_found
https://jgut.jayagrocer.com/collections/eggs,Eggs,Lau Kon Hing Eggs Dealer Duck Century Egg 4pcs/pack,RM 10.75,,No_link_found
https://jgut.jayagrocer.com/collections/eggs,Eggs,LK Fresh Free Range Eggs 6pcs/pack,RM 8.00,,No_link_found
https://jgut.jayagrocer.com/collections/eggs,Eggs,Lau Kon Hing Eggs Dealer Quail Eggs 15pcs/pack,RM 5.80,,No_link_found
https://jgut.jayagrocer.com/collections/eggs,Eggs,Safegg Pasteurized Shell Eggs 10pcs/pack,RM 14.00,,No_link_found
https://jgut.jayagrocer.com/collections/eggs,Eggs,LK Fresh Low Cholesterol Eggs Grade 6pcs/pack,RM 7.10,,No_link_found
https://jgut.jayagrocer.com/collections/eggs,Eggs,Nutriplus S-Clean Kampung Egg 10pcs/pack,RM 9.30,,No_link_found
https://jgut.jayagrocer.com/collections/eggs,Eggs,Safegg Pasteurized DHA Eggs 6pcs /pack,RM 10.50,,No_link_found
https://jgut.jayagrocer.com/collections/eggs,Eggs,Kodawari Chicken Eggs (Fortified Astaxanthin) 1pack,RM 15.50,,No_link_found
https://jgut.jayagrocer.com/collections/eggs,Eggs,Yummykai Free Range Chicken Egg 10pcs/pack,RM 14.90,,No_link_found
https://jgut.jayagrocer.com/collections/eggs,Eggs,Qplus Omega Enriched Eggs 15pcs/pack,RM 10.20,,No_link_found
https://jgut.jayagrocer.com/collections/eggs,Eggs,Onzen Astaxanthin Egg 10pcs/pack,RM 10.99,,No_link_found
https://jgut.jayagrocer.com/collections/eggs,Eggs,Nutriplus S-clean Organic Selenium Eggs 10pcs/pack,RM 7.49,,No_link_found
https://jgut.jayagrocer.com/collections/eggs,Eggs,Nutriplus S-Clean Fresh Egg 10pcs/pack,RM 7.00,,No_link_found
https://jgut.jayagrocer.com/collections/eggs,Eggs,Nutriplus S-Clean Omega 3 Eggs 10pcs/pack,RM 7.49,,No_link_found
https://jgut.jayagrocer.com/collections/eggs,Eggs,Duck Eggs (Telur Itik) 10pcs/pack,RM 14.00,,No_link_found
https://jgut.jayagrocer.com/collections/eggs,Eggs,QL Sandy Egg 15pcs/pack,RM 12.85,,No_link_found
https://jgut.jayagrocer.com/collections/eggs,Eggs,Chicken Century Eggs 4pcs/pack,RM 7.50,,No_link_found
https://jgut.jayagrocer.com/collections/eggs,Eggs,LK Fresh Salted Duck Eggs 4pcs/pack,RM 9.30,,No_link_found
https://jgut.jayagrocer.com/collections/eggs,Eggs,Magic Seafood Pearly Kampung Egg (Medium) 10pcs/pack,RM 7.89,,No_link_found
https://jgut.jayagrocer.com/collections/eggs,Eggs,Magic Seafood Supreme Kampung Eggs (Large) 10pcs/pack,RM 8.50,,No_link_found
https://jgut.jayagrocer.com/collections/eggs,Eggs,Natural Spring Raised Chicken Eggs 10pcs/pack,RM 14.50,,No_link_found
https://jgut.jayagrocer.com/collections/eggs,Eggs,Ms Macao Egg (Medium) 10pcs/pack,RM 9.50,,No_link_found
https://jgut.jayagrocer.com/collections/eggs,Eggs,Magic Seafood Omega 3 Eggs (Large) 10pcs/pack,RM 7.90,,No_link_found
https://jgut.jayagrocer.com/collections/eggs,Eggs,JS Cage Free Egg (Medium) 10pcs/pack,RM 15.29,,No_link_found
https://jgut.jayagrocer.com/collections/eggs,Eggs,Safegg Tsukimi Pasteurized Shell Egg 2pcs,RM 3.50,,No_link_found
https://jgut.jayagrocer.com/collections/eggs,Eggs,Lotte Pepero White Cookies 32g,RM 5.90,,No_link_found
https://jgut.jayagrocer.com/collections/eggs,Eggs,TL Telur Puyuh 10pcs/pack,RM 5.90,,No_link_found
https://jgut.jayagrocer.com/collections/eggs,Eggs,Magic Seafood Omega 3 Eggs (Large) 15pcs/pack,RM 11.90,,No_link_found
https://jgut.jayagrocer.com/collections/eggs,Eggs,Magic Seafood Seaweed Eggs (Medium) 10pcs/pack,RM 12.30,,No_link_found
https://jgut.jayagrocer.com/collections/eggs,Eggs,Nutriplus Classic Egg 10pcs/pack,RM 7.25,,No_link_found
https://jgut.jayagrocer.com/collections/eggs,Eggs,Suan Mokkh Kampung Eggs 8pcs/pack,RM 15.80,,No_link_found
https://jgut.jayagrocer.com/collections/eggs,Eggs,Kenkori Premium Farm Fresh Eggs 10pcs/pack,RM 13.50,,No_link_found
https://jgut.jayagrocer.com/collections/eggs,Eggs,QL Sakura Fresh Eggs 15pcs/pack,RM 10.99,,No_link_found
https://jgut.jayagrocer.com/collections/eggs,Eggs,Seri Murni Premium Chicken Eggs (Medium) 1pack,RM 8.00,,No_link_found
https://jgut.jayagrocer.com/collections/paper-products,Paper Products,Kleenex Clean Care Regular Toilet Tissue 20sheets,RM 35.50,,No_link_found
https://jgut.jayagrocer.com/collections/paper-products,Paper Products,Scott Kitchen Towel 50sheet x 8,RM 11.99,,No_link_found
https://jgut.jayagrocer.com/collections/paper-products,Paper Products,Royal Gold Luxurious Kitchen Towel 50pcs x 8,RM 10.99,,No_link_found
https://jgut.jayagrocer.com/collections/paper-products,Paper Products,Royal Gold Luxurious Kitchen Towel 6rolls,RM 13.90,,No_link_found
https://jgut.jayagrocer.com/collections/paper-products,Paper Products,Kleenex Aloe Vera Clean Care Toilet Tissues 20sheets,RM 35.50,,No_link_found
https://jgut.jayagrocer.com/collections/paper-products,Paper Products,Kleenex Clean Care Toilet Tissue Rolls 8+2 rolls,RM 15.90,,No_link_found
https://jgut.jayagrocer.com/collections/paper-products,Paper Products,Royal Gold Luxurios Toilet Roll 200pcs x 20,RM 26.89,,No_link_found
https://jgut.jayagrocer.com/collections/paper-products,Paper Products,Kleenex Fresh Scent Toilet Tissues 20rolls,RM 21.90,,No_link_found
https://jgut.jayagrocer.com/collections/paper-products,Paper Products,Vinda Deluxe 3ply Facial Tissues Soft Pack 110pcs x 4,RM 9.89,,No_link_found
https://jgut.jayagrocer.com/collections/paper-products,Paper Products,Scott Kitchen Towels 50sheet x 6,RM 13.30,,No_link_found
https://jgut.jayagrocer.com/collections/paper-products,Paper Products,Scott Calorie Light Premium Towel 50sheets x 8,RM 11.99,,No_link_found
https://jgut.jayagrocer.com/collections/paper-products,Paper Products,Royal Gold Luxurious Interleaf Facial Tissue (3ply) 110pcs x 4,RM 15.99,,No_link_found
https://jgut.jayagrocer.com/collections/paper-products,Paper Products,Kleenex Ultra Soft Aroma Clean with Floral Scent 20sheets,RM 24.90,,No_link_found
https://jgut.jayagrocer.com/collections/paper-products,Paper Products,Vinda Deluxe Prestige Toilet Rolls-3ply 200pcs x 16,RM 26.99,,No_link_found
https://jgut.jayagrocer.com/collections/paper-products,Paper Products,Vinda Deluxe Smooth Feel Toilet Tissue 3ply 250pcs x 16,RM 26.99,,No_link_found
https://jgut.jayagrocer.com/collections/paper-products,Paper Products,Royal Gold Elegant Toilet Roll 190pcs x 24,RM 26.89,,No_link_found
https://jgut.jayagrocer.com/collections/paper-products,Paper Products,Kleenex Family Box Facial Tissue Natural Gentle Clean 3Ply 90sheets x 5,RM 13.90,,No_link_found
https://jgut.jayagrocer.com/collections/paper-products,Paper Products,Vinda Deluxe Wet Kitchen Towel 40sheets x 2,RM 14.99 - RM 137.70,,No_link_found
https://jgut.jayagrocer.com/collections/paper-products,Paper Products,Vinda Deluxe Smooth Feel Toilet Tissue (3ply) 250pcs x 8,RM 24.45,,No_link_found
https://jgut.jayagrocer.com/collections/paper-products,Paper Products,Kao Magiclean Wiper Dry Sheets 40pcs/pack,RM 16.89,,No_link_found
https://jgut.jayagrocer.com/collections/paper-products,Paper Products,Premier Pulp Toilet Roll (3ply) 10rolls,RM 12.29,,No_link_found
https://jgut.jayagrocer.com/collections/paper-products,Paper Products,Premier Sanitizing Wipes Tissue 50pcs x 2,RM 12.50,,No_link_found
https://jgut.jayagrocer.com/collections/paper-products,Paper Products,Scott Calorie Light Premium Kitchen Towel 50sheet x 6,RM 17.40,,No_link_found
https://jgut.jayagrocer.com/collections/paper-products,Paper Products,Royal Gold Twin Tone Interleaf Facial Tissue 110pcs/pack,RM 15.99,,No_link_found
https://jgut.jayagrocer.com/collections/paper-products,Paper Products,Premier Disposable Household Towels 60sheets x 6,RM 10.99,,No_link_found
https://jgut.jayagrocer.com/collections/paper-products,Paper Products,Kleenex Vintage Soft Pack Tissue 50 sheets x 3,RM 3.70,,No_link_found
https://jgut.jayagrocer.com/collections/paper-products,Paper Products,Premier Colours Vibrant Tissue Paper 80pcs x 5,RM 10.20,,No_link_found
https://jgut.jayagrocer.com/collections/paper-products,Paper Products,KCA Kitchen Towel 60pcs x 6,RM 17.65,,No_link_found
https://jgut.jayagrocer.com/collections/paper-products,Paper Products,Kleenex Bathroom Clean Care Aloe 8+2 Roll,RM 15.90,,No_link_found
https://jgut.jayagrocer.com/collections/paper-products,Paper Products,Kleenex Lifestyle Facial Tissues 80sheet x 4,RM 9.30,,No_link_found
https://jgut.jayagrocer.com/collections/paper-products,Paper Products,Vinda Deluxe 3ply Facial Tissue Soft Pack (Large) 110pcs x 4,RM 9.89,,No_link_found
https://jgut.jayagrocer.com/collections/paper-products,Paper Products,Royal Gold Interleaf Facial Tissues 80pcs x 4,RM 10.49,,No_link_found
https://jgut.jayagrocer.com/collections/paper-products,Paper Products,Dettol Antibacterial Wipes Original 50pcs/pack,RM 21.90,,No_link_found
https://jgut.jayagrocer.com/collections/paper-products,Paper Products,Green Shield Anti-Bacterial Food Surface Wipes 1pack,RM 11.90,,No_link_found
https://jgut.jayagrocer.com/collections/paper-products,Paper Products,Vinda Deluxe Kitchen Wet Wipes 40sheets,RM 12.65 - RM 151.80,,No_link_found
https://jgut.jayagrocer.com/collections/paper-products,Paper Products,Premier Facial Cotton 160pcs x 2,RM 11.50,,No_link_found
https://jgut.jayagrocer.com/collections/paper-products,Paper Products,Vinda Deluxe Kitchen Towel 80pcs x 3,RM 10.30,,No_link_found
https://jgut.jayagrocer.com/collections/paper-products,Paper Products,Royal Gold Elegant Bathroom Tissue 20pcs/pack,RM 26.89,,No_link_found
https://jgut.jayagrocer.com/collections/paper-products,Paper Products,Kleenex Softbox Limited Edition 3ply 100sheets x 4,RM 10.90,,No_link_found
https://jgut.jayagrocer.com/collections/paper-products,Paper Products,Premier Disposable Household Towels 60pcs x 2,RM 6.90,,No_link_found
https://jgut.jayagrocer.com/collections/paper-products,Paper Products,Royal Gold Lux White Tissue Soft Pack 3Ply 50pcs x 12,RM 12.29,,No_link_found
https://jgut.jayagrocer.com/collections/paper-products,Paper Products,Premier Sanitizing Wipes 50pcs/pack,RM 6.75,,No_link_found
https://jgut.jayagrocer.com/collections/paper-products,Paper Products,Cutie Soft Bathroom Tissue 10rolls,RM 12.30,,No_link_found
https://jgut.jayagrocer.com/collections/paper-products,Paper Products,Scott Napkins Tissue 200sheet/pack,RM 4.05,,No_link_found
https://jgut.jayagrocer.com/collections/paper-products,Paper Products,Dettol Antibacterial Wipes Original 10pcs/pack,RM 5.90,,No_link_found
https://jgut.jayagrocer.com/collections/paper-products,Paper Products,Green Shield Anti-Bacterial Household Surface Wipes 1pack,RM 11.90,,No_link_found
https://jgut.jayagrocer.com/collections/paper-products,Paper Products,Cuti Compact Kitchen Towel 90pcs x 6,RM 20.90,,No_link_found
https://jgut.jayagrocer.com/collections/paper-products,Paper Products,Premier Facial Tissue Paper (Face) 90pcs x 5,RM 11.80,,No_link_found
https://jgut.jayagrocer.com/collections/paper-products,Paper Products,Kleenex Bathroom Tissue 30sheets,RM 32.99,,No_link_found
https://jgut.jayagrocer.com/collections/paper-products,Paper Products,Premier Pocket Tissue 5 x 12 pack,RM 16.90,,No_link_found
https://jgut.jayagrocer.com/collections/paper-products,Paper Products,Premier Kids Cube Facial Tissue 70pcs x 4,RM 9.90,,No_link_found
https://jgut.jayagrocer.com/collections/paper-products,Paper Products,Vinda Prestige Facial Tissue Softpack 100pcs x 3,RM 11.30,,No_link_found
https://jgut.jayagrocer.com/collections/paper-products,Paper Products,Royal Gold Elegant Toilet Tissue 200pcs x 16,RM 31.20,,No_link_found
https://jgut.jayagrocer.com/collections/paper-products,Paper Products,Kleenex Fresh Scent Toilet Tissues 10rolls,RM 15.05,,No_link_found
https://jgut.jayagrocer.com/collections/paper-products,Paper Products,Kleenex Scented Rose Facial Tissues Box 3Ply 80sheets x 5,RM 13.90,,No_link_found
https://jgut.jayagrocer.com/collections/paper-products,Paper Products,Kleenex Limited Edition Box Facial Tissue 3Ply 90sheets x 5,RM 13.90,,No_link_found
https://jgut.jayagrocer.com/collections/paper-products,Paper Products,Greenshield Microwave & Fridge and Freezer Wipes 1pack,RM 11.90,,No_link_found
https://jgut.jayagrocer.com/collections/paper-products,Paper Products,Scott Calorie Interfolder Kitchen Towel 80sheets x 3,RM 12.90,,No_link_found
https://jgut.jayagrocer.com/collections/paper-products,Paper Products,Kotex Soft and Smooth Overnight Wings Sanitary Pads 14sheet x 2,RM 12.45,,No_link_found
https://jgut.jayagrocer.com/collections/paper-products,Paper Products,Kleenex Hand Face Moist Wipes 10sheet x 3,RM 6.80,,No_link_found
https://jgut.jayagrocer.com/collections/paper-products,Paper Products,Kleenex Classic Hanky Pack 9sheets x 10,RM 4.30,,No_link_found
https://jgut.jayagrocer.com/collections/paper-products,Paper Products,Royal Gold Luxurious White Travel Pack 3ply 90pcs x 5,RM 8.99,,No_link_found
https://jgut.jayagrocer.com/collections/paper-products,Paper Products,Kleenex Vintage Soft Pack Facial Tissue 50sheets (11+1),RM 13.50,,No_link_found
https://jgut.jayagrocer.com/collections/paper-products,Paper Products,Kleenex Facial Tissue Soft Box Teddy Soft 100sheets x 4,RM 8.90,,No_link_found
https://jgut.jayagrocer.com/collections/paper-products,Paper Products,Tender Soft (Batik) 2ply Facial Tissue 225sheets x 4,RM 19.55 - RM 195.50,,No_link_found
https://jgut.jayagrocer.com/collections/paper-products,Paper Products,Kleenex Aroma Scented Box Facial Tissue 3Ply 4 x 90sheets,RM 10.90,,No_link_found
https://jgut.jayagrocer.com/collections/paper-products,Paper Products,Vinda Prestige 4D Deco Embossed Facial Tissue 110pcs x 3,RM 9.89,,No_link_found
https://jgut.jayagrocer.com/collections/paper-products,Paper Products,Kleenex Wet Toilet Tissue 10sheets x 3,RM 5.85,,No_link_found
https://jgut.jayagrocer.com/collections/paper-products,Paper Products,Vinda Deluxe Soft Pack Facial Tissue Medium 3ply 90pcs x 5,RM 11.30,,No_link_found
https://jgut.jayagrocer.com/collections/paper-products,Paper Products,Green Shield Bathroom Surface Wipes 1pack,RM 11.90,,No_link_found
https://jgut.jayagrocer.com/collections/paper-products,Paper Products,Kao Magiclean Wiper Sheets 20pcs/pack,RM 11.30,,No_link_found
https://jgut.jayagrocer.com/collections/paper-products,Paper Products,GreenShield Toilet Cleaning Wipes 40pcs/pack,RM 11.90,,No_link_found
https://jgut.jayagrocer.com/collections/paper-products,Paper Products,Kleenex Bathroom Tissue Aloe 3Ply 30sheets,RM 32.99,,No_link_found
https://jgut.jayagrocer.com/collections/paper-products,Paper Products,Vinda Deluxe Kitchen Towel 60sheet x 6,RM 12.99,,No_link_found
https://jgut.jayagrocer.com/collections/paper-products,Paper Products,Kleenex and Face Aloe Wipes 10sheets x 3,RM 6.80,,No_link_found
https://jgut.jayagrocer.com/collections/paper-products,Paper Products,Tender Soft 2ply Facial Tissue 90sheets x 4,RM 10.00 - RM 120.00,,No_link_found
https://jgut.jayagrocer.com/collections/paper-products,Paper Products,Royal Gold Toilet Tissue (Wrap) 210pcs x 10,RM 21.00,,No_link_found
https://jgut.jayagrocer.com/collections/paper-products,Paper Products,Diapex Adult Wipes 50pcs/pack,RM 6.99,,No_link_found
https://jgut.jayagrocer.com/collections/paper-products,Paper Products,Clorox Disinfecting Wipes Fresh Scent 75pcs/pack,RM 25.15,,No_link_found
https://jgut.jayagrocer.com/collections/paper-products,Paper Products,Kleenex Aroma Facial Tissue Box 3Ply 80sheets x 5,RM 13.90,,No_link_found
https://jgut.jayagrocer.com/collections/paper-products,Paper Products,Vinda Deluxe 3Ply Bathroom Tissue 250pcs x 24,RM 44.35,,No_link_found
https://jgut.jayagrocer.com/collections/paper-products,Paper Products,Greenshield Anti Bacterial Handy Wipes 1pack,RM 5.90,,No_link_found
https://jgut.jayagrocer.com/collections/paper-products,Paper Products,Green Shield Glass & Window Wipes 1pack,RM 11.90,,No_link_found
https://jgut.jayagrocer.com/collections/paper-products,Paper Products,Royal Gold Luxurious White Facial Tissue 3ply 110pcs x 4,RM 15.99,,No_link_found
https://jgut.jayagrocer.com/collections/paper-products,Paper Products,Caremo Disinfecting Wipes 100sheets/pack,RM 12.90,,No_link_found
https://jgut.jayagrocer.com/collections/paper-products,Paper Products,Scott Kitchen Towel 55sheet x 2,RM 7.40,,No_link_found
https://jgut.jayagrocer.com/collections/paper-products,Paper Products,Tender Soft 4ply Hanging Tissue 1200sheets,RM 10.00 - RM 265.68,,No_link_found
https://jgut.jayagrocer.com/collections/paper-products,Paper Products,Green Shield Wood & Laminate Surface Wipes 1pack,RM 11.90,,No_link_found
https://jgut.jayagrocer.com/collections/paper-products,Paper Products,Premier Nature Facial Tissue Paper 80pcs x 4,RM 9.20,,No_link_found
https://jgut.jayagrocer.com/collections/paper-products,Paper Products,Kleenex Softbox Limited Edition Tissue 3ply x 50sheets,RM 6.00,,No_link_found
https://jgut.jayagrocer.com/collections/paper-products,Paper Products,Scott Protect Multipurpose Wipes 60sheets,RM 13.90,,No_link_found
https://jgut.jayagrocer.com/collections/paper-products,Paper Products,Kleenex Ultra Soft Aroma Clean with Floral Scent 8+2 rolls,RM 15.90,,No_link_found
https://jgut.jayagrocer.com/collections/paper-products,Paper Products,Royal Gold Signature Toilet Roll 4ply 10rolls,RM 19.99,,No_link_found
https://jgut.jayagrocer.com/collections/paper-products,Paper Products,Vinda Deluxe 3Ply Facial Tissue Blue 80pcs x 4,RM 16.45,,No_link_found
https://jgut.jayagrocer.com/collections/paper-products,Paper Products,NooTrees Bamboo Hanky Pocket Tissue 2ply 9pcs x 10,RM 5.90,,No_link_found
https://jgut.jayagrocer.com/collections/paper-products,Paper Products,Kleenex Protect Anti Bacterial Wipes 10sheet x 3,RM 6.80,,No_link_found
https://jgut.jayagrocer.com/collections/paper-products,Paper Products,Premier Jumbo Roll Tissue 130m x 3,RM 18.00,,No_link_found
https://jgut.jayagrocer.com/collections/paper-products,Paper Products,Aster & Peony Kitchen Wet Wipes 80pcs x 2,RM 19.90,,No_link_found
https://jgut.jayagrocer.com/collections/paper-products,Paper Products,Kca Floral Kitchen Towel 90pcs x 8,RM 17.65,,No_link_found
https://jgut.jayagrocer.com/collections/paper-products,Paper Products,Paseo XO Facial Tissue Soft Pack 3Ply 100pcs x 4,RM 18.90,,No_link_found
https://jgut.jayagrocer.com/collections/paper-products,Paper Products,Tempo Prestige Sakura Bathroom Tissue 4 ply 10pcs/pack,RM 29.90,,No_link_found
https://jgut.jayagrocer.com/collections/paper-products,Paper Products,Royal Gold Soft Pack Kitchen Towel 80pcs x 6,RM 12.99,,No_link_found
https://jgut.jayagrocer.com/collections/paper-products,Paper Products,Tender Soft 2ply Facial Tissue 170sheets x 4,RM 17.45 - RM 174.50,,No_link_found
https://jgut.jayagrocer.com/collections/paper-products,Paper Products,Kleenex Facial Tissue Soft Pack Comfort Care Design 3Ply 50sheet/pack,RM 6.00,,No_link_found
https://jgut.jayagrocer.com/collections/paper-products,Paper Products,Scott Calorie Interfolder Kitchen Towel 75sheets x 6,RM 15.90,,No_link_found
https://jgut.jayagrocer.com/collections/paper-products,Paper Products,Vinda Prestige 3ply 4D Bathroom Tissue 16pcs/pack,RM 26.99,,No_link_found
https://jgut.jayagrocer.com/collections/paper-products,Paper Products,Aster & Peony Kitchen Wet Wipes Single Pack 80pcs/pack,RM 10.90,,No_link_found
https://jgut.jayagrocer.com/collections/paper-products,Paper Products,Clorox Disinfecting Wipes Fresh Scent 35pcs/pack,RM 11.10,,No_link_found
https://jgut.jayagrocer.com/collections/paper-products,Paper Products,Scott Kitchen Towel 55sheet x 2,RM 6.70,,No_link_found
https://jgut.jayagrocer.com/collections/paper-products,Paper Products,Aster & Peony Mini Hanky Tissue 4 ply 8 sheets x 12,RM 6.90,,No_link_found
https://jgut.jayagrocer.com/collections/paper-products,Paper Products,Paseo Kitchen Towel 2ply 70pcs x 3,RM 13.00,,No_link_found
https://jgut.jayagrocer.com/collections/paper-products,Paper Products,Greenshield Stainless Steel Wipes 1pack,RM 11.90,,No_link_found
https://jgut.jayagrocer.com/collections/paper-products,Paper Products,Vinda Deluxe 3ply Softpack 100sheets x 4,RM 7.30,,No_link_found
https://jgut.jayagrocer.com/collections/paper-products,Paper Products,Royal Gold Bottom Pull Softpack Tissue 3ply 500sheets/pack,RM 8.69,,No_link_found
https://jgut.jayagrocer.com/collections/paper-products,Paper Products,Paseo Anti Bacterial Wipes 50pcs/pack,RM 3.20,,No_link_found
https://jgut.jayagrocer.com/collections/paper-products,Paper Products,Paseo Anti Bacterial Wipes 25pcs/pack,RM 2.10,,No_link_found
https://jgut.jayagrocer.com/collections/paper-products,Paper Products,Royal Gold Signature Hanky Pack 4ply 8sheets x 10,RM 10.65,,No_link_found
https://jgut.jayagrocer.com/collections/paper-products,Paper Products,Alcean Toilet Tissue Wipes 40sheets x 3,RM 32.90,,No_link_found
https://jgut.jayagrocer.com/collections/paper-products,Paper Products,Premier Kitchen Wet Towel 40sheets/pack,RM 9.99,,No_link_found
https://jgut.jayagrocer.com/collections/paper-products,Paper Products,Tempo Box 3reply Facial Tissue Neutral 86pcs x 4,RM 19.90,,No_link_found
https://jgut.jayagrocer.com/collections/paper-products,Paper Products,Vinda Classic 2 Ply Box Facial Tissue 4 x 170pcs/pack,RM 13.95,,No_link_found
https://jgut.jayagrocer.com/collections/paper-products,Paper Products,Kca Softpack Facial Tisssue 200pcs x 4,RM 16.70,,No_link_found
https://jgut.jayagrocer.com/collections/paper-products,Paper Products,Nootrees Bamboo Bathroom Tissue 3ply 220pcs x 10,RM 21.50,,No_link_found
https://jgut.jayagrocer.com/collections/paper-products,Paper Products,Vinda Washable Kitchen Towel 85pcs/pack,RM 10.90,,No_link_found
https://jgut.jayagrocer.com/collections/paper-products,Paper Products,Vinda Washable Kitchen Towel 75pcs/pack x 2,RM 10.90,,No_link_found
https://jgut.jayagrocer.com/collections/paper-products,Paper Products,Tempo Softpack 4Ply Neutral 90pcs x 4,RM 18.30,,No_link_found
https://jgut.jayagrocer.com/collections/paper-products,Paper Products,Tempo Hanky Pack 4Ply Neutral 7pcs x 18,RM 12.40,,No_link_found
https://jgut.jayagrocer.com/collections/paper-products,Paper Products,Paseo Facial Tissue Travel Pack 3ply 50pcs x 4,RM 4.50,,No_link_found
https://jgut.jayagrocer.com/collections/paper-products,Paper Products,Premier Nature Soft Pack 2ply 150pcs x 4,RM 10.30,,No_link_found
https://jgut.jayagrocer.com/collections/paper-products,Paper Products,Royal Gold Softpack 3Ply White 50pcs x 3,RM 5.40,,No_link_found
https://jgut.jayagrocer.com/collections/paper-products,Paper Products,Caremo Flushable Moist Wipes Sticker 20pcs x 2,RM 4.95,,No_link_found
https://jgut.jayagrocer.com/collections/paper-products,Paper Products,Royal Gold Twin Tone Interleaf Soft Pack Tissue 50sheets x 3packs,RM 5.40,,No_link_found
https://jgut.jayagrocer.com/collections/paper-products,Paper Products,Tender Soft 3Ply Mini Hanky 9pcs x 10,RM 5.10,,No_link_found
https://jgut.jayagrocer.com/collections/paper-products,Paper Products,Kao Magiclean Wiper Sheet (Mint) 10pcs/pack,RM 14.10,,No_link_found
https://jgut.jayagrocer.com/collections/paper-products,Paper Products,Scott Facial Tissues 80sheet x 4,RM 7.20,,No_link_found
https://jgut.jayagrocer.com/collections/paper-products,Paper Products,Vinda Deluxe Hanky Pack 8pcs x 10,RM 6.85,,No_link_found
https://jgut.jayagrocer.com/collections/paper-products,Paper Products,Vinda Deluxe 3Ply Softpack Tissue 50pcs x 4,RM 6.85,,No_link_found
https://jgut.jayagrocer.com/collections/paper-products,Paper Products,Royal Gold Soft pack 3Ply 100pcs x 4,RM 8.99,,No_link_found
https://jgut.jayagrocer.com/collections/paper-products,Paper Products,Royal Gold Signature 4ply Single Pack Medium Size 4pcs/pack x 80sheets,RM 9.99,,No_link_found
https://jgut.jayagrocer.com/collections/paper-products,Paper Products,Royal Gold Twin Tone Interleaf Soft Pack 10 x 12 x 50,RM 12.29,,No_link_found
https://jgut.jayagrocer.com/collections/paper-products,Paper Products,Aster & Peony x Skipiyaya Mini Hanky Tissue 4 ply 8 sheets x 12,RM 6.90,,No_link_found
https://jgut.jayagrocer.com/collections/paper-products,Paper Products,Paseo Xo 3Ply Bathroom Tissue 8pcs/pack,RM 17.30,,No_link_found
https://jgut.jayagrocer.com/collections/paper-products,Paper Products,Aster & Peony Pure Water Wet Wipes 10pcs x 3,RM 5.95,,No_link_found
https://jgut.jayagrocer.com/collections/paper-products,Paper Products,Premier Kitchen Towel 8roll,RM 13.90,,No_link_found
https://jgut.jayagrocer.com/collections/paper-products,Paper Products,Royal Gold Coporate Bathroom Tissue 220pcs/pack,RM 2.70,,No_link_found
https://jgut.jayagrocer.com/collections/paper-products,Paper Products,Skipiyaya x Aster & Peony Box Tissue 1pack,RM 13.90,,No_link_found
https://jgut.jayagrocer.com/collections/paper-products,Paper Products,Kleenex Rose Scented Soft Pack 44sheets x 4,RM 6.00,,No_link_found
https://jgut.jayagrocer.com/collections/paper-products,Paper Products,Royal Gold Luxurious Interleaf Bathroom Tissues 200pcs x 10,RM 21.00,,No_link_found
https://jgut.jayagrocer.com/collections/paper-products,Paper Products,Aster & Peony Gentle Touch Tissue 3 ply 100 sheets x 3,RM 22.90,,No_link_found
https://jgut.jayagrocer.com/collections/paper-products,Paper Products,Care Mo Adult Wipes 40pcs x 2,RM 9.90,,No_link_found
https://jgut.jayagrocer.com/collections/paper-products,Paper Products,Farcent Kitchen Decontaminate Wet Tissue 30pcs/pack,RM 9.90,,No_link_found
https://jgut.jayagrocer.com/collections/paper-products,Paper Products,Kleene Aroma Soft Pack Facial Tissue 3ply 44sheets x 4,RM 6.00,,No_link_found
https://jgut.jayagrocer.com/collections/paper-products,Paper Products,Paseo Elegant Toilet Tissue 4ply 200pcs x 10,RM 26.80,,No_link_found
https://jgut.jayagrocer.com/collections/dairy-produce,Dairy Produce,Farm Fresh Premium Chocolate Milk 1L,RM 9.15,,No_link_found
https://jgut.jayagrocer.com/collections/dairy-produce,Dairy Produce,Farm Fresh Skinny Low Fat Pure Fresh Milk 1L,RM 8.40,,No_link_found
https://jgut.jayagrocer.com/collections/dairy-produce,Dairy Produce,Lactel Natural Set Yogurt 470g,RM 8.20,,No_link_found
https://jgut.jayagrocer.com/collections/dairy-produce,Dairy Produce,Farm Fresh Lactose Free Pure Fresh Milk 1L,RM 9.55,,No_link_found
https://jgut.jayagrocer.com/collections/dairy-produce,Dairy Produce,Bega Strong & Bitey Cheddar Block Cheese 250g,RM 19.75,,No_link_found
https://jgut.jayagrocer.com/collections/dairy-produce,Dairy Produce,Emborg French Uht Cooking Cream 200ml,RM 7.99 - RM 16.99,,No_link_found
https://jgut.jayagrocer.com/collections/dairy-produce,Dairy Produce,Anchor Cheddar Processed Sliced Cheese 400g,RM 19.30,,No_link_found
https://jgut.jayagrocer.com/collections/dairy-produce,Dairy Produce,Lactel Fat Free Strawberry Yogurt 470g,RM 7.99,,No_link_found
https://jgut.jayagrocer.com/collections/dairy-produce,Dairy Produce,Emborg Classic Flavour Cream Cheese Spreadable 200g,RM 9.99,,No_link_found
https://jgut.jayagrocer.com/collections/dairy-produce,Dairy Produce,Lactel Fat Free Yogurt Natural Flavour 130g,RM 2.90,,No_link_found
https://jgut.jayagrocer.com/collections/dairy-produce,Dairy Produce,Farmers Union Strawberry Greek Yoghurt 90g,RM 4.30,,No_link_found
https://jgut.jayagrocer.com/collections/dairy-produce,Dairy Produce,Farmers Union Vanilla Greek Yoghurt 90g,RM 4.30,,No_link_found
https://jgut.jayagrocer.com/collections/dairy-produce,Dairy Produce,Sunglo Natural Low Fat Greek Yoghurt 900g,RM 17.30,,No_link_found
https://jgut.jayagrocer.com/collections/dairy-produce,Dairy Produce,Lurpark Spreadable Salted Butter 500g,RM 37.65,,No_link_found
https://jgut.jayagrocer.com/collections/dairy-produce,Dairy Produce,Sunglo Fresh Yogurt 370g,RM 6.35,,No_link_found
https://jgut.jayagrocer.com/collections/dairy-produce,Dairy Produce,Yoplait Petit Miam Blueberry 70g,RM 5.90,,No_link_found
https://jgut.jayagrocer.com/collections/dairy-produce,Dairy Produce,Dutch Lady Pure Fresh Milk 1L,RM 9.70,,No_link_found
https://jgut.jayagrocer.com/collections/dairy-produce,Dairy Produce,Goodday Full Cream Milk 1L,RM 7.59,,No_link_found
https://jgut.jayagrocer.com/collections/dairy-produce,Dairy Produce,Lactel Fat Free Guava Yogurt 130g,RM 2.90,,No_link_found
https://jgut.jayagrocer.com/collections/dairy-produce,Dairy Produce,Emborg UHT Whipping Cream 200ml,RM 7.99 - RM 14.99,,No_link_found
https://jgut.jayagrocer.com/collections/dairy-produce,Dairy Produce,Yoplait Petit Miam Strawberry 70g,RM 5.90,,No_link_found
https://jgut.jayagrocer.com/collections/dairy-produce,Dairy Produce,Lactel Fat Free Mixed Berries Yogurt 470g,RM 7.99,,No_link_found
https://jgut.jayagrocer.com/collections/dairy-produce,Dairy Produce,Sunglo Natural Sour Cream 210g,RM 7.90,,No_link_found
https://jgut.jayagrocer.com/collections/dairy-produce,Dairy Produce,Farmers Union Mango Greek Yoghurt 90g,RM 4.30,,No_link_found
https://jgut.jayagrocer.com/collections/dairy-produce,Dairy Produce,Lactel Fat Free Yogurt lychee 130g,RM 2.90,,No_link_found
https://jgut.jayagrocer.com/collections/dairy-produce,Dairy Produce,Meiji Dairy Low Fat Yogurt with Mango 135g,RM 2.99,,No_link_found
https://jgut.jayagrocer.com/collections/dairy-produce,Dairy Produce,SCS Spreadable Butter 250g,RM 19.99,,No_link_found
https://jgut.jayagrocer.com/collections/dairy-produce,Dairy Produce,Manjun Laverland Crunch Sea Salt Seaweed Snack 40.5g,RM 22.90,,No_link_found
https://jgut.jayagrocer.com/collections/dairy-produce,Dairy Produce,Lactel Natural Set Yogurt 1.4kg,RM 19.99,,No_link_found
https://jgut.jayagrocer.com/collections/dairy-produce,Dairy Produce,Farmers Union Greek Style High Protein Yogurt 500g,RM 19.60,,No_link_found
https://jgut.jayagrocer.com/collections/dairy-produce,Dairy Produce,Farmers Union Honey Greek Yoghurt 90g,RM 4.30,,No_link_found
https://jgut.jayagrocer.com/collections/dairy-produce,Dairy Produce,Meiji Dairy Low Fat Yogurt with Strawberry 135g,RM 2.99,,No_link_found
https://jgut.jayagrocer.com/collections/dairy-produce,Dairy Produce,Emborg Mozarella Shredded Cheese 200g,RM 14.99,,No_link_found
https://jgut.jayagrocer.com/collections/dairy-produce,Dairy Produce,Yoplait Petit Miam Vanilla 70g,RM 5.90,,No_link_found
https://jgut.jayagrocer.com/collections/dairy-produce,Dairy Produce,Arla Kids Cheese Sticks 108g,RM 14.80,,No_link_found
https://jgut.jayagrocer.com/collections/dairy-produce,Dairy Produce,Perfect Italiano Parmesan Grated Cheese 100g,RM 12.99,,No_link_found
https://jgut.jayagrocer.com/collections/dairy-produce,Dairy Produce,Anchor Cheddar Processed Sliced Cheese 200g,RM 8.99,,No_link_found
https://jgut.jayagrocer.com/collections/dairy-produce,Dairy Produce,Sunglo Fresh Yoghurt 1.4kg,RM 18.60,,No_link_found
https://jgut.jayagrocer.com/collections/dairy-produce,Dairy Produce,Farmers Union Greek Style Vanilla Bean Yogurt 950g,RM 36.85,,No_link_found
https://jgut.jayagrocer.com/collections/dairy-produce,Dairy Produce,Marigold Low Fat Yogurt Peach 130g,RM 3.00,,No_link_found
https://jgut.jayagrocer.com/collections/dairy-produce,Dairy Produce,Bega Extra Tasty Cheddar Cheese 250g,RM 19.75,,No_link_found
https://jgut.jayagrocer.com/collections/dairy-produce,Dairy Produce,Olive Grove Spread 500g,RM 18.90,,No_link_found
https://jgut.jayagrocer.com/collections/dairy-produce,Dairy Produce,Brownes Greek Style Yogurts 1kg,RM 26.99,,No_link_found
https://jgut.jayagrocer.com/collections/dairy-produce,Dairy Produce,Lactel Greek Style Strawberry Field Yogurt 470g,RM 12.49,,No_link_found
https://jgut.jayagrocer.com/collections/dairy-produce,Dairy Produce,Perfect Italiano Pizza Plus Cheese 250g,RM 18.90,,No_link_found
https://jgut.jayagrocer.com/collections/dairy-produce,Dairy Produce,Shingo Pear (Korea) 2pcs/pack,RM 24.90,,No_link_found
https://jgut.jayagrocer.com/collections/dairy-produce,Dairy Produce,Emmi Swiss Apple Yogurt 100g,RM 3.99,,No_link_found
https://jgut.jayagrocer.com/collections/dairy-produce,Dairy Produce,Floridia Parmesan Grated Cheese 100g,RM 11.65,,No_link_found
https://jgut.jayagrocer.com/collections/dairy-produce,Dairy Produce,SCS Salted Butter 227g,RM 14.99,,No_link_found
https://jgut.jayagrocer.com/collections/dairy-produce,Dairy Produce,Mini Babybel 110g,RM 17.90,,No_link_found
https://jgut.jayagrocer.com/collections/dairy-produce,Dairy Produce,Emborg Pizza Topping Shredded Cheese 200g,RM 10.99,,No_link_found
https://jgut.jayagrocer.com/collections/dairy-produce,Dairy Produce,Bega Farmers Tasty Natural Cheese Slices 250g,RM 21.30,,No_link_found
https://jgut.jayagrocer.com/collections/dairy-produce,Dairy Produce,President Unsalted Butter 200g,RM 19.90,,No_link_found
https://jgut.jayagrocer.com/collections/dairy-produce,Dairy Produce,Emborg Red Cheddar Shredded Cheese 200g,RM 14.99,,No_link_found
https://jgut.jayagrocer.com/collections/dairy-produce,Dairy Produce,Anlene Mango Yogurt 110g,RM 2.00,,No_link_found
https://jgut.jayagrocer.com/collections/dairy-produce,Dairy Produce,The Laughing Cow Cheese Dippers 140g,RM 15.90,,No_link_found
https://jgut.jayagrocer.com/collections/dairy-produce,Dairy Produce,Milky Hokkaido Full Cream Milk 1L,RM 8.89,,No_link_found
https://jgut.jayagrocer.com/collections/dairy-produce,Dairy Produce,Meiji Dairy Low Fat Yogurt with Mixed Beries 135g,RM 2.99,,No_link_found
https://jgut.jayagrocer.com/collections/dairy-produce,Dairy Produce,Bega Processed Cheddar Cheese Block 250g,RM 14.25,,No_link_found
https://jgut.jayagrocer.com/collections/dairy-produce,Dairy Produce,Bega Cheddar Chesse Super Slices 250g,RM 13.20,,No_link_found
https://jgut.jayagrocer.com/collections/dairy-produce,Dairy Produce,NutriPlus Fresh Eggs with Organic Selenium 10pcs/pack,RM 7.90,,No_link_found
https://jgut.jayagrocer.com/collections/dairy-produce,Dairy Produce,Tru-Blue Garlic Butter Spread 150g,RM 10.95,,No_link_found
https://jgut.jayagrocer.com/collections/dairy-produce,Dairy Produce,Emborg Grated Parmesan Cheese 100g,RM 11.40,,No_link_found
https://jgut.jayagrocer.com/collections/dairy-produce,Dairy Produce,Emborg Mozarella Block 200g,RM 16.99,,No_link_found
https://jgut.jayagrocer.com/collections/dairy-produce,Dairy Produce,The Laughing Cow Cheese Spread in Portions 256g,RM 24.20,,No_link_found
https://jgut.jayagrocer.com/collections/dairy-produce,Dairy Produce,Farm Fresh Lactose Free Skinny Low Fat Pure Fresh Milk 1L,RM 9.55,,No_link_found
https://jgut.jayagrocer.com/collections/dairy-produce,Dairy Produce,Emborg Shredded Parmesan Cheese 150g,RM 14.99,,No_link_found
https://jgut.jayagrocer.com/collections/dairy-produce,Dairy Produce,Glenstal Foods Irish Vintage Cheddar Cheese 200g,RM 23.99,,No_link_found
https://jgut.jayagrocer.com/collections/dairy-produce,Dairy Produce,Bega Strong and Bitey Cheese Slices 250g,RM 21.30,,No_link_found
https://jgut.jayagrocer.com/collections/dairy-produce,Dairy Produce,Dairy Farmers Classic Vanilla Yoghurt 150g,RM 11.15,,No_link_found
https://jgut.jayagrocer.com/collections/dairy-produce,Dairy Produce,Family Favourites Grated Mozzarella Cheese 150g,RM 9.99,,No_link_found
https://jgut.jayagrocer.com/collections/dairy-produce,Dairy Produce,The Laughing Cow Creamy and Milky Cheese Spread 120g,RM 11.49,,No_link_found
https://jgut.jayagrocer.com/collections/dairy-produce,Dairy Produce,Emborg Italian Mozzarella Cheese Slices 200g,RM 13.50,,No_link_found
https://jgut.jayagrocer.com/collections/dairy-produce,Dairy Produce,Dairy Farmers Thick and Creamy Vanilla Yogurt 600g,RM 27.55,,No_link_found
https://jgut.jayagrocer.com/collections/dairy-produce,Dairy Produce,Lescure Salted Rolled Butter 250g,RM 25.40,,No_link_found
https://jgut.jayagrocer.com/collections/dairy-produce,Dairy Produce,Avonmore Salted Butter Lacpatrick 200g,RM 14.99,,No_link_found
https://jgut.jayagrocer.com/collections/dairy-produce,Dairy Produce,Tatura Cream Cheese 250g,RM 11.50,,No_link_found
https://jgut.jayagrocer.com/collections/dairy-produce,Dairy Produce,Fernleaf Calci Yum Grape and Strawberry 60g x 4,RM 5.25,,No_link_found
https://jgut.jayagrocer.com/collections/dairy-produce,Dairy Produce,Emborg UHT Cooking Cream 1L,RM 27.50,,No_link_found
https://jgut.jayagrocer.com/collections/dairy-produce,Dairy Produce,Apetina Feta Cheese in Spices 100g,RM 10.20,,No_link_found
https://jgut.jayagrocer.com/collections/dairy-produce,Dairy Produce,Perfect Italiano Parmesan Grated Cheese 125g,RM 14.99,,No_link_found
https://jgut.jayagrocer.com/collections/dairy-produce,Dairy Produce,Marigold HL Low Fat Milk 1.89L,RM 15.99,,No_link_found
https://jgut.jayagrocer.com/collections/dairy-produce,Dairy Produce,Bega Cheddar Cheese Super Slims 250g,RM 13.20,,No_link_found
https://jgut.jayagrocer.com/collections/dairy-produce,Dairy Produce,Sunglo Low Fat Natural Greek Yogurt 135g,RM 3.85,,No_link_found
https://jgut.jayagrocer.com/collections/dairy-produce,Dairy Produce,Emborg 3 Cheese Bake Shredded 200g,RM 14.99,,No_link_found
https://jgut.jayagrocer.com/collections/dairy-produce,Dairy Produce,Floridia Mozarella Cheese 250g,RM 18.50,,No_link_found
https://jgut.jayagrocer.com/collections/dairy-produce,Dairy Produce,Yoplait Petit Miam Banana Yoghurt 70g,RM 5.90,,No_link_found
https://jgut.jayagrocer.com/collections/dairy-produce,Dairy Produce,Floridia Freshly Shredded Mozzarella Cheese 200g,RM 16.95,,No_link_found
https://jgut.jayagrocer.com/collections/dairy-produce,Dairy Produce,Goodday Chocolate Milk 1L,RM 7.59,,No_link_found
https://jgut.jayagrocer.com/collections/dairy-produce,Dairy Produce,Bega Stringers Cheese 20g x 4,RM 9.90,,No_link_found
https://jgut.jayagrocer.com/collections/dairy-produce,Dairy Produce,Emmi Swiss Premium Low Fat Mango Yoghurt 100g,RM 3.99,,No_link_found
https://jgut.jayagrocer.com/collections/dairy-produce,Dairy Produce,Farm Fresh Kurma Milk 700ml,RM 9.40,,No_link_found
https://jgut.jayagrocer.com/collections/dairy-produce,Dairy Produce,Farm Fresh Coffee Latte 700ml,RM 11.40,,No_link_found
https://jgut.jayagrocer.com/collections/dairy-produce,Dairy Produce,Dutch Lady Full Cream Milk 1L,RM 8.49,,No_link_found
https://jgut.jayagrocer.com/collections/dairy-produce,Dairy Produce,Sunglo Squeeze Smooth Strawberry Yoghurt 120g,RM 2.60,,No_link_found
https://jgut.jayagrocer.com/collections/dairy-produce,Dairy Produce,President Mozzarella Sliced Cheese 200g,RM 14.69,,No_link_found
https://jgut.jayagrocer.com/collections/dairy-produce,Dairy Produce,Bulla Strawberry Frozen Yogurt 1L,RM 19.90,,No_link_found
https://jgut.jayagrocer.com/collections/dairy-produce,Dairy Produce,Emborg Perfect Pasta 200ml,RM 7.79,,No_link_found
https://jgut.jayagrocer.com/collections/dairy-produce,Dairy Produce,Masters From Europe Camembert 125g,RM 13.99,,No_link_found
https://jgut.jayagrocer.com/collections/dairy-produce,Dairy Produce,Olive Grove Spread Lite 500g,RM 18.90,,No_link_found
https://jgut.jayagrocer.com/collections/dairy-produce,Dairy Produce,Farmers Union Greek Style Vanilla Yogurt 140g x 2,RM 13.75,,No_link_found
https://jgut.jayagrocer.com/collections/dairy-produce,Dairy Produce,Floridia Mozzarella Cheese 500g,RM 29.25,,No_link_found
https://jgut.jayagrocer.com/collections/dairy-produce,Dairy Produce,Kerrygold Reserve Cheddar Cheese 198g,RM 19.95,,No_link_found
https://jgut.jayagrocer.com/collections/dairy-produce,Dairy Produce,Marigold Low Fat Natural Yogurt 130g,RM 3.00,,No_link_found
https://jgut.jayagrocer.com/collections/dairy-produce,Dairy Produce,Emborg Gouda Sliced Cheese 150g,RM 14.99,,No_link_found
https://jgut.jayagrocer.com/collections/dairy-produce,Dairy Produce,Emborg Pasta Cheese Shredded 200g,RM 14.99,,No_link_found
https://jgut.jayagrocer.com/collections/dairy-produce,Dairy Produce,Farmers Union Greek Style All Natural Light Yogurt 1kg,RM 35.75,,No_link_found
https://jgut.jayagrocer.com/collections/dairy-produce,Dairy Produce,Tablelands Olive Oil Spread 500g,RM 16.95,,No_link_found
https://jgut.jayagrocer.com/collections/dairy-produce,Dairy Produce,Meiji Dairy Low Fat Yogurt with Naturala De Coco 135g,RM 2.99,,No_link_found
https://jgut.jayagrocer.com/collections/dairy-produce,Dairy Produce,Lactel Kids Strawberry Yogurt 100g,RM 3.10,,No_link_found
https://jgut.jayagrocer.com/collections/dairy-produce,Dairy Produce,Farm Fresh Unsalted Butter 200g,RM 11.90,,No_link_found
https://jgut.jayagrocer.com/collections/dairy-produce,Dairy Produce,Manjun Laverland Crunch Wasabi Seaweed Snack 40.5g,RM 22.90,,No_link_found
https://jgut.jayagrocer.com/collections/dairy-produce,Dairy Produce,Naturel Soft Margarine 500g,RM 12.50,,No_link_found
https://jgut.jayagrocer.com/collections/dairy-produce,Dairy Produce,Emborg Havarti Cheese 150g,RM 14.99,,No_link_found
https://jgut.jayagrocer.com/collections/dairy-produce,Dairy Produce,Farm Fresh Farm Yogurt Original 120g,RM 3.00,,No_link_found
https://jgut.jayagrocer.com/collections/dairy-produce,Dairy Produce,Meiji Dairy Low Fat Yoghurt 135g,RM 2.99,,No_link_found
https://jgut.jayagrocer.com/collections/dairy-produce,Dairy Produce,Farm Fresh Strawberry Yogurt 120g,RM 3.10,,No_link_found
https://jgut.jayagrocer.com/collections/dairy-produce,Dairy Produce,Farm Fresh Peach Yogurt 120g,RM 3.10,,No_link_found
https://jgut.jayagrocer.com/collections/dairy-produce,Dairy Produce,Marigold HL Low Fat Milk 946ml,RM 7.99,,No_link_found
https://jgut.jayagrocer.com/collections/dairy-produce,Dairy Produce,Dairy Farmers Thick & Creamy Caramelised Fig Yoghurt 150g,RM 11.15,,No_link_found
https://jgut.jayagrocer.com/collections/dairy-produce,Dairy Produce,Sunglo Low Fat Strawberry Greek Yogurt 135g,RM 3.85,,No_link_found
https://jgut.jayagrocer.com/collections/dairy-produce,Dairy Produce,Lactel Kids Yogurt Grape 100g,RM 3.10,,No_link_found
https://jgut.jayagrocer.com/collections/dairy-produce,Dairy Produce,Masters From Europe Brie Cheese 125g,RM 13.99,,No_link_found
https://jgut.jayagrocer.com/collections/dairy-produce,Dairy Produce,Farm Fresh Salted Butter 200g,RM 11.90,,No_link_found
https://jgut.jayagrocer.com/collections/dairy-produce,Dairy Produce,Marigold Yoghurt (Mixed Fruits) 130g,RM 3.00,,No_link_found
https://jgut.jayagrocer.com/collections/dairy-produce,Dairy Produce,Pauls Pure Milk 1L,RM 9.29,,No_link_found
https://jgut.jayagrocer.com/collections/dairy-produce,Dairy Produce,Dairy Farmers Thick and Creamy Lemon Cream Yoghurt 600g,RM 27.55,,No_link_found
https://jgut.jayagrocer.com/collections/dairy-produce,Dairy Produce,Farm Fresh Natural Yogurt 1.4kg,RM 18.70,,No_link_found
https://jgut.jayagrocer.com/collections/dairy-produce,Dairy Produce,Yarra Natural Yogurt 1.4kg,RM 16.00,,No_link_found
https://jgut.jayagrocer.com/collections/dairy-produce,Dairy Produce,Farm Fresh Fruit Punch Yoghurt Drink 700g,RM 6.60,,No_link_found
https://jgut.jayagrocer.com/collections/dairy-produce,Dairy Produce,Bega Junior Natural Cheese Sticks 160g,RM 21.95,,No_link_found
https://jgut.jayagrocer.com/collections/dairy-produce,Dairy Produce,Farmers Union Greek Yogurt 140g x 2,RM 14.45,,No_link_found
https://jgut.jayagrocer.com/collections/dairy-produce,Dairy Produce,Glenstal Irish Mature Cheddar 200g,RM 23.99,,No_link_found
https://jgut.jayagrocer.com/collections/dairy-produce,Dairy Produce,Ile De France Petit Camembert Cheese 125g,RM 20.90,,No_link_found
https://jgut.jayagrocer.com/collections/dairy-produce,Dairy Produce,President Salted Butter 200g,RM 19.90,,No_link_found
https://jgut.jayagrocer.com/collections/dairy-produce,Dairy Produce,Manjun Hot and Spicy Crunchy Seaweed 4.5g x 9,RM 22.90,,No_link_found
https://jgut.jayagrocer.com/collections/dairy-produce,Dairy Produce,Farm Fresh Greek Mulberries and Strawberry Yogurt 120g,RM 4.20,,No_link_found
https://jgut.jayagrocer.com/collections/dairy-produce,Dairy Produce,Dairy Farmers Thick and Creamy Strawberry Yogurt 600g,RM 27.55,,No_link_found
https://jgut.jayagrocer.com/collections/dairy-produce,Dairy Produce,Avonmore Unsalted Butter Lacpatrick 200g,RM 14.99,,No_link_found
https://jgut.jayagrocer.com/collections/dairy-produce,Dairy Produce,Emborg Cheddar Topping Shredded Cheese 200g,RM 14.99,,No_link_found
https://jgut.jayagrocer.com/collections/dairy-produce,Dairy Produce,Emborg Spreadable Unsalted Butter 225g,RM 16.90,,No_link_found
https://jgut.jayagrocer.com/collections/dairy-produce,Dairy Produce,Farm Fresh Almond Milk 1L,RM 13.00,,No_link_found
https://jgut.jayagrocer.com/collections/dairy-produce,Dairy Produce,Fernleaf Calci Yum Yogurt Twin Pack 60g x 8,RM 8.69,,No_link_found
https://jgut.jayagrocer.com/collections/dairy-produce,Dairy Produce,The Laughing Cow Belcube Cheese Spread 125g,RM 18.50,,No_link_found
https://jgut.jayagrocer.com/collections/dairy-produce,Dairy Produce,Emborg Edam Sliced Cheese 150g,RM 14.99,,No_link_found
https://jgut.jayagrocer.com/collections/dairy-produce,Dairy Produce,Floridia Grated Parmesan Cheese 250g,RM 26.90,,No_link_found
https://jgut.jayagrocer.com/collections/dairy-produce,Dairy Produce,Emborg Whipped Cream 250ml,RM 17.75,,No_link_found
https://jgut.jayagrocer.com/collections/dairy-produce,Dairy Produce,Emborg Perfect Burger Cheese Slices 200g,RM 8.95,,No_link_found
https://jgut.jayagrocer.com/collections/dairy-produce,Dairy Produce,Marigold Low Fat Strawberry Yogurt 130g,RM 3.00,,No_link_found
https://jgut.jayagrocer.com/collections/dairy-produce,Dairy Produce,Arla Mozzarella Cheese 200g,RM 19.70,,No_link_found
https://jgut.jayagrocer.com/collections/dairy-produce,Dairy Produce,Farm Fresh Skinny Yogurt (Lowfat) 400g,RM 6.50,,No_link_found
https://jgut.jayagrocer.com/collections/dairy-produce,Dairy Produce,Castello Brie Cheese 125g,RM 16.95,,No_link_found
https://jgut.jayagrocer.com/collections/dairy-produce,Dairy Produce,Nuttelex Original Spread 375g,RM 12.99,,No_link_found
https://jgut.jayagrocer.com/collections/dairy-produce,Dairy Produce,Marigold 0% Fat Blueberry Yogurt 130g,RM 3.00,,No_link_found
https://jgut.jayagrocer.com/collections/dairy-produce,Dairy Produce,President Burger Cheddar Cheese Slices 400g,RM 22.49,,No_link_found
https://jgut.jayagrocer.com/collections/dairy-produce,Dairy Produce,Belgium Chocolate Moist Cake 1pack,RM 16.90,,No_link_found
https://jgut.jayagrocer.com/collections/dairy-produce,Dairy Produce,Chobani Natural Yogurt 907g,RM 34.99,,No_link_found
https://jgut.jayagrocer.com/collections/dairy-produce,Dairy Produce,Emmi Greek Style Yogurt Blueberry 150g,RM 8.99,,No_link_found
https://jgut.jayagrocer.com/collections/dairy-produce,Dairy Produce,The Laughing Cow Belcube Cheese Spread 125g,RM 18.50,,No_link_found
https://jgut.jayagrocer.com/collections/dairy-produce,Dairy Produce,Emborg Monterey Jack Natural Sliced Cheese 150g,RM 14.99,,No_link_found
https://jgut.jayagrocer.com/collections/dairy-produce,Dairy Produce,SCS Pure Creamery Salted Butter Portions 10g x 12,RM 12.80,,No_link_found
https://jgut.jayagrocer.com/collections/dairy-produce,Dairy Produce,Fernleaf Calci Yum Vanilla and Grape Yogurt 60g x 4,RM 5.25,,No_link_found
https://jgut.jayagrocer.com/collections/dairy-produce,Dairy Produce,Arla Sandwich Cheese Slice 200g,RM 9.95,,No_link_found
https://jgut.jayagrocer.com/collections/dairy-produce,Dairy Produce,Bega Cheddar Super Slices Cheese 500g,RM 25.90,,No_link_found
https://jgut.jayagrocer.com/collections/dairy-produce,Dairy Produce,Emmi Greek Style Yogurt Blueberry 450g,RM 19.99,,No_link_found
https://jgut.jayagrocer.com/collections/dairy-produce,Dairy Produce,Anlene Mixed Berries Low Fat Yogurt 110g,RM 2.00,,No_link_found
https://jgut.jayagrocer.com/collections/dairy-produce,Dairy Produce,Arla Apetina Feta Cubes In Brine 200g,RM 18.95,,No_link_found
https://jgut.jayagrocer.com/collections/dairy-produce,Dairy Produce,Dairy Farmers Thick and Creamy Mango and Passionfruit Yogurt 600g,RM 27.55,,No_link_found
https://jgut.jayagrocer.com/collections/dairy-produce,Dairy Produce,Dairy Farmers Thick and Creamy Yellow Box Honey Yoghurt 150g,RM 11.15,,No_link_found
https://jgut.jayagrocer.com/collections/dairy-produce,Dairy Produce,The Laughing Cow Belcube Plain 15Cubes 78g,RM 12.90,,No_link_found
https://jgut.jayagrocer.com/collections/dairy-produce,Dairy Produce,Fernleaf Calci Yum Mango and Strawberry 60g x 4,RM 5.25,,No_link_found
https://jgut.jayagrocer.com/collections/dairy-produce,Dairy Produce,Farm House Fresh Milk Chocolate  1L,RM 12.70,,No_link_found
https://jgut.jayagrocer.com/collections/dairy-produce,Dairy Produce,137 Almond Milk 180ml x 3,RM 14.50,,No_link_found
https://jgut.jayagrocer.com/collections/dairy-produce,Dairy Produce,Kerrygold Spreadable Butter 227g,RM 26.95,,No_link_found
https://jgut.jayagrocer.com/collections/dairy-produce,Dairy Produce,Emborg French UHT Cooking Cream 200ml x 3,RM 19.99,,No_link_found
https://jgut.jayagrocer.com/collections/dairy-produce,Dairy Produce,Tatura Cream Cheese 500g,RM 21.60,,No_link_found
https://jgut.jayagrocer.com/collections/dairy-produce,Dairy Produce,Anchor Aerosol Whipping Cream 400ml,RM 25.90,,No_link_found
https://jgut.jayagrocer.com/collections/dairy-produce,Dairy Produce,SCS Reduced Fat Cheese Slices 200g,RM 10.99,,No_link_found
https://jgut.jayagrocer.com/collections/dairy-produce,Dairy Produce,Family Favourite Low Fat Mozzarella Cheese 150g,RM 9.99,,No_link_found
https://jgut.jayagrocer.com/collections/dairy-produce,Dairy Produce,Farm Fresh Natural Yogurt 400g,RM 6.50,,No_link_found
https://jgut.jayagrocer.com/collections/dairy-produce,Dairy Produce,Lescure Whipping Cream 1L,RM 31.99,,No_link_found
https://jgut.jayagrocer.com/collections/dairy-produce,Dairy Produce,Global Garlic Butter Spread 180g,RM 8.20,,No_link_found
https://jgut.jayagrocer.com/collections/dairy-produce,Dairy Produce,Laughing Cow Cheese Spread Light 133g,RM 11.49,,No_link_found
https://jgut.jayagrocer.com/collections/dairy-produce,Dairy Produce,Dutch Lady Pure Farm Chocolate Milk 1L,RM 8.49,,No_link_found
https://jgut.jayagrocer.com/collections/dairy-produce,Dairy Produce,Chobani Natural Light Greek Yogurt 160g,RM 9.99,,No_link_found
https://jgut.jayagrocer.com/collections/dairy-produce,Dairy Produce,Anlene Strawberry Low Fat Yogurt 110g,RM 2.00,,No_link_found
https://jgut.jayagrocer.com/collections/dairy-produce,Dairy Produce,Emborg UGO Raspberry 100g,RM 3.00,,No_link_found
https://jgut.jayagrocer.com/collections/dairy-produce,Dairy Produce,Emborg Swiss Cheese Slice 150g,RM 14.99,,No_link_found
https://jgut.jayagrocer.com/collections/dairy-produce,Dairy Produce,Yarra Farm Fresh Full Cream Milk UHT 1L,RM 6.50,,No_link_found
https://jgut.jayagrocer.com/collections/dairy-produce,Dairy Produce,Farm Fresh Greek Apricot & 5 Seeds 120g,RM 4.20,,No_link_found
https://jgut.jayagrocer.com/collections/dairy-produce,Dairy Produce,Dairy Farmers Thick & Creamy Caramelised Fig Yoghurt 600g,RM 27.55,,No_link_found
https://jgut.jayagrocer.com/collections/dairy-produce,Dairy Produce,Farm Fresh Farm Yogurt Apricot 120g,RM 3.10,,No_link_found
https://jgut.jayagrocer.com/collections/dairy-produce,Dairy Produce,Kiri Cream Cheese 100g,RM 12.80,,No_link_found
https://jgut.jayagrocer.com/collections/dairy-produce,Dairy Produce,Emborg UGO Peach and Passionfruit 100g,RM 3.00,,No_link_found
https://jgut.jayagrocer.com/collections/dairy-produce,Dairy Produce,Mini Babybel Tasty Cheddar Cheese 100g,RM 17.90,,No_link_found
https://jgut.jayagrocer.com/collections/dairy-produce,Dairy Produce,Emmi Greek Style Yogurt Peach 450g,RM 19.99,,No_link_found
https://jgut.jayagrocer.com/collections/dairy-produce,Dairy Produce,Yarra Natural Yogurt 470g,RM 6.80,,No_link_found
https://jgut.jayagrocer.com/collections/dairy-produce,Dairy Produce,Farm Fresh Skinny Low Fat Yoghurt 1.4kg,RM 18.70,,No_link_found
https://jgut.jayagrocer.com/collections/dairy-produce,Dairy Produce,Ile De France Petit Brie 125g,RM 20.90,,No_link_found
https://jgut.jayagrocer.com/collections/dairy-produce,Dairy Produce,Farm Fresh Lychee Yoghurt Drink 700g,RM 6.60,,No_link_found
https://jgut.jayagrocer.com/collections/dairy-produce,Dairy Produce,Mega Food Danish Butter Unsalted 250g,RM 12.99,,No_link_found
https://jgut.jayagrocer.com/collections/dairy-produce,Dairy Produce,Dairy Farmers Thick & Creamy Mango and Passionfruit Yoghurt 150g,RM 11.15,,No_link_found
https://jgut.jayagrocer.com/collections/dairy-produce,Dairy Produce,The Laughing Cow Original Cheese Spread 200g,RM 17.99,,No_link_found
https://jgut.jayagrocer.com/collections/dairy-produce,Dairy Produce,Emborg U'Go Strawberry 100g,RM 3.00,,No_link_found
https://jgut.jayagrocer.com/collections/dairy-produce,Dairy Produce,Castello Camembert Cheese 125g,RM 16.95,,No_link_found
https://jgut.jayagrocer.com/collections/dairy-produce,Dairy Produce,Nuttelex Spread with Olive Oil 375g,RM 16.69,,No_link_found
https://jgut.jayagrocer.com/collections/dairy-produce,Dairy Produce,Lactel Vanilla Flavour Set Yogurt 470g,RM 8.20,,No_link_found
https://jgut.jayagrocer.com/collections/dairy-produce,Dairy Produce,Emmi Greek Style Yogurt Mango 150g,RM 8.99,,No_link_found
https://jgut.jayagrocer.com/collections/dairy-produce,Dairy Produce,Marigold Fat Free Strawberry Yogurt 130g,RM 3.00,,No_link_found
https://jgut.jayagrocer.com/collections/dairy-produce,Dairy Produce,Emborg Natural Sliced Cheese Mozzarella 150g,RM 14.99,,No_link_found
https://jgut.jayagrocer.com/collections/dairy-produce,Dairy Produce,Family Favourites Pizza Topping with Mozzarella Cheese 150g,RM 9.99,,No_link_found
https://jgut.jayagrocer.com/collections/dairy-produce,Dairy Produce,Golden Churn Creamery Salted Butter Tub 250g,RM 22.60,,No_link_found
https://jgut.jayagrocer.com/collections/dairy-produce,Dairy Produce,Bega Cheddar Cheese Super Slims 500g,RM 25.90,,No_link_found
https://jgut.jayagrocer.com/collections/dairy-produce,Dairy Produce,Lactel Greek Yogurt Peach 130g,RM 5.05,,No_link_found
https://jgut.jayagrocer.com/collections/dairy-produce,Dairy Produce,Horlicks 3 In 1 Instant Lite 28g x 10,RM 10.99,,No_link_found
https://jgut.jayagrocer.com/collections/dairy-produce,Dairy Produce,Sunglo Low Fat Mango Greek Yogurt 135g,RM 3.85,,No_link_found
https://jgut.jayagrocer.com/collections/dairy-produce,Dairy Produce,Tatua Dairy Whipped Cream 400g,RM 25.00,,No_link_found
https://jgut.jayagrocer.com/collections/dairy-produce,Dairy Produce,Chobani Strawberry Yogurt 160g,RM 9.99,,No_link_found
https://jgut.jayagrocer.com/collections/dairy-produce,Dairy Produce,Emborg UHT Whipping Cream 1L,RM 33.50,,No_link_found
https://jgut.jayagrocer.com/collections/dairy-produce,Dairy Produce,Tatua Creme Fraiche  500g,RM 21.99,,No_link_found
https://jgut.jayagrocer.com/collections/dairy-produce,Dairy Produce,Chobani Vanilla Blended Yogurt Pouch 140g,RM 10.29,,No_link_found
https://jgut.jayagrocer.com/collections/dairy-produce,Dairy Produce,Emmi Greek Style Strawberry Yogurt 150g,RM 8.99,,No_link_found
https://jgut.jayagrocer.com/collections/dairy-produce,Dairy Produce,Emborg Cream Cheese 200g x 2,RM 19.99,,No_link_found
https://jgut.jayagrocer.com/collections/dairy-produce,Dairy Produce,Farm Fresh Pure Fresh Milk 200g,RM 3.30,,No_link_found
https://jgut.jayagrocer.com/collections/dairy-produce,Dairy Produce,Nubian Goats Milk Original Flavour 200ml,RM 6.20,,No_link_found
https://jgut.jayagrocer.com/collections/dairy-produce,Dairy Produce,The Laughing Cow Cheese Dipper Strawberry Flavour 1pack,RM 15.90,,No_link_found
https://jgut.jayagrocer.com/collections/dairy-produce,Dairy Produce,Anchor UHT Whipping Cream 1L,RM 30.90,,No_link_found
https://jgut.jayagrocer.com/collections/dairy-produce,Dairy Produce,Mighty White Banana Cake 600g,RM 10.30,,No_link_found
https://jgut.jayagrocer.com/collections/dairy-produce,Dairy Produce,Sacred Hill Cabernet Merlot 750ml,RM 76.90,,No_link_found
https://jgut.jayagrocer.com/collections/dairy-produce,Dairy Produce,SCS Unsalted Pure Creamery Butter 10g x 12,RM 12.80,,No_link_found
https://jgut.jayagrocer.com/collections/dairy-produce,Dairy Produce,Bulla Premium Sour Cream 200g,RM 14.70,,No_link_found
https://jgut.jayagrocer.com/collections/dairy-produce,Dairy Produce,Emborg Danablu Extra Creamy Cheese 100g,RM 9.99,,No_link_found
https://jgut.jayagrocer.com/collections/dairy-produce,Dairy Produce,Chobani Blueberry Yogurt 160g,RM 9.99,,No_link_found
https://jgut.jayagrocer.com/collections/dairy-produce,Dairy Produce,Bulla Australian Style Yogurt Vanilla 160g,RM 8.99,,No_link_found
https://jgut.jayagrocer.com/collections/dairy-produce,Dairy Produce,Lescure Unsalted Butter Rectangle 200g,RM 19.90,,No_link_found
https://jgut.jayagrocer.com/collections/dairy-produce,Dairy Produce,Farm fresh banana flavoured milk 700g,RM 10.05,,No_link_found
https://jgut.jayagrocer.com/collections/dairy-produce,Dairy Produce,Granarolo Ricotta 250g,RM 33.90,,No_link_found
https://jgut.jayagrocer.com/collections/dairy-produce,Dairy Produce,Movenpick Greek Style Plain Yoghurt 100g,RM 5.99,,No_link_found
https://jgut.jayagrocer.com/collections/dairy-produce,Dairy Produce,Tatua Dairy Whip Whipped Cream  250g,RM 14.99,,No_link_found
https://jgut.jayagrocer.com/collections/dairy-produce,Dairy Produce,Mini Babybel Light Natural Cheese 100g,RM 17.90,,No_link_found
https://jgut.jayagrocer.com/collections/dairy-produce,Dairy Produce,Arla Burger Cheese Slice 400g,RM 19.60,,No_link_found
https://jgut.jayagrocer.com/collections/dairy-produce,Dairy Produce,Kraft Single Cheese Slices (12 slices) 250g,RM 12.90,,No_link_found
https://jgut.jayagrocer.com/collections/dairy-produce,Dairy Produce,Family Favourites Topping with Cheddar 150g,RM 9.99,,No_link_found
https://jgut.jayagrocer.com/collections/dairy-produce,Dairy Produce,Binggrae Strawberry Flavoured Milk 200ml,RM 5.00 - RM 22.90,,No_link_found
https://jgut.jayagrocer.com/collections/dairy-produce,Dairy Produce,Zonin Prosecco 750ml,RM 167.99,,No_link_found
https://jgut.jayagrocer.com/collections/dairy-produce,Dairy Produce,Lescure Unsalted Rolled Butter 250g,RM 25.40,,No_link_found
https://jgut.jayagrocer.com/collections/dairy-produce,Dairy Produce,Manjun Laverladn Crispy Seaweed Snack Teriyaki Flavour 4.5g x 9,RM 22.90,,No_link_found
https://jgut.jayagrocer.com/collections/dairy-produce,Dairy Produce,Horlicks Malt Instant Cereal 32g x 10,RM 11.99,,No_link_found
https://jgut.jayagrocer.com/collections/dairy-produce,Dairy Produce,Westgold UHT Whipping Cream 1L,RM 28.00,,No_link_found
https://jgut.jayagrocer.com/collections/dairy-produce,Dairy Produce,Kerrygold Garlic and Herb Butter Spread 100g,RM 11.25,,No_link_found
https://jgut.jayagrocer.com/collections/dairy-produce,Dairy Produce,Arla Whipping Cream 200ml,RM 10.35,,No_link_found
https://jgut.jayagrocer.com/collections/dairy-produce,Dairy Produce,Lactel Greek Yogurt Strawberry 130g,RM 5.05,,No_link_found
https://jgut.jayagrocer.com/collections/dairy-produce,Dairy Produce,Emmi Greek Style Yogurt Rasberry 150g,RM 8.99,,No_link_found
https://jgut.jayagrocer.com/collections/dairy-produce,Dairy Produce,Puck Cheese Stick Snack 18g x 6,RM 15.00,,No_link_found
https://jgut.jayagrocer.com/collections/dairy-produce,Dairy Produce,Lactel Greek Style Honey Yuzu Yogurt 470g,RM 12.49,,No_link_found
https://jgut.jayagrocer.com/collections/dairy-produce,Dairy Produce,Marigold UHT Full Cream 200ml x 3,RM 4.90,,No_link_found
https://jgut.jayagrocer.com/collections/dairy-produce,Dairy Produce,Chobani Fit Blueberry Yogurt 160g,RM 10.29,,No_link_found
https://jgut.jayagrocer.com/collections/dairy-produce,Dairy Produce,Emborg Camembert Soft White Mould Cheese 125g,RM 13.99,,No_link_found
https://jgut.jayagrocer.com/collections/dairy-produce,Dairy Produce,Emborg Red Cheddar Natural Sliced Cheese 150g,RM 14.99,,No_link_found
https://jgut.jayagrocer.com/collections/dairy-produce,Dairy Produce,Farmers Union Greek Honey Yogurt 140g x 2,RM 13.75,,No_link_found
https://jgut.jayagrocer.com/collections/dairy-produce,Dairy Produce,Nippy's Iced Vanilla Flavored Milk 375ml,RM 7.90,,No_link_found
https://jgut.jayagrocer.com/collections/dairy-produce,Dairy Produce,Chobani Fit Passion Fruit Yogurt 160g,RM 10.29,,No_link_found
https://jgut.jayagrocer.com/collections/dairy-produce,Dairy Produce,Farmers Union Greek Style Natural High Protein Yogurt 900g,RM 29.90,,No_link_found
https://jgut.jayagrocer.com/collections/dairy-produce,Dairy Produce,Naturel Olive Le Spread 500g,RM 13.99,,No_link_found
https://jgut.jayagrocer.com/collections/dairy-produce,Dairy Produce,Dutch Lady Pure Farm Low Fat Milk 1L,RM 8.49,,No_link_found
https://jgut.jayagrocer.com/collections/dairy-produce,Dairy Produce,Horlicks Chocolate Powder 400g,RM 32.90,,No_link_found
https://jgut.jayagrocer.com/collections/dairy-produce,Dairy Produce,Emborg Cheese Strips 84g,RM 10.90,,No_link_found
https://jgut.jayagrocer.com/collections/dairy-produce,Dairy Produce,Kraft Singles 25% Less Fat Cheese Slice 250g,RM 12.90,,No_link_found
https://jgut.jayagrocer.com/collections/dairy-produce,Dairy Produce,Arla Pizza Topping 75g,RM 14.55,,No_link_found
https://jgut.jayagrocer.com/collections/dairy-produce,Dairy Produce,Anlene Natural Low Fat Yogurt 110g,RM 2.00,,No_link_found
https://jgut.jayagrocer.com/collections/dairy-produce,Dairy Produce,Binggrae Banana Milk 200ml,RM 5.00 - RM 22.90,,No_link_found
https://jgut.jayagrocer.com/collections/dairy-produce,Dairy Produce,Dilmah Green Tea with Earl Grey 1.5g x 20,RM 11.20,,No_link_found
https://jgut.jayagrocer.com/collections/dairy-produce,Dairy Produce,Natalife Yogurt Konjac Jelly Grape Flavour 300g,RM 5.80,,No_link_found
https://jgut.jayagrocer.com/collections/dairy-produce,Dairy Produce,Farm Fresh Banana Uht Milk 200ml x 4,RM 11.00,,No_link_found
https://jgut.jayagrocer.com/collections/dairy-produce,Dairy Produce,Anchor Spreadable 200g,RM 11.39,,No_link_found
https://jgut.jayagrocer.com/collections/dairy-produce,Dairy Produce,Chobani Strawberry Yogurt Pouch 140g,RM 10.29,,No_link_found
https://jgut.jayagrocer.com/collections/dairy-produce,Dairy Produce,Naturel Soft Margarine Reduce Fat Spread 250g,RM 7.90,,No_link_found
https://jgut.jayagrocer.com/collections/dairy-produce,Dairy Produce,Goodday Full Cream Milk 500ml,RM 4.90,,No_link_found
https://jgut.jayagrocer.com/collections/dairy-produce,Dairy Produce,Morita Owari Otokoyama 1.8L,RM 133.90,,No_link_found
https://jgut.jayagrocer.com/collections/dairy-produce,Dairy Produce,Goodday Chocolate Milk 500ml,RM 4.90,,No_link_found
https://jgut.jayagrocer.com/collections/dairy-produce,Dairy Produce,Puck Cheddar Slice Cheese 10pcs/pack 200g,RM 8.70,,No_link_found
https://jgut.jayagrocer.com/collections/dairy-produce,Dairy Produce,Bulla Aus Style Yogurt Natural 160g,RM 8.99,,No_link_found
https://jgut.jayagrocer.com/collections/dairy-produce,Dairy Produce,Bull Dog Gin 750ml,RM 236.90,,No_link_found
https://jgut.jayagrocer.com/collections/dairy-produce,Dairy Produce,Movenpick Greek Style Forest Fruit Yoghurt 100g,RM 5.99,,No_link_found
https://jgut.jayagrocer.com/collections/dairy-produce,Dairy Produce,Movenpick Moments Of Joy Raspberry Yoghurt 100g,RM 4.79,,No_link_found
https://jgut.jayagrocer.com/collections/dairy-produce,Dairy Produce,Movenpick Moments Of Joy Blueberry Yoghurt 100g,RM 4.79,,No_link_found
https://jgut.jayagrocer.com/collections/dairy-produce,Dairy Produce,Emborg Mini Salted Butter 8g x 10,RM 8.90,,No_link_found
https://jgut.jayagrocer.com/collections/dairy-produce,Dairy Produce,Chobani Flip Triple Chocolate Brownie Greek Yogurt 140g,RM 10.99,,No_link_found
https://jgut.jayagrocer.com/collections/dairy-produce,Dairy Produce,Horlicks Malt Original 400g,RM 32.90,,No_link_found
https://jgut.jayagrocer.com/collections/dairy-produce,Dairy Produce,Emborg Cream Cheese Herbs 175g,RM 9.99,,No_link_found
https://jgut.jayagrocer.com/collections/dairy-produce,Dairy Produce,Sunglo Squeeze Smooth Vanilla Yoghurt 120g,RM 2.60,,No_link_found
https://jgut.jayagrocer.com/collections/dairy-produce,Dairy Produce,Chobani Fit Tropical Greek Yogurt 160g,RM 10.29,,No_link_found
https://jgut.jayagrocer.com/collections/dairy-produce,Dairy Produce,Manjun Crisp Seaweed Snack Cheese 4.5g x 9,RM 22.90,,No_link_found
https://jgut.jayagrocer.com/collections/dairy-produce,Dairy Produce,Food for Friends Pepper Jack Chunk 226g,RM 19.50,,No_link_found
https://jgut.jayagrocer.com/collections/dairy-produce,Dairy Produce,Dilmah Green Tea with Lemon 1.5g x 20,RM 11.20,,No_link_found
https://jgut.jayagrocer.com/collections/dairy-produce,Dairy Produce,UFC Velvet Dairy Free Almond Milk Drink Original 1L,RM 12.99,,No_link_found
https://jgut.jayagrocer.com/collections/dairy-produce,Dairy Produce,Emborg Brie White Mould Cheese 125g,RM 13.99,,No_link_found
https://jgut.jayagrocer.com/collections/dairy-produce,Dairy Produce,Natalife Yogurt Ice Cream Original 300g,RM 6.20,,No_link_found
https://jgut.jayagrocer.com/collections/dairy-produce,Dairy Produce,Naturel Soft Margerine Reduced Salt 250g,RM 7.90,,No_link_found
https://jgut.jayagrocer.com/collections/dairy-produce,Dairy Produce,McCormick Garlic Spread 135ml,RM 14.30,,No_link_found
https://jgut.jayagrocer.com/collections/dairy-produce,Dairy Produce,Lactel Greek Style Natural Yogurt 930g,RM 23.90,,No_link_found
https://jgut.jayagrocer.com/collections/dairy-produce,Dairy Produce,Chobani Fit Vanilla Yogurt Pouch 150g,RM 10.29,,No_link_found
https://jgut.jayagrocer.com/collections/dairy-produce,Dairy Produce,Emmi O% Fat Greek Style Yogurt 150g,RM 8.99,,No_link_found
https://jgut.jayagrocer.com/collections/dairy-produce,Dairy Produce,Chobani Fit Strawberry Yogurt 160g,RM 10.29,,No_link_found
https://jgut.jayagrocer.com/collections/dairy-produce,Dairy Produce,Chobani Raspberry Greek Yogurt 0% Fat 160g,RM 9.99,,No_link_found
https://jgut.jayagrocer.com/collections/dairy-produce,Dairy Produce,Lactel Greek Style Strawberry Yogurt 930g,RM 23.90,,No_link_found
https://jgut.jayagrocer.com/collections/dairy-produce,Dairy Produce,Chobani Fit Tropical Yogurt Pouch 150g,RM 10.29,,No_link_found
https://jgut.jayagrocer.com/collections/dairy-produce,Dairy Produce,Marigold Fat Free Natural Yogurt 470g,RM 8.55,,No_link_found
https://jgut.jayagrocer.com/collections/dairy-produce,Dairy Produce,Marigold Fat Free Mixed Berries Yogurt 470g,RM 8.55,,No_link_found
https://jgut.jayagrocer.com/collections/dairy-produce,Dairy Produce,Olive Grove Spread 375g,RM 17.20,,No_link_found
https://jgut.jayagrocer.com/collections/dairy-produce,Dairy Produce,Chobani Fit Raspberry Yogurt Pouch 150g,RM 10.29,,No_link_found
https://jgut.jayagrocer.com/collections/dairy-produce,Dairy Produce,Arla Sandwich Cheese Slice 400g,RM 19.60,,No_link_found
https://jgut.jayagrocer.com/collections/dairy-produce,Dairy Produce,Lemnos Fruit Cheese Melon and Mango 125g,RM 23.80,,No_link_found
https://jgut.jayagrocer.com/collections/dairy-produce,Dairy Produce,Pauls Low Fat Milk 1L,RM 9.29,,No_link_found
https://jgut.jayagrocer.com/collections/dairy-produce,Dairy Produce,Food For Friend Cheddar Sharp Chunk 226g,RM 19.50,,No_link_found
https://jgut.jayagrocer.com/collections/dairy-produce,Dairy Produce,Movenpick Moments Of Joy Strawberry Yoghurt 100g,RM 4.79,,No_link_found
https://jgut.jayagrocer.com/collections/dairy-produce,Dairy Produce,Chobani Fit Salted Caramel Greek Yogurt 160g,RM 10.29,,No_link_found
https://jgut.jayagrocer.com/collections/dairy-produce,Dairy Produce,Lotte Choco Cookie Pepero Biscuit Sticks 32g,RM 5.90,,No_link_found
https://jgut.jayagrocer.com/collections/dairy-produce,Dairy Produce,Arizona Watermelon Fruit Juice Cocktail 680ml,RM 6.90,,No_link_found
https://jgut.jayagrocer.com/collections/dairy-produce,Dairy Produce,Chesdale Cheddar Cheese Spread 125g,RM 7.50,,No_link_found
https://jgut.jayagrocer.com/collections/dairy-produce,Dairy Produce,Bega Cheddar Smokey BBQ Slices Cheese 200g,RM 11.15,,No_link_found
https://jgut.jayagrocer.com/collections/dairy-produce,Dairy Produce,Emborg Mon Ami Butter Roll Unsalted 250g,RM 20.75,,No_link_found
https://jgut.jayagrocer.com/collections/dairy-produce,Dairy Produce,Chobani Flip Caramel Yogurt 140g,RM 10.99,,No_link_found
https://jgut.jayagrocer.com/collections/dairy-produce,Dairy Produce,Emmi Swiss Premium Low Fat Strawberry Yoghurt 100g,RM 3.99,,No_link_found
https://jgut.jayagrocer.com/collections/dairy-produce,Dairy Produce,Marigold HL Chocolate Milk 200ml,RM 2.70,,No_link_found
https://jgut.jayagrocer.com/collections/dairy-produce,Dairy Produce,Brownes Strawberry Yogurt 170g,RM 9.90,,No_link_found
https://jgut.jayagrocer.com/collections/dairy-produce,Dairy Produce,Brownes Vanilla Bean Yogurt 170g,RM 9.90,,No_link_found
https://jgut.jayagrocer.com/collections/dairy-produce,Dairy Produce,Tatua Chocolate Mousse (Bottle) 250ml,RM 14.99,,No_link_found
https://jgut.jayagrocer.com/collections/dairy-produce,Dairy Produce,Emborg Mini Unsalted Butter 8g x 10,RM 8.90,,No_link_found
https://jgut.jayagrocer.com/collections/dairy-produce,Dairy Produce,Perfect Italiano Perfect Melt 150g,RM 12.75,,No_link_found
https://jgut.jayagrocer.com/collections/dairy-produce,Dairy Produce,La Mere Poulard Sables Caramel Butter 125g,RM 15.80,,No_link_found
https://jgut.jayagrocer.com/collections/dairy-produce,Dairy Produce,Elle and Vire Mixed Berry Yoghurt 125g,RM 4.80,,No_link_found
https://jgut.jayagrocer.com/collections/dairy-produce,Dairy Produce,Marigold Milk Pudding Coconut Sweetcorn 95g x 2,RM 3.90,,No_link_found
https://jgut.jayagrocer.com/collections/dairy-produce,Dairy Produce,Ashgrove Cheese Lake St Clair Mature Cheddar 140g,RM 23.90,,No_link_found
https://jgut.jayagrocer.com/collections/dairy-produce,Dairy Produce,Ashgrove Shipstern Bluff Extra Tasty Cheddar 140g,RM 23.90,,No_link_found
https://jgut.jayagrocer.com/collections/dairy-produce,Dairy Produce,Elle & Vire Yoghurt Strawberry 125g,RM 4.80,,No_link_found
https://jgut.jayagrocer.com/collections/dairy-produce,Dairy Produce,Emborg Monterey Jack Shredded 200g,RM 14.99,,No_link_found
https://jgut.jayagrocer.com/collections/dairy-produce,Dairy Produce,Japanese Cheese Stick 1unit,RM 3.00,,No_link_found
https://jgut.jayagrocer.com/collections/dairy-produce,Dairy Produce,Chobani Greek Yogurt Blueberry 0% Fat Pouch 140g,RM 10.29,,No_link_found
https://jgut.jayagrocer.com/collections/dairy-produce,Dairy Produce,Emmi Swiss Premium Low Fat Blueberry Yoghurt 100g,RM 3.99,,No_link_found
https://jgut.jayagrocer.com/collections/dairy-produce,Dairy Produce,Emmi Swiss Premium Low Fat Plain Yoghurt 100g,RM 3.99,,No_link_found
https://jgut.jayagrocer.com/collections/dairy-produce,Dairy Produce,Emmi Swiss Premium Low Fat Raspberry Yoghurt 100g,RM 3.99,,No_link_found
https://jgut.jayagrocer.com/collections/dairy-produce,Dairy Produce,Brownes Natural Yogurt 170g,RM 9.90,,No_link_found
https://jgut.jayagrocer.com/collections/dairy-produce,Dairy Produce,The Laughing Cow Cheese Dipper Blueberry Flavour 1pack,RM 15.90,,No_link_found
https://jgut.jayagrocer.com/collections/dairy-produce,Dairy Produce,Lactel Temptation Natural Yogurt Drink 500g,RM 7.50,,No_link_found
https://jgut.jayagrocer.com/collections/dairy-produce,Dairy Produce,Shirayuki Josen Sesshu Otokoyama 1.8L,RM 129.90,,No_link_found
https://jgut.jayagrocer.com/collections/dairy-produce,Dairy Produce,Puck Processed Original Slice Cheese 10pcs/pack 200g,RM 8.70,,No_link_found
https://jgut.jayagrocer.com/collections/dairy-produce,Dairy Produce,Marigold Yogurt Fat Free Natural 130g,RM 3.00,,No_link_found
https://jgut.jayagrocer.com/collections/dairy-produce,Dairy Produce,Chobani Fit Banana Yogurt Pouch 150g,RM 10.29,,No_link_found
https://jgut.jayagrocer.com/collections/dairy-produce,Dairy Produce,Emmi Greek Style Yogurt Peach 150g,RM 8.99,,No_link_found
https://jgut.jayagrocer.com/collections/dairy-produce,Dairy Produce,Fireball Cinnamon Whisky Liquer 700ml,RM 139.99,,No_link_found
https://jgut.jayagrocer.com/collections/dairy-produce,Dairy Produce,UK Farm Goat Milk Chocolate 820ml,RM 26.50,,No_link_found
https://jgut.jayagrocer.com/collections/dairy-produce,Dairy Produce,Marigold Fat Free Strawberry Yogurt 470g,RM 8.55,,No_link_found
https://jgut.jayagrocer.com/collections/dairy-produce,Dairy Produce,Dbr (Lafite) Aussieres Red Blend 750ml,RM 95.90,,No_link_found
https://jgut.jayagrocer.com/collections/dairy-produce,Dairy Produce,La Mere Poulard Sables French Butter 125g,RM 15.80,,No_link_found
https://jgut.jayagrocer.com/collections/dairy-produce,Dairy Produce,Karihome High Calcium Goat Milk 800g,RM 119.00,,No_link_found
https://jgut.jayagrocer.com/collections/dairy-produce,Dairy Produce,Emborg Mascarpone 250g,RM 19.80,,No_link_found
https://jgut.jayagrocer.com/collections/dairy-produce,Dairy Produce,President Light Cheddar Cheese 200g,RM 14.69,,No_link_found
https://jgut.jayagrocer.com/collections/dairy-produce,Dairy Produce,De Bortoli Sacred Hill Rose 750ml,RM 59.88,,No_link_found
https://jgut.jayagrocer.com/collections/dairy-produce,Dairy Produce,Grey Goose Vodka 700ml,RM 289.99,,No_link_found
https://jgut.jayagrocer.com/collections/dairy-produce,Dairy Produce,Binggrae Melon Milk Drink 200ml,RM 5.00 - RM 22.90,,No_link_found
https://jgut.jayagrocer.com/collections/dairy-produce,Dairy Produce,Dilmah Green Tea with Mango 1.5g x 20,RM 11.20,,No_link_found
https://jgut.jayagrocer.com/collections/dairy-produce,Dairy Produce,Sacred Hill Sparkling Brut 750ml,RM 129.88,,No_link_found
https://jgut.jayagrocer.com/collections/dairy-produce,Dairy Produce,Los Haroldos Estate Cabernet Sauvignon Red Wine 750ml,RM 79.99,,No_link_found
https://jgut.jayagrocer.com/collections/dairy-produce,Dairy Produce,Chateau Los Boldos Reserva Carmenere Red Wine 750ml,RM 68.90,,No_link_found
https://jgut.jayagrocer.com/collections/dairy-produce,Dairy Produce,Snow Neo Soft Spread 320g,RM 20.90,,No_link_found
https://jgut.jayagrocer.com/collections/dairy-produce,Dairy Produce,137 Degrees Almond Milk Coffee Latte 180ml x 3,RM 14.50,,No_link_found
https://jgut.jayagrocer.com/collections/dairy-produce,Dairy Produce,Anlene UHT Milk Choc 180ml x 4,RM 7.90,,No_link_found
https://jgut.jayagrocer.com/collections/dairy-produce,Dairy Produce,Perfect Italiano Perfect Pizza Shredded Cheese 150g,RM 13.00,,No_link_found
https://jgut.jayagrocer.com/collections/dairy-produce,Dairy Produce,Perfect Italiano Perfect Bakes 150g,RM 13.00,,No_link_found
https://jgut.jayagrocer.com/collections/water,Water,Spritzer Mineral Water 6L,RM 8.90,,No_link_found
https://jgut.jayagrocer.com/collections/water,Water,Spritzer Sparkling Mineral Water 1L,RM 3.90 - RM 44.90,,No_link_found
https://jgut.jayagrocer.com/collections/water,Water,Spritzer Mineral Water 1.25L,RM 2.60 - RM 26.90,,No_link_found
https://jgut.jayagrocer.com/collections/water,Water,Bleu Natural Mineral Water 1.5L,RM 1.80 - RM 17.90,,No_link_found
https://jgut.jayagrocer.com/collections/water,Water,Bleu Natural Mineral Water 600ml,RM 0.80 - RM 17.90,,No_link_found
https://jgut.jayagrocer.com/collections/water,Water,Cowa Coconut Water 330ml,RM 3.80,,No_link_found
https://jgut.jayagrocer.com/collections/water,Water,Spritzer Distilled Water 1.25L,RM 2.60 - RM 26.50,,No_link_found
https://jgut.jayagrocer.com/collections/water,Water,F&N Club Soda Water 325ml,RM 1.75 - RM 37.00,,No_link_found
https://jgut.jayagrocer.com/collections/water,Water,F&N Ice Mountain Mineral Water 1.5L,RM 1.50 - RM 16.50,,No_link_found
https://jgut.jayagrocer.com/collections/water,Water,Moma Water 1.5L,RM 2.35,,No_link_found
https://jgut.jayagrocer.com/collections/water,Water,Summer Reverse Osmosis Drinking Water 500ml,RM 0.60 - RM 9.50,,No_link_found
https://jgut.jayagrocer.com/collections/water,Water,San Pellegrino Sparkling Natural Mineral Water 750ml,RM 11.20,,No_link_found
https://jgut.jayagrocer.com/collections/water,Water,Jaya Grocer Mineral Water 1500ml,RM 1.95 - RM 9.50,,No_link_found
https://jgut.jayagrocer.com/collections/water,Water,Summer Drinking Water 5.5L,RM 5.50,,No_link_found
https://jgut.jayagrocer.com/collections/water,Water,Spritzer Mineral Water 550ml,RM 1.40 - RM 26.90,,No_link_found
https://jgut.jayagrocer.com/collections/water,Water,Jaya Grocer Mineral Water 300ml x 24,RM 12.90,,No_link_found
https://jgut.jayagrocer.com/collections/water,Water,Spritzer Distilled Water 6L,RM 9.00,,No_link_found
https://jgut.jayagrocer.com/collections/water,Water,Spritzer Distilled Water 550ml,RM 1.50 - RM 26.50,,No_link_found
https://jgut.jayagrocer.com/collections/water,Water,S.Pellegrino Sparkling Mineral Water 1L,RM 11.20,,No_link_found
https://jgut.jayagrocer.com/collections/water,Water,F&N Ice Mountain Mineral Water 600ml,RM 0.80 - RM 16.50,,No_link_found
https://jgut.jayagrocer.com/collections/water,Water,Volvic Mineral Water  1.5L,RM 10.90 - RM 47.90,,No_link_found
https://jgut.jayagrocer.com/collections/water,Water,Spritzer Sparkling Lemon Mineral Water 400ml,RM 2.10,,No_link_found
https://jgut.jayagrocer.com/collections/water,Water,Evian Mineral Water Multipack 1.5L x 6,RM 62.50,,No_link_found
https://jgut.jayagrocer.com/collections/water,Water,Evervess Tonic Water Can 320ml,RM 2.20 - RM 5.99,,No_link_found
https://jgut.jayagrocer.com/collections/water,Water,F&N Ed Tonic Water 325ml,RM 1.90 - RM 7.20,,No_link_found
https://jgut.jayagrocer.com/collections/water,Water,Vida C Lemon Sparkling Flavoured Drink 325ml,RM 2.90 - RM 11.50,,No_link_found
https://jgut.jayagrocer.com/collections/water,Water,Glaceau Vitamin Water Power-C Dragonfruit 500ml,RM 4.50,,No_link_found
https://jgut.jayagrocer.com/collections/water,Water,Cocomax Coconut Water 1L,RM 11.60,,No_link_found
https://jgut.jayagrocer.com/collections/water,Water,Evian Sport Cap Natural Mineral Water 750ml,RM 10.20,,No_link_found
https://jgut.jayagrocer.com/collections/water,Water,Acqua Panna Mineral Water  1L,RM 11.20,,No_link_found
https://jgut.jayagrocer.com/collections/water,Water,Glaceau Vitamin Water Essential Orange 500ml,RM 4.50,,No_link_found
https://jgut.jayagrocer.com/collections/water,Water,Evian Sparkling Water 750ml,RM 15.50,,No_link_found
https://jgut.jayagrocer.com/collections/water,Water,San Pellegrino Sparkling Natural Mineral Water 250ml,RM 6.50 - RM 40.50,,No_link_found
https://jgut.jayagrocer.com/collections/water,Water,Acqua Panna Mineral Water 750ml,RM 11.20,,No_link_found
https://jgut.jayagrocer.com/collections/water,Water,Cosip Coconut Water 1L,RM 9.20,,No_link_found
https://jgut.jayagrocer.com/collections/water,Water,Volvic Mineral Water 1.5L x 6,RM 57.90,,No_link_found
https://jgut.jayagrocer.com/collections/water,Water,Fiji Natural Artesian Water 500ml,RM 7.90,,No_link_found
https://jgut.jayagrocer.com/collections/water,Water,UFC Refresh Coconut Water 500ml,RM 4.89,,No_link_found
https://jgut.jayagrocer.com/collections/water,Water,S.Pellegrino Sparkling Mineral Water 500ml,RM 7.90,,No_link_found
https://jgut.jayagrocer.com/collections/water,Water,Volvic Mineral Water 500ml,RM 5.20,,No_link_found
https://jgut.jayagrocer.com/collections/water,Water,Paldo Pororo Tropical Fruit Drink 235ml,RM 4.20,,No_link_found
https://jgut.jayagrocer.com/collections/water,Water,Paldo Pororo Peach Flavour Drink 235ml,RM 4.20,,No_link_found
https://jgut.jayagrocer.com/collections/water,Water,Paldo Pororo Strawberry Flavour Drink 235ml,RM 4.20,,No_link_found
https://jgut.jayagrocer.com/collections/water,Water,Good Today Sparkling Water Lime 500ml,RM 4.90,,No_link_found
https://jgut.jayagrocer.com/collections/water,Water,Good Today Sparkling Water Lemon 500ml,RM 4.90,,No_link_found
https://jgut.jayagrocer.com/collections/water,Water,Schweppes Mineral Water Passionfruit and Pineapple 375ml,RM 6.90,,No_link_found
https://jgut.jayagrocer.com/collections/water,Water,Spritzer So Tinge Carbonated Watermelon 325ml,RM 1.70,,No_link_found
https://jgut.jayagrocer.com/collections/water,Water,Spritzer So Tinge Carbonated Lemon 325ml,RM 1.70,,No_link_found
https://jgut.jayagrocer.com/collections/water,Water,Acqua Panna Mineral Water 250ml,RM 6.90,,No_link_found
https://jgut.jayagrocer.com/collections/water,Water,Fiji Natural Artesian Water 1L,RM 11.90,,No_link_found
https://jgut.jayagrocer.com/collections/water,Water,Jaya Grocer Mineral Water 6L,RM 7.90,,No_link_found
https://jgut.jayagrocer.com/collections/water,Water,Perrier Mineral Water 330ml,RM 8.20,,No_link_found
https://jgut.jayagrocer.com/collections/water,Water,Fever Tree Indian Tonic Drink 200ml,RM 9.20,,No_link_found
https://jgut.jayagrocer.com/collections/water,Water,Evian Sparkling Natural Mineral Water (Can) 330ml,RM 7.20 - RM 27.50,,No_link_found
https://jgut.jayagrocer.com/collections/water,Water,Bonsoy Sparkling Coconut Water Passionfruit 320ml,RM 9.90,,No_link_found
https://jgut.jayagrocer.com/collections/water,Water,Paldo Pororo Apple Flavour Drink 235ml,RM 4.20,,No_link_found
https://jgut.jayagrocer.com/collections/water,Water,Paldo Pororo Blueberry Flavour Drink 235ml,RM 4.20,,No_link_found
https://jgut.jayagrocer.com/collections/water,Water,Vida Water Lime 500ml,RM 2.90,,No_link_found
https://jgut.jayagrocer.com/collections/water,Water,Pororo Green Grape Flavour Drink 235ml,RM 4.20,,No_link_found
https://jgut.jayagrocer.com/collections/water,Water,Paldo Pororo Milk Flavor Drink 235ml,RM 4.20,,No_link_found
https://jgut.jayagrocer.com/collections/water,Water,Le Minerale Water 600ml,RM 1.30,,No_link_found
https://jgut.jayagrocer.com/collections/water,Water,1Am Sparkling Water Pineapple 355ml,RM 4.50,,No_link_found
https://jgut.jayagrocer.com/collections/water,Water,1AM Sparkling Water Apple Flavour 355ml,RM 4.50,,No_link_found
https://jgut.jayagrocer.com/collections/fruits,Fruits,Lemon (South Africa) 5pcs/pack,RM 11.90,,No_link_found
https://jgut.jayagrocer.com/collections/fruits,Fruits,Dole Banana (Philippines) 1pack,RM 8.50,,No_link_found
https://jgut.jayagrocer.com/collections/fruits,Fruits,Honey Jackfruit (Malaysia) 400g,RM 7.70,,No_link_found
https://jgut.jayagrocer.com/collections/fruits,Fruits,Lemon (South Africa) 1unit,RM 2.40 - RM 210.00,,No_link_found
https://jgut.jayagrocer.com/collections/fruits,Fruits,White Dragon Fruit (Vietnam) 1unit,RM 5.20 - RM 92.00,,No_link_found
https://jgut.jayagrocer.com/collections/fruits,Fruits,Valencia Orange (Egypt) 8pcs/pack,RM 16.90,,No_link_found
https://jgut.jayagrocer.com/collections/fruits,Fruits,Fuji Apple (China),RM 3.90 - RM 200.00,,No_link_found
https://jgut.jayagrocer.com/collections/fruits,Fruits,Seedless Guava (Malaysia) 500g,RM 8.90,,No_link_found
https://jgut.jayagrocer.com/collections/fruits,Fruits,Breeze Apple (New Zealand) 8pcs/pack,RM 17.90,,No_link_found
https://jgut.jayagrocer.com/collections/fruits,Fruits,Calamansi (Limau Kasturi) (Malaysia) 150g,RM 1.60,,No_link_found
https://jgut.jayagrocer.com/collections/fruits,Fruits,Crystal Peeled Pineapple (Malaysia) 350g,RM 7.70,,No_link_found
https://jgut.jayagrocer.com/collections/fruits,Fruits,Jumbo Hass Avocado (Australia),RM 14.90 - RM 310.00,,No_link_found
https://jgut.jayagrocer.com/collections/fruits,Fruits,Hass Avocado (Australia) 1unit,RM 7.90,,No_link_found
https://jgut.jayagrocer.com/collections/fruits,Fruits,Red Seedless Watermelon 4.5kg,RM 27.00,,No_link_found
https://jgut.jayagrocer.com/collections/fruits,Fruits,Pink Lady Apple (New Zealand) 8pcs/pack,RM 15.90,,No_link_found
https://jgut.jayagrocer.com/collections/fruits,Fruits,Golden Susu Mango (Thailand) 1kg,RM 18.90,,No_link_found
https://jgut.jayagrocer.com/collections/fruits,Fruits,Driscoll's Strawberry (China) 250g,RM 27.90,,No_link_found
https://jgut.jayagrocer.com/collections/fruits,Fruits,Hong Kong Papaya (Malaysia) 1.2kg,RM 11.90,,No_link_found
https://jgut.jayagrocer.com/collections/fruits,Fruits,Shine Muscat Grape (China) 500g,RM 14.50,,No_link_found
https://jgut.jayagrocer.com/collections/fruits,Fruits,Golden Lily Mango (Thailand) 1kg,RM 39.90,,No_link_found
https://jgut.jayagrocer.com/collections/fruits,Fruits,Gong Pear (China) 4pcs/pack,RM 8.90,,No_link_found
https://jgut.jayagrocer.com/collections/fruits,Fruits,Packham Pear (South Africa) 1unit,RM 2.90,,No_link_found
https://jgut.jayagrocer.com/collections/fruits,Fruits,Hass Avocado (Australia) 3pcs/pack,RM 22.90,,No_link_found
https://jgut.jayagrocer.com/collections/fruits,Fruits,Zespri Sungold Kiwi (New Zealand) 4pcs/pack,RM 24.90,,No_link_found
https://jgut.jayagrocer.com/collections/fruits,Fruits,Premium Golden Pear (China) 2pcs/pack,RM 12.90,,No_link_found
https://jgut.jayagrocer.com/collections/fruits,Fruits,Red Dragon Fruit (Malaysia) 1kg/pack,RM 10.90,,No_link_found
https://jgut.jayagrocer.com/collections/fruits,Fruits,Zespri Green Kiwi (New Zealand) 4pcs/pack,RM 18.90,,No_link_found
https://jgut.jayagrocer.com/collections/fruits,Fruits,Fuji Apple (China) 3pcs/pack,RM 13.90,,No_link_found
https://jgut.jayagrocer.com/collections/fruits,Fruits,Organic Juliet Apple Kids Pack (France) 6pcs/pack,RM 11.90,,No_link_found
https://jgut.jayagrocer.com/collections/fruits,Fruits,Ruby Grapefruit (South Africa) 1unit,RM 3.40,,No_link_found
https://jgut.jayagrocer.com/collections/fruits,Fruits,Blueberry (Jumbo) 200g,RM 22.90,,No_link_found
https://jgut.jayagrocer.com/collections/fruits,Fruits,MD2 Pineapple (Malaysia) 1unit,RM 11.90,,No_link_found
https://jgut.jayagrocer.com/collections/fruits,Fruits,Golden Pear (China),RM 4.20 - RM 150.00,,No_link_found
https://jgut.jayagrocer.com/collections/fruits,Fruits,Envy Apple (New Zealand) 6pcs/pack,RM 22.90,,No_link_found
https://jgut.jayagrocer.com/collections/fruits,Fruits,Navel Orange (South Africa) 8pcs/pack,RM 17.90,,No_link_found
https://jgut.jayagrocer.com/collections/fruits,Fruits,Passionfruits (Malaysia) 500g,RM 12.90,,No_link_found
https://jgut.jayagrocer.com/collections/fruits,Fruits,Cavendish Banana Bundle (Malaysia)Â 1pack,RM 7.40,,No_link_found
https://jgut.jayagrocer.com/collections/fruits,Fruits,Packham Pear (South Africa) 800g,RM 8.90,,No_link_found
https://jgut.jayagrocer.com/collections/fruits,Fruits,Luo Han Guava (Malaysia) 1kg/pack,RM 10.90,,No_link_found
https://jgut.jayagrocer.com/collections/fruits,Fruits,Cavendish Canna Banana Bundle 1pack,RM 8.00,,No_link_found
https://jgut.jayagrocer.com/collections/fruits,Fruits,Red Cherry (USA) 250g,RM 20.90,,No_link_found
https://jgut.jayagrocer.com/collections/fruits,Fruits,Winter Melon (Ash Gourd) (Malaysia) 1.5kg,RM 6.00,,No_link_found
https://jgut.jayagrocer.com/collections/fruits,Fruits,Rainbow Mango (Thailand) 1kg,RM 24.90,,No_link_found
https://jgut.jayagrocer.com/collections/fruits,Fruits,Yellow Watermelon (Malaysia) 3.5kg,RM 22.00,,No_link_found
https://jgut.jayagrocer.com/collections/fruits,Fruits,Navel Orange (Australia) 7pcs/pack,RM 21.90,,No_link_found
https://jgut.jayagrocer.com/collections/fruits,Fruits,Sarawak Pineapple (Malaysia) 1unit,RM 7.20,,No_link_found
https://jgut.jayagrocer.com/collections/fruits,Fruits,Organic Sungold Zespri Kiwi (New Zealand) 5pcs/pack,RM 31.90,,No_link_found
https://jgut.jayagrocer.com/collections/fruits,Fruits,Envy Apple (New Zealand) 1unit,RM 3.70,,No_link_found
https://jgut.jayagrocer.com/collections/fruits,Fruits,Roasted Chestnut with Skin (China) 150g,RM 6.30 - RM 325.00,,No_link_found
https://jgut.jayagrocer.com/collections/fruits,Fruits,Hami Melon (China),RM 8.90,,No_link_found
https://jgut.jayagrocer.com/collections/fruits,Fruits,SugarBee Apple (USA) 6pcs/pack,RM 19.90,,No_link_found
https://jgut.jayagrocer.com/collections/fruits,Fruits,Dazzle Apple (New Zealand) 6pcs/pack,RM 15.90,,No_link_found
https://jgut.jayagrocer.com/collections/fruits,Fruits,Navel Orange (Australia) 7pcs/pack,RM 24.90,,No_link_found
https://jgut.jayagrocer.com/collections/fruits,Fruits,Green Seedless Grape (USA) 450g,RM 32.90,,No_link_found
https://jgut.jayagrocer.com/collections/fruits,Fruits,Rambutan (Thailand) 500g,RM 8.90,,No_link_found
https://jgut.jayagrocer.com/collections/fruits,Fruits,Mangosteen 500g,RM 7.90,,No_link_found
https://jgut.jayagrocer.com/collections/fruits,Fruits,Peeled Pomegranate (India) 150g,RM 18.90,,No_link_found
https://jgut.jayagrocer.com/collections/fruits,Fruits,White Peach (USA) 500g,RM 20.90,,No_link_found
https://jgut.jayagrocer.com/collections/fruits,Fruits,Fresh Cut Soursoup (Buah Durian Belanda) (Malaysia) 320g,RM 16.90,,No_link_found
https://jgut.jayagrocer.com/collections/fruits,Fruits,Royal Honey Murcott Mandarin (South Africa) 800g,RM 11.90,,No_link_found
https://jgut.jayagrocer.com/collections/fruits,Fruits,Mini Plum (China) 500g,RM 9.90,,No_link_found
https://jgut.jayagrocer.com/collections/fruits,Fruits,Red Cherry (USA) 600g,RM 49.90,,No_link_found
https://jgut.jayagrocer.com/collections/fruits,Fruits,Nectarine Donut Peach (Spain) 500g,RM 33.90,,No_link_found
https://jgut.jayagrocer.com/collections/fruits,Fruits,Cutey Royal Gala Apple (South Africa) 750g,RM 11.90,,No_link_found
https://jgut.jayagrocer.com/collections/fruits,Fruits,Avofresh Smashed Avocado (Australia) 160g/pack,RM 24.90 - RM 240.00,,No_link_found
https://jgut.jayagrocer.com/collections/fruits,Fruits,Kyoho Grape (Korea) 450g,RM 56.90,,No_link_found
https://jgut.jayagrocer.com/collections/fruits,Fruits,Sabah Pomelo (Malaysia) 1unit,RM 28.90,,No_link_found
https://jgut.jayagrocer.com/collections/fruits,Fruits,Ambarella (Kedongdong) (Malaysia) 500g,RM 6.50,,No_link_found
https://jgut.jayagrocer.com/collections/fruits,Fruits,Pomegranate (Peru) 1unit,RM 12.00,,No_link_found
https://jgut.jayagrocer.com/collections/fruits,Fruits,Premium Fuji Apple (China) 1unit,RM 7.90,,No_link_found
https://jgut.jayagrocer.com/collections/fruits,Fruits,Snake Fruit (Buah Salak) (Malaysia) 500g,RM 8.90,,No_link_found
https://jgut.jayagrocer.com/collections/fruits,Fruits,CG Milk White Sweet Corn (Malaysia) 1pack,RM 6.90,,No_link_found
https://jgut.jayagrocer.com/collections/fruits,Fruits,Forella Pear (South Africa) 1unit,RM 4.00,,No_link_found
https://jgut.jayagrocer.com/collections/fruits,Fruits,Avonfresh with a Hint of Lemon (Australia) (Tube) 160g,RM 24.90 - RM 290.00,,No_link_found
https://jgut.jayagrocer.com/collections/fruits,Fruits,MD2 Pineapple (Malaysia) 1unit,RM 3.30,,No_link_found
https://jgut.jayagrocer.com/collections/fruits,Fruits,White Strawberry (Malaysia) 250g,RM 24.90,,No_link_found
https://jgut.jayagrocer.com/collections/fruits,Fruits,Organic Fuji Apple (New Zealand) 4pcs/pack,RM 17.90,,No_link_found
https://jgut.jayagrocer.com/collections/fruits,Fruits,White Nectarine (USA) 500g,RM 19.90,,No_link_found
https://jgut.jayagrocer.com/collections/fruits,Fruits,Organic Royal Gala Apples (New Zealand) 4pcs/pack,RM 17.90,,No_link_found
https://jgut.jayagrocer.com/collections/fruits,Fruits,Fuji Apple (Korea) 2pcs/pack,RM 29.90,,No_link_found
https://jgut.jayagrocer.com/collections/fruits,Fruits,Winter Dates Fresh (China) 250g,RM 11.90,,No_link_found
https://jgut.jayagrocer.com/collections/fruits,Fruits,Apple Rose (New Zealand) 1unit,RM 3.30,,No_link_found
https://jgut.jayagrocer.com/collections/fruits,Fruits,Zespri SunGold Kiwi (New Zealand) 8pcs/pack,RM 39.90,,No_link_found
https://jgut.jayagrocer.com/collections/fruits,Fruits,Soluna Apple (Australia) 6pcs/pack,RM 22.90,,No_link_found
https://jgut.jayagrocer.com/collections/fruits,Fruits,Ebony Rose Plum (USA) 500g,RM 22.90,,No_link_found
https://jgut.jayagrocer.com/collections/fruits,Fruits,Phoenix Mandarin (Australia) 500g,RM 10.50,,No_link_found
https://jgut.jayagrocer.com/collections/fruits,Fruits,Plumcots (USA) 450g,RM 26.90,,No_link_found
https://jgut.jayagrocer.com/collections/fruits,Fruits,Sinco Pear (China) 1unit,RM 4.30,,No_link_found
https://jgut.jayagrocer.com/collections/fruits,Fruits,Mr Banana Cavendish Banana (Malaysia) 1unit,RM 1.70,,No_link_found
https://jgut.jayagrocer.com/collections/fruits,Fruits,Red Plum 500g,RM 18.90,,No_link_found
https://jgut.jayagrocer.com/collections/fruits,Fruits,Autumn Glory Apple (USA) 8pcs/pack,RM 16.90,,No_link_found
https://jgut.jayagrocer.com/collections/fruits,Fruits,Pinkids Pink Lady Apple (South Africa) 750g,RM 11.90,,No_link_found
https://jgut.jayagrocer.com/collections/fruits,Fruits,Soffio Oro Rose Msmt 750ml,RM 169.90,,No_link_found
https://jgut.jayagrocer.com/collections/rice-and-grains,Rice and Grains,Jasmine Calfresh Japanese Calrose Rice 5kg,RM 29.99,,No_link_found
https://jgut.jayagrocer.com/collections/rice-and-grains,Rice and Grains,Sumo Calrose Rice 5kg,RM 29.99,,No_link_found
https://jgut.jayagrocer.com/collections/rice-and-grains,Rice and Grains,Dragon Fragrant Rice 5kg,RM 29.99,,No_link_found
https://jgut.jayagrocer.com/collections/rice-and-grains,Rice and Grains,Jasmine Basmathi King Superlong Basmathi Rice 5kg,RM 32.99,,No_link_found
https://jgut.jayagrocer.com/collections/rice-and-grains,Rice and Grains,Moghul Basmathi Rice 1kg,RM 11.50,,No_link_found
https://jgut.jayagrocer.com/collections/rice-and-grains,Rice and Grains,Jasmine Original Sun Brown Rice 5kg,RM 20.99,,No_link_found
https://jgut.jayagrocer.com/collections/rice-and-grains,Rice and Grains,Jasmine Super 5 (Imported Twr) 5kg,RM 17.99,,No_link_found
https://jgut.jayagrocer.com/collections/rice-and-grains,Rice and Grains,Taj Mahal Herbal Rice (Ponni) 5kg,RM 36.90,,No_link_found
https://jgut.jayagrocer.com/collections/rice-and-grains,Rice and Grains,Faiza Kashmir Basmathi Rice 5kg,RM 33.50,,No_link_found
https://jgut.jayagrocer.com/collections/rice-and-grains,Rice and Grains,Cap Rambutan 5% Super Import White Rice 5kg,RM 19.99,,No_link_found
https://jgut.jayagrocer.com/collections/rice-and-grains,Rice and Grains,Jasmine Pusa Gold 1121 Extra Long Basmathi Rice 2kg,RM 23.90,,No_link_found
https://jgut.jayagrocer.com/collections/rice-and-grains,Rice and Grains,Jasmine Pusa Cream Basmathi Sella Parboiled Rice 5kg,RM 32.99,,No_link_found
https://jgut.jayagrocer.com/collections/rice-and-grains,Rice and Grains,Sumo Calrose Rice 1kg,RM 11.90,,No_link_found
https://jgut.jayagrocer.com/collections/rice-and-grains,Rice and Grains,Moghul Basmathi Rice 5kg,RM 45.99,,No_link_found
https://jgut.jayagrocer.com/collections/rice-and-grains,Rice and Grains,Bird Of Paradise Fragrant Rice 5kg,RM 33.50,,No_link_found
https://jgut.jayagrocer.com/collections/rice-and-grains,Rice and Grains,Thai King Siam Rice 5kg,RM 18.90,,No_link_found
https://jgut.jayagrocer.com/collections/rice-and-grains,Rice and Grains,Bird Of Paradise Siam Rice (Beras Wangi) 5kg,RM 26.69,,No_link_found
https://jgut.jayagrocer.com/collections/rice-and-grains,Rice and Grains,Maharaja Basmathi Rice 1kg,RM 10.50,,No_link_found
https://jgut.jayagrocer.com/collections/rice-and-grains,Rice and Grains,Jasmine Royal Siam Fragrance Rice 5kg,RM 37.99,,No_link_found
https://jgut.jayagrocer.com/collections/rice-and-grains,Rice and Grains,Cap Gajah Beras Titi (Low GI Paroiled Rice) 5kg,RM 27.90,,No_link_found
https://jgut.jayagrocer.com/collections/rice-and-grains,Rice and Grains,Bird of Paradise Phkarkhnei Cambodian Rice 5kg,RM 34.59,,No_link_found
https://jgut.jayagrocer.com/collections/rice-and-grains,Rice and Grains,Dragon AAA Thai Fragrant Rice 1kg,RM 8.50,,No_link_found
https://jgut.jayagrocer.com/collections/rice-and-grains,Rice and Grains,Jasmine Nyonya Special Glutinous Rice (Beras Pulut Susu) 1kg,RM 6.25,,No_link_found
https://jgut.jayagrocer.com/collections/rice-and-grains,Rice and Grains,Taj Mahal Herbal Ponni Rice 1kg,RM 7.90,,No_link_found
https://jgut.jayagrocer.com/collections/rice-and-grains,Rice and Grains,Floral Glutinous Rice 1kg,RM 7.90,,No_link_found
https://jgut.jayagrocer.com/collections/rice-and-grains,Rice and Grains,Jasmine Vita Grain 2kg,RM 21.99,,No_link_found
https://jgut.jayagrocer.com/collections/rice-and-grains,Rice and Grains,Jasmine Pusa Cream Basmathi Rice (Praboiled) 2kg,RM 15.99,,No_link_found
https://jgut.jayagrocer.com/collections/rice-and-grains,Rice and Grains,Bird of Paradise Siam Rice 1kg,RM 7.50,,No_link_found
https://jgut.jayagrocer.com/collections/rice-and-grains,Rice and Grains,Gold Grain Basmati Rice 1kg,RM 19.50,,No_link_found
https://jgut.jayagrocer.com/collections/rice-and-grains,Rice and Grains,Jasmine Pusa Gold 1121 Basmathi Rice 5kg,RM 44.99,,No_link_found
https://jgut.jayagrocer.com/collections/rice-and-grains,Rice and Grains,Ecobrowns Sella Cream Parboiled Basmathi Rice 5kg,RM 33.99,,No_link_found
https://jgut.jayagrocer.com/collections/rice-and-grains,Rice and Grains,Sakura Jepun Import Rice 1kg,RM 9.80,,No_link_found
https://jgut.jayagrocer.com/collections/rice-and-grains,Rice and Grains,Jasmine Royal Pusa Gold 1121 Extra Long Traditional Aromatic Basmathi Rice 5kg,RM 44.99,,No_link_found
https://jgut.jayagrocer.com/collections/rice-and-grains,Rice and Grains,Royal Umbrella Fragrant Rice 5kg,RM 29.99,,No_link_found
https://jgut.jayagrocer.com/collections/rice-and-grains,Rice and Grains,EcoBrowns Original Unpolished Brown Rice 2kg,RM 13.90,,No_link_found
https://jgut.jayagrocer.com/collections/rice-and-grains,Rice and Grains,San Remo Brown Rice Spirals 250g,RM 10.99,,No_link_found
https://jgut.jayagrocer.com/collections/rice-and-grains,Rice and Grains,Jati Super Special Rice 5kg,RM 17.90,,No_link_found
https://jgut.jayagrocer.com/collections/rice-and-grains,Rice and Grains,Sumo Calrose Rice 2kg,RM 21.90,,No_link_found
https://jgut.jayagrocer.com/collections/rice-and-grains,Rice and Grains,Sunflower Quinoa Baby Rice 1kg,RM 15.99,,No_link_found
https://jgut.jayagrocer.com/collections/rice-and-grains,Rice and Grains,Songhe Fragrant Rice 5kg,RM 26.99,,No_link_found
https://jgut.jayagrocer.com/collections/rice-and-grains,Rice and Grains,Koshihikari Premium Short-Grain Rice 1kg,RM 13.90,,No_link_found
https://jgut.jayagrocer.com/collections/rice-and-grains,Rice and Grains,Sunflower Pure Basmathi Premium Pusa (Cream) 5kg,RM 33.99,,No_link_found
https://jgut.jayagrocer.com/collections/rice-and-grains,Rice and Grains,Kenyalang Sarawak Multigrain Rice 1kg,RM 14.95,,No_link_found
https://jgut.jayagrocer.com/collections/rice-and-grains,Rice and Grains,Bird of Paradise Phkarkhnei Cambodian Rice 1kg,RM 9.10,,No_link_found
https://jgut.jayagrocer.com/collections/rice-and-grains,Rice and Grains,Nona Malaysia Satay Rice (Ketupat) 780g,RM 8.55,,No_link_found
https://jgut.jayagrocer.com/collections/rice-and-grains,Rice and Grains,Kokeishi Premium Calrose Rice 5kg,RM 33.90,,No_link_found
https://jgut.jayagrocer.com/collections/rice-and-grains,Rice and Grains,Jati Signature Pusa Finest 1121 Basmathi Rice 5kg,RM 44.90,,No_link_found
https://jgut.jayagrocer.com/collections/rice-and-grains,Rice and Grains,Songhe Thai Fragrant White Rice 10kg,RM 49.99,,No_link_found
https://jgut.jayagrocer.com/collections/rice-and-grains,Rice and Grains,Floral Premium Taiwan Rice 5kg,RM 36.99,,No_link_found
https://jgut.jayagrocer.com/collections/rice-and-grains,Rice and Grains,Akitakomachi Short Grain Rice 1kg,RM 10.90,,No_link_found
https://jgut.jayagrocer.com/collections/rice-and-grains,Rice and Grains,Adabi Mini Rice Cubes (Ketupat Mini) 20g x 30,RM 9.80,,No_link_found
https://jgut.jayagrocer.com/collections/rice-and-grains,Rice and Grains,Floral Premium Taiwan Rice 1kg,RM 13.90,,No_link_found
https://jgut.jayagrocer.com/collections/rice-and-grains,Rice and Grains,Kenyalang Comi Hijau (Green Brown Rice) 1kg,RM 13.50,,No_link_found
https://jgut.jayagrocer.com/collections/rice-and-grains,Rice and Grains,Koshihikari Short Grain Rice 5kg,RM 33.99,,No_link_found
https://jgut.jayagrocer.com/collections/rice-and-grains,Rice and Grains,Nona Malaysia Satay Rice Cake Mini (Ketupat Mini) 20g x 30,RM 8.55,,No_link_found
https://jgut.jayagrocer.com/collections/rice-and-grains,Rice and Grains,Jasmine Lasella Steamed Basmathi Rice 5kg,RM 31.99,,No_link_found
https://jgut.jayagrocer.com/collections/rice-and-grains,Rice and Grains,Akitakomachi Short Grain Rice 5kg,RM 34.50,,No_link_found
https://jgut.jayagrocer.com/collections/rice-and-grains,Rice and Grains,EcoBrowns Gold Wholegrain Rice 5kg,RM 36.50,,No_link_found
https://jgut.jayagrocer.com/collections/rice-and-grains,Rice and Grains,Kohinoor Bashmathi 5kg,RM 58.90,,No_link_found
https://jgut.jayagrocer.com/collections/rice-and-grains,Rice and Grains,Monster Health Food Co Multigrain Porridge 700g,RM 16.90,,No_link_found
https://jgut.jayagrocer.com/collections/rice-and-grains,Rice and Grains,Jati Signature Super Special Rice 10kg,RM 32.99,,No_link_found
https://jgut.jayagrocer.com/collections/rice-and-grains,Rice and Grains,Kenyalang Sarawak Hill Rice 1kg,RM 16.50,,No_link_found
https://jgut.jayagrocer.com/collections/rice-and-grains,Rice and Grains,Bird Of Paradise Fragrant Rice 1kg,RM 8.50,,No_link_found
https://jgut.jayagrocer.com/collections/rice-and-grains,Rice and Grains,Mommy J Step 4 Organic Multi-Grain 900g,RM 23.60,,No_link_found
https://jgut.jayagrocer.com/collections/rice-and-grains,Rice and Grains,Kenyalang Highland Glutinous Rice 1kg,RM 22.10,,No_link_found
https://jgut.jayagrocer.com/collections/rice-and-grains,Rice and Grains,Dragon Healthy Black Rice 1kg,RM 14.00,,No_link_found
https://jgut.jayagrocer.com/collections/rice-and-grains,Rice and Grains,Mamami 8 Multi Beans Porridge 400g,RM 23.90,,No_link_found
https://jgut.jayagrocer.com/collections/rice-and-grains,Rice and Grains,Jasmine Lasella Parboiled Basmathi Rice 5kg,RM 31.99,,No_link_found
https://jgut.jayagrocer.com/collections/rice-and-grains,Rice and Grains,Ecobrowns Sella Cream Premium Basmathi Rice 2kg,RM 18.79,,No_link_found
https://jgut.jayagrocer.com/collections/rice-and-grains,Rice and Grains,Floral Premium Basmathi Rice 5kg,RM 32.99,,No_link_found
https://jgut.jayagrocer.com/collections/rice-and-grains,Rice and Grains,Jati Pusa Finest Basmathi 2kg,RM 16.49,,No_link_found
https://jgut.jayagrocer.com/collections/rice-and-grains,Rice and Grains,Ecobrowns Steam Brown Rice 5kg,RM 20.99,,No_link_found
https://jgut.jayagrocer.com/collections/rice-and-grains,Rice and Grains,Royal Umbrella Fragrant White Rice 1kg,RM 9.90,,No_link_found
https://jgut.jayagrocer.com/collections/rice-and-grains,Rice and Grains,Good Today Crispy Brown Rice 500g,RM 14.90,,No_link_found
https://jgut.jayagrocer.com/collections/rice-and-grains,Rice and Grains,Floral Premium Basmathi Rice 1kg,RM 11.20,,No_link_found
https://jgut.jayagrocer.com/collections/rice-and-grains,Rice and Grains,Ketomee Konjac Oat Fiber Brown Rice 150g,RM 7.50,,No_link_found
https://jgut.jayagrocer.com/collections/rice-and-grains,Rice and Grains,Kenyalang Authentic Sia Red Rice 1kg,RM 23.20,,No_link_found
https://jgut.jayagrocer.com/collections/rice-and-grains,Rice and Grains,Jasmine Ketupat Mini 600g,RM 7.45,,No_link_found
https://jgut.jayagrocer.com/collections/rice-and-grains,Rice and Grains,Adabi Ketupat Lazat Mini 20g x 30,RM 7.50,,No_link_found
https://jgut.jayagrocer.com/collections/rice-and-grains,Rice and Grains,Songhe Noble Pine Crane Thai Fragrant White Rice 1kg,RM 7.79,,No_link_found
https://jgut.jayagrocer.com/collections/rice-and-grains,Rice and Grains,Adabi Rice Cube Economy Pack (Ketupat Nasi) 130g x 6,RM 8.49,,No_link_found
https://jgut.jayagrocer.com/collections/rice-and-grains,Rice and Grains,Kenyalang Heirloom Biris White Rice 1kg,RM 20.90,,No_link_found
