Start URL,Category,Product,Price,Slash Price,Details Link
https://vgg.bites.com.my/collections/organics,Organics,LOVE EARTH NATURAL PINENUT 180G,RM50.90,,https://vgg.bites.com.my/collections/organics/products/love-earth-natural-pinenut-180g
https://vgg.bites.com.my/collections/organics,Organics,LE ORG WHEATGRASS POWDER 185G,RM34.00,,https://vgg.bites.com.my/collections/organics/products/le-org-wheatgrass-powder-185g
https://vgg.bites.com.my/collections/organics,Organics,HP ORGANIC INSTANT BABY OAT 500G,RM9.40,,https://vgg.bites.com.my/collections/organics/products/hp-organic-instant-baby-oat-500g
https://vgg.bites.com.my/collections/organics,Organics,CFO ORGANIC CHIA SEEDS 300GM,RM29.90,,https://vgg.bites.com.my/collections/organics/products/cfo-organic-chia-seeds-300gm
https://vgg.bites.com.my/collections/organics,Organics,ALCE NERO ORG UNFILTER APPLE CIDER VINEGAR 500ML,RM16.55,,https://vgg.bites.com.my/collections/organics/products/alce-nero-org-unfilter-apple-cider-vinegar-500ml
https://vgg.bites.com.my/collections/organics,Organics,ALCE NERO ORG PENNE RIGATE 500GM,RM9.00,,https://vgg.bites.com.my/collections/organics/products/alce-nero-org-penne-rigate-500gm
https://vgg.bites.com.my/collections/organics,Organics,ALCE NERO ORG OLIO EXTRA VERGINE DI OLIV 250ML,RM34.50,,https://vgg.bites.com.my/collections/organics/products/alce-nero-org-olio-extra-vergine-di-oliv-250ml
https://vgg.bites.com.my/collections/organics,Organics,ALCE NERO ORG FUSILLI 500GM,RM9.00,,https://vgg.bites.com.my/collections/organics/products/alce-nero-org-fusilli-500gm
https://vgg.bites.com.my/collections/organics,Organics,LOVE EARTH ORG REGULAR OAT 400GM,RM8.90,,https://vgg.bites.com.my/collections/organics/products/love-earth-org-regular-oat-400gm
https://vgg.bites.com.my/collections/organics,Organics,RADIANT ORGANIC QUINOA 500G,RM26.90,,https://vgg.bites.com.my/collections/organics/products/radiant-organic-quinoa-500g
https://vgg.bites.com.my/collections/organics,Organics,AUST OWN ORGANIC ALMOND MILK 1L,RM17.10,,https://vgg.bites.com.my/collections/organics/products/aust-own-organic-almond-milk-1l
https://vgg.bites.com.my/collections/organics,Organics,GERBER GRD YOGURT MELTS STRAWBERRY 1 OZ,RM26.90,,https://vgg.bites.com.my/collections/organics/products/gerber-grd-yogurt-melts-strawberry-1-oz
https://vgg.bites.com.my/collections/organics,Organics,AUST OWN ORG UNSWT SOY MILK LACTOSE FREE 1L,RM12.05,,https://vgg.bites.com.my/collections/organics/products/aust-own-org-unswt-soy-milk-lactose-free-1l
https://vgg.bites.com.my/collections/organics,Organics,AUST OWN ORG UNSWEETENED ALMOND MILK 1 L,RM17.10,,https://vgg.bites.com.my/collections/organics/products/aust-own-org-unsweetened-almond-milk-1-l
https://vgg.bites.com.my/collections/organics,Organics,CED PURE HONEY 1KG,RM20.40,,https://vgg.bites.com.my/collections/organics/products/ced-pure-honey-1kg
https://vgg.bites.com.my/collections/organics,Organics,MAMAMI ORG CHIA SEEDS 200G,RM19.29,RM19.90,https://vgg.bites.com.my/collections/organics/products/mamami-org-chia-seeds-200g
https://vgg.bites.com.my/collections/organics,Organics,LOVE EARTH ORGANIC BABY RICE (BUCKWHEAT) 900G,RM19.90,,https://vgg.bites.com.my/collections/organics/products/love-earth-organic-baby-rice-buckwheat-900g
https://vgg.bites.com.my/collections/organics,Organics,ALCE NERO ORG NATAPOLENA TOMATO SAUCE 350GM,RM16.60,,https://vgg.bites.com.my/collections/organics/products/alce-nero-org-natapolena-tomato-sauce-350gm
https://vgg.bites.com.my/collections/organics,Organics,DJ&A CRISPY BROCCOLI FLORETS 33G,RM11.50,,https://vgg.bites.com.my/collections/organics/products/dj-a-crispy-broccoli-florets-33g
https://vgg.bites.com.my/collections/organics,Organics,LOVE EARTH ORGANIC BABY RICE (QUINOA) 900G,RM19.90,,https://vgg.bites.com.my/collections/organics/products/love-earth-organic-baby-rice-quinoa-900g
https://vgg.bites.com.my/collections/organics,Organics,CED ORGANIC SUGAR 500G,RM8.35,,https://vgg.bites.com.my/collections/organics/products/ced-organic-sugar-500g
https://vgg.bites.com.my/collections/organics,Organics,DJ&A SUGAR SNAP PEA CRISPS 30G,RM11.50,,https://vgg.bites.com.my/collections/organics/products/dj-a-sugar-snap-pea-crisps-30g
https://vgg.bites.com.my/collections/organics,Organics,REMEDY ORGANIC KOMBUCHA RASPBERRY LEMONADE 330ML,RM13.05,,https://vgg.bites.com.my/collections/organics/products/remedy-organic-kombucha-raspberry-lemonade-330ml
https://vgg.bites.com.my/collections/organics,Organics,REMEDY ORGANIC KOMBUCHA PEACH 330ML,RM13.05,,https://vgg.bites.com.my/collections/organics/products/remedy-organic-kombucha-peach-330ml
https://vgg.bites.com.my/collections/organics,Organics,REMEDY ORGANIC KOMBUCHA PASSIONFRUIT 330ML,RM11.99,RM13.05,https://vgg.bites.com.my/collections/organics/products/remedy-organic-kombucha-passionfruit-330ml
https://vgg.bites.com.my/collections/organics,Organics,REMEDY ORGANIC KOMBUCHA MANGO PASSION 330ML,RM11.99,RM13.05,https://vgg.bites.com.my/collections/organics/products/remedy-organic-kombucha-mango-passion-330ml
https://vgg.bites.com.my/collections/organics,Organics,ALCE NERO ORG ACETO BALSAMICO DI MODENA 250ML,RM16.50,,https://vgg.bites.com.my/collections/organics/products/alce-nero-org-aceto-balsamico-di-modena-250ml
https://vgg.bites.com.my/collections/organics,Organics,LOVE EARTH DARK BROWN SOFT SUGAR 500GM,RM16.80,,https://vgg.bites.com.my/collections/organics/products/love-earth-dark-brown-soft-sugar-500gm
https://vgg.bites.com.my/collections/organics,Organics,CED ORGANIC INSTANT ROLLED OAT 450G,RM9.50,,https://vgg.bites.com.my/collections/organics/products/ced-organic-instant-rolled-oat-450g
https://vgg.bites.com.my/collections/organics,Organics,REMEDY ORGANIC KOMBUCHA GINGER LEMON 330ML,RM13.05,,https://vgg.bites.com.my/collections/organics/products/remedy-organic-kombucha-ginger-lemon-330ml
https://vgg.bites.com.my/collections/organics,Organics,DJ&A VEGGIE CRISPS ORIGINAL MIXED VEGETABLE 90G,RM16.90,,https://vgg.bites.com.my/collections/organics/products/dj-a-veggie-crisps-original-mixed-vegetable-90g
https://vgg.bites.com.my/collections/organics,Organics,CED ORGANIC ROLLED OAT REGULAR 450G,RM9.50,,https://vgg.bites.com.my/collections/organics/products/ced-organic-rolled-oat-regular-450g
https://vgg.bites.com.my/collections/organics,Organics,CED NATURAL HIMALAYAN PINK ROCK SALT 3X500G,RM6.85,,https://vgg.bites.com.my/collections/organics/products/ced-natural-himalayan-pink-rock-salt-3x500g
https://vgg.bites.com.my/collections/organics,Organics,LOVE EARTH ORG CHIA SEEDS 168G,RM19.99,,https://vgg.bites.com.my/collections/organics/products/love-earth-org-chia-seeds-168g
https://vgg.bites.com.my/collections/organics,Organics,LOVE EARTH NATURAL CASHEW NUT 320G,RM38.79,RM40.70,https://vgg.bites.com.my/collections/organics/products/love-earth-natural-cashew-nut-320g
https://vgg.bites.com.my/collections/organics,Organics,LOVE EARTH ORG WHOLEMEAL FLOUR 900G,RM18.90,,https://vgg.bites.com.my/collections/organics/products/love-earth-org-wholemeal-flour-900g
https://vgg.bites.com.my/collections/organics,Organics,LOVE EARTH ORGANIC MOLASSES SUGAR 550GM,RM12.90,,https://vgg.bites.com.my/collections/organics/products/love-earth-organic-molasses-sugar-550gm
https://vgg.bites.com.my/collections/organics,Organics,LOVE EARTH ORG WHITE RICE 1KG,RM22.90,,https://vgg.bites.com.my/collections/organics/products/love-earth-org-white-rice-1kg
https://vgg.bites.com.my/collections/organics,Organics,LOVE EARTH ORG QUICK ROLLED OAT 400GM,RM8.90,,https://vgg.bites.com.my/collections/organics/products/love-earth-org-quick-rolled-oat-400gm
https://vgg.bites.com.my/collections/organics,Organics,LOVE EARTH NATURAL ALMOND 350G,RM38.79,RM40.70,https://vgg.bites.com.my/collections/organics/products/love-earth-natural-almond-350g
https://vgg.bites.com.my/collections/organics,Organics,CED PURE HONEY 500GM,RM12.79,RM14.00,https://vgg.bites.com.my/collections/organics/products/ced-pure-honey-500gm
https://vgg.bites.com.my/collections/organics,Organics,CED PURE HONEY 380GM,RM10.50,,https://vgg.bites.com.my/collections/organics/products/ced-pure-honey-380gm
https://vgg.bites.com.my/collections/organics,Organics,CED NATURAL HIMALAYAN SALT 500GM,RM3.05,,https://vgg.bites.com.my/collections/organics/products/ced-natural-himalayan-salt-500gm
https://vgg.bites.com.my/collections/organics,Organics,CED ORGANIC SUGAR 850G,RM12.70,,https://vgg.bites.com.my/collections/organics/products/ced-organic-sugar-850g
https://vgg.bites.com.my/collections/organics,Organics,LOVE EARTH NATURAL RAINBOW MIXED 170G,RM14.90,,https://vgg.bites.com.my/collections/organics/products/love-earth-natural-rainbow-mixed-170g
https://vgg.bites.com.my/collections/organics,Organics,LOVE EARTH ORG BROWN RICE 1KG,RM22.90,,https://vgg.bites.com.my/collections/organics/products/love-earth-org-brown-rice-1kg
https://vgg.bites.com.my/collections/organics,Organics,NUTRIPLUS ORG SELENIUM MED 15'S,RM11.29,RM11.60,https://vgg.bites.com.my/collections/organics/products/nutriplus-org-selenium-med-15-s
https://vgg.bites.com.my/collections/organics,Organics,NUTRI PLUS ORG SELENIUM L 10S,RM8.00,,https://vgg.bites.com.my/collections/organics/products/nutri-plus-org-selenium-l-10s
https://vgg.bites.com.my/collections/organics,Organics,ALCE NERO ORG FUSILLI TRICOLORE 500GM,RM9.35,,https://vgg.bites.com.my/collections/organics/products/alce-nero-org-fusilli-tricolore-500gm
https://vgg.bites.com.my/collections/organics,Organics,ALCE NERO JAM BLUEBERRY 270G,RM27.50,,https://vgg.bites.com.my/collections/organics/products/alce-nero-jam-blueberry-270g
https://vgg.bites.com.my/collections/organics,Organics,CED NATURAL HIMALAYAN WHITE SALT 500G,RM2.60,,https://vgg.bites.com.my/collections/organics/products/ced-natural-himalayan-white-salt-500g
https://vgg.bites.com.my/collections/organics,Organics,CED ORGANIC MOLASSES SUGAR 850G,RM16.75,,https://vgg.bites.com.my/collections/organics/products/ced-organic-molasses-sugar-850g
https://vgg.bites.com.my/collections/organics,Organics,ALCE NERO ORG SPAGHETTI 500GM,RM9.00,,https://vgg.bites.com.my/collections/organics/products/alce-nero-org-spaghetti-500gm
https://vgg.bites.com.my/collections/organics,Organics,AUSTRALIA'S OWN UNSWEETENED ORGANIC OAT MILK 1L,RM17.10,,https://vgg.bites.com.my/collections/organics/products/australia-s-own-unsweetened-organic-oat-milk-1l
https://vgg.bites.com.my/collections/organics,Organics,COTTAGE FARM PREMIUM NOODLES-PUMPKIN YEE MEE 380G,RM12.99,RM13.90,https://vgg.bites.com.my/collections/organics/products/cottage-farm-premium-noodles-pumpkin-yee-mee-380g
https://vgg.bites.com.my/collections/organics,Organics,CF ORG VIRGIN COCONUT OIL PH 500ML,RM40.00,,https://vgg.bites.com.my/collections/organics/products/cf-org-virgin-coconut-oil-ph-500ml
https://vgg.bites.com.my/collections/organics,Organics,LOVE EARTH NATURAL COCKTAIL MIXED 170G,RM14.90,,https://vgg.bites.com.my/collections/organics/products/love-earth-natural-cocktail-mixed-170g
https://vgg.bites.com.my/collections/organics,Organics,LOVE EARTH ORG CANE SUGAR 800GM,RM14.90,,https://vgg.bites.com.my/collections/organics/products/love-earth-org-cane-sugar-800gm
https://vgg.bites.com.my/collections/organics,Organics,LOVE EARTH ORGANIC PSYLLIUM HUSK 250G,RM36.90,,https://vgg.bites.com.my/collections/organics/products/love-earth-organic-psyllium-husk-250g
https://vgg.bites.com.my/collections/organics,Organics,LOVE EARTH ORGANIC POCKET CHIA 4X28GM,RM14.90,,https://vgg.bites.com.my/collections/organics/products/love-earth-organic-pocket-chia-4x28gm
https://vgg.bites.com.my/collections/organics,Organics,LE ORG COCONUT SUGAR 400G,RM16.89,,https://vgg.bites.com.my/collections/organics/products/le-org-coconut-sugar-400g
https://vgg.bites.com.my/collections/organics,Organics,BOB'S RED MILL OATS ROLLED INSTANT 907G,RM29.40,,https://vgg.bites.com.my/collections/organics/products/bob-s-red-mill-oats-rolled-instant-907g
https://vgg.bites.com.my/collections/organics,Organics,LIVE MEDIA BROCCOLI +/-350G,RM9.07,,https://vgg.bites.com.my/collections/organics/products/live-media-broccoli-350g
https://vgg.bites.com.my/collections/organics,Organics,LIVE MEDIA CAULIFLOWER +/-400G,RM8.76,,https://vgg.bites.com.my/collections/organics/products/live-media-cauliflower-400g
https://vgg.bites.com.my/collections/organics,Organics,LIVE MEDIA OLD GINGER +/-400G,RM7.40,,https://vgg.bites.com.my/collections/organics/products/live-media-old-ginger-400g
https://vgg.bites.com.my/collections/organics,Organics,LTK ORGANIC SELENIUM PLUS 10'S,RM9.00,,https://vgg.bites.com.my/collections/organics/products/ltk-organic-selenium-plus-10-s
https://vgg.bites.com.my/collections/organics,Organics,SL ORG ENGLISH CABBAGE +/-550G,RM7.10,,https://vgg.bites.com.my/collections/organics/products/sl-org-english-cabbage-550g
https://vgg.bites.com.my/collections/organics,Organics,SL ORG JAPANESE PUMPKIN +/-600G,RM8.34,,https://vgg.bites.com.my/collections/organics/products/sl-org-japanese-pumpkin-600g
https://vgg.bites.com.my/collections/organics,Organics,SL ORG LADY FINGER 250G,RM5.20,,https://vgg.bites.com.my/collections/organics/products/sl-org-lady-finger-250g
https://vgg.bites.com.my/collections/organics,Organics,SL ORG SHORT LETTUCE 250G,RM6.00,,https://vgg.bites.com.my/collections/organics/products/sl-org-short-lettuce-250g
https://vgg.bites.com.my/collections/organics,Organics,SL ORG SIEW PAK CHOY 250G,RM5.00,,https://vgg.bites.com.my/collections/organics/products/sl-org-siew-pak-choy-250g
https://vgg.bites.com.my/collections/organics,Organics,SL ORG THAI BABY CORN 150G,RM7.50,,https://vgg.bites.com.my/collections/organics/products/sl-org-thai-baby-corn-150g
https://vgg.bites.com.my/collections/organics,Organics,SL ORG TOMATO +/-300G,RM5.97,,https://vgg.bites.com.my/collections/organics/products/sl-org-tomato-300g
https://vgg.bites.com.my/collections/organics,Organics,SL ORG WHITE BEANCURD 4PCS,RM7.90,,https://vgg.bites.com.my/collections/organics/products/sl-org-white-beancurd-4pcs
https://vgg.bites.com.my/collections/organics,Organics,SUAN MOKKH ORGANIC BEETROOT (+/-400G),RM9.20,,https://vgg.bites.com.my/collections/organics/products/suan-mokkh-organic-beetroot-400g
https://vgg.bites.com.my/collections/organics,Organics,SUAN MOKKH ORGANIC CUCUMBER (+/-500G),RM6.50,,https://vgg.bites.com.my/collections/organics/products/suan-mokkh-organic-cucumber-500g
https://vgg.bites.com.my/collections/organics,Organics,SUAN MOKKH ORGANIC PANDAN LEAF 50G,RM4.00,,https://vgg.bites.com.my/collections/organics/products/suan-mokkh-organic-pandan-leaf-50g
https://vgg.bites.com.my/collections/organics,Organics,HAKUBAKU ORGANIC UDON 270GM,RM15.40,,https://vgg.bites.com.my/collections/organics/products/hakubaku-organic-udon-270gm
https://vgg.bites.com.my/collections/organics,Organics,HAKUBAKU SOBA NOODLES 270GM,RM15.40,,https://vgg.bites.com.my/collections/organics/products/hakubaku-soba-noodles-270gm
https://vgg.bites.com.my/collections/organics,Organics,HAKUBAKU ORGANIC YAKISOBA 270G,RM15.40,,https://vgg.bites.com.my/collections/organics/products/hakubaku-organic-yakisoba-270g
https://vgg.bites.com.my/collections/organics,Organics,BOB'S RED MILL UNBLEACHED WHITE FLOUR 2.27KG,RM37.35,,https://vgg.bites.com.my/collections/organics/products/bob-s-red-mill-unbleached-white-flour-2-27kg
https://vgg.bites.com.my/collections/organics,Organics,OATBEDIENT OAT MILK BARISTA 1L,RM11.49,RM13.10,https://vgg.bites.com.my/collections/organics/products/oatbedient-oat-milk-barista-1l
https://vgg.bites.com.my/collections/organics,Organics,OATBEDIENT OAT MILK CHOCOLATE 1L,RM11.49,RM13.10,https://vgg.bites.com.my/collections/organics/products/oatbedient-oat-milk-chocolate-1l
https://vgg.bites.com.my/collections/organics,Organics,LE ORG MORINGA POWDER 185G,RM24.50,,https://vgg.bites.com.my/collections/organics/products/le-org-moringa-powder-185g
https://vgg.bites.com.my/collections/organics,Organics,CAPILANO ORGANIC HONEY UPSIDE DOWN 340GM,RM31.20,,https://vgg.bites.com.my/collections/organics/products/capilano-organic-honey-upside-down-340gm
https://vgg.bites.com.my/collections/organics,Organics,CFO ORG OATS (ROLLED) FIN 500G,RM11.90,,https://vgg.bites.com.my/collections/organics/products/cfo-org-oats-rolled-fin-500g
https://vgg.bites.com.my/collections/organics,Organics,CFO ORG OATS (QUICK) FIN 500G,RM11.90,,https://vgg.bites.com.my/collections/organics/products/cfo-org-oats-quick-fin-500g
https://vgg.bites.com.my/collections/organics,Organics,CF ORGANIC RED RAISIN POUCH 200G,RM10.50,,https://vgg.bites.com.my/collections/organics/products/cf-organic-red-raisin-pouch-200g
https://vgg.bites.com.my/collections/organics,Organics,RICE UP BLACK IMPERIAL UNSALTED RICE CAKE 120G,RM8.99,RM9.60,https://vgg.bites.com.my/collections/organics/products/rice-up-black-imperial-unsalted-rice-cake-120g
https://vgg.bites.com.my/collections/organics,Organics,HEAL BERRY BERRIES PROTEIN SHAKE 15S,RM109.90,,https://vgg.bites.com.my/collections/organics/products/heal-berry-berries-protein-shake-15s
https://vgg.bites.com.my/collections/organics,Organics,RICE UP 7 SUPER SEEDS RICE CAKES 120G,RM8.99,RM9.50,https://vgg.bites.com.my/collections/organics/products/rice-up-7-super-seeds-rice-cakes-120g
https://vgg.bites.com.my/collections/organics,Organics,MAMAMI ORG WAVE OVERNIGHT OAT W BLACK SESAME 120G,RM9.35,,https://vgg.bites.com.my/collections/organics/products/mamami-org-wave-overnight-oat-w-black-sesame-120g
https://vgg.bites.com.my/collections/organics,Organics,MAMAMI ORG WAVE OVERNIGHT OATS W MATCHA 120G,RM9.35,,https://vgg.bites.com.my/collections/organics/products/mamami-org-wave-overnight-oats-w-matcha-120g
https://vgg.bites.com.my/collections/organics,Organics,SUNMAID RAISINS 14X14G,RM11.95,,https://vgg.bites.com.my/collections/organics/products/sunmaid-raisins-14x14g
https://vgg.bites.com.my/collections/organics,Organics,LIVING PLANET ORG DAIRY MILK FULL CREAM 1L,RM17.90,,https://vgg.bites.com.my/collections/organics/products/living-planet-org-dairy-milk-full-cream-1l
https://vgg.bites.com.my/collections/organics,Organics,LIVING PLANET ORG DAIRY MILK LOW FAT 1L,RM17.90,,https://vgg.bites.com.my/collections/organics/products/living-planet-org-dairy-milk-low-fat-1l
https://vgg.bites.com.my/collections/organics,Organics,PURE HARVEST ORG RICE MILK CALCIUM UNSW 1L,RM16.90,,https://vgg.bites.com.my/collections/organics/products/pure-harvest-org-rice-milk-calcium-unsw-1l
https://vgg.bites.com.my/collections/organics,Organics,PUREHARVEST SOY MILK NON GMO 1L,RM16.90,,https://vgg.bites.com.my/collections/organics/products/pureharvest-soy-milk-non-gmo-1l
https://vgg.bites.com.my/collections/organics,Organics,PURE HARVEST ORG COCO QUENCH 1L,RM22.90,,https://vgg.bites.com.my/collections/organics/products/pure-harvest-org-coco-quench-1l
https://vgg.bites.com.my/collections/organics,Organics,PURE HARVEST ORG ALMOND MILK 1L,RM29.00,,https://vgg.bites.com.my/collections/organics/products/pure-harvest-org-almond-milk-1l
https://vgg.bites.com.my/collections/organics,Organics,SIGNATURE PREMIUM ORG INSTANT OATS (USA) 500G,RM12.90,,https://vgg.bites.com.my/collections/organics/products/signature-premium-org-instant-oats-usa-500g
https://vgg.bites.com.my/collections/organics,Organics,LOVE EARTH ALOE VERA SEASONING 150G,RM19.90,,https://vgg.bites.com.my/collections/organics/products/love-earth-aloe-vera-seasoning-150g
https://vgg.bites.com.my/collections/organics,Organics,LOVE EARTH MUSHROOM SEASONING POWDER 150G,RM20.95,,https://vgg.bites.com.my/collections/organics/products/love-earth-mushroom-seasoning-powder-150g
https://vgg.bites.com.my/collections/organics,Organics,LOVE EARTH NATURAL RAW WALNUT 300GM,RM33.90,,https://vgg.bites.com.my/collections/organics/products/love-earth-natural-raw-walnut-300gm
https://vgg.bites.com.my/collections/organics,Organics,LOVE EARTH NATURAL CASHEW NUT 400GM,RM39.90,,https://vgg.bites.com.my/collections/organics/products/love-earth-natural-cashew-nut-400gm
https://vgg.bites.com.my/collections/organics,Organics,LOVE EARTH NATURAL RAW ALMOND 400GM,RM39.90,,https://vgg.bites.com.my/collections/organics/products/love-earth-natural-raw-almond-400gm
https://vgg.bites.com.my/collections/organics,Organics,HEAL RAW UNFLAVOURED CREATINE MONOHYDRATE MIX 200G,RM79.90,,https://vgg.bites.com.my/collections/organics/products/heal-raw-unflavoured-creatine-monohydrate-mix-200g
https://vgg.bites.com.my/collections/organics,Organics,HEAL JUICY APPLE CREATINE MONOHYDRATE 240G,RM84.90,,https://vgg.bites.com.my/collections/organics/products/heal-juicy-apple-creatine-monohydrate-240g
https://vgg.bites.com.my/collections/organics,Organics,LE CHICKPEA NACHOS SEAWEED SHIITAKE MUSHROOM 90G,RM13.90,,https://vgg.bites.com.my/collections/organics/products/le-chickpea-nachos-seaweed-shiitake-mushroom-90g
https://vgg.bites.com.my/collections/organics,Organics,LE CHICKPEA NACHOS BLACK PEPPER ROCK SALT 90G,RM13.90,,https://vgg.bites.com.my/collections/organics/products/le-chickpea-nachos-black-pepper-rock-salt-90g
https://vgg.bites.com.my/collections/organics,Organics,CERES ORG BROWN RICE CAKES ORI 110G,RM5.90,RM7.00,https://vgg.bites.com.my/collections/organics/products/ceres-org-brown-rice-cakes-ori-110g
https://vgg.bites.com.my/collections/organics,Organics,CERES ORG BROWN RICE CAKES NO ADDED SALT 110G,RM5.90,RM7.00,https://vgg.bites.com.my/collections/organics/products/ceres-org-brown-rice-cakes-no-added-salt-110g
https://vgg.bites.com.my/collections/organics,Organics,CERES ORG BROWN RICE CAKES WITH QUINOA 110G,RM5.90,RM7.00,https://vgg.bites.com.my/collections/organics/products/ceres-org-brown-rice-cakes-with-quinoa-110g
https://vgg.bites.com.my/collections/organics,Organics,CERES ORG BROWN RICE CAKES TAMARI 110G,RM5.90,RM7.00,https://vgg.bites.com.my/collections/organics/products/ceres-org-brown-rice-cakes-tamari-110g
https://vgg.bites.com.my/collections/organics,Organics,CERES ORG BROWN RICE CRACKERS SEAWEED 115G,RM6.90,RM9.00,https://vgg.bites.com.my/collections/organics/products/ceres-org-brown-rice-crackers-seaweed-115g
https://vgg.bites.com.my/collections/organics,Organics,CERES ORG BROWN RICE CRACKERS WITH CHIA 115G,RM6.90,RM9.00,https://vgg.bites.com.my/collections/organics/products/ceres-org-brown-rice-crackers-with-chia-115g
https://vgg.bites.com.my/collections/organics,Organics,CERES ORG BROWN RICE CRACKERS ORI 115G,RM6.90,RM9.00,https://vgg.bites.com.my/collections/organics/products/ceres-org-brown-rice-crackers-ori-115g
https://vgg.bites.com.my/collections/organics,Organics,CERES ORG BROWN RICE CRACKERS SALT&VINEGAR 115G,RM6.90,RM9.00,https://vgg.bites.com.my/collections/organics/products/ceres-org-brown-rice-crackers-salt-vinegar-115g
https://vgg.bites.com.my/collections/organics,Organics,CERES ORG BROWN RICE CRACKERS SRCREAM&CHIVE 115G,RM6.90,RM9.00,https://vgg.bites.com.my/collections/organics/products/ceres-org-brown-rice-crackers-srcream-chive-115g
https://vgg.bites.com.my/collections/organics,Organics,CERES ORG BABY RICE PUFFS BANANA 15G,RM4.95,,https://vgg.bites.com.my/collections/organics/products/ceres-org-baby-rice-puffs-banana-15g
https://vgg.bites.com.my/collections/organics,Organics,CERES ORG BABY RICE PUFFS BLUEBERRY 15G,RM4.95,,https://vgg.bites.com.my/collections/organics/products/ceres-org-baby-rice-puffs-blueberry-15g
https://vgg.bites.com.my/collections/organics,Organics,CERES ORG BABY RICE PUFFS PUMPKIN 15G,RM4.95,,https://vgg.bites.com.my/collections/organics/products/ceres-org-baby-rice-puffs-pumpkin-15g
https://vgg.bites.com.my/collections/organics,Organics,CERES ORG PUFFED STARS CHEESE 80G,RM5.90,RM7.00,https://vgg.bites.com.my/collections/organics/products/ceres-org-puffed-stars-cheese-80g
https://vgg.bites.com.my/collections/organics,Organics,RADIANT ORG UNBLEACHED CAKE FLOUR 1KG,RM16.05,,https://vgg.bites.com.my/collections/organics/products/radiant-org-unbleached-cake-flour-1kg
https://vgg.bites.com.my/collections/organics,Organics,RADIANT SELF-RAISING FLOUR ORG 1KG,RM16.05,,https://vgg.bites.com.my/collections/organics/products/radiant-self-raising-flour-org-1kg
https://vgg.bites.com.my/collections/organics,Organics,RADIANT ORG WM H/P BREAD FLOUR 1KG,RM16.05,,https://vgg.bites.com.my/collections/organics/products/radiant-org-wm-h-p-bread-flour-1kg
https://vgg.bites.com.my/collections/organics,Organics,RADIANT ORG UNBLEACHED BREAD FLOUR 1KG,RM16.05,,https://vgg.bites.com.my/collections/organics/products/radiant-org-unbleached-bread-flour-1kg
https://vgg.bites.com.my/collections/organics,Organics,RADIANT ORG PLAIN FLOUR UNBLEACHED 1KG,RM16.05,,https://vgg.bites.com.my/collections/organics/products/radiant-org-plain-flour-unbleached-1kg
https://vgg.bites.com.my/collections/organics,Organics,MILNA NATURE PUFF ORGANIC CHEESE 42G,RM15.50,,https://vgg.bites.com.my/collections/organics/products/milna-nature-puff-organic-cheese-42g
https://vgg.bites.com.my/collections/organics,Organics,MILNA NATURE PUFF ORGANIC APPLE & MIX BERRIES 42G,RM15.50,,https://vgg.bites.com.my/collections/organics/products/milna-nature-puff-organic-apple-mix-berries-42g
https://vgg.bites.com.my/collections/organics,Organics,DJ&A SHIITAKE MUSHROOM CRISPS 30G,RM11.05,,https://vgg.bites.com.my/collections/organics/products/dj-a-shiitake-mushroom-crisps-30g
https://vgg.bites.com.my/collections/organics,Organics,LE LIGHTLY SALTED ALMOND 350G,RM39.99,,https://vgg.bites.com.my/collections/organics/products/le-lightly-salted-almond-350g
https://vgg.bites.com.my/collections/organics,Organics,LE LIGHTLY SALTED CASHEW 320G,RM39.90,,https://vgg.bites.com.my/collections/organics/products/le-lightly-salted-cashew-320g
https://vgg.bites.com.my/collections/organics,Organics,LE LIGHTLY SALTED ALMOND CASHEW 330G,RM39.90,,https://vgg.bites.com.my/collections/organics/products/le-lightly-salted-almond-cashew-330g
https://vgg.bites.com.my/collections/organics,Organics,LE LIGHTLY SALTED PICTACHIO 260G,RM39.90,,https://vgg.bites.com.my/collections/organics/products/le-lightly-salted-pictachio-260g
https://vgg.bites.com.my/collections/organics,Organics,ARATAKI HONEY MANUKA UMF 5+ MGO 83+500G,RM138.99,RM152.80,https://vgg.bites.com.my/collections/organics/products/arataki-honey-manuka-umf-5-mgo-83-500g
https://vgg.bites.com.my/collections/organics,Organics,ARATAKI HONEY MANUKA BLEND MGO 50+500G,RM74.89,RM82.90,https://vgg.bites.com.my/collections/organics/products/arataki-honey-manuka-blend-mgo-50-500g
https://vgg.bites.com.my/collections/organics,Organics,ARATAKI HONEY MANUKA UMF 10+ MGO 261+250G,RM122.99,RM139.20,https://vgg.bites.com.my/collections/organics/products/arataki-honey-manuka-umf-10-mgo-261-250g
https://vgg.bites.com.my/collections/organics,Organics,CHIOS GARDENS 12 ORANGES BITS 1L,RM13.19,RM15.10,https://vgg.bites.com.my/collections/organics/products/chios-gardens-12-oranges-bits-1l
https://vgg.bites.com.my/collections/organics,Organics,CHIOS GARDENS 26 MANDARINS 1L,RM13.19,RM15.10,https://vgg.bites.com.my/collections/organics/products/chios-gardens-26-mandarins-1l
https://vgg.bites.com.my/collections/organics,Organics,CHIOS GARDENS 3 FRUITS MIX 1L,RM13.19,RM15.10,https://vgg.bites.com.my/collections/organics/products/chios-gardens-3-fruits-mix-1l
https://vgg.bites.com.my/collections/organics,Organics,CHIOS GARDENS 7 APPLES 1L,RM13.19,RM15.10,https://vgg.bites.com.my/collections/organics/products/chios-gardens-7-apples-1l
https://vgg.bites.com.my/collections/organics,Organics,MAMAMI ORG WAVE OVERNIGHT OATS W NUTMEG  120GM,RM9.35,,https://vgg.bites.com.my/collections/organics/products/mamami-org-wave-overnight-oats-w-nutmeg-120gm
https://vgg.bites.com.my/collections/organics,Organics,MAMAMI MATCHARELLA 10X30G,RM23.39,RM23.90,https://vgg.bites.com.my/collections/organics/products/mamami-matcharella-10x30g
https://vgg.bites.com.my/collections/organics,Organics,HEAL CLASSIC COFFEE PROTEIN SHAKE 540G,RM109.90,,https://vgg.bites.com.my/collections/organics/products/heal-classic-coffee-protein-shake-540g
https://vgg.bites.com.my/collections/organics,Organics,HEAL COCONUT SHAKE PROTEIN SHAKE 465G,RM109.90,,https://vgg.bites.com.my/collections/organics/products/heal-coconut-shake-protein-shake-465g
https://vgg.bites.com.my/collections/organics,Organics,HEAL PASSIONFRUIT PUNCH PROTEIN SHAKE 450G,RM109.90,,https://vgg.bites.com.my/collections/organics/products/heal-passionfruit-punch-protein-shake-450g
https://vgg.bites.com.my/collections/organics,Organics,HEAL SALTED CHOCOLATE VEGAN PROTEIN SHAKE 540G,RM94.90,,https://vgg.bites.com.my/collections/organics/products/heal-salted-chocolate-vegan-protein-shake-540g
https://vgg.bites.com.my/collections/organics,Organics,HEAL MATCHA LATTE PROTEIN SHAKE 15S,RM109.90,,https://vgg.bites.com.my/collections/organics/products/heal-matcha-latte-protein-shake-15s
https://vgg.bites.com.my/collections/organics,Organics,HEAL VANILLA ALMOND PROTEIN SHAKE 15S,RM94.90,,https://vgg.bites.com.my/collections/organics/products/heal-vanilla-almond-protein-shake-15s
https://vgg.bites.com.my/collections/organics,Organics,MAMAMI JAPANESE BREAD FLOUR 500G,RM10.90,,https://vgg.bites.com.my/collections/organics/products/mamami-japanese-bread-flour-500g
https://vgg.bites.com.my/collections/organics,Organics,ORGANIC WAVE 100% NAT JAPANESE CAKE FLOUR 500G,RM10.90,,https://vgg.bites.com.my/collections/organics/products/organic-wave-100-nat-japanese-cake-flour-500g
https://vgg.bites.com.my/collections/organics,Organics,LOVE EARTH ORGANIC KIDS PASTA VEGE MACARONI 175G,RM16.90,,https://vgg.bites.com.my/collections/organics/products/love-earth-organic-kids-pasta-vege-macaroni-175g
https://vgg.bites.com.my/collections/organics,Organics,LOVE EARTH ORGANIC KIDS PASTA FARM ANIMALS 175G,RM16.90,,https://vgg.bites.com.my/collections/organics/products/love-earth-organic-kids-pasta-farm-animals-175g
https://vgg.bites.com.my/collections/organics,Organics,ALCE NERO ORG SPAGHETTINI 500GM,RM9.00,,https://vgg.bites.com.my/collections/organics/products/alce-nero-org-spaghettini-500gm
https://vgg.bites.com.my/collections/organics,Organics,ALCE NERO ORG TOMATO SAUCE WITH BASIL 350GM,RM16.60,,https://vgg.bites.com.my/collections/organics/products/alce-nero-org-tomato-sauce-with-basil-350gm
https://vgg.bites.com.my/collections/organics,Organics,RADIANT TAHINI UNHULLED BROWN ORG 375G,RM35.90,,https://vgg.bites.com.my/collections/organics/products/radiant-tahini-unhulled-brown-org-375g
https://vgg.bites.com.my/collections/organics,Organics,RADIANT COOKING COCONUT OIL 750ML,RM29.90,,https://vgg.bites.com.my/collections/organics/products/radiant-cooking-coconut-oil-750ml
https://vgg.bites.com.my/collections/organics,Organics,CERES BROWN RICE CRACKERS CHEESE 115G,RM6.90,RM8.90,https://vgg.bites.com.my/collections/organics/products/ceres-brown-rice-crackers-cheese-115g
https://vgg.bites.com.my/collections/organics,Organics,HAKUBAKU ORGANIC CHA SOBA 200G,RM15.40,,https://vgg.bites.com.my/collections/organics/products/hakubaku-organic-cha-soba-200g
https://vgg.bites.com.my/collections/organics,Organics,HAKUBAKU ORGANIC RAMEN 270GM,RM15.40,,https://vgg.bites.com.my/collections/organics/products/hakubaku-organic-ramen-270gm
https://vgg.bites.com.my/collections/organics,Organics,HAKUBAKU SOMEN NOODLES 270GM,RM15.40,,https://vgg.bites.com.my/collections/organics/products/hakubaku-somen-noodles-270gm
https://vgg.bites.com.my/collections/organics,Organics,"LE ORG BABY NODDLES CARROT, S.POTATO, SPINACH 180G",RM13.19,RM14.55,https://vgg.bites.com.my/collections/organics/products/le-org-baby-noddles-carrot-s-potato-spinach-180g
https://vgg.bites.com.my/collections/organics,Organics,"LE ORG BABY NODDLES WHEAT, PUMPKIN, BEETROOT 180G",RM13.19,RM14.55,https://vgg.bites.com.my/collections/organics/products/le-org-baby-noddles-wheat-pumpkin-beetroot-180g
https://vgg.bites.com.my/collections/papers-tissues,Papers Tissues,SCOTT CALORIE ABSORB PREMIUM TOWEL 6R,RM17.40,,https://vgg.bites.com.my/collections/papers-tissues/products/scott-calorie-absorb-premium-towel-6r
https://vgg.bites.com.my/collections/papers-tissues,Papers Tissues,PREMIER KITCHEN TOWEL 6RX60'S,RM11.49,RM14.30,https://vgg.bites.com.my/collections/papers-tissues/products/premier-kitchen-towel-6rx60-s
https://vgg.bites.com.my/collections/papers-tissues,Papers Tissues,CLOROX DISINFECTING WIPES FRESH 35'S,RM12.49,RM14.15,https://vgg.bites.com.my/collections/papers-tissues/products/clorox-disinfecting-wipes-fresh-35-s
https://vgg.bites.com.my/collections/papers-tissues,Papers Tissues,PREMIER FRUIT SERVIETTE 6X100G (6IN1),RM7.40,,https://vgg.bites.com.my/collections/papers-tissues/products/premier-fruit-serviette-6x100g-6in1
https://vgg.bites.com.my/collections/papers-tissues,Papers Tissues,PREMIER KITCHEN TOWEL 2R,RM7.45,,https://vgg.bites.com.my/collections/papers-tissues/products/premier-kitchen-towel-2r
https://vgg.bites.com.my/collections/papers-tissues,Papers Tissues,SCOTT FLORAL FT BOX 2PLY 4X150'S,RM12.05,,https://vgg.bites.com.my/collections/papers-tissues/products/scott-floral-ft-box-2ply-4x150-s
https://vgg.bites.com.my/collections/papers-tissues,Papers Tissues,CUTIE SOFT TOILET ROLLS 10S,RM12.40,,https://vgg.bites.com.my/collections/papers-tissues/products/cutie-soft-toilet-rolls-10s
https://vgg.bites.com.my/collections/papers-tissues,Papers Tissues,CUTIE COMPACT TOILET ROLL 10'S,RM18.20,,https://vgg.bites.com.my/collections/papers-tissues/products/cutie-compact-toilet-roll-10-s
https://vgg.bites.com.my/collections/papers-tissues,Papers Tissues,SCOTT MULTI PURPOSE TOWEL 55SX8 ROLLS,RM13.89,RM17.00,https://vgg.bites.com.my/collections/papers-tissues/products/scott-multi-purpose-towel-55sx8-rolls
https://vgg.bites.com.my/collections/papers-tissues,Papers Tissues,CLOROX DISINFECTING WIPES LEMON 35'S,RM12.49,RM14.15,https://vgg.bites.com.my/collections/papers-tissues/products/clorox-disinfecting-wipes-lemon-35-s
https://vgg.bites.com.my/collections/papers-tissues,Papers Tissues,OFFSPRING PLANT-BASED WIPES 6X20S,RM39.50,,https://vgg.bites.com.my/collections/papers-tissues/products/offspring-plant-based-wipes-6x20s
https://vgg.bites.com.my/collections/papers-tissues,Papers Tissues,VINDA DLX 3 PLY 3D 8R,RM27.00,,https://vgg.bites.com.my/collections/papers-tissues/products/vinda-dlx-3-ply-3d-8r
https://vgg.bites.com.my/collections/papers-tissues,Papers Tissues,SCOTT KITCHEN TOWEL CALORIE LIGHT 2RX60S,RM7.50,,https://vgg.bites.com.my/collections/papers-tissues/products/scott-kitchen-towel-calorie-light-2rx60s
https://vgg.bites.com.my/collections/papers-tissues,Papers Tissues,KLEENEX BT CLEAN CARE REG 30R,RM34.89,RM46.00,https://vgg.bites.com.my/collections/papers-tissues/products/kleenex-bt-clean-care-reg-30r
https://vgg.bites.com.my/collections/papers-tissues,Papers Tissues,PREMIER SANITIZING WIPES 50SX2PKT,RM14.20,,https://vgg.bites.com.my/collections/papers-tissues/products/premier-sanitizing-wipes-50sx2pkt
https://vgg.bites.com.my/collections/papers-tissues,Papers Tissues,KLEENEX FRESH CLEAN BT 8+2R,RM11.95,,https://vgg.bites.com.my/collections/papers-tissues/products/kleenex-fresh-clean-bt-8-2r
https://vgg.bites.com.my/collections/papers-tissues,Papers Tissues,ROYAL GOLD LUX WHITE TISSUE (L) SPACK 3PLY 4X100S,RM13.20,,https://vgg.bites.com.my/collections/papers-tissues/products/royal-gold-lux-white-tissue-l-spack-3ply-4x100s
https://vgg.bites.com.my/collections/papers-tissues,Papers Tissues,PREMIER PENGUIN POCKET TISSUE 9SX12PKTX5,RM16.00,,https://vgg.bites.com.my/collections/papers-tissues/products/premier-penguin-pocket-tissue-9sx12pktx5
https://vgg.bites.com.my/collections/papers-tissues,Papers Tissues,ROYAL GOLD LUX INTERLEAF TISSUE SPACK 3PLY 4X100S,RM12.00,,https://vgg.bites.com.my/collections/papers-tissues/products/royal-gold-lux-interleaf-tissue-spack-3ply-4x100s
https://vgg.bites.com.my/collections/papers-tissues,Papers Tissues,SCOTT CALORIE LIGHT KITCHEN TOWEL 50SX8 ROLLS,RM13.89,RM18.50,https://vgg.bites.com.my/collections/papers-tissues/products/scott-calorie-light-kitchen-towel-50sx8-rolls
https://vgg.bites.com.my/collections/papers-tissues,Papers Tissues,ROYAL GOLD TWIN TONE FACIAL TISSUE BX 3PLY 4X110S,RM16.49,RM17.65,https://vgg.bites.com.my/collections/papers-tissues/products/royal-gold-twin-tone-facial-tissue-bx-3ply-4x110s
https://vgg.bites.com.my/collections/papers-tissues,Papers Tissues,ROYAL GOLD LUXURIOUS WHITE F/T 4X80S,RM12.05,,https://vgg.bites.com.my/collections/papers-tissues/products/royal-gold-luxurious-white-f-t-4x80s
https://vgg.bites.com.my/collections/papers-tissues,Papers Tissues,ROYAL GOLD LUXURIOUS FACIAL TISSUE BX 3PLY 4X110S,RM16.49,RM17.65,https://vgg.bites.com.my/collections/papers-tissues/products/royal-gold-luxurious-facial-tissue-bx-3ply-4x110s
https://vgg.bites.com.my/collections/papers-tissues,Papers Tissues,ROYAL GOLD LUX INTERLEAF BATHROOM TISSUE 20RX200S,RM26.99,RM33.50,https://vgg.bites.com.my/collections/papers-tissues/products/royal-gold-lux-interleaf-bathroom-tissue-20rx200s
https://vgg.bites.com.my/collections/papers-tissues,Papers Tissues,ROYAL GOLD LUX WHITE TISSUE SOFT PACK 3PLY 12X50S,RM12.89,RM14.90,https://vgg.bites.com.my/collections/papers-tissues/products/royal-gold-lux-white-tissue-soft-pack-3ply-12x50s
https://vgg.bites.com.my/collections/papers-tissues,Papers Tissues,SCOTT MULTIPURPOSE TOWELS 3X85'S,RM12.20,,https://vgg.bites.com.my/collections/papers-tissues/products/scott-multipurpose-towels-3x85-s
https://vgg.bites.com.my/collections/papers-tissues,Papers Tissues,SCOTT NAPKIN 200S,RM4.10,,https://vgg.bites.com.my/collections/papers-tissues/products/scott-napkin-200s
https://vgg.bites.com.my/collections/papers-tissues,Papers Tissues,VINDA DELUXE TISSUE BOX 3PLY 4X80S,RM14.29,RM18.10,https://vgg.bites.com.my/collections/papers-tissues/products/vinda-deluxe-tissue-box-3ply-4x80s
https://vgg.bites.com.my/collections/papers-tissues,Papers Tissues,ROYAL GOLD TWIN TONE SOFT PACK 3*50'S,RM4.80,,https://vgg.bites.com.my/collections/papers-tissues/products/royal-gold-twin-tone-soft-pack-3-50-s
https://vgg.bites.com.my/collections/papers-tissues,Papers Tissues,KLEENEX FT VINTAGE SOFT PACK 3X50S,RM3.75,,https://vgg.bites.com.my/collections/papers-tissues/products/kleenex-ft-vintage-soft-pack-3x50s
https://vgg.bites.com.my/collections/papers-tissues,Papers Tissues,CUTIE COMPACT KITCHEN TOWEL 6RX90S,RM22.50,,https://vgg.bites.com.my/collections/papers-tissues/products/cutie-compact-kitchen-towel-6rx90s
https://vgg.bites.com.my/collections/papers-tissues,Papers Tissues,ONWARDS BATHROOM TISSUE 2PLY 10R,RM14.70,,https://vgg.bites.com.my/collections/papers-tissues/products/onwards-bathroom-tissue-2ply-10r
https://vgg.bites.com.my/collections/papers-tissues,Papers Tissues,KLEENEX BT CLEAN CARE REG 200SX10R,RM17.90,,https://vgg.bites.com.my/collections/papers-tissues/products/kleenex-bt-clean-care-reg-200sx10r
https://vgg.bites.com.my/collections/papers-tissues,Papers Tissues,ROYAL GOLD LUXURIOUS WHITE TISSUE BX 3PLY 4X110S,RM16.49,RM17.65,https://vgg.bites.com.my/collections/papers-tissues/products/royal-gold-luxurious-white-tissue-bx-3ply-4x110s
https://vgg.bites.com.my/collections/papers-tissues,Papers Tissues,PREMIER FACIAL TISSUE 5X90S,RM10.95,,https://vgg.bites.com.my/collections/papers-tissues/products/premier-facial-tissue-5x90s
https://vgg.bites.com.my/collections/papers-tissues,Papers Tissues,ROYAL GOLD LUX F/TISSUE 4X80'S (3PLY),RM12.90,,https://vgg.bites.com.my/collections/papers-tissues/products/royal-gold-lux-ftissue-4x80s-3ply
https://vgg.bites.com.my/collections/papers-tissues,Papers Tissues,VINDA DLX 3 PLY SF 8R,RM27.00,,https://vgg.bites.com.my/collections/papers-tissues/products/vinda-dlx-3-ply-sf-8r
https://vgg.bites.com.my/collections/papers-tissues,Papers Tissues,VINDA DELUXE TISSUE 3PLY (L) 110SX4,RM11.99,RM14.95,https://vgg.bites.com.my/collections/papers-tissues/products/vinda-deluxe-tissue-3ply-l-110sx4
https://vgg.bites.com.my/collections/papers-tissues,Papers Tissues,VINDA DELUXE KITCHEN TOWEL 3X80S,RM11.30,,https://vgg.bites.com.my/collections/papers-tissues/products/vinda-deluxe-kitchen-towel-3x80s
https://vgg.bites.com.my/collections/papers-tissues,Papers Tissues,KLEENEX BT CLEAN CARE REG 200SX20R,RM25.89,RM35.50,https://vgg.bites.com.my/collections/papers-tissues/products/kleenex-bt-clean-care-reg-200sx20r
https://vgg.bites.com.my/collections/papers-tissues,Papers Tissues,KLEENEX BT CLEAN CARE SCT FRESH 190SX10R,RM17.90,,https://vgg.bites.com.my/collections/papers-tissues/products/kleenex-bt-clean-care-sct-fresh-190sx10r
https://vgg.bites.com.my/collections/papers-tissues,Papers Tissues,KLEENEX FT BOX 4X90S,RM9.30,,https://vgg.bites.com.my/collections/papers-tissues/products/kleenex-ft-box-4x90s
https://vgg.bites.com.my/collections/papers-tissues,Papers Tissues,ROYAL GOLD LUX WHITE TISSUE SOFT PACK 3PLY 3X50S,RM4.70,,https://vgg.bites.com.my/collections/papers-tissues/products/royal-gold-lux-white-tissue-soft-pack-3ply-3x50s
https://vgg.bites.com.my/collections/papers-tissues,Papers Tissues,ROYAL GOLD LUXURIOUS KITCHEN TOWEL 2R,RM7.65,,https://vgg.bites.com.my/collections/papers-tissues/products/royal-gold-luxurious-kitchen-towel-2r
https://vgg.bites.com.my/collections/papers-tissues,Papers Tissues,ROYAL GOLD LUXURIOUS KITCHEN TOWEL 6R,RM12.49,RM15.00,https://vgg.bites.com.my/collections/papers-tissues/products/royal-gold-luxurious-kitchen-towel-6r
https://vgg.bites.com.my/collections/papers-tissues,Papers Tissues,PREMIER NATURE BATHROOM TISSUE 180'SX20'R,RM19.30,,https://vgg.bites.com.my/collections/papers-tissues/products/premier-nature-bathroom-tissue-180-sx20-r
https://vgg.bites.com.my/collections/papers-tissues,Papers Tissues,VINDA DELUXE KITCHEN TOWEL 6X80S,RM17.59,RM19.05,https://vgg.bites.com.my/collections/papers-tissues/products/vinda-deluxe-kitchen-towel-6x80s
https://vgg.bites.com.my/collections/papers-tissues,Papers Tissues,SCOTT KITCHEN TOWEL REG 2X60'S,RM6.70,,https://vgg.bites.com.my/collections/papers-tissues/products/scott-kitchen-towel-reg-2x60-s
https://vgg.bites.com.my/collections/papers-tissues,Papers Tissues,VINDA DELUXE KITCHEN WIPES 40S,RM11.59,RM14.10,https://vgg.bites.com.my/collections/papers-tissues/products/vinda-deluxe-kitchen-wipes-40s
https://vgg.bites.com.my/collections/papers-tissues,Papers Tissues,KLEENEX FACIAL TISSUE VINTAGE 5X120S,RM14.89,RM17.45,https://vgg.bites.com.my/collections/papers-tissues/products/kleenex-facial-tissue-vintage-5x120s
https://vgg.bites.com.my/collections/papers-tissues,Papers Tissues,SCOTT CALORIE ABSORB PREMIUM TOWEL 3X80S,RM12.90,,https://vgg.bites.com.my/collections/papers-tissues/products/scott-calorie-absorb-premium-towel-3x80s
https://vgg.bites.com.my/collections/papers-tissues,Papers Tissues,KLEENEX FACIAL TISSUE NATURE FRESH 5X120S,RM14.89,RM17.45,https://vgg.bites.com.my/collections/papers-tissues/products/kleenex-facial-tissue-nature-fresh-5x120s
https://vgg.bites.com.my/collections/papers-tissues,Papers Tissues,PREMIER KITTY GARDEN T/R 10RX400'S,RM12.99,RM15.00,https://vgg.bites.com.my/collections/papers-tissues/products/premier-kitty-garden-t-r-10rx400-s
https://vgg.bites.com.my/collections/papers-tissues,Papers Tissues,PREMIER COTTON BUDS 400TIP,RM5.75,,https://vgg.bites.com.my/collections/papers-tissues/products/premier-cotton-buds-400tip
https://vgg.bites.com.my/collections/papers-tissues,Papers Tissues,PREMIER FACIAL TISSUE 4*100S,RM11.10,,https://vgg.bites.com.my/collections/papers-tissues/products/premier-facial-tissue-4-100s
https://vgg.bites.com.my/collections/papers-tissues,Papers Tissues,PUREEN BABY WIPES POP UP PACK PINK 2X100'S,RM15.80,,https://vgg.bites.com.my/collections/papers-tissues/products/pureen-baby-wipes-pop-up-pack-pink-2x100-s
https://vgg.bites.com.my/collections/papers-tissues,Papers Tissues,SCOTT EXTRA BT REG 10X180'S,RM10.89,RM11.95,https://vgg.bites.com.my/collections/papers-tissues/products/scott-extra-bt-reg-10x180-s
https://vgg.bites.com.my/collections/papers-tissues,Papers Tissues,SCOTT MULTI PURPOSE TOWEL 6R,RM12.89,RM15.85,https://vgg.bites.com.my/collections/papers-tissues/products/scott-multi-purpose-towel-6r
https://vgg.bites.com.my/collections/papers-tissues,Papers Tissues,VINDA PRESTIGE 4D EMBOSSED 3PLY 16R,RM33.99,RM46.90,https://vgg.bites.com.my/collections/papers-tissues/products/vinda-prestige-4d-embossed-3ply-16r
https://vgg.bites.com.my/collections/papers-tissues,Papers Tissues,CUTIE BUDGET TOILET ROLL 180'SX20'R,RM17.00,,https://vgg.bites.com.my/collections/papers-tissues/products/cutie-budget-toilet-roll-180-sx20-r
https://vgg.bites.com.my/collections/papers-tissues,Papers Tissues,DETTOL WIPES 50'S,RM22.95,,https://vgg.bites.com.my/collections/papers-tissues/products/dettol-wipes-50-s
https://vgg.bites.com.my/collections/papers-tissues,Papers Tissues,FARCENT A/BAC WET TISSUE TEA TREE 12S,RM11.69,RM12.50,https://vgg.bites.com.my/collections/papers-tissues/products/farcent-a-bac-wet-tissue-tea-tree-12s
https://vgg.bites.com.my/collections/papers-tissues,Papers Tissues,FARCENT A/BAC WET TISSUE LEMON 12S,RM11.69,RM12.50,https://vgg.bites.com.my/collections/papers-tissues/products/farcent-a-bac-wet-tissue-lemon-12s
https://vgg.bites.com.my/collections/papers-tissues,Papers Tissues,FARCENT A/BAC WET TISSUE LAVENDER 12S,RM11.69,RM12.50,https://vgg.bites.com.my/collections/papers-tissues/products/farcent-a-bac-wet-tissue-lavender-12s
https://vgg.bites.com.my/collections/papers-tissues,Papers Tissues,VINDA DELUXE KITCHEN TOWEL ROLL 6X60S,RM17.59,RM19.05,https://vgg.bites.com.my/collections/papers-tissues/products/vinda-deluxe-kitchen-towel-roll-6x60s
https://vgg.bites.com.my/collections/papers-tissues,Papers Tissues,PREMIER MULTI-PURPOSE DISINFECTING WIPES 80S,RM15.30,,https://vgg.bites.com.my/collections/papers-tissues/products/premier-multi-purpose-disinfecting-wipes-80s
https://vgg.bites.com.my/collections/papers-tissues,Papers Tissues,VINDA DELUXE SMOOTH FEEL 3PLY 16R,RM33.99,RM46.90,https://vgg.bites.com.my/collections/papers-tissues/products/vinda-deluxe-smooth-feel-3ply-16r
https://vgg.bites.com.my/collections/papers-tissues,Papers Tissues,VINDA PRESTIGE 4D CAM TOI 3PLY CAM 16R,RM33.99,RM46.90,https://vgg.bites.com.my/collections/papers-tissues/products/vinda-prestige-4d-cam-toi-3ply-cam-16r
https://vgg.bites.com.my/collections/papers-tissues,Papers Tissues,BZU BZU ANTIBACTERIAL BABY WIPES 2X80S,RM13.90,,https://vgg.bites.com.my/collections/papers-tissues/products/bzu-bzu-antibacterial-baby-wipes-2x80s
https://vgg.bites.com.my/collections/papers-tissues,Papers Tissues,BZU BZU ULTRA GENTLE BABY WIPES 2X80S,RM12.90,,https://vgg.bites.com.my/collections/papers-tissues/products/bzu-bzu-ultra-gentle-baby-wipes-2x80s
https://vgg.bites.com.my/collections/papers-tissues,Papers Tissues,BZU BZU BABY WIPES ULTRA GENTLE 30S,RM3.50,,https://vgg.bites.com.my/collections/papers-tissues/products/bzu-bzu-baby-wipes-ultra-gentle-30s
https://vgg.bites.com.my/collections/papers-tissues,Papers Tissues,ROYAL GOLD TISSUE SOFTPACK BOTTOM PULL 3PLY 500S,RM10.50,,https://vgg.bites.com.my/collections/papers-tissues/products/royal-gold-tissue-softpack-bottom-pull-3ply-500s
https://vgg.bites.com.my/collections/papers-tissues,Papers Tissues,KLEENEX BT CLEAN CARE SCT FRSH 190SX20R,RM25.89,RM35.50,https://vgg.bites.com.my/collections/papers-tissues/products/kleenex-bt-clean-care-sct-frsh-190sx20r
https://vgg.bites.com.my/collections/papers-tissues,Papers Tissues,TEMPO TISSUE SOFTPACK NEUTRAL 4X90S,RM20.15,,https://vgg.bites.com.my/collections/papers-tissues/products/tempo-tissue-softpack-neutral-4x90s
https://vgg.bites.com.my/collections/papers-tissues,Papers Tissues,SAVOIR FACIAL TISSUE SOFTPACK 4PLYX110,RM15.00,,https://vgg.bites.com.my/collections/papers-tissues/products/savoir-facial-tissue-softpack-4plyx110
https://vgg.bites.com.my/collections/papers-tissues,Papers Tissues,SAVOIR FACIAL TISSUE BOX 3PLY 4X100S,RM17.00,,https://vgg.bites.com.my/collections/papers-tissues/products/savoir-facial-tissue-box-3ply-4x100s
https://vgg.bites.com.my/collections/papers-tissues,Papers Tissues,KLEENEX BT ULTRA SOFT ALOE 30R,RM34.89,RM46.00,https://vgg.bites.com.my/collections/papers-tissues/products/kleenex-bt-ultra-soft-aloe-30r
https://vgg.bites.com.my/collections/seafood,Seafood,MS FROZEN PUD 21/25 VANAMEI MEAT 200GM,RM12.50,,https://vgg.bites.com.my/collections/seafood/products/ms-frozen-pud-21-25-vanamei-meat-200gm
https://vgg.bites.com.my/collections/seafood,Seafood,MS FROZEN PUD 31/40 VANAMEI MEAT 200G,RM7.99,RM11.50,https://vgg.bites.com.my/collections/seafood/products/ms-frozen-pud-3140-vanamei-meat-200g
https://vgg.bites.com.my/collections/seafood,Seafood,MS FROZEN TUNA LOIN (+/-300G),RM47.45,,https://vgg.bites.com.my/collections/seafood/products/ms-frozen-tuna-loin-300g
https://vgg.bites.com.my/collections/seafood,Seafood,MS FROZEN TILAPIA FILLET XL +/-1KG,RM28.90,,https://vgg.bites.com.my/collections/seafood/products/ms-frozen-tilapia-fillet-xl-1kg
https://vgg.bites.com.my/collections/seafood,Seafood,NZ ORGANIC HALF SHELL MUSSEL 1KG+-,RM56.99,RM60.90,https://vgg.bites.com.my/collections/seafood/products/nz-organic-half-shell-mussel-1kg
https://vgg.bites.com.my/collections/seafood,Seafood,FFF DORYFISH 1KG,RM39.90,,https://vgg.bites.com.my/collections/seafood/products/fff-doryfish-1kg
https://vgg.bites.com.my/collections/seafood,Seafood,ALASKA COOKED KING CRAB (+/-2KG),RM599.80,,https://vgg.bites.com.my/collections/seafood/products/alaska-cooked-king-crab-2kg
https://vgg.bites.com.my/collections/seafood,Seafood,SOTONG PUTIH/SQUID L (+/-600G),RM41.94,,https://vgg.bites.com.my/collections/seafood/products/sotong-putihsquid-l-600g
https://vgg.bites.com.my/collections/seafood,Seafood,ABALONE SLICE (SQUID SLICE) 300G,RM14.90,,https://vgg.bites.com.my/collections/seafood/products/abalone-slice-squid-slice-300g
https://vgg.bites.com.my/collections/seafood,Seafood,FRESH NORWEGIAN ATLANTIC SALMON BLOCK (+/- 300G),RM34.17,,https://vgg.bites.com.my/collections/seafood/products/fresh-norwegian-atlantic-salmon-block-300g
https://vgg.bites.com.my/collections/seafood,Seafood,FRESH NORWEGIAN ATLANTIC SALMON FILLET (+/-300G),RM37.17,,https://vgg.bites.com.my/collections/seafood/products/fresh-norwegian-atlantic-salmon-fillet-300g
https://vgg.bites.com.my/collections/seafood,Seafood,FRESH NORWEGIAN FJORD TROUT WHOLE (+/-4KG),RM359.60,,https://vgg.bites.com.my/collections/seafood/products/fresh-norwegian-fjord-trout-whole-4kg
https://vgg.bites.com.my/collections/seafood,Seafood,FRESH NORWEGIAN FJORD TROUT BLOCK  (+/-300G),RM35.97,,https://vgg.bites.com.my/collections/seafood/products/fresh-norwegian-fjord-trout-block-300g
https://vgg.bites.com.my/collections/seafood,Seafood,FRESH NORWEGIAN FJORD TROUT FILLET (+/-300G),RM38.97,,https://vgg.bites.com.my/collections/seafood/products/fresh-norwegian-fjord-trout-fillet-300g
https://vgg.bites.com.my/collections/seafood,Seafood,IKAN BAWAL HITAM L (+/-800G),RM36.72,,https://vgg.bites.com.my/collections/seafood/products/ikan-bawal-hitam-l-800g
https://vgg.bites.com.my/collections/seafood,Seafood,MS FROZEN PUD 71/90 VANAMEI MEAT 200GM,RM10.80,,https://vgg.bites.com.my/collections/seafood/products/ms-frozen-pud-71-90-vanamei-meat-200gm
https://vgg.bites.com.my/collections/seafood,Seafood,SQUID SOTONG CLEANED (+/- 600G),RM36.00,,https://vgg.bites.com.my/collections/seafood/products/squid-sotong-cleaned-600g
https://vgg.bites.com.my/collections/seafood,Seafood,UDANG HARIMAU/TIGER PRAWN XL (+/-600G),RM39.54,,https://vgg.bites.com.my/collections/seafood/products/udang-harimautiger-prawn-xl-600g
https://vgg.bites.com.my/collections/seafood,Seafood,FROZEN SUTCHI FILLET (+/- 800G),RM17.90,,https://vgg.bites.com.my/collections/seafood/products/frozen-sutchi-fillet-800g
https://vgg.bites.com.my/collections/seafood,Seafood,FROZEN COD FISH BLOCK (+/- 400G),RM119.96,,https://vgg.bites.com.my/collections/seafood/products/frozen-cod-fish-block-400g
https://vgg.bites.com.my/collections/seafood,Seafood,JY PARANG FISH BALL PKT,RM7.85,,https://vgg.bites.com.my/collections/seafood/products/jy-parang-fish-ball-pkt
https://vgg.bites.com.my/collections/seafood,Seafood,VICTORIA SEA ASPARAGUS IN BRINE 425G,RM44.80,,https://vgg.bites.com.my/collections/seafood/products/victoria-sea-asparagus-in-brine-425g
https://vgg.bites.com.my/collections/seafood,Seafood,FROZEN HOSO LIVE COOKED TIGER PRAWN 21/25 700G,RM79.90,,https://vgg.bites.com.my/collections/seafood/products/frozen-hoso-live-cooked-tiger-prawn-2125-700g
https://vgg.bites.com.my/collections/seafood,Seafood,FROZEN BLACK TIGER SHRIMP PASTE 150G,RM15.90,,https://vgg.bites.com.my/collections/seafood/products/frozen-black-tiger-shrimp-paste-150g
https://vgg.bites.com.my/collections/seafood,Seafood,FROZEN UNAGI KABAYAKI 200G,RM25.90,,https://vgg.bites.com.my/collections/seafood/products/frozen-unagi-kabayaki-200g
https://vgg.bites.com.my/collections/seafood,Seafood,HOKKAIDO BABY SCALLOP 41-50/LB 500GM,RM30.90,,https://vgg.bites.com.my/collections/seafood/products/hokkaido-baby-scallop-41-50-lb-500gm
https://vgg.bites.com.my/collections/seafood,Seafood,FROZEN SHABU SHABU SNAKEHEAD FISH 200G,RM8.99,RM10.90,https://vgg.bites.com.my/collections/seafood/products/frozen-shabu-shabu-snakehead-fish-200g
https://vgg.bites.com.my/collections/eggs,Eggs,NUTRIPLUS OMEGA 3 MED 15'S,RM11.29,RM11.60,https://vgg.bites.com.my/collections/eggs/products/nutriplus-omega-3-med-15-s
https://vgg.bites.com.my/collections/eggs,Eggs,SAFEGG PASTEURIZED SHELL EGGS 10'S,RM14.50,,https://vgg.bites.com.my/collections/eggs/products/safegg-pasteurized-shell-eggs-10-s
https://vgg.bites.com.my/collections/eggs,Eggs,NUTRIPLUS TELUR KAMPUNG WITH OMEGA 3 10'S,RM8.70,,https://vgg.bites.com.my/collections/eggs/products/nutriplus-telur-kampung-with-omega-3-10-s
https://vgg.bites.com.my/collections/eggs,Eggs,QL OMEGA 3 & DHA ENRICHED 10'S,RM7.70,,https://vgg.bites.com.my/collections/eggs/products/ql-omega-3-dha-enriched-10-s
https://vgg.bites.com.my/collections/eggs,Eggs,LK FRESH EGGS ALL NATURAL FARM FRESH 12S,RM10.55,,https://vgg.bites.com.my/collections/eggs/products/lk-fresh-eggs-all-natural-farm-fresh-12s
https://vgg.bites.com.my/collections/eggs,Eggs,NUTRIPLUS EGGS OMEGA 3 L 10S,RM8.00,,https://vgg.bites.com.my/collections/eggs/products/nutriplus-eggs-omega-3-l-10s
https://vgg.bites.com.my/collections/eggs,Eggs,NUTRIPLUS ORG SELENIUM MED 15'S,RM11.29,RM11.60,https://vgg.bites.com.my/collections/eggs/products/nutriplus-org-selenium-med-15-s
https://vgg.bites.com.my/collections/eggs,Eggs,SANDY FREE RANGE CHICKEN EGGS 10S,RM14.90,,https://vgg.bites.com.my/collections/eggs/products/sandy-free-range-chicken-eggs-10s
https://vgg.bites.com.my/collections/eggs,Eggs,KODAWARI EGGS W ASTAXANTHIN 10S,RM16.45,,https://vgg.bites.com.my/collections/eggs/products/kodawari-eggs-w-astaxanthin-10s
https://vgg.bites.com.my/collections/eggs,Eggs,NUTRI PLUS ORG SELENIUM L 10S,RM8.00,,https://vgg.bites.com.my/collections/eggs/products/nutri-plus-org-selenium-l-10s
https://vgg.bites.com.my/collections/eggs,Eggs,NUTRI PLUS LOW CHOLESTEROL M 10'S,RM8.00,,https://vgg.bites.com.my/collections/eggs/products/nutri-plus-low-cholesterol-m-10-s
https://vgg.bites.com.my/collections/eggs,Eggs,NUTRIPLUS CLASSIC EGGS M 15S,RM11.05,,https://vgg.bites.com.my/collections/eggs/products/nutriplus-classic-eggs-m-15s
https://vgg.bites.com.my/collections/eggs,Eggs,NUTRIPLUS LOW CHOLESTEROL MED 15'S,RM11.29,RM11.60,https://vgg.bites.com.my/collections/eggs/products/nutriplus-low-cholesterol-med-15-s
https://vgg.bites.com.my/collections/eggs,Eggs,SAFEGG DHA PASTEURIZED SHELL EGGS 6'S,RM11.95,,https://vgg.bites.com.my/collections/eggs/products/safegg-dha-pasteurized-shell-eggs-6-s
https://vgg.bites.com.my/collections/eggs,Eggs,QL D'FRESH QUALITY 15'S LARGE,RM11.20,,https://vgg.bites.com.my/collections/eggs/products/ql-d-fresh-quality-15-s-large
https://vgg.bites.com.my/collections/eggs,Eggs,QL OMEGA 3 & DHA ENRICHED 15'S,RM11.60,,https://vgg.bites.com.my/collections/eggs/products/ql-omega-3-dha-enriched-15-s
https://vgg.bites.com.my/collections/eggs,Eggs,QL D'FRESH L 10'S,RM7.80,,https://vgg.bites.com.my/collections/eggs/products/ql-d-fresh-l-10-s
https://vgg.bites.com.my/collections/eggs,Eggs,NUTRI PLUS OMEGA 3 JUMBO EGGS 10'S,RM9.15,,https://vgg.bites.com.my/collections/eggs/products/nutri-plus-omega-3-jumbo-eggs-10-s
https://vgg.bites.com.my/collections/eggs,Eggs,NUTRIPLUS EGGS OMEGA 3 XL 10S,RM8.40,,https://vgg.bites.com.my/collections/eggs/products/nutriplus-eggs-omega-3-xl-10s
https://vgg.bites.com.my/collections/eggs,Eggs,LK FRESH FREE RANGE EGGS 6S,RM8.55,,https://vgg.bites.com.my/collections/eggs/products/lk-fresh-free-range-eggs-6s
https://vgg.bites.com.my/collections/eggs,Eggs,LK FRESH LOW CHOLESTEROL EGGS 6'S,RM7.10,,https://vgg.bites.com.my/collections/eggs/products/lk-fresh-low-cholesterol-eggs-6-s
https://vgg.bites.com.my/collections/eggs,Eggs,SA PREMIUM EGG 30S B,RM27.90,,https://vgg.bites.com.my/collections/eggs/products/sa-premium-egg-30s-b
https://vgg.bites.com.my/collections/eggs,Eggs,LKH QUAIL EGG 15S,RM5.35,,https://vgg.bites.com.my/collections/eggs/products/lkh-quail-egg-15s
https://vgg.bites.com.my/collections/eggs,Eggs,LKH TELUR KAMPUNG SEGAR 10S,RM8.80,,https://vgg.bites.com.my/collections/eggs/products/lkh-telur-kampung-segar-10s
https://vgg.bites.com.my/collections/eggs,Eggs,LTK ORGANIC SELENIUM PLUS 10'S,RM9.00,,https://vgg.bites.com.my/collections/eggs/products/ltk-organic-selenium-plus-10-s
https://vgg.bites.com.my/collections/eggs,Eggs,SA MACAO EGG 10S B,RM10.60,,https://vgg.bites.com.my/collections/eggs/products/sa-macao-egg-10s-b
https://vgg.bites.com.my/collections/eggs,Eggs,CSF QUAIL EGG 15S,RM10.80,,https://vgg.bites.com.my/collections/eggs/products/csf-quail-egg-15s
https://vgg.bites.com.my/collections/eggs,Eggs,SAVOIR CLASSIC EGG GRADE B 30'S,RM14.75,,https://vgg.bites.com.my/collections/eggs/products/savoir-classic-egg-grade-b-30-s
https://vgg.bites.com.my/collections/eggs,Eggs,SAVOIR CLASSIC EGG GRADE C 30'S,RM14.20,,https://vgg.bites.com.my/collections/eggs/products/savoir-classic-egg-grade-c-30-s
https://vgg.bites.com.my/collections/eggs,Eggs,SAVOIR NATURAL SPRING RAISED CHICKEN EGGS 10S,RM13.85,,https://vgg.bites.com.my/collections/eggs/products/savoir-natural-spring-raised-chicken-eggs-10s
https://vgg.bites.com.my/collections/eggs,Eggs,SAVOIR OMEGA LUTEIN EGG 15S,RM10.20,,https://vgg.bites.com.my/collections/eggs/products/savoir-omega-lutein-egg-15s
https://vgg.bites.com.my/collections/eggs,Eggs,RASA MALAYA FREE RANGE CAGE FREE EGG 10S,RM13.85,,https://vgg.bites.com.my/collections/eggs/products/rasa-malaya-free-range-cage-free-egg-10s
https://vgg.bites.com.my/collections/woolworths,Woolworths,WOOLWORTHS QUICK OATS 750G,RM12.05,,https://vgg.bites.com.my/collections/woolworths/products/woolworths-quick-oats-750g
https://vgg.bites.com.my/collections/woolworths,Woolworths,WOOLWORTHS BASIL LEAVES 10G,RM7.00,,https://vgg.bites.com.my/collections/woolworths/products/woolworths-basil-leaves-10g
https://vgg.bites.com.my/collections/woolworths,Woolworths,WOOLWORTHS THYME LEAVES SHAKER 12G,RM7.00,,https://vgg.bites.com.my/collections/woolworths/products/woolworths-thyme-leaves-shaker-12g
https://vgg.bites.com.my/collections/woolworths,Woolworths,WOOLWORTHS SUNDRIED TOMATO HALVES 500G,RM25.20,,https://vgg.bites.com.my/collections/woolworths/products/woolworths-sundried-tomato-halves-500g
https://vgg.bites.com.my/collections/woolworths,Woolworths,WOOLWORTHS ROSEMARY LEAVES 18G,RM7.00,,https://vgg.bites.com.my/collections/woolworths/products/woolworths-rosemary-leaves-18g
https://vgg.bites.com.my/collections/woolworths,Woolworths,WOOLWORTHS CAMOMILE TEA BAGS 40PK 60G,RM13.05,,https://vgg.bites.com.my/collections/woolworths/products/woolworths-camomile-tea-bags-40pk-60g
https://vgg.bites.com.my/collections/woolworths,Woolworths,WOOLWORTHS CUMIN GROUND 30G,RM7.00,,https://vgg.bites.com.my/collections/woolworths/products/woolworths-cumin-ground-30g
https://vgg.bites.com.my/collections/woolworths,Woolworths,WOOLWORTHS MUSTARD MILD AMERICAN SMOOTH 250G,RM13.05,,https://vgg.bites.com.my/collections/woolworths/products/woolworths-mustard-mild-american-smooth-250g
https://vgg.bites.com.my/collections/woolworths,Woolworths,WOOLWORTHS ITALIAN HERBS 10G,RM7.00,,https://vgg.bites.com.my/collections/woolworths/products/woolworths-italian-herbs-10g
https://vgg.bites.com.my/collections/woolworths,Woolworths,WOOLWORTHS APRICOT HALVES IN JUICE 410G,RM10.05,,https://vgg.bites.com.my/collections/woolworths/products/woolworths-apricot-halves-in-juice-410g
https://vgg.bites.com.my/collections/woolworths,Woolworths,WOOLWORTHS SMILING TUMS APP&BNN W OATS PUREE 120G,RM7.00,,https://vgg.bites.com.my/collections/woolworths/products/woolworths-smiling-tums-app-bnn-w-oats-puree-120g
https://vgg.bites.com.my/collections/woolworths,Woolworths,WOOLWORTHS APPLE SLICES PIE FRUIT 385G,RM10.05,,https://vgg.bites.com.my/collections/woolworths/products/woolworths-apple-slices-pie-fruit-385g
https://vgg.bites.com.my/collections/woolworths,Woolworths,WOOLWORTHS SMILING TUMS PEAR BNN&MANGO PUREE 120G,RM7.00,,https://vgg.bites.com.my/collections/woolworths/products/woolworths-smiling-tums-pear-bnn-mango-puree-120g
https://vgg.bites.com.my/collections/woolworths,Woolworths,WOOLWORTHS PANCAKE BUTTERMILK MIX SHAKER 350G,RM12.05,,https://vgg.bites.com.my/collections/woolworths/products/woolworths-pancake-buttermilk-mix-shaker-350g
https://vgg.bites.com.my/collections/woolworths,Woolworths,WOOLWORTHS GARAM MASALA 29G,RM7.00,,https://vgg.bites.com.my/collections/woolworths/products/woolworths-garam-masala-29g
https://vgg.bites.com.my/collections/woolworths,Woolworths,WOOLWORTHS GARLIC GRANULES 45G,RM7.00,,https://vgg.bites.com.my/collections/woolworths/products/woolworths-garlic-granules-45g
https://vgg.bites.com.my/collections/woolworths,Woolworths,WOOLWORTHS GINGER GROUND 25G,RM7.00,,https://vgg.bites.com.my/collections/woolworths/products/woolworths-ginger-ground-25g
https://vgg.bites.com.my/collections/woolworths,Woolworths,WOOLWORTHS OREGANO LEAVES 10G,RM7.00,,https://vgg.bites.com.my/collections/woolworths/products/woolworths-oregano-leaves-10g
https://vgg.bites.com.my/collections/woolworths,Woolworths,WOOLWORTHS PARSLEY FLAKES 5G,RM7.00,,https://vgg.bites.com.my/collections/woolworths/products/woolworths-parsley-flakes-5g
https://vgg.bites.com.my/collections/woolworths,Woolworths,WOOLWORTHS APRICOT & CHOC OATY SLICE 240G,RM16.10,,https://vgg.bites.com.my/collections/woolworths/products/woolworths-apricot-choc-oaty-slice-240g
https://vgg.bites.com.my/collections/woolworths,Woolworths,WOOLWORTHS ONION POWDER 38G,RM7.00,,https://vgg.bites.com.my/collections/woolworths/products/woolworths-onion-powder-38g
https://vgg.bites.com.my/collections/woolworths,Woolworths,WOOLWORTHS TUNA LAKSA 95G,RM7.00,,https://vgg.bites.com.my/collections/woolworths/products/woolworths-tuna-laksa-95g
https://vgg.bites.com.my/collections/woolworths,Woolworths,WOOLWORTHS FROZEN RASPBERRIES 500G,RM43.45,,https://vgg.bites.com.my/collections/woolworths/products/woolworths-frozen-raspberries-500g
https://vgg.bites.com.my/collections/woolworths,Woolworths,WOOLWORTHS FROZEN STRAWBERRIES 500G,RM26.25,,https://vgg.bites.com.my/collections/woolworths/products/woolworths-frozen-strawberries-500g
https://vgg.bites.com.my/collections/woolworths,Woolworths,WOOLWORTHS WHOLE CUMIN SEEDS 36G,RM7.00,,https://vgg.bites.com.my/collections/woolworths/products/woolworths-whole-cumin-seeds-36g
https://vgg.bites.com.my/collections/woolworths,Woolworths,WOOLWORTHS OLIVES GREEN WHOLE 450G,RM16.90,,https://vgg.bites.com.my/collections/woolworths/products/woolworths-olives-green-whole-450g
https://vgg.bites.com.my/collections/woolworths,Woolworths,WOOLWORTHS DICED ITALIAN TOMATO BASIL&OREGANO 400G,RM7.00,,https://vgg.bites.com.my/collections/woolworths/products/woolworths-diced-italian-tomato-basil-oregano-400g
https://vgg.bites.com.my/collections/woolworths,Woolworths,WOOLWORTHS ITALIAN BALSAMIC DRESSING 99% FF 300ML,RM11.65,,https://vgg.bites.com.my/collections/woolworths/products/woolworths-italian-balsamic-dressing-99-ff-300ml
https://vgg.bites.com.my/collections/woolworths,Woolworths,WOOLWORTHS ITALIAN DRESSING 99% FAT FREE 300ML,RM11.65,,https://vgg.bites.com.my/collections/woolworths/products/woolworths-italian-dressing-99-fat-free-300ml
https://vgg.bites.com.my/collections/woolworths,Woolworths,WOOLWORTHS CITRUS LIME 99% JUICE 250ML,RM7.00,,https://vgg.bites.com.my/collections/woolworths/products/woolworths-citrus-lime-99-juice-250ml
https://vgg.bites.com.my/collections/woolworths,Woolworths,WOOLWORTHS CRANBERRY SAUCE 275G,RM19.90,,https://vgg.bites.com.my/collections/woolworths/products/woolworths-cranberry-sauce-275g
https://vgg.bites.com.my/collections/woolworths,Woolworths,WOOLWORTHS DILL 10G,RM7.00,,https://vgg.bites.com.my/collections/woolworths/products/woolworths-dill-10g
https://vgg.bites.com.my/collections/woolworths,Woolworths,WOOLWORTHS PEANUT BROWNIE COOKIES 325G,RM13.90,,https://vgg.bites.com.my/collections/woolworths/products/woolworths-peanut-brownie-cookies-325g
https://vgg.bites.com.my/collections/woolworths,Woolworths,WOOLWORTHS DRINKING CHOCOLATE 400G,RM20.15,,https://vgg.bites.com.my/collections/woolworths/products/woolworths-drinking-chocolate-400g
https://vgg.bites.com.my/collections/woolworths,Woolworths,WOOLWORTHS THIN RICE CAKES ORIGINAL 150G,RM10.05,,https://vgg.bites.com.my/collections/woolworths/products/woolworths-thin-rice-cakes-original-150g
https://vgg.bites.com.my/collections/woolworths,Woolworths,WOOLWORTHS THIN RICE CAKES SOUR CREAM&CHIVES 125G,RM10.05,,https://vgg.bites.com.my/collections/woolworths/products/woolworths-thin-rice-cakes-sour-cream-chives-125g
https://vgg.bites.com.my/collections/woolworths,Woolworths,WOOLWORTHS STICK MOCHA 10PK,RM26.25,,https://vgg.bites.com.my/collections/woolworths/products/woolworths-stick-mocha-10pk
https://vgg.bites.com.my/collections/woolworths,Woolworths,WOOLWORTHS HOT CHOCOLATE STICK 10PK 200G,RM26.25,,https://vgg.bites.com.my/collections/woolworths/products/woolworths-hot-chocolate-stick-10pk-200g
https://vgg.bites.com.my/collections/woolworths,Woolworths,WOOLWORTHS APPLE PEAR & CINNAMON 120G,RM7.00,,https://vgg.bites.com.my/collections/woolworths/products/woolworths-apple-pear-cinnamon-120g
https://vgg.bites.com.my/collections/woolworths,Woolworths,WOOLWORTHS CHOC CHIP MINIS BISCUITS 8PK 180G,RM17.90,,https://vgg.bites.com.my/collections/woolworths/products/woolworths-choc-chip-minis-biscuits-8pk-180g
https://vgg.bites.com.my/collections/woolworths,Woolworths,WOOLWORTHS STICK CARAMEL LATTE 10PK,RM24.20,,https://vgg.bites.com.my/collections/woolworths/products/woolworths-stick-caramel-latte-10pk
https://vgg.bites.com.my/collections/woolworths,Woolworths,WOOLWORTHS STICK FLAT WHITE 10PK,RM26.25,,https://vgg.bites.com.my/collections/woolworths/products/woolworths-stick-flat-white-10pk
https://vgg.bites.com.my/collections/woolworths,Woolworths,WOOLWORTHS FROZEN PITTED CHERRIES 500G,RM26.25,,https://vgg.bites.com.my/collections/woolworths/products/woolworths-frozen-pitted-cherries-500g
https://vgg.bites.com.my/collections/woolworths,Woolworths,WOOLWORTHS VEGETABLE LIQUID STOCK 1L,RM12.05,,https://vgg.bites.com.my/collections/woolworths/products/woolworths-vegetable-liquid-stock-1l
https://vgg.bites.com.my/collections/woolworths,Woolworths,WOOLWORTHS CREME WAFER MINIS 6S 175G,RM14.10,,https://vgg.bites.com.my/collections/woolworths/products/woolworths-creme-wafer-minis-6s-175g
https://vgg.bites.com.my/collections/woolworths,Woolworths,WOOLWORTHS WHEAT BISCUITS 1KG,RM31.30,,https://vgg.bites.com.my/collections/woolworths/products/woolworths-wheat-biscuits-1kg
https://vgg.bites.com.my/collections/woolworths,Woolworths,WOOLWORTHS CRACKERS ORIGINAL 250G,RM10.05,,https://vgg.bites.com.my/collections/woolworths/products/woolworths-crackers-original-250g
https://vgg.bites.com.my/collections/alcohol,Alcohol,ANGLIA SHANDY CAN 6X320ML,RM19.50,,https://vgg.bites.com.my/collections/alcohol/products/anglia-shandy-can-6x320ml
https://vgg.bites.com.my/collections/alcohol,Alcohol,TIGER BEER CAN 6X320ML,RM48.95,,https://vgg.bites.com.my/collections/alcohol/products/tiger-beer-can-6x320ml
https://vgg.bites.com.my/collections/alcohol,Alcohol,APPLE FOX CIDER CAN 320ML,RM8.35,,https://vgg.bites.com.my/collections/alcohol/products/apple-fox-cider-can-320ml
https://vgg.bites.com.my/collections/alcohol,Alcohol,HEINEKEN BEER CAN 320ML,RM11.10,,https://vgg.bites.com.my/collections/alcohol/products/heineken-beer-can-320ml
https://vgg.bites.com.my/collections/alcohol,Alcohol,TIGER BEER CAN 320ML,RM9.10,,https://vgg.bites.com.my/collections/alcohol/products/tiger-beer-can-320ml
https://vgg.bites.com.my/collections/alcohol,Alcohol,GUINNESS STOUT CAN 4X320ML,RM34.75,,https://vgg.bites.com.my/collections/alcohol/products/guinness-stout-can-4x320ml
https://vgg.bites.com.my/collections/alcohol,Alcohol,GUINNESS STOUT CAN 320ML,RM9.65,,https://vgg.bites.com.my/collections/alcohol/products/guinness-stout-can-320ml
https://vgg.bites.com.my/collections/alcohol,Alcohol,TIGER BEER CAN 4X6X320ML,RM186.80,,https://vgg.bites.com.my/collections/alcohol/products/tiger-beer-can-4x6x320ml
https://vgg.bites.com.my/collections/alcohol,Alcohol,SKOL BEER CAN 320ML,RM7.95,,https://vgg.bites.com.my/collections/alcohol/products/skol-beer-can-320ml
https://vgg.bites.com.my/collections/alcohol,Alcohol,EDELWEISS WHEAT BEER 320ML,RM12.75,,https://vgg.bites.com.my/collections/alcohol/products/edelweiss-wheat-beer-320ml
https://vgg.bites.com.my/collections/alcohol,Alcohol,SOMERSBY BLACK BERRY CAN 320ML,RM9.05,,https://vgg.bites.com.my/collections/alcohol/products/somersby-black-berry-can-320ml
https://vgg.bites.com.my/collections/alcohol,Alcohol,CARLSBERG BEER CAN (GL) 320ML,RM9.10,,https://vgg.bites.com.my/collections/alcohol/products/carlsberg-beer-can-gl-320ml
https://vgg.bites.com.my/collections/alcohol,Alcohol,CARLSBERG BEER CAN (GL) 500ML,RM13.35,,https://vgg.bites.com.my/collections/alcohol/products/carlsberg-beer-can-gl-500ml
https://vgg.bites.com.my/collections/alcohol,Alcohol,ROYAL STOUT CAN 320ML,RM9.30,,https://vgg.bites.com.my/collections/alcohol/products/royal-stout-can-320ml
https://vgg.bites.com.my/collections/alcohol,Alcohol,SKOL BEER CAN 24X320ML,RM171.00,,https://vgg.bites.com.my/collections/alcohol/products/skol-beer-can-24x320ml
https://vgg.bites.com.my/collections/alcohol,Alcohol,CARLSBERG SMOOTH DRAUGHT BEER CAN 500ML,RM13.35,,https://vgg.bites.com.my/collections/alcohol/products/carlsberg-smooth-draught-beer-can-500ml
https://vgg.bites.com.my/collections/alcohol,Alcohol,CONNOR'S 320ML,RM9.90,RM10.60,https://vgg.bites.com.my/collections/alcohol/products/connor-s-320ml
https://vgg.bites.com.my/collections/alcohol,Alcohol,TIGER CRYSTAL CAN 320ML,RM9.10,,https://vgg.bites.com.my/collections/alcohol/products/tiger-crystal-can-320ml
https://vgg.bites.com.my/collections/alcohol,Alcohol,TIGER CRYSTAL CAN 24X320ML,RM181.60,,https://vgg.bites.com.my/collections/alcohol/products/tiger-crystal-can-24x320ml
https://vgg.bites.com.my/collections/alcohol,Alcohol,CONNOR'S 24X320ML,RM192.00,RM214.40,https://vgg.bites.com.my/collections/alcohol/products/connor-s-24x320ml
https://vgg.bites.com.my/collections/alcohol,Alcohol,SKOL BEER CAN 4X320ML,RM29.50,,https://vgg.bites.com.my/collections/alcohol/products/skol-beer-can-4x320ml
https://vgg.bites.com.my/collections/alcohol,Alcohol,CARLSBERG SMOOTH DRAUGHT CANS 24*320ML,RM184.20,,https://vgg.bites.com.my/collections/alcohol/products/carlsberg-smooth-draught-cans-24-320ml
https://vgg.bites.com.my/collections/alcohol,Alcohol,ROYAL STOUT CAN 4X320ML,RM33.05,,https://vgg.bites.com.my/collections/alcohol/products/royal-stout-can-4x320ml
https://vgg.bites.com.my/collections/alcohol,Alcohol,CARLSBERG BEER CAN (GL) 24X320ML,RM184.40,,https://vgg.bites.com.my/collections/alcohol/products/carlsberg-beer-can-gl-24x320ml
https://vgg.bites.com.my/collections/alcohol,Alcohol,CARLSBERG BEER CAN (GL) 6X320ML,RM47.75,,https://vgg.bites.com.my/collections/alcohol/products/carlsberg-beer-can-gl-6x320ml
https://vgg.bites.com.my/collections/alcohol,Alcohol,CARLSBERG SMOOTH DRAUGHT CANS 320ML,RM9.10,,https://vgg.bites.com.my/collections/alcohol/products/carlsberg-smooth-draught-cans-320ml
https://vgg.bites.com.my/collections/alcohol,Alcohol,CARLSBERG SMOOTH DRAUGHT CANS 6*320ML,RM47.70,,https://vgg.bites.com.my/collections/alcohol/products/carlsberg-smooth-draught-cans-6-320ml
https://vgg.bites.com.my/collections/alcohol,Alcohol,SOMERSBY APPLE CAN 320ML,RM9.05,,https://vgg.bites.com.my/collections/alcohol/products/somersby-apple-can-320ml
https://vgg.bites.com.my/collections/alcohol,Alcohol,KRONENBOURG 1664 BLANC CAN 4*320ML,RM35.90,RM39.70,https://vgg.bites.com.my/collections/alcohol/products/kronenbourg-1664-blanc-can-4-320ml
https://vgg.bites.com.my/collections/alcohol,Alcohol,APPLE FOX CIDER CAN 4X320ML,RM28.80,,https://vgg.bites.com.my/collections/alcohol/products/apple-fox-cider-can-4x320ml
https://vgg.bites.com.my/collections/alcohol,Alcohol,CARLSBERG BEER CAN (GL) 4X500ML,RM50.80,,https://vgg.bites.com.my/collections/alcohol/products/carlsberg-beer-can-gl-4x500ml
https://vgg.bites.com.my/collections/alcohol,Alcohol,ANCHOR SMOOTH CAN 320ML,RM8.45,,https://vgg.bites.com.my/collections/alcohol/products/anchor-smooth-can-320ml
https://vgg.bites.com.my/collections/alcohol,Alcohol,ANCHOR SMOOTH CAN 6X320ML,RM46.60,,https://vgg.bites.com.my/collections/alcohol/products/anchor-smooth-can-6x320ml
https://vgg.bites.com.my/collections/alcohol,Alcohol,ANGLIA SHANDY CAN 320ML,RM3.50,,https://vgg.bites.com.my/collections/alcohol/products/anglia-shandy-can-320ml
https://vgg.bites.com.my/collections/alcohol,Alcohol,CONNOR'S 4X320ML,RM32.90,RM37.70,https://vgg.bites.com.my/collections/alcohol/products/connor-s-4x320ml
https://vgg.bites.com.my/collections/alcohol,Alcohol,EDELWEISS WHEAT BEER 4X320ML,RM32.90,RM42.05,https://vgg.bites.com.my/collections/alcohol/products/edelweiss-wheat-beer-4x320ml
https://vgg.bites.com.my/collections/alcohol,Alcohol,KRONENBOURG 1664 BLANC CAN 320ML,RM10.90,RM11.60,https://vgg.bites.com.my/collections/alcohol/products/kronenbourg-1664-blanc-can-320ml
https://vgg.bites.com.my/collections/alcohol,Alcohol,KRONENBOURG 1664 ROSE CAN 320ML,RM10.90,RM11.55,https://vgg.bites.com.my/collections/alcohol/products/kronenbourg-1664-rose-can-320ml
https://vgg.bites.com.my/collections/alcohol,Alcohol,MALTA CAN 320ML,RM3.85,,https://vgg.bites.com.my/collections/alcohol/products/malta-can-320ml
https://vgg.bites.com.my/collections/alcohol,Alcohol,MALTA CAN 6X320ML,RM22.00,,https://vgg.bites.com.my/collections/alcohol/products/malta-can-6x320ml
https://vgg.bites.com.my/collections/alcohol,Alcohol,CARLSBERG SPECIAL BREW CAN 320ML,RM10.40,,https://vgg.bites.com.my/collections/alcohol/products/carlsberg-special-brew-can-320ml
https://vgg.bites.com.my/collections/alcohol,Alcohol,KRONENBOURG 1664 ROSE CAN 4X320ML,RM35.90,RM39.60,https://vgg.bites.com.my/collections/alcohol/products/kronenbourg-1664-rose-can-4x320ml
https://vgg.bites.com.my/collections/alcohol,Alcohol,OLD JAMAICA GINGER BEER LIGHT 330ML,RM6.00,,https://vgg.bites.com.my/collections/alcohol/products/old-jamaica-ginger-beer-light-330ml
https://vgg.bites.com.my/collections/alcohol,Alcohol,SOMERSBY APPLE CAN 4*320ML,RM30.30,,https://vgg.bites.com.my/collections/alcohol/products/somersby-apple-can-4-320ml
https://vgg.bites.com.my/collections/alcohol,Alcohol,SOMERSBY BLACK BERRY CAN 4*320ML,RM30.30,,https://vgg.bites.com.my/collections/alcohol/products/somersby-black-berry-can-4-320ml
https://vgg.bites.com.my/collections/alcohol,Alcohol,HEINEKEN 4X320ML,RM35.90,RM39.45,https://vgg.bites.com.my/collections/alcohol/products/heineken-4x320ml
https://vgg.bites.com.my/collections/alcohol,Alcohol,SOMERSBY APPLE 0.0 4X320ML,RM16.90,,https://vgg.bites.com.my/collections/alcohol/products/somersby-apple-00-4x320ml
https://vgg.bites.com.my/collections/alcohol,Alcohol,SOMERSBY APPLE CIDER 330ML,RM12.20,,https://vgg.bites.com.my/collections/alcohol/products/somersby-apple-cider-330ml
https://vgg.bites.com.my/collections/alcohol,Alcohol,GUINNESS STOUT CAN 24X320ML,RM193.50,,https://vgg.bites.com.my/collections/alcohol/products/guinness-stout-can-24x320ml
https://vgg.bites.com.my/collections/alcohol,Alcohol,GUINNESS STOUT CAN 500ML,RM14.00,,https://vgg.bites.com.my/collections/alcohol/products/guinness-stout-can-500ml
https://vgg.bites.com.my/collections/alcohol,Alcohol,TIGER BEER TALL CAN 500ML,RM16.50,,https://vgg.bites.com.my/collections/alcohol/products/tiger-beer-tall-can-500ml
https://vgg.bites.com.my/collections/alcohol,Alcohol,GUINNESS STOUT CAN 24X500ML,RM314.90,,https://vgg.bites.com.my/collections/alcohol/products/guinness-stout-can-24x500ml
https://vgg.bites.com.my/collections/alcohol,Alcohol,GLENMORANGIE LA SANTA,RM389.90,RM420.00,https://vgg.bites.com.my/collections/alcohol/products/glenmorangie-la-santa
https://vgg.bites.com.my/collections/alcohol,Alcohol,GLENMORANGIE THE ORIGINAL 700ML,RM362.90,RM391.00,https://vgg.bites.com.my/collections/alcohol/products/glenmorangie-the-original-700ml
https://vgg.bites.com.my/collections/alcohol,Alcohol,BAY OF FIRES CHARDONNAY,RM268.00,,https://vgg.bites.com.my/collections/alcohol/products/bay-of-fires-chardonnay
https://vgg.bites.com.my/collections/alcohol,Alcohol,ALPS ELABORATE GRAPE JUICE 1L,RM30.90,,https://vgg.bites.com.my/collections/alcohol/products/alps-elaborate-grape-juice-1l
https://vgg.bites.com.my/collections/alcohol,Alcohol,ALPS ELABORATE GRAPE JUICE PREMIUM WHITE 1L,RM30.90,,https://vgg.bites.com.my/collections/alcohol/products/alps-elaborate-grape-juice-premium-white-1l
https://vgg.bites.com.my/collections/alcohol,Alcohol,CARLSBERG SMOOTH DRAUGHT BEER CAN 4X500ML,RM50.70,,https://vgg.bites.com.my/collections/alcohol/products/carlsberg-smooth-draught-beer-can-4x500ml
https://vgg.bites.com.my/collections/alcohol,Alcohol,CORONA EXTRA BEER 355ML,RM21.00,,https://vgg.bites.com.my/collections/alcohol/products/corona-extra-beer-355ml
https://vgg.bites.com.my/collections/alcohol,Alcohol,SOMERSBY APPLE CAN 24*320ML,RM179.40,,https://vgg.bites.com.my/collections/alcohol/products/somersby-apple-can-24-320ml
https://vgg.bites.com.my/collections/alcohol,Alcohol,EDELWEISS WHEAT BEER 6X4X320ML,RM189.90,RM233.45,https://vgg.bites.com.my/collections/alcohol/products/edelweiss-wheat-beer-6x4x320ml
https://vgg.bites.com.my/collections/alcohol,Alcohol,STELLA ARTOIS BEER BOTTLE 6*330ML+GLASS,RM105.00,,https://vgg.bites.com.my/collections/alcohol/products/stella-artois-beer-bottle-6-330ml-glass
https://vgg.bites.com.my/collections/alcohol,Alcohol,CHANG CLASSIC BEER 320ML,RM12.90,,https://vgg.bites.com.my/collections/alcohol/products/chang-classic-beer-320ml
https://vgg.bites.com.my/collections/alcohol,Alcohol,ALBENS CIDER APPLE & LYCHEE 330ML,RM21.70,,https://vgg.bites.com.my/collections/alcohol/products/albens-cider-apple-lychee-330ml
https://vgg.bites.com.my/collections/alcohol,Alcohol,KIRIN ICHIBAN BEER JAPAN'S PRIME BREW 330ML,RM17.70,,https://vgg.bites.com.my/collections/alcohol/products/kirin-ichiban-beer-japans-prime-brew-330ml
https://vgg.bites.com.my/collections/alcohol,Alcohol,TIGER CRYSTAL CAN 4X320ML,RM32.00,,https://vgg.bites.com.my/collections/alcohol/products/tiger-crystal-can-4x320ml
https://vgg.bites.com.my/collections/alcohol,Alcohol,BUDWEISER BEER BOTTLE 4X330ML,RM58.95,,https://vgg.bites.com.my/collections/alcohol/products/budweiser-beer-bottle-4x330ml
https://vgg.bites.com.my/collections/alcohol,Alcohol,HOEGAARDEN WHITE BEER 4X330ML,RM58.90,,https://vgg.bites.com.my/collections/alcohol/products/hoegaarden-white-beer-4x330ml
https://vgg.bites.com.my/collections/alcohol,Alcohol,KRONENBOURG 1664 BLANC CAN 24*320ML,RM216.90,RM233.40,https://vgg.bites.com.my/collections/alcohol/products/kronenbourg-1664-blanc-can-24-320ml
https://vgg.bites.com.my/collections/alcohol,Alcohol,HOEGAARDEN WHITE BEER 330ML,RM15.00,,https://vgg.bites.com.my/collections/alcohol/products/hoegaarden-white-beer-330ml
https://vgg.bites.com.my/collections/alcohol,Alcohol,STELLA ARTOIS BEER BOTTLE 330ML,RM17.40,,https://vgg.bites.com.my/collections/alcohol/products/stella-artois-beer-bottle-330ml
https://vgg.bites.com.my/collections/alcohol,Alcohol,CORONA EXTRA BEER 6X355ML,RM110.00,,https://vgg.bites.com.my/collections/alcohol/products/corona-extra-beer-6x355ml
https://vgg.bites.com.my/collections/alcohol,Alcohol,BUDWEISER BEER BOTTLE 355ML,RM15.25,,https://vgg.bites.com.my/collections/alcohol/products/budweiser-beer-bottle-355ml
https://vgg.bites.com.my/collections/alcohol,Alcohol,BUDWEISER BEER CAN 355ML,RM12.55,,https://vgg.bites.com.my/collections/alcohol/products/budweiser-beer-can-355ml
https://vgg.bites.com.my/collections/alcohol,Alcohol,EDELWEISS PEACH 24X320ML,RM189.90,RM233.45,https://vgg.bites.com.my/collections/alcohol/products/edelweiss-peach-24x320ml
https://vgg.bites.com.my/collections/alcohol,Alcohol,EDELWEISS PEACH 4X320ML,RM32.90,RM42.05,https://vgg.bites.com.my/collections/alcohol/products/edelweiss-peach-4x320ml
https://vgg.bites.com.my/collections/alcohol,Alcohol,EDELWEISS PEACH 320ML,RM12.75,,https://vgg.bites.com.my/collections/alcohol/products/edelweiss-peach-320ml
https://vgg.bites.com.my/collections/alcohol,Alcohol,SAPPORO BEER CAN 6X4X320ML,RM211.90,RM233.40,https://vgg.bites.com.my/collections/alcohol/products/sapporo-beer-can-6x4x320ml
https://vgg.bites.com.my/collections/alcohol,Alcohol,SAPPORO BEER CAN 4X320ML,RM33.90,RM42.10,https://vgg.bites.com.my/collections/alcohol/products/sapporo-beer-can-4x320ml
https://vgg.bites.com.my/collections/alcohol,Alcohol,SAPPORO BEER CAN 320ML,RM9.90,RM11.10,https://vgg.bites.com.my/collections/alcohol/products/sapporo-beer-can-320ml
https://vgg.bites.com.my/collections/alcohol,Alcohol,GUINNESS DRAUGHT CAN 4X470ML,RM60.10,,https://vgg.bites.com.my/collections/alcohol/products/guinness-draught-can-4x470ml
https://vgg.bites.com.my/collections/alcohol,Alcohol,GUINNESS DRAUGHT CAN 470ML,RM15.10,,https://vgg.bites.com.my/collections/alcohol/products/guinness-draught-can-470ml
https://vgg.bites.com.my/collections/alcohol,Alcohol,ROYAL STOUT CAN 24X320ML,RM193.15,,https://vgg.bites.com.my/collections/alcohol/products/royal-stout-can-24x320ml
https://vgg.bites.com.my/collections/alcohol,Alcohol,FAIRCHILD'S ORGANIC APPLE CIDER VINEGAR 32OZ,RM39.20,,https://vgg.bites.com.my/collections/alcohol/products/fairchild-s-organic-apple-cider-vinegar-32oz
https://vgg.bites.com.my/collections/alcohol,Alcohol,KIRIN ICHIBAN BEER JAPAN'S PRIME BREW 6X330ML,RM97.00,,https://vgg.bites.com.my/collections/alcohol/products/kirin-ichiban-beer-japan-s-prime-brew-6x330ml
https://vgg.bites.com.my/collections/alcohol,Alcohol,BRAGG ORGANIC APPLE CIDER VINEGAR 32OZ,RM31.60,,https://vgg.bites.com.my/collections/alcohol/products/bragg-organic-apple-cider-vinegar-32oz
https://vgg.bites.com.my/collections/alcohol,Alcohol,KIRIN ICHIBAN BEER JAPAN'S PRIME BREW 4X330ML,RM54.79,RM64.20,https://vgg.bites.com.my/collections/alcohol/products/kirin-ichiban-beer-japan-s-prime-brew-4x330ml
https://vgg.bites.com.my/collections/alcohol,Alcohol,CORONA EXTRA BEER 4X355ML,RM77.80,,https://vgg.bites.com.my/collections/alcohol/products/corona-extra-beer-4x355ml
https://vgg.bites.com.my/collections/alcohol,Alcohol,FRANZISKANER HEFE-WEISSBIER 500ML,RM23.00,,https://vgg.bites.com.my/collections/alcohol/products/franziskaner-hefe-weissbier-500ml
https://vgg.bites.com.my/collections/alcohol,Alcohol,ERDINGER WEISSBIER WHITE BOTTLE 500ML,RM25.50,,https://vgg.bites.com.my/collections/alcohol/products/erdinger-weissbier-white-bottle-500ml
https://vgg.bites.com.my/collections/alcohol,Alcohol,SUNTORY NON-ALCOHOL SPARKLING WHITE WINE 350ML,RM7.99,RM9.50,https://vgg.bites.com.my/collections/alcohol/products/suntory-non-alcohol-sparkling-white-wine-350ml
https://vgg.bites.com.my/collections/alcohol,Alcohol,SUNTORY NON-ALCOHOL SPARKLING RED WINE 350ML,RM7.99,RM9.50,https://vgg.bites.com.my/collections/alcohol/products/suntory-non-alcohol-sparkling-red-wine-350ml
https://vgg.bites.com.my/collections/alcohol,Alcohol,SUNTORY NON-ALCOHOL SOUR GRAPE DRINK 350ML,RM7.99,RM9.50,https://vgg.bites.com.my/collections/alcohol/products/suntory-non-alcohol-sour-grape-drink-350ml
https://vgg.bites.com.my/collections/canned-food-instant-meals,Canned Food Instant Meals,SAN REMO LARGE SHEET LASAGNA 250G,RM6.25,,https://vgg.bites.com.my/collections/canned-food-instant-meals/products/san-remo-large-sheet-lasagna-250g
https://vgg.bites.com.my/collections/canned-food-instant-meals,Canned Food Instant Meals,SAN REMO INSTANT LASAGNA 250G,RM6.25,,https://vgg.bites.com.my/collections/canned-food-instant-meals/products/san-remo-instant-lasagna-250g
https://vgg.bites.com.my/collections/canned-food-instant-meals,Canned Food Instant Meals,AYAM BRAND WHOLE KERNEL CORN 425G,RM4.40,,https://vgg.bites.com.my/collections/canned-food-instant-meals/products/ayam-brand-whole-kernel-corn-425g
https://vgg.bites.com.my/collections/canned-food-instant-meals,Canned Food Instant Meals,CAMPBELL'S COUNTRY LADLE BEEF & VEGE 500G,RM18.15,,https://vgg.bites.com.my/collections/canned-food-instant-meals/products/campbells-country-ladle-beef-vege-500g
https://vgg.bites.com.my/collections/canned-food-instant-meals,Canned Food Instant Meals,MARINA SARDIN TOM 425G T,RM8.10,,https://vgg.bites.com.my/collections/canned-food-instant-meals/products/marina-sardin-tom-425g-t
https://vgg.bites.com.my/collections/canned-food-instant-meals,Canned Food Instant Meals,MAGGI PEDAS GILER AYAM BAKAR 5X76G,RM9.95,,https://vgg.bites.com.my/collections/canned-food-instant-meals/products/maggi-pedas-giler-ayam-bakar-5x76g
https://vgg.bites.com.my/collections/canned-food-instant-meals,Canned Food Instant Meals,MAGGI HOT MEALZ PEDAS GILER AYAM BAKAR BOWL 93G,RM4.60,,https://vgg.bites.com.my/collections/canned-food-instant-meals/products/maggi-hot-mealz-pedas-giler-ayam-bakar-bowl-93g
https://vgg.bites.com.my/collections/canned-food-instant-meals,Canned Food Instant Meals,BAXTERS MINESTRONE SOUP 400G,RM13.90,,https://vgg.bites.com.my/collections/canned-food-instant-meals/products/baxters-minestrone-soup-400g
https://vgg.bites.com.my/collections/canned-food-instant-meals,Canned Food Instant Meals,CIRIO PASSATA RUSTICA-CRUSHED TOMATOES 680G,RM12.99,RM14.15,https://vgg.bites.com.my/collections/canned-food-instant-meals/products/cirio-passata-rustica-crushed-tomatoes-680g
https://vgg.bites.com.my/collections/canned-food-instant-meals,Canned Food Instant Meals,CAMPBELLS COUNTRY LADLE CREAMY CHIC 500G,RM20.15,,https://vgg.bites.com.my/collections/canned-food-instant-meals/products/campbells-country-ladle-creamy-chic-500g
https://vgg.bites.com.my/collections/canned-food-instant-meals,Canned Food Instant Meals,CIRIO PASSATA-SIEVED TOMATOES 700G,RM11.99,RM12.85,https://vgg.bites.com.my/collections/canned-food-instant-meals/products/cirio-passata-sieved-tomatoes-700g
https://vgg.bites.com.my/collections/canned-food-instant-meals,Canned Food Instant Meals,CIRIO CHERRY TOMATOES-POMODORINI 400GM,RM10.30,,https://vgg.bites.com.my/collections/canned-food-instant-meals/products/cirio-cherry-tomatoes-pomodorini-400gm
https://vgg.bites.com.my/collections/canned-food-instant-meals,Canned Food Instant Meals,CIRIO WHOLE PEELED TOMATO 400GM,RM7.85,,https://vgg.bites.com.my/collections/canned-food-instant-meals/products/cirio-whole-peeled-tomato-400gm
https://vgg.bites.com.my/collections/canned-food-instant-meals,Canned Food Instant Meals,CIRIO POLPA FINE CHOPPED TOMATOES CHILI 390G,RM7.05,,https://vgg.bites.com.my/collections/canned-food-instant-meals/products/cirio-polpa-fine-chopped-tomatoes-chili-390g
https://vgg.bites.com.my/collections/canned-food-instant-meals,Canned Food Instant Meals,CHINA NONG SHIM CLAY POT CUP 70G,RM4.99,RM5.55,https://vgg.bites.com.my/collections/canned-food-instant-meals/products/china-nong-shim-clay-pot-cup-70g
https://vgg.bites.com.my/collections/canned-food-instant-meals,Canned Food Instant Meals,SAMYANG HOT CHICKEN JJAJANG 5X140G,RM23.99,RM28.95,https://vgg.bites.com.my/collections/canned-food-instant-meals/products/samyang-hot-chicken-jjajang-5x140g
https://vgg.bites.com.my/collections/canned-food-instant-meals,Canned Food Instant Meals,CAMPBELL'S REAL STOCK VEGETABLE 1L,RM17.10,,https://vgg.bites.com.my/collections/canned-food-instant-meals/products/campbell-s-real-stock-vegetable-1l
https://vgg.bites.com.my/collections/canned-food-instant-meals,Canned Food Instant Meals,CAMPBELL'S REAL STOCK VEGE SALT REDUCED 1L,RM17.10,,https://vgg.bites.com.my/collections/canned-food-instant-meals/products/campbell-s-real-stock-vege-salt-reduced-1l
https://vgg.bites.com.my/collections/canned-food-instant-meals,Canned Food Instant Meals,CAMPBELL'S REAL STOCK CHIC SALT REDUCED 1L,RM17.10,,https://vgg.bites.com.my/collections/canned-food-instant-meals/products/campbells-real-stock-chic-salt-reduced-1l
https://vgg.bites.com.my/collections/canned-food-instant-meals,Canned Food Instant Meals,CAMPBELL'S REAL STOCK CHICKEN 1L,RM17.10,,https://vgg.bites.com.my/collections/canned-food-instant-meals/products/campbell-s-real-stock-chicken-1l
https://vgg.bites.com.my/collections/canned-food-instant-meals,Canned Food Instant Meals,CAMPBELL'S REAL STOCK BEEF 1L,RM17.10,,https://vgg.bites.com.my/collections/canned-food-instant-meals/products/campbell-s-real-stock-beef-1l
https://vgg.bites.com.my/collections/canned-food-instant-meals,Canned Food Instant Meals,CIRIO CANNELLINI (BOX) 380G,RM6.25,,https://vgg.bites.com.my/collections/canned-food-instant-meals/products/cirio-cannellini-box-380g
https://vgg.bites.com.my/collections/canned-food-instant-meals,Canned Food Instant Meals,CIRIO POLPA FINE CHOPPED TOMATOES BASIL 390G,RM7.05,,https://vgg.bites.com.my/collections/canned-food-instant-meals/products/cirio-polpa-fine-chopped-tomatoes-basil-390g
https://vgg.bites.com.my/collections/canned-food-instant-meals,Canned Food Instant Meals,ADABI JAGUNG KERNEL 425G,RM4.70,,https://vgg.bites.com.my/collections/canned-food-instant-meals/products/adabi-jagung-kernel-425g
https://vgg.bites.com.my/collections/canned-food-instant-meals,Canned Food Instant Meals,AYAM BRAND TUNA CHUNK IN SUNFLOWER OIL 150G,RM7.70,,https://vgg.bites.com.my/collections/canned-food-instant-meals/products/ayam-brand-tuna-chunk-in-sunflower-oil-150g
https://vgg.bites.com.my/collections/canned-food-instant-meals,Canned Food Instant Meals,AYAM BRAND CHILI TUNA FIRE HOT 160G,RM7.70,,https://vgg.bites.com.my/collections/canned-food-instant-meals/products/ayam-brand-chili-tuna-fire-hot-160g
https://vgg.bites.com.my/collections/canned-food-instant-meals,Canned Food Instant Meals,AYAM BRAND SARDINE OVAL 215G,RM9.45,,https://vgg.bites.com.my/collections/canned-food-instant-meals/products/ayam-brand-sardine-oval-215g
https://vgg.bites.com.my/collections/canned-food-instant-meals,Canned Food Instant Meals,HOSEN RAMBUTAN 565G,RM11.50,,https://vgg.bites.com.my/collections/canned-food-instant-meals/products/hosen-rambutan-565g
https://vgg.bites.com.my/collections/canned-food-instant-meals,Canned Food Instant Meals,HOSEN PEACHES HALVES 825G,RM12.70,,https://vgg.bites.com.my/collections/canned-food-instant-meals/products/hosen-peaches-halves-825g
https://vgg.bites.com.my/collections/canned-food-instant-meals,Canned Food Instant Meals,ADABI JAGUNG MANIS 425G,RM4.70,,https://vgg.bites.com.my/collections/canned-food-instant-meals/products/adabi-jagung-manis-425g
https://vgg.bites.com.my/collections/canned-food-instant-meals,Canned Food Instant Meals,HOSEN PEACH HALVES 420G,RM7.75,,https://vgg.bites.com.my/collections/canned-food-instant-meals/products/hosen-peach-halves-420g
https://vgg.bites.com.my/collections/canned-food-instant-meals,Canned Food Instant Meals,HOSEN PINEAPPLE SLICE 565GM,RM7.80,,https://vgg.bites.com.my/collections/canned-food-instant-meals/products/hosen-pineapple-slice-565gm
https://vgg.bites.com.my/collections/canned-food-instant-meals,Canned Food Instant Meals,HOSEN PREMIUM FRUIT COCKTAIL 825G,RM14.10,,https://vgg.bites.com.my/collections/canned-food-instant-meals/products/hosen-premium-fruit-cocktail-825g
https://vgg.bites.com.my/collections/canned-food-instant-meals,Canned Food Instant Meals,HOSEN PINEAPPLE CUBES 565G,RM7.80,,https://vgg.bites.com.my/collections/canned-food-instant-meals/products/hosen-pineapple-cubes-565g
https://vgg.bites.com.my/collections/canned-food-instant-meals,Canned Food Instant Meals,HOSEN HONEY SEA COCONUT 565G,RM11.90,,https://vgg.bites.com.my/collections/canned-food-instant-meals/products/hosen-honey-sea-coconut-565g
https://vgg.bites.com.my/collections/canned-food-instant-meals,Canned Food Instant Meals,HOSEN PEACHES SLICES 820G,RM12.20,,https://vgg.bites.com.my/collections/canned-food-instant-meals/products/hosen-peaches-slices-820g
https://vgg.bites.com.my/collections/canned-food-instant-meals,Canned Food Instant Meals,LOTTE LUNCHEON MEAT (PORK&CHIC) 340GM,RM17.90,,https://vgg.bites.com.my/collections/canned-food-instant-meals/products/lotte-luncheon-meat-porkchic-340gm
https://vgg.bites.com.my/collections/canned-food-instant-meals,Canned Food Instant Meals,CIRIO POPPAPIU CHOPPED 390GM,RM7.25,,https://vgg.bites.com.my/collections/canned-food-instant-meals/products/cirio-poppapiu-chopped-390gm
https://vgg.bites.com.my/collections/canned-food-instant-meals,Canned Food Instant Meals,NONGSHIM SHIN RAMYUN STIR FRY 5X135G,RM19.99,RM23.10,https://vgg.bites.com.my/collections/canned-food-instant-meals/products/nongshim-shin-ramyun-stir-fry-5x135g
https://vgg.bites.com.my/collections/canned-food-instant-meals,Canned Food Instant Meals,NONGSHIM SHIN SUPER SPICY RAMYUN CUP 68G,RM4.99,RM5.50,https://vgg.bites.com.my/collections/canned-food-instant-meals/products/nongshim-shin-super-spicy-ramyun-cup-68g
https://vgg.bites.com.my/collections/canned-food-instant-meals,Canned Food Instant Meals,NONGSHIM SHIN SUPER SPICY RAMYUN 5X120G,RM19.99,RM22.90,https://vgg.bites.com.my/collections/canned-food-instant-meals/products/nongshim-shin-super-spicy-ramyun-5x120g
https://vgg.bites.com.my/collections/canned-food-instant-meals,Canned Food Instant Meals,MI SEDAAP CUP NOODLE GORENG 81G,RM2.75,,https://vgg.bites.com.my/collections/canned-food-instant-meals/products/mi-sedaap-cup-noodle-goreng-81g
https://vgg.bites.com.my/collections/canned-food-instant-meals,Canned Food Instant Meals,MAGGI ASAM LAKSA 5X78G,RM6.30,,https://vgg.bites.com.my/collections/canned-food-instant-meals/products/maggi-asam-laksa-5x78g
https://vgg.bites.com.my/collections/canned-food-instant-meals,Canned Food Instant Meals,NISSIN CUP NOODLES MALA 71G,RM4.49,RM4.80,https://vgg.bites.com.my/collections/canned-food-instant-meals/products/nissin-cup-noodles-mala-71g
https://vgg.bites.com.my/collections/canned-food-instant-meals,Canned Food Instant Meals,JOHN WEST SMOKED OYSTERS IN OIL 85G,RM13.70,,https://vgg.bites.com.my/collections/canned-food-instant-meals/products/john-west-smoked-oysters-in-oil-85g
https://vgg.bites.com.my/collections/canned-food-instant-meals,Canned Food Instant Meals,HIGHWAY CORNED BEEF 340GM,RM17.75,,https://vgg.bites.com.my/collections/canned-food-instant-meals/products/highway-corned-beef-340gm
https://vgg.bites.com.my/collections/canned-food-instant-meals,Canned Food Instant Meals,NONGSHIM KIMCHI RAMYUN NOODLE 70GM,RM4.99,RM5.60,https://vgg.bites.com.my/collections/canned-food-instant-meals/products/nongshim-kimchi-ramyun-noodle-70gm
https://vgg.bites.com.my/collections/canned-food-instant-meals,Canned Food Instant Meals,CIRIO POLPA FINE CHOPPEDTOMATOES ONION GARLIC 390G,RM7.05,,https://vgg.bites.com.my/collections/canned-food-instant-meals/products/cirio-polpa-fine-choppedtomatoes-onion-garlic-390g
https://vgg.bites.com.my/collections/canned-food-instant-meals,Canned Food Instant Meals,SAMYANG HOT CHICKEN RAMEN (EXTREME HOT) CUP 70G,RM6.20,,https://vgg.bites.com.my/collections/canned-food-instant-meals/products/samyang-hot-chicken-ramen-extreme-hot-cup-70g
https://vgg.bites.com.my/collections/canned-food-instant-meals,Canned Food Instant Meals,NONGSHIM SHIN CUP NOODLE SOUP 68GM,RM4.99,RM5.50,https://vgg.bites.com.my/collections/canned-food-instant-meals/products/nongshim-shin-cup-noodle-soup-68gm
https://vgg.bites.com.my/collections/canned-food-instant-meals,Canned Food Instant Meals,MI SEDAAP GORENG JUMBO 139G*4,RM7.45,,https://vgg.bites.com.my/collections/canned-food-instant-meals/products/mi-sedaap-goreng-jumbo-139g-4
https://vgg.bites.com.my/collections/canned-food-instant-meals,Canned Food Instant Meals,MAGGI BIG TOM YAM 5X107G,RM6.29,RM7.75,https://vgg.bites.com.my/collections/canned-food-instant-meals/products/maggi-big-tom-yam-5x107g
https://vgg.bites.com.my/collections/canned-food-instant-meals,Canned Food Instant Meals,COPPOLA LENTICCHIE LENTILS 400G,RM6.00,,https://vgg.bites.com.my/collections/canned-food-instant-meals/products/coppola-lenticchie-lentils-400g
https://vgg.bites.com.my/collections/canned-food-instant-meals,Canned Food Instant Meals,COPPOLA BORLOTTI BEANS 400G,RM6.00,,https://vgg.bites.com.my/collections/canned-food-instant-meals/products/coppola-borlotti-beans-400g
https://vgg.bites.com.my/collections/canned-food-instant-meals,Canned Food Instant Meals,COPPOLA POMODORINI CHERRY TOMATOES 400G,RM9.00,,https://vgg.bites.com.my/collections/canned-food-instant-meals/products/coppola-pomodorini-cherry-tomatoes-400g
https://vgg.bites.com.my/collections/canned-food-instant-meals,Canned Food Instant Meals,COPPOLA POLPA FINE FINELY CHOPPED TOMATOES 400G,RM7.00,,https://vgg.bites.com.my/collections/canned-food-instant-meals/products/coppola-polpa-fine-finely-chopped-tomatoes-400g
https://vgg.bites.com.my/collections/canned-food-instant-meals,Canned Food Instant Meals,COPPOLA PELATI PEELED PLUM TOMATOES 400G,RM7.00,,https://vgg.bites.com.my/collections/canned-food-instant-meals/products/coppola-pelati-peeled-plum-tomatoes-400g
https://vgg.bites.com.my/collections/canned-food-instant-meals,Canned Food Instant Meals,CAMPBELL'S INST CRM OF CHICKEN SOUP 3X22G,RM5.39,RM5.80,https://vgg.bites.com.my/collections/canned-food-instant-meals/products/campbell-s-inst-crm-of-chicken-soup-3x22g
https://vgg.bites.com.my/collections/canned-food-instant-meals,Canned Food Instant Meals,CAMPBELL'S INST MUSH CHIC W CROUTONS 3X21G,RM5.39,RM5.80,https://vgg.bites.com.my/collections/canned-food-instant-meals/products/campbell-s-inst-mush-chic-w-croutons-3x21g
https://vgg.bites.com.my/collections/canned-food-instant-meals,Canned Food Instant Meals,CAMPBELL'S INST MUSH CHEESE W CROUTONS 3X21G,RM5.39,RM5.80,https://vgg.bites.com.my/collections/canned-food-instant-meals/products/campbell-s-inst-mush-cheese-w-croutons-3x21g
https://vgg.bites.com.my/collections/canned-food-instant-meals,Canned Food Instant Meals,AB BAKED BEANS CHEESE 230G,RM3.70,,https://vgg.bites.com.my/collections/canned-food-instant-meals/products/ab-baked-beans-cheese-230g
https://vgg.bites.com.my/collections/canned-food-instant-meals,Canned Food Instant Meals,AB BAKED BEAN LIGHT 230G,RM3.50,,https://vgg.bites.com.my/collections/canned-food-instant-meals/products/ab-baked-bean-light-230g
https://vgg.bites.com.my/collections/canned-food-instant-meals,Canned Food Instant Meals,AB PINEAPPLE CHUNKS IN SYRUP 565G,RM8.15,,https://vgg.bites.com.my/collections/canned-food-instant-meals/products/ab-pineapple-chunks-in-syrup-565g
https://vgg.bites.com.my/collections/canned-food-instant-meals,Canned Food Instant Meals,AYAM BRAND CHILLI MACKEREL 425GM,RM11.95,,https://vgg.bites.com.my/collections/canned-food-instant-meals/products/ayam-brand-chilli-mackerel-425gm
https://vgg.bites.com.my/collections/canned-food-instant-meals,Canned Food Instant Meals,AYAM BRAND DELI TUNA SPREAD 160G,RM7.70,,https://vgg.bites.com.my/collections/canned-food-instant-meals/products/ayam-brand-deli-tuna-spread-160g
https://vgg.bites.com.my/collections/canned-food-instant-meals,Canned Food Instant Meals,MARINA SARDINE IN TOMOTA 155GM,RM4.20,,https://vgg.bites.com.my/collections/canned-food-instant-meals/products/marina-sardine-in-tomota-155gm
https://vgg.bites.com.my/collections/canned-food-instant-meals,Canned Food Instant Meals,AYAM BRAND DELI TUNA MAYO 160G,RM7.70,,https://vgg.bites.com.my/collections/canned-food-instant-meals/products/ayam-brand-deli-tuna-mayo-160g
https://vgg.bites.com.my/collections/canned-food-instant-meals,Canned Food Instant Meals,AYAM BRAND TOMATO PUREE 430G,RM5.85,,https://vgg.bites.com.my/collections/canned-food-instant-meals/products/ayam-brand-tomato-puree-430g
https://vgg.bites.com.my/collections/canned-food-instant-meals,Canned Food Instant Meals,ALWAYS FRESH CUCUMBERS BABY CHILLI 350G,RM13.05,,https://vgg.bites.com.my/collections/canned-food-instant-meals/products/always-fresh-cucumbers-baby-chilli-350g
https://vgg.bites.com.my/collections/canned-food-instant-meals,Canned Food Instant Meals,MAGGI BIG CHICKEN 5X103G,RM6.29,RM7.10,https://vgg.bites.com.my/collections/canned-food-instant-meals/products/maggi-big-chicken-5x103g
https://vgg.bites.com.my/collections/canned-food-instant-meals,Canned Food Instant Meals,NONGSHIM SHIN RAMYUN 5X120GM,RM19.99,RM22.90,https://vgg.bites.com.my/collections/canned-food-instant-meals/products/nongshim-shin-ramyun-5x120gm
https://vgg.bites.com.my/collections/canned-food-instant-meals,Canned Food Instant Meals,OLD EL PASO TACO SHELLS UK 156G,RM20.20,,https://vgg.bites.com.my/collections/canned-food-instant-meals/products/old-el-paso-taco-shells-uk-156g
https://vgg.bites.com.my/collections/canned-food-instant-meals,Canned Food Instant Meals,ALWAYS FRESH ORIGINAL DILL CUCUMBER 680G,RM14.10,,https://vgg.bites.com.my/collections/canned-food-instant-meals/products/always-fresh-original-dill-cucumber-680g
https://vgg.bites.com.my/collections/canned-food-instant-meals,Canned Food Instant Meals,S&W TOMATO PASTE 170GM,RM6.55,,https://vgg.bites.com.my/collections/canned-food-instant-meals/products/s-w-tomato-paste-170gm
https://vgg.bites.com.my/collections/canned-food-instant-meals,Canned Food Instant Meals,AYAM BRAND DELI TUNA MAYO LIGHT 160G,RM7.70,,https://vgg.bites.com.my/collections/canned-food-instant-meals/products/ayam-brand-deli-tuna-mayo-light-160g
https://vgg.bites.com.my/collections/canned-food-instant-meals,Canned Food Instant Meals,NISSIN JAPANESE RAMEN TOKYO SHOYU 5X106G,RM15.99,RM16.95,https://vgg.bites.com.my/collections/canned-food-instant-meals/products/nissin-japanese-ramen-tokyo-shoyu-5x106g
https://vgg.bites.com.my/collections/canned-food-instant-meals,Canned Food Instant Meals,NISSIN JAPANESE RAMEN KYUSHU RED 5X106G,RM15.99,RM16.95,https://vgg.bites.com.my/collections/canned-food-instant-meals/products/nissin-japanese-ramen-kyushu-red-5x106g
https://vgg.bites.com.my/collections/canned-food-instant-meals,Canned Food Instant Meals,SEDAAP MIE GORENG ASLI 5X90G,RM5.29,RM5.90,https://vgg.bites.com.my/collections/canned-food-instant-meals/products/sedaap-mie-goreng-asli-5x90g
https://vgg.bites.com.my/collections/canned-food-instant-meals,Canned Food Instant Meals,AYAM BRAND DELI TUNA SPICY 160G,RM7.70,,https://vgg.bites.com.my/collections/canned-food-instant-meals/products/ayam-brand-deli-tuna-spicy-160g
https://vgg.bites.com.my/collections/canned-food-instant-meals,Canned Food Instant Meals,AYAM BRAND CHILLI TUNA LIGHT 160G,RM7.70,,https://vgg.bites.com.my/collections/canned-food-instant-meals/products/ayam-brand-chilli-tuna-light-160g
https://vgg.bites.com.my/collections/canned-food-instant-meals,Canned Food Instant Meals,AYAM BRAND CHILLI TUNA 160G,RM7.70,,https://vgg.bites.com.my/collections/canned-food-instant-meals/products/ayam-brand-chilli-tuna-160g
https://vgg.bites.com.my/collections/canned-food-instant-meals,Canned Food Instant Meals,MAGGI HOT CUP TOM YAM 60G,RM2.50,,https://vgg.bites.com.my/collections/canned-food-instant-meals/products/maggi-hot-cup-tom-yam-60g
https://vgg.bites.com.my/collections/canned-food-instant-meals,Canned Food Instant Meals,MAGGI HOT CUP CURRY 58G,RM2.50,,https://vgg.bites.com.my/collections/canned-food-instant-meals/products/maggi-hot-cup-curry-58g
https://vgg.bites.com.my/collections/canned-food-instant-meals,Canned Food Instant Meals,MAGGI CURRY 5X79G,RM4.99,RM6.25,https://vgg.bites.com.my/collections/canned-food-instant-meals/products/maggi-curry-5x79g
https://vgg.bites.com.my/collections/canned-food-instant-meals,Canned Food Instant Meals,MAGGI BIG CURRY 5X106G,RM6.29,RM7.10,https://vgg.bites.com.my/collections/canned-food-instant-meals/products/maggi-big-curry-5x106g
https://vgg.bites.com.my/collections/canned-food-instant-meals,Canned Food Instant Meals,AYAM BRAND BAKED BEANS IN T/S 230GM,RM3.50,,https://vgg.bites.com.my/collections/canned-food-instant-meals/products/ayam-brand-baked-beans-in-t-s-230gm
https://vgg.bites.com.my/collections/canned-food-instant-meals,Canned Food Instant Meals,AYAM BRAND BAKED BEANS 425GM,RM4.85,,https://vgg.bites.com.my/collections/canned-food-instant-meals/products/ayam-brand-baked-beans-425gm
https://vgg.bites.com.my/collections/canned-food-instant-meals,Canned Food Instant Meals,AYAM BRAND BAKED BEAN LIGHT 425GM,RM4.85,,https://vgg.bites.com.my/collections/canned-food-instant-meals/products/ayam-brand-baked-bean-light-425gm
https://vgg.bites.com.my/collections/canned-food-instant-meals,Canned Food Instant Meals,AYAM BRAND BAKED BEANS CHEESE 425GM,RM5.15,,https://vgg.bites.com.my/collections/canned-food-instant-meals/products/ayam-brand-baked-beans-cheese-425gm
https://vgg.bites.com.my/collections/canned-food-instant-meals,Canned Food Instant Meals,AYAM BRAND TOMATO PUREE 160G,RM3.60,,https://vgg.bites.com.my/collections/canned-food-instant-meals/products/ayam-brand-tomato-puree-160g
https://vgg.bites.com.my/collections/canned-food-instant-meals,Canned Food Instant Meals,AYAM BRAND MACKEREL JITNEY 155G,RM5.70,,https://vgg.bites.com.my/collections/canned-food-instant-meals/products/ayam-brand-mackerel-jitney-155g
https://vgg.bites.com.my/collections/canned-food-instant-meals,Canned Food Instant Meals,AYAM BRAND SARDINE JITNEY 155G,RM5.70,,https://vgg.bites.com.my/collections/canned-food-instant-meals/products/ayam-brand-sardine-jitney-155g
https://vgg.bites.com.my/collections/canned-food-instant-meals,Canned Food Instant Meals,AYAM BRAND MACKERELS TALLS 425G,RM11.55,,https://vgg.bites.com.my/collections/canned-food-instant-meals/products/ayam-brand-mackerels-talls-425g
https://vgg.bites.com.my/collections/canned-food-instant-meals,Canned Food Instant Meals,AYAM BRAND SARDINES OVAL 425G,RM13.90,,https://vgg.bites.com.my/collections/canned-food-instant-meals/products/ayam-brand-sardines-oval-425g
https://vgg.bites.com.my/collections/canned-food-instant-meals,Canned Food Instant Meals,AYAM BRAND MACKEREL BUFFET 230GM,RM7.90,,https://vgg.bites.com.my/collections/canned-food-instant-meals/products/ayam-brand-mackerel-buffet-230gm
https://vgg.bites.com.my/collections/canned-food-instant-meals,Canned Food Instant Meals,AYAM BRAND MACKEREL FILLETS IN EVOO 125G,RM15.15,,https://vgg.bites.com.my/collections/canned-food-instant-meals/products/ayam-brand-mackerel-fillets-in-evoo-125g
https://vgg.bites.com.my/collections/canned-food-instant-meals,Canned Food Instant Meals,AYAM BRAND SWEET CORN 200G,RM3.80,,https://vgg.bites.com.my/collections/canned-food-instant-meals/products/ayam-brand-sweet-corn-200g
https://vgg.bites.com.my/collections/canned-food-instant-meals,Canned Food Instant Meals,AYAM BRAND TUNA MAYO MILD 160G,RM7.70,,https://vgg.bites.com.my/collections/canned-food-instant-meals/products/ayam-brand-tuna-mayo-mild-160g
https://vgg.bites.com.my/collections/canned-food-instant-meals,Canned Food Instant Meals,AYAM BRAND TUNA FLAKES IN SUNFLOWER OIL 150G,RM7.70,,https://vgg.bites.com.my/collections/canned-food-instant-meals/products/ayam-brand-tuna-flakes-in-sunflower-oil-150g
https://vgg.bites.com.my/collections/canned-food-instant-meals,Canned Food Instant Meals,AYAM BRAND TUNA CHUNKS IN OLIVE OIL LIGHT 150G,RM7.70,,https://vgg.bites.com.my/collections/canned-food-instant-meals/products/ayam-brand-tuna-chunks-in-olive-oil-light-150g
https://vgg.bites.com.my/collections/canned-food-instant-meals,Canned Food Instant Meals,DAEBAK MIYEOK GUK RAMYEON 5X105G,RM13.99,RM14.95,https://vgg.bites.com.my/collections/canned-food-instant-meals/products/daebak-miyeok-guk-ramyeon-5x105g
https://vgg.bites.com.my/collections/canned-food-instant-meals,Canned Food Instant Meals,DAEBAK RABOKKI 5X113G,RM13.99,RM14.95,https://vgg.bites.com.my/collections/canned-food-instant-meals/products/daebak-rabokki-5x113g
https://vgg.bites.com.my/collections/canned-food-instant-meals,Canned Food Instant Meals,DAEBAK SPICY MUSHROOM RAMYEON 5X103G,RM13.99,RM14.95,https://vgg.bites.com.my/collections/canned-food-instant-meals/products/daebak-spicy-mushroom-ramyeon-5x103g
https://vgg.bites.com.my/collections/canned-food-instant-meals,Canned Food Instant Meals,PALDO TEUMSAE RAMYUN 5X120G,RM19.99,RM26.50,https://vgg.bites.com.my/collections/canned-food-instant-meals/products/paldo-teumsae-ramyun-5x120g
https://vgg.bites.com.my/collections/canned-food-instant-meals,Canned Food Instant Meals,A1 CHIC SOUP SPICES 35G,RM12.10,,https://vgg.bites.com.my/collections/canned-food-instant-meals/products/a1-chic-soup-spices-35g
https://vgg.bites.com.my/collections/canned-food-instant-meals,Canned Food Instant Meals,A1 CHIC SOUP HERB 60G,RM17.45,,https://vgg.bites.com.my/collections/canned-food-instant-meals/products/a1-chic-soup-herb-60g
https://vgg.bites.com.my/collections/canned-food-instant-meals,Canned Food Instant Meals,ADABI KARI KAMBING 280GM,RM16.40,,https://vgg.bites.com.my/collections/canned-food-instant-meals/products/adabi-kari-kambing-280gm
https://vgg.bites.com.my/collections/canned-food-instant-meals,Canned Food Instant Meals,ALWAYS FRESH POLSKIE OGORKI CUCUMBERS 680G,RM14.10,,https://vgg.bites.com.my/collections/canned-food-instant-meals/products/always-fresh-polskie-ogorki-cucumbers-680g
https://vgg.bites.com.my/collections/canned-food-instant-meals,Canned Food Instant Meals,AYAM BRAND GARDEN PEAS 200G,RM4.25,,https://vgg.bites.com.my/collections/canned-food-instant-meals/products/ayam-brand-garden-peas-200g
https://vgg.bites.com.my/collections/canned-food-instant-meals,Canned Food Instant Meals,AYAM BRAND GARDEN PEAS 400G,RM5.85,,https://vgg.bites.com.my/collections/canned-food-instant-meals/products/ayam-brand-garden-peas-400g
https://vgg.bites.com.my/collections/canned-food-instant-meals,Canned Food Instant Meals,AYAM BRAND MACKEREL FILLETS IN TOMATO 125G,RM15.15,,https://vgg.bites.com.my/collections/canned-food-instant-meals/products/ayam-brand-mackerel-fillets-in-tomato-125g
https://vgg.bites.com.my/collections/canned-food-instant-meals,Canned Food Instant Meals,CIRIO BAKED BEANS 420G,RM6.80,,https://vgg.bites.com.my/collections/canned-food-instant-meals/products/cirio-baked-beans-420g
https://vgg.bites.com.my/collections/canned-food-instant-meals,Canned Food Instant Meals,CIRIO SWEET CORN 300G,RM10.25,,https://vgg.bites.com.my/collections/canned-food-instant-meals/products/cirio-sweet-corn-300g
https://vgg.bites.com.my/collections/canned-food-instant-meals,Canned Food Instant Meals,AYAM BRAND CHOP TOMATO 380G,RM6.65,,https://vgg.bites.com.my/collections/canned-food-instant-meals/products/ayam-brand-chop-tomato-380g
https://vgg.bites.com.my/collections/canned-food-instant-meals,Canned Food Instant Meals,AYAM BRAND SABA DELI NATURAL 160G,RM7.70,,https://vgg.bites.com.my/collections/canned-food-instant-meals/products/ayam-brand-saba-deli-natural-160g
https://vgg.bites.com.my/collections/canned-food-instant-meals,Canned Food Instant Meals,CIRIO PASSATA TETRA BRIK 500GM,RM6.69,RM7.40,https://vgg.bites.com.my/collections/canned-food-instant-meals/products/cirio-passata-tetra-brik-500gm
https://vgg.bites.com.my/collections/canned-food-instant-meals,Canned Food Instant Meals,CIRIO PIZZA SAUCE (BOX) 390G,RM5.89,RM6.70,https://vgg.bites.com.my/collections/canned-food-instant-meals/products/cirio-pizza-sauce-box-390g
https://vgg.bites.com.my/collections/canned-food-instant-meals,Canned Food Instant Meals,CIRIO POLPA CHOPPED TOMATOES 400G,RM7.60,,https://vgg.bites.com.my/collections/canned-food-instant-meals/products/cirio-polpa-chopped-tomatoes-400g
https://vgg.bites.com.my/collections/canned-food-instant-meals,Canned Food Instant Meals,CAMPBELL'S COUNTRY MUSHRM CHICKEN SOUP 300G,RM6.79,RM6.95,https://vgg.bites.com.my/collections/canned-food-instant-meals/products/campbell-s-country-mushrm-chicken-soup-300g
https://vgg.bites.com.my/collections/canned-food-instant-meals,Canned Food Instant Meals,EDGELL CORN KERNELS NAS 420G,RM7.60,,https://vgg.bites.com.my/collections/canned-food-instant-meals/products/edgell-corn-kernels-nas-420g
https://vgg.bites.com.my/collections/canned-food-instant-meals,Canned Food Instant Meals,JOY IPOH HOT&SPICY SALTED CHICKEN SPICE BLEND 25G,RM11.80,,https://vgg.bites.com.my/collections/canned-food-instant-meals/products/joy-ipoh-hot-spicy-salted-chicken-spice-blend-25g
https://vgg.bites.com.my/collections/canned-food-instant-meals,Canned Food Instant Meals,KOHINOOR COOK-IN SAUCE - BOMBAY EGG CURRY 375GM,RM14.90,,https://vgg.bites.com.my/collections/canned-food-instant-meals/products/kohinoor-cook-in-sauce-bombay-egg-curry-375gm
https://vgg.bites.com.my/collections/canned-food-instant-meals,Canned Food Instant Meals,MAGGI CHICKEN 5X77G,RM4.99,RM6.25,https://vgg.bites.com.my/collections/canned-food-instant-meals/products/maggi-chicken-5x77g
https://vgg.bites.com.my/collections/canned-food-instant-meals,Canned Food Instant Meals,MAGGI PEDAS GILER CHEEZY BERAPI 94G,RM5.00,,https://vgg.bites.com.my/collections/canned-food-instant-meals/products/maggi-pedas-giler-cheezy-berapi-94g
https://vgg.bites.com.my/collections/canned-food-instant-meals,Canned Food Instant Meals,MAGGI SYIOK TOM YAM KAW 96G,RM4.60,,https://vgg.bites.com.my/collections/canned-food-instant-meals/products/maggi-syiok-tom-yam-kaw-96g
https://vgg.bites.com.my/collections/canned-food-instant-meals,Canned Food Instant Meals,MAGGI SYIOK TOM YAM KAW 5X88G,RM7.69,RM9.25,https://vgg.bites.com.my/collections/canned-food-instant-meals/products/maggi-syiok-tom-yam-kaw-5x88g
https://vgg.bites.com.my/collections/canned-food-instant-meals,Canned Food Instant Meals,MAKNYONYA INSTANT CHICKEN RICE 200G,RM9.80,,https://vgg.bites.com.my/collections/canned-food-instant-meals/products/maknyonya-instant-chicken-rice-200g
https://vgg.bites.com.my/collections/canned-food-instant-meals,Canned Food Instant Meals,MAMEE EXPRESS CUP CHICKEN 60G,RM2.05,,https://vgg.bites.com.my/collections/canned-food-instant-meals/products/mamee-express-cup-chicken-60g
https://vgg.bites.com.my/collections/canned-food-instant-meals,Canned Food Instant Meals,MAMEE EXPRESS CUP CURRY 60G,RM2.05,,https://vgg.bites.com.my/collections/canned-food-instant-meals/products/mamee-express-cup-curry-60g
https://vgg.bites.com.my/collections/canned-food-instant-meals,Canned Food Instant Meals,MAMEE EXPRESS CUP TOMYAM 60G,RM2.05,,https://vgg.bites.com.my/collections/canned-food-instant-meals/products/mamee-express-cup-tomyam-60g
https://vgg.bites.com.my/collections/canned-food-instant-meals,Canned Food Instant Meals,MARINA CHILI TUNA 185G,RM6.60,,https://vgg.bites.com.my/collections/canned-food-instant-meals/products/marina-chili-tuna-185g
https://vgg.bites.com.my/collections/canned-food-instant-meals,Canned Food Instant Meals,NISSIN GEKI - HOT CARBO FLAVOUR (5'SX81G),RM13.30,,https://vgg.bites.com.my/collections/canned-food-instant-meals/products/nissin-geki-hot-carbo-flavour-5sx81g
https://vgg.bites.com.my/collections/canned-food-instant-meals,Canned Food Instant Meals,NISSIN GEKI - HOT CHICKEN (5'SX80G),RM13.30,,https://vgg.bites.com.my/collections/canned-food-instant-meals/products/nissin-geki-hot-chicken-5sx80g
https://vgg.bites.com.my/collections/canned-food-instant-meals,Canned Food Instant Meals,NISSIN GEKI - HOT SPICY FLAVOR (5'SX74G),RM13.30,,https://vgg.bites.com.my/collections/canned-food-instant-meals/products/nissin-geki-hot-spicy-flavor-5sx74g
https://vgg.bites.com.my/collections/canned-food-instant-meals,Canned Food Instant Meals,NISSIN INSTANT NOODLE TOMYAM 5X85GM,RM10.90,,https://vgg.bites.com.my/collections/canned-food-instant-meals/products/nissin-instant-noodle-tomyam-5x85gm
https://vgg.bites.com.my/collections/canned-food-instant-meals,Canned Food Instant Meals,NISSIN JAPANESE RAMEN BOWL KYUSHU BLACK 110G,RM5.70,,https://vgg.bites.com.my/collections/canned-food-instant-meals/products/nissin-japanese-ramen-bowl-kyushu-black-110g
https://vgg.bites.com.my/collections/canned-food-instant-meals,Canned Food Instant Meals,NISSIN JAPANESE RAMEN BOWL TOKYO SHOYU 110G,RM5.70,,https://vgg.bites.com.my/collections/canned-food-instant-meals/products/nissin-japanese-ramen-bowl-tokyo-shoyu-110g
https://vgg.bites.com.my/collections/canned-food-instant-meals,Canned Food Instant Meals,NISSIN BOWL SESAME 110G,RM6.30,,https://vgg.bites.com.my/collections/canned-food-instant-meals/products/nissin-bowl-sesame-110g
https://vgg.bites.com.my/collections/canned-food-instant-meals,Canned Food Instant Meals,NISSIN CUP NOODLES SEAFOOD 69G,RM4.49,RM4.80,https://vgg.bites.com.my/collections/canned-food-instant-meals/products/nissin-cup-noodles-seafood-69g
https://vgg.bites.com.my/collections/canned-food-instant-meals,Canned Food Instant Meals,SAMYANG H'CHIC ROSE FLAVOR RAMEN (BOWL) 105G,RM7.99,RM8.45,https://vgg.bites.com.my/collections/canned-food-instant-meals/products/samyang-h-chic-rose-flavor-ramen-bowl-105g
https://vgg.bites.com.my/collections/canned-food-instant-meals,Canned Food Instant Meals,YEOS BAKED BEANS 300G,RM4.55,,https://vgg.bites.com.my/collections/canned-food-instant-meals/products/yeos-baked-beans-300g
https://vgg.bites.com.my/collections/canned-food-instant-meals,Canned Food Instant Meals,HOSEN RAMBUTAN PINEAPPLE 565GM,RM13.50,,https://vgg.bites.com.my/collections/canned-food-instant-meals/products/hosen-rambutan-pineapple-565gm-1
https://vgg.bites.com.my/collections/canned-food-instant-meals,Canned Food Instant Meals,HOUSE JAVA CURRY CHUKARA 220G,RM18.55,,https://vgg.bites.com.my/collections/canned-food-instant-meals/products/house-java-curry-chukara-220g
https://vgg.bites.com.my/collections/canned-food-instant-meals,Canned Food Instant Meals,HOUSE JAVA CURRY KARAKUCHI 220G,RM18.55,,https://vgg.bites.com.my/collections/canned-food-instant-meals/products/house-java-curry-karakuchi-220g
https://vgg.bites.com.my/collections/canned-food-instant-meals,Canned Food Instant Meals,HOUSE SHICHIMI TOUGARASHI 17GM,RM8.20,,https://vgg.bites.com.my/collections/canned-food-instant-meals/products/house-shichimi-tougarashi-17gm
https://vgg.bites.com.my/collections/canned-food-instant-meals,Canned Food Instant Meals,HOWEI AAA STRAW MUSHROOM 400G,RM3.19,RM6.30,https://vgg.bites.com.my/collections/canned-food-instant-meals/products/howei-aaa-straw-mushroom-400g
https://vgg.bites.com.my/collections/canned-food-instant-meals,Canned Food Instant Meals,TC BOY CHILLI TUNA 150G,RM7.10,,https://vgg.bites.com.my/collections/canned-food-instant-meals/products/tc-boy-chilli-tuna-150g
https://vgg.bites.com.my/collections/canned-food-instant-meals,Canned Food Instant Meals,TC BOY SOLID WM TUNA IN EVOO 150G,RM7.45,,https://vgg.bites.com.my/collections/canned-food-instant-meals/products/tc-boy-solid-wm-tuna-in-evoo-150g
https://vgg.bites.com.my/collections/canned-food-instant-meals,Canned Food Instant Meals,TC BOY WHITE MEAT TUNA IN SPRING WATER 150G,RM7.45,,https://vgg.bites.com.my/collections/canned-food-instant-meals/products/tc-boy-white-meat-tuna-in-spring-water-150g
https://vgg.bites.com.my/collections/canned-food-instant-meals,Canned Food Instant Meals,TST BLACK VINEGAR  375ML,RM6.25,,https://vgg.bites.com.my/collections/canned-food-instant-meals/products/tst-black-vinegar-375ml
https://vgg.bites.com.my/collections/canned-food-instant-meals,Canned Food Instant Meals,MI SEDAAP GORENG SPICY'LICIOUS 5X86G,RM5.60,,https://vgg.bites.com.my/collections/canned-food-instant-meals/products/mi-sedaap-goreng-spicy-licious-5x86g
https://vgg.bites.com.my/collections/canned-food-instant-meals,Canned Food Instant Meals,TC BOY TUNA MAYONNAISE 150G,RM7.10,,https://vgg.bites.com.my/collections/canned-food-instant-meals/products/tc-boy-tuna-mayonnaise-150g
https://vgg.bites.com.my/collections/canned-food-instant-meals,Canned Food Instant Meals,GULONG STEWED PORK SLICED 383GM,RM22.90,,https://vgg.bites.com.my/collections/canned-food-instant-meals/products/gulong-stewed-pork-sliced-383gm
https://vgg.bites.com.my/collections/canned-food-instant-meals,Canned Food Instant Meals,CIRIO CHICK PEAS (BOX) 380G,RM6.25,,https://vgg.bites.com.my/collections/canned-food-instant-meals/products/cirio-chick-peas-box-380g
https://vgg.bites.com.my/collections/canned-food-instant-meals,Canned Food Instant Meals,HOSEN WHOLE KERNEL CORN 400G,RM3.90,,https://vgg.bites.com.my/collections/canned-food-instant-meals/products/hosen-whole-kernel-corn-400g
https://vgg.bites.com.my/collections/canned-food-instant-meals,Canned Food Instant Meals,CIRIO RED KIDNEY (BOX) 380G,RM6.25,,https://vgg.bites.com.my/collections/canned-food-instant-meals/products/cirio-red-kidney-box-380g
https://vgg.bites.com.my/collections/canned-food-instant-meals,Canned Food Instant Meals,S&W PINEAPPLE SLICES 567GM,RM9.30,,https://vgg.bites.com.my/collections/canned-food-instant-meals/products/s-w-pineapple-slices-567gm
https://vgg.bites.com.my/collections/canned-food-instant-meals,Canned Food Instant Meals,INDOMIE MI GORENG ASLI 5X80G,RM4.99,RM5.89,https://vgg.bites.com.my/collections/canned-food-instant-meals/products/indomie-mi-goreng-asli-5x80g
https://vgg.bites.com.my/collections/canned-food-instant-meals,Canned Food Instant Meals,MARUSAN YOSE NABE SOUP 750G,RM13.90,,https://vgg.bites.com.my/collections/canned-food-instant-meals/products/marusan-yose-nabe-soup-750g
https://vgg.bites.com.my/collections/canned-food-instant-meals,Canned Food Instant Meals,MEGAH MEE UDON 200G,RM2.35,,https://vgg.bites.com.my/collections/canned-food-instant-meals/products/megah-mee-udon-200g
https://vgg.bites.com.my/collections/canned-food-instant-meals,Canned Food Instant Meals,MEGAH MEE EGG EE FU NOODLE 230G,RM4.19,RM4.40,https://vgg.bites.com.my/collections/canned-food-instant-meals/products/megah-mee-egg-ee-fu-noodle-230g
https://vgg.bites.com.my/collections/canned-food-instant-meals,Canned Food Instant Meals,MEGAH MEE CLAYPOT YEE MEE 375G,RM4.49,RM4.95,https://vgg.bites.com.my/collections/canned-food-instant-meals/products/megah-mee-claypot-yee-mee-375g
https://vgg.bites.com.my/collections/canned-food-instant-meals,Canned Food Instant Meals,MEGAH MEE CANTON YEE MEE 320G,RM4.99,RM5.35,https://vgg.bites.com.my/collections/canned-food-instant-meals/products/megah-mee-canton-yee-mee-320g
https://vgg.bites.com.my/collections/canned-food-instant-meals,Canned Food Instant Meals,MEGAH MEE SHABU SHABU NOODLES 400G,RM5.99,RM6.50,https://vgg.bites.com.my/collections/canned-food-instant-meals/products/megah-mee-shabu-shabu-noodles-400g
https://vgg.bites.com.my/collections/canned-food-instant-meals,Canned Food Instant Meals,CAMPBELL'S CREAM OF MUSHROOM SOUP 290G,RM6.19,RM6.40,https://vgg.bites.com.my/collections/canned-food-instant-meals/products/campbell-s-cream-of-mushroom-soup-290g
https://vgg.bites.com.my/collections/canned-food-instant-meals,Canned Food Instant Meals,CAMPBELL'S MUSHROOM POTTAGE 300G,RM6.19,RM6.40,https://vgg.bites.com.my/collections/canned-food-instant-meals/products/campbell-s-mushroom-pottage-300g
https://vgg.bites.com.my/collections/canned-food-instant-meals,Canned Food Instant Meals,CAMPBELL'S CREAM OF CHICKEN SOUP 300G,RM6.19,RM6.40,https://vgg.bites.com.my/collections/canned-food-instant-meals/products/campbell-s-cream-of-chicken-soup-300g
https://vgg.bites.com.my/collections/canned-food-instant-meals,Canned Food Instant Meals,CAMPBELL'S CREAMY CHIC MUSHRM SOUP 300G,RM6.19,RM6.40,https://vgg.bites.com.my/collections/canned-food-instant-meals/products/campbell-s-creamy-chic-mushrm-soup-300g
https://vgg.bites.com.my/collections/canned-food-instant-meals,Canned Food Instant Meals,CAMPBELL'S WILD MUSHROOM SOUP 295G,RM6.79,RM6.95,https://vgg.bites.com.my/collections/canned-food-instant-meals/products/campbell-s-wild-mushroom-soup-295g
https://vgg.bites.com.my/collections/canned-food-instant-meals,Canned Food Instant Meals,CAMPBELL'S INST CRM OF MUSHRM SOUP 3X21.1G,RM5.39,RM5.80,https://vgg.bites.com.my/collections/canned-food-instant-meals/products/campbell-s-inst-crm-of-mushrm-soup-3x21-1g
https://vgg.bites.com.my/collections/canned-food-instant-meals,Canned Food Instant Meals,CAMPBELL'S INST WILD MUSHRM SOUP 3X16.8G,RM5.39,RM5.80,https://vgg.bites.com.my/collections/canned-food-instant-meals/products/campbell-s-inst-wild-mushrm-soup-3x16-8g
https://vgg.bites.com.my/collections/canned-food-instant-meals,Canned Food Instant Meals,BISTO GRANULES ONION 190G,RM19.15,,https://vgg.bites.com.my/collections/canned-food-instant-meals/products/bisto-granules-onion-190g
https://vgg.bites.com.my/collections/canned-food-instant-meals,Canned Food Instant Meals,BISTO GRAVY GRANULES BEEF 190G,RM19.90,,https://vgg.bites.com.my/collections/canned-food-instant-meals/products/bisto-gravy-granules-beef-190g
https://vgg.bites.com.my/collections/canned-food-instant-meals,Canned Food Instant Meals,CIRIO BORLOTTI BEANS (BOX) 380G,RM6.25,,https://vgg.bites.com.my/collections/canned-food-instant-meals/products/cirio-borlotti-beans-box-380g
https://vgg.bites.com.my/collections/canned-food-instant-meals,Canned Food Instant Meals,CIRIO LENTIL (BOX) 380G,RM6.25,,https://vgg.bites.com.my/collections/canned-food-instant-meals/products/cirio-lentil-box-380g
https://vgg.bites.com.my/collections/canned-food-instant-meals,Canned Food Instant Meals,NISSIN IRVIN'S SALTED EGG INSTANT NOODLES 5X113G,RM30.90,,https://vgg.bites.com.my/collections/canned-food-instant-meals/products/nissin-irvins-salted-egg-instant-noodles-5x113g
https://vgg.bites.com.my/collections/canned-food-instant-meals,Canned Food Instant Meals,NISSIN IRVIN'S SPICY SALTED EGG NOODLES 5X113G,RM30.90,,https://vgg.bites.com.my/collections/canned-food-instant-meals/products/nissin-irvins-spicy-salted-egg-noodles-5x113g
https://vgg.bites.com.my/collections/canned-food-instant-meals,Canned Food Instant Meals,DAEBAK SPICY MUSHROOM RAMYEON CUP 66G,RM4.10,,https://vgg.bites.com.my/collections/canned-food-instant-meals/products/daebak-spicy-mushroom-ramyeon-cup-66g
https://vgg.bites.com.my/collections/canned-food-instant-meals,Canned Food Instant Meals,DAEBAK MIYEOK GUK RAMYEON CUP 68G,RM4.10,,https://vgg.bites.com.my/collections/canned-food-instant-meals/products/daebak-miyeok-guk-ramyeon-cup-68g
https://vgg.bites.com.my/collections/canned-food-instant-meals,Canned Food Instant Meals,DAEBAK RABOKKI CUP 73G,RM4.10,,https://vgg.bites.com.my/collections/canned-food-instant-meals/products/daebak-rabokki-cup-73g
https://vgg.bites.com.my/collections/canned-food-instant-meals,Canned Food Instant Meals,KITCHEN DELITE SARDINES 425G,RM8.50,,https://vgg.bites.com.my/collections/canned-food-instant-meals/products/kitchen-delite-sardines-425g
https://vgg.bites.com.my/collections/canned-food-instant-meals,Canned Food Instant Meals,KITCHEN DELITE SARDINES 155G,RM3.90,,https://vgg.bites.com.my/collections/canned-food-instant-meals/products/kitchen-delite-sardines-155g
https://vgg.bites.com.my/collections/canned-food-instant-meals,Canned Food Instant Meals,NISSIN CUP NOODLES CHICKEN MUSHROOM 70G,RM4.49,RM4.80,https://vgg.bites.com.my/collections/canned-food-instant-meals/products/nissin-cup-noodles-chicken-mushroom-70g
https://vgg.bites.com.my/collections/canned-food-instant-meals,Canned Food Instant Meals,WOOLWORTHS SUNDRIED TOMATO HALVES 500G,RM25.20,,https://vgg.bites.com.my/collections/canned-food-instant-meals/products/woolworths-sundried-tomato-halves-500g
https://vgg.bites.com.my/collections/canned-food-instant-meals,Canned Food Instant Meals,CIAO LENTILS 400GM,RM5.65,,https://vgg.bites.com.my/collections/canned-food-instant-meals/products/ciao-lentils-400gm
https://vgg.bites.com.my/collections/canned-food-instant-meals,Canned Food Instant Meals,CIAO BUTTER BEANS 400GM,RM5.65,,https://vgg.bites.com.my/collections/canned-food-instant-meals/products/ciao-butter-beans-400gm
https://vgg.bites.com.my/collections/canned-food-instant-meals,Canned Food Instant Meals,KAWAN DHALL CURRY 130G,RM5.05,,https://vgg.bites.com.my/collections/canned-food-instant-meals/products/kawan-dhall-curry-130g
https://vgg.bites.com.my/collections/canned-food-instant-meals,Canned Food Instant Meals,CHINA NONG SHIM CLAY POT BIG BOWL 117G,RM5.49,RM6.25,https://vgg.bites.com.my/collections/canned-food-instant-meals/products/china-nong-shim-clay-pot-big-bowl-117g
https://vgg.bites.com.my/collections/canned-food-instant-meals,Canned Food Instant Meals,NONGSHIM KIMCHI NOODLE 5X120GM,RM17.99,RM19.60,https://vgg.bites.com.my/collections/canned-food-instant-meals/products/nongshim-kimchi-noodle-5x120gm
https://vgg.bites.com.my/collections/canned-food-instant-meals,Canned Food Instant Meals,NONGSHIM SHIN RAMYUN (POTATO) 5X110G,RM17.99,RM19.85,https://vgg.bites.com.my/collections/canned-food-instant-meals/products/nongshim-shin-ramyun-potato-5x110g
https://vgg.bites.com.my/collections/canned-food-instant-meals,Canned Food Instant Meals,CNS SEAFOOD BULGOGI RAMYUN FRIED NOODLE 5 PACK,RM17.99,RM19.60,https://vgg.bites.com.my/collections/canned-food-instant-meals/products/cns-seafood-bulgogi-ramyun-fried-noodle-5-pack
https://vgg.bites.com.my/collections/canned-food-instant-meals,Canned Food Instant Meals,MAMEE CHEF CUP CURRY LAKSA 72GM,RM3.10,,https://vgg.bites.com.my/collections/canned-food-instant-meals/products/mamee-chef-cup-curry-laksa-72gm
https://vgg.bites.com.my/collections/canned-food-instant-meals,Canned Food Instant Meals,MAMEE CHEF CUP SPICY CHIC SHIITAKE 62G,RM3.10,,https://vgg.bites.com.my/collections/canned-food-instant-meals/products/mamee-chef-cup-spicy-chic-shiitake-62g
https://vgg.bites.com.my/collections/canned-food-instant-meals,Canned Food Instant Meals,MAMEE CHEF CUP TOMYAM 72GM,RM3.10,,https://vgg.bites.com.my/collections/canned-food-instant-meals/products/mamee-chef-cup-tomyam-72gm
https://vgg.bites.com.my/collections/canned-food-instant-meals,Canned Food Instant Meals,MAMEE CHEF LONTONG CUP 84G,RM3.10,,https://vgg.bites.com.my/collections/canned-food-instant-meals/products/mamee-chef-lontong-cup-84g
https://vgg.bites.com.my/collections/canned-food-instant-meals,Canned Food Instant Meals,MAGGI HOT CUP CURRY 6X58G,RM12.99,RM14.30,https://vgg.bites.com.my/collections/canned-food-instant-meals/products/maggi-hot-cup-curry-6x58g
https://vgg.bites.com.my/collections/canned-food-instant-meals,Canned Food Instant Meals,YOUNG POONG ROSE SPICY TOPOKKI CUP 120G,RM10.50,,https://vgg.bites.com.my/collections/canned-food-instant-meals/products/young-poong-rose-spicy-topokki-cup-120g
https://vgg.bites.com.my/collections/canned-food-instant-meals,Canned Food Instant Meals,YOUNG POONG ORIGINAL TOPOKKI CUP 120G,RM10.50,,https://vgg.bites.com.my/collections/canned-food-instant-meals/products/young-poong-original-topokki-cup-120g
https://vgg.bites.com.my/collections/canned-food-instant-meals,Canned Food Instant Meals,YOUNG POONG SPICY TOPOKKI CUP 120G,RM10.50,,https://vgg.bites.com.my/collections/canned-food-instant-meals/products/young-poong-spicy-topokki-cup-120g
https://vgg.bites.com.my/collections/canned-food-instant-meals,Canned Food Instant Meals,YOUNG POONG JJAJANG TOPOKKI CUP 120G,RM10.50,,https://vgg.bites.com.my/collections/canned-food-instant-meals/products/young-poong-jjajang-topokki-cup-120g
https://vgg.bites.com.my/collections/canned-food-instant-meals,Canned Food Instant Meals,YANGBAN RICE PORRIDGE W ABALONE 420G,RM16.90,,https://vgg.bites.com.my/collections/canned-food-instant-meals/products/yangban-rice-porridge-w-abalone-420g
https://vgg.bites.com.my/collections/canned-food-instant-meals,Canned Food Instant Meals,YANGBAN RICE PORRIDGE W MINCED BEEF 420G,RM16.90,,https://vgg.bites.com.my/collections/canned-food-instant-meals/products/yangban-rice-porridge-w-minced-beef-420g
https://vgg.bites.com.my/collections/canned-food-instant-meals,Canned Food Instant Meals,YANGBAN RICE PORRIDGE W VENUS CLAM 420G,RM14.90,,https://vgg.bites.com.my/collections/canned-food-instant-meals/products/yangban-rice-porridge-w-venus-clam-420g
https://vgg.bites.com.my/collections/canned-food-instant-meals,Canned Food Instant Meals,MAGGI CURRY 5+1X79G,RM4.99,RM6.25,https://vgg.bites.com.my/collections/canned-food-instant-meals/products/maggi-curry-5-1x79g
https://vgg.bites.com.my/collections/canned-food-instant-meals,Canned Food Instant Meals,MAGGI MI GORENG CILI ALA KAMPUNG 5X77G,RM7.69,RM7.90,https://vgg.bites.com.my/collections/canned-food-instant-meals/products/maggi-mi-goreng-cili-ala-kampung-5x77g
https://vgg.bites.com.my/collections/canned-food-instant-meals,Canned Food Instant Meals,GHEE HIANG TEELSEED OIL 680ML,RM35.95,,https://vgg.bites.com.my/collections/canned-food-instant-meals/products/ghee-hiang-teelseed-oil-680ml
https://vgg.bites.com.my/collections/canned-food-instant-meals,Canned Food Instant Meals,IBUMIE ALWAYS MI GORENG ASLI 5X80G,RM5.79,RM6.40,https://vgg.bites.com.my/collections/canned-food-instant-meals/products/ibumie-always-mi-goreng-asli-5x80g
https://vgg.bites.com.my/collections/canned-food-instant-meals,Canned Food Instant Meals,IBUMIE AMG K.KPITAN 5X80G,RM5.79,RM6.40,https://vgg.bites.com.my/collections/canned-food-instant-meals/products/ibumie-amg-k-kpitan-5x80g
https://vgg.bites.com.my/collections/canned-food-instant-meals,Canned Food Instant Meals,IBUMIE AMG S.UDANG 5X80G,RM5.79,RM6.40,https://vgg.bites.com.my/collections/canned-food-instant-meals/products/ibumie-amg-s-udang-5x80g
https://vgg.bites.com.my/collections/canned-food-instant-meals,Canned Food Instant Meals,IBUMIE AMG T.TOMYAM 5X80G,RM5.79,RM6.40,https://vgg.bites.com.my/collections/canned-food-instant-meals/products/ibumie-amg-t-tomyam-5x80g
https://vgg.bites.com.my/collections/canned-food-instant-meals,Canned Food Instant Meals,JOHN WEST CHUNK STYLE TUNA IN OLIVE OIL BLEND 95G,RM7.00,,https://vgg.bites.com.my/collections/canned-food-instant-meals/products/john-west-chunk-style-tuna-in-olive-oil-blend-95g
https://vgg.bites.com.my/collections/canned-food-instant-meals,Canned Food Instant Meals,JOHN WEST TUNA CHUNK SPRINGWATER 95G,RM7.00,,https://vgg.bites.com.my/collections/canned-food-instant-meals/products/john-west-tuna-chunk-springwater-95g
https://vgg.bites.com.my/collections/canned-food-instant-meals,Canned Food Instant Meals,JOHN WEST TUNA FIERY JALAPENO 95G,RM7.00,,https://vgg.bites.com.my/collections/canned-food-instant-meals/products/john-west-tuna-fiery-jalapeno-95g
https://vgg.bites.com.my/collections/canned-food-instant-meals,Canned Food Instant Meals,JOHN WEST TUNA TEMP LEMON CRACKED PEPPER 95G,RM7.50,,https://vgg.bites.com.my/collections/canned-food-instant-meals/products/john-west-tuna-temp-lemon-cracked-pepper-95g
https://vgg.bites.com.my/collections/canned-food-instant-meals,Canned Food Instant Meals,JOHN WEST TUNA TEMP LIGHT ONION & TOMATO 95G,RM7.50,,https://vgg.bites.com.my/collections/canned-food-instant-meals/products/john-west-tuna-temp-light-onion-tomato-95g
https://vgg.bites.com.my/collections/canned-food-instant-meals,Canned Food Instant Meals,JOHN WEST TUNA TEMP LIGHT SPRING WATER 95G,RM7.50,,https://vgg.bites.com.my/collections/canned-food-instant-meals/products/john-west-tuna-temp-light-spring-water-95g
https://vgg.bites.com.my/collections/canned-food-instant-meals,Canned Food Instant Meals,JOHN WEST TUNA TEMP ONION & TOMATO 95G,RM7.50,,https://vgg.bites.com.my/collections/canned-food-instant-meals/products/john-west-tuna-temp-onion-tomato-95g
https://vgg.bites.com.my/collections/canned-food-instant-meals,Canned Food Instant Meals,JOHN WEST TUNA TEMPTERS CHILLI 95G,RM7.50,,https://vgg.bites.com.my/collections/canned-food-instant-meals/products/john-west-tuna-tempters-chilli-95g
https://vgg.bites.com.my/collections/canned-food-instant-meals,Canned Food Instant Meals,JOHN WEST TUNA TEMPTERS MANGO CHILLI 95G,RM7.50,,https://vgg.bites.com.my/collections/canned-food-instant-meals/products/john-west-tuna-tempters-mango-chilli-95g
https://vgg.bites.com.my/collections/canned-food-instant-meals,Canned Food Instant Meals,JOHN WEST TUNA TEMPTERS SWEET CHILLI 95G,RM7.50,,https://vgg.bites.com.my/collections/canned-food-instant-meals/products/john-west-tuna-tempters-sweet-chilli-95g
https://vgg.bites.com.my/collections/canned-food-instant-meals,Canned Food Instant Meals,AYAM BRAND MACKERELS IN TOMATO SAUCE 300G,RM9.45,,https://vgg.bites.com.my/collections/canned-food-instant-meals/products/ayam-brand-mackerels-in-tomato-sauce-300g
https://vgg.bites.com.my/collections/canned-food-instant-meals,Canned Food Instant Meals,NONGSHIM SHIN STIR FRY CHEESE RAMYUN 5X136G,RM19.99,RM23.20,https://vgg.bites.com.my/collections/canned-food-instant-meals/products/nongshim-shin-stir-fry-cheese-ramyun-5x136g
https://vgg.bites.com.my/collections/canned-food-instant-meals,Canned Food Instant Meals,NONGSHIM SHIN SPICY CHICKEN RAMYUN 5X120G,RM19.99,RM23.20,https://vgg.bites.com.my/collections/canned-food-instant-meals/products/nongshim-shin-spicy-chicken-ramyun-5x120g
https://vgg.bites.com.my/collections/canned-food-instant-meals,Canned Food Instant Meals,NONGSHIM CHAPAGETTI CHAJANG MYUN 5X140GM,RM22.99,RM24.90,https://vgg.bites.com.my/collections/canned-food-instant-meals/products/nongshim-chapagetti-chajang-myun-5x140gm
https://vgg.bites.com.my/collections/canned-food-instant-meals,Canned Food Instant Meals,HEINZ BAKED BEANS IN RICH TOMATO SAUCE 3X220G,RM20.90,,https://vgg.bites.com.my/collections/canned-food-instant-meals/products/heinz-baked-beans-in-rich-tomato-sauce-3x220g
https://vgg.bites.com.my/collections/canned-food-instant-meals,Canned Food Instant Meals,MYKUALI PENANG HOKKIEN PRAWN 4X105GM,RM10.99,RM11.85,https://vgg.bites.com.my/collections/canned-food-instant-meals/products/mykuali-penang-hokkien-prawn-4x105gm
https://vgg.bites.com.my/collections/canned-food-instant-meals,Canned Food Instant Meals,MYKUALI PENANG RED TOM YAM GONG 4X105GM,RM10.99,RM11.85,https://vgg.bites.com.my/collections/canned-food-instant-meals/products/mykuali-penang-red-tom-yam-gong-4x105gm
https://vgg.bites.com.my/collections/canned-food-instant-meals,Canned Food Instant Meals,MYKUALI PENANG LIMITED EDITION,RM10.99,RM11.85,https://vgg.bites.com.my/collections/canned-food-instant-meals/products/mykuali-penang-limited-edition
https://vgg.bites.com.my/collections/canned-food-instant-meals,Canned Food Instant Meals,MYKUALI MI GORENG MAMAK NOODLE 4X95G,RM10.99,RM11.85,https://vgg.bites.com.my/collections/canned-food-instant-meals/products/mykuali-mi-goreng-mamak-noodle-4x95g
https://vgg.bites.com.my/collections/canned-food-instant-meals,Canned Food Instant Meals,CIRIO SUPERCIRIO TOMATO PASTE 140G,RM10.60,,https://vgg.bites.com.my/collections/canned-food-instant-meals/products/cirio-supercirio-tomato-paste-140g
https://vgg.bites.com.my/collections/canned-food-instant-meals,Canned Food Instant Meals,MAGGI SYIOK AGLIO OLIO 89G,RM4.60,,https://vgg.bites.com.my/collections/canned-food-instant-meals/products/maggi-syiok-aglio-olio-89g
https://vgg.bites.com.my/collections/canned-food-instant-meals,Canned Food Instant Meals,MAGGI SYIOK CILI KAMPUNG GORENG 94G,RM4.60,,https://vgg.bites.com.my/collections/canned-food-instant-meals/products/maggi-syiok-cili-kampung-goreng-94g
https://vgg.bites.com.my/collections/canned-food-instant-meals,Canned Food Instant Meals,MAGGI SYIOK KARI KAW 90G,RM4.60,,https://vgg.bites.com.my/collections/canned-food-instant-meals/products/maggi-syiok-kari-kaw-90g
https://vgg.bites.com.my/collections/canned-food-instant-meals,Canned Food Instant Meals,SUDEE PADPRIK 35G,RM4.40,,https://vgg.bites.com.my/collections/canned-food-instant-meals/products/sudee-padprik-35g
https://vgg.bites.com.my/collections/canned-food-instant-meals,Canned Food Instant Meals,SUDEE SALTED EGG 35G,RM5.75,,https://vgg.bites.com.my/collections/canned-food-instant-meals/products/sudee-salted-egg-35g
https://vgg.bites.com.my/collections/canned-food-instant-meals,Canned Food Instant Meals,SUDEE BUTTERMILK 35G,RM4.40,,https://vgg.bites.com.my/collections/canned-food-instant-meals/products/sudee-buttermilk-35g
https://vgg.bites.com.my/collections/canned-food-instant-meals,Canned Food Instant Meals,KING CUP SARDINES 425G,RM10.25,,https://vgg.bites.com.my/collections/canned-food-instant-meals/products/king-cup-sardines-425g
https://vgg.bites.com.my/collections/canned-food-instant-meals,Canned Food Instant Meals,MAMEE CHEF CREAMY TOM YAM 4X82G,RM4.99,RM7.10,https://vgg.bites.com.my/collections/canned-food-instant-meals/products/mamee-chef-creamy-tom-yam-4x82g
https://vgg.bites.com.my/collections/canned-food-instant-meals,Canned Food Instant Meals,MAMEE CHEF LONTONG 4X97G,RM4.99,RM7.10,https://vgg.bites.com.my/collections/canned-food-instant-meals/products/mamee-chef-lontong-4x97g
https://vgg.bites.com.my/collections/canned-food-instant-meals,Canned Food Instant Meals,MAMEE CHEF SPICY CHICKEN SHITAKE 4X78G,RM4.99,RM7.10,https://vgg.bites.com.my/collections/canned-food-instant-meals/products/mamee-chef-spicy-chicken-shitake-4x78g
https://vgg.bites.com.my/collections/canned-food-instant-meals,Canned Food Instant Meals,MAMEE CHEF SARAWAK LAKSA 4X90G,RM4.99,RM7.10,https://vgg.bites.com.my/collections/canned-food-instant-meals/products/mamee-chef-sarawak-laksa-4x90g
https://vgg.bites.com.my/collections/canned-food-instant-meals,Canned Food Instant Meals,JINJJA RAMYUN KIMCHI 5X120G,RM18.15,,https://vgg.bites.com.my/collections/canned-food-instant-meals/products/jinjja-ramyun-kimchi-5x120g
https://vgg.bites.com.my/collections/canned-food-instant-meals,Canned Food Instant Meals,JINJJA RAMYUN SPICY MUSHROOM 5X120G,RM18.15,,https://vgg.bites.com.my/collections/canned-food-instant-meals/products/jinjja-ramyun-spicy-mushroom-5x120g
https://vgg.bites.com.my/collections/canned-food-instant-meals,Canned Food Instant Meals,JINJJA RAMYUN SPICY CHICKEN 5X120G,RM19.15,,https://vgg.bites.com.my/collections/canned-food-instant-meals/products/jinjja-ramyun-spicy-chicken-5x120g
https://vgg.bites.com.my/collections/canned-food-instant-meals,Canned Food Instant Meals,NONGSHIM NEOGURI RAMYUN (SPICY) 5X120G,RM19.99,RM23.20,https://vgg.bites.com.my/collections/canned-food-instant-meals/products/nongshim-neoguri-ramyun-spicy-5x120g
https://vgg.bites.com.my/collections/canned-food-instant-meals,Canned Food Instant Meals,NONGSHIM SHIN STIR FRY RAMYUN TOM YUM 4X130G,RM19.99,RM23.20,https://vgg.bites.com.my/collections/canned-food-instant-meals/products/nongshim-shin-stir-fry-ramyun-tom-yum-4x130g
https://vgg.bites.com.my/collections/canned-food-instant-meals,Canned Food Instant Meals,NONGSHIM SHIN RAMYUN TOOMBA 4X137G,RM19.99,RM23.20,https://vgg.bites.com.my/collections/canned-food-instant-meals/products/nongshim-shin-ramyun-toomba-4x137g
https://vgg.bites.com.my/collections/canned-food-instant-meals,Canned Food Instant Meals,COPPOLA PASSATA - SIEVED TOMATOES 680G,RM11.05,,https://vgg.bites.com.my/collections/canned-food-instant-meals/products/coppola-passata-sieved-tomatoes-680g
https://vgg.bites.com.my/collections/canned-food-instant-meals,Canned Food Instant Meals,CIRIO CREAMY TOMATO SOUP 500G,RM10.20,,https://vgg.bites.com.my/collections/canned-food-instant-meals/products/cirio-creamy-tomato-soup-500g
https://vgg.bites.com.my/collections/canned-food-instant-meals,Canned Food Instant Meals,CIRIO CREAMY CHICKPEAS SOUP 500G,RM10.20,,https://vgg.bites.com.my/collections/canned-food-instant-meals/products/cirio-creamy-chickpeas-soup-500g
https://vgg.bites.com.my/collections/canned-food-instant-meals,Canned Food Instant Meals,CIRIO CREAMY BEAN SOUP 500G,RM10.20,,https://vgg.bites.com.my/collections/canned-food-instant-meals/products/cirio-creamy-bean-soup-500g
https://vgg.bites.com.my/collections/canned-food-instant-meals,Canned Food Instant Meals,RED CHEF PENANG WHITE CURRY MEE 4X100G,RM10.30,,https://vgg.bites.com.my/collections/canned-food-instant-meals/products/red-chef-penang-white-curry-mee-4x100g
https://vgg.bites.com.my/collections/canned-food-instant-meals,Canned Food Instant Meals,RED CHEF PENANG PRAWN MEE 4X90G,RM10.30,,https://vgg.bites.com.my/collections/canned-food-instant-meals/products/red-chef-penang-prawn-mee-4x90g
https://vgg.bites.com.my/collections/canned-food-instant-meals,Canned Food Instant Meals,CAMPBELL CRAB CHOWDER 290G,RM8.59,RM9.05,https://vgg.bites.com.my/collections/canned-food-instant-meals/products/campbell-crab-chowder-290g
https://vgg.bites.com.my/collections/canned-food-instant-meals,Canned Food Instant Meals,MAMEE PREMIUM CURRY 5X75G,RM3.89,RM5.60,https://vgg.bites.com.my/collections/canned-food-instant-meals/products/mamee-premium-curry-5x75g
https://vgg.bites.com.my/collections/canned-food-instant-meals,Canned Food Instant Meals,MAMEE PREMIUM CHICKEN 5X73G,RM3.89,RM5.60,https://vgg.bites.com.my/collections/canned-food-instant-meals/products/mamee-premium-chicken-5x73g
https://vgg.bites.com.my/collections/canned-food-instant-meals,Canned Food Instant Meals,MAMEE PREMIUM VEGETARIAN 5X75G,RM3.89,RM5.60,https://vgg.bites.com.my/collections/canned-food-instant-meals/products/mamee-premium-vegetarian-5x75g
https://vgg.bites.com.my/collections/canned-food-instant-meals,Canned Food Instant Meals,MAMEE PREMIUM DUCK 5X76G,RM3.89,RM5.60,https://vgg.bites.com.my/collections/canned-food-instant-meals/products/mamee-premium-duck-5x76g
https://vgg.bites.com.my/collections/canned-food-instant-meals,Canned Food Instant Meals,PALDO RABOKKI 4X145G,RM19.99,RM25.05,https://vgg.bites.com.my/collections/canned-food-instant-meals/products/paldo-rabokki-4x145g
https://vgg.bites.com.my/collections/canned-food-instant-meals,Canned Food Instant Meals,PALDO VOLCANO CARBONARA CHICKEN NOODLE 4X130G,RM19.99,RM26.50,https://vgg.bites.com.my/collections/canned-food-instant-meals/products/paldo-volcano-carbonara-chicken-noodle-4x130g
https://vgg.bites.com.my/collections/canned-food-instant-meals,Canned Food Instant Meals,PALDO ILPOOM JAJANGMEN-BLACKBEAN 4X200G,RM19.99,RM30.30,https://vgg.bites.com.my/collections/canned-food-instant-meals/products/paldo-ilpoom-jajangmen-blackbean-4x200g
https://vgg.bites.com.my/collections/canned-food-instant-meals,Canned Food Instant Meals,TRICIOUS 9.5'' PIZZA HAWAIIAN CHIC 340G,RM17.85,,https://vgg.bites.com.my/collections/canned-food-instant-meals/products/tricious-9-5-pizza-hawaiian-chic-340g
https://vgg.bites.com.my/collections/canned-food-instant-meals,Canned Food Instant Meals,TRICIOUS 9.5'' PIZZA BEEF PEPPERONI 320G,RM17.85,,https://vgg.bites.com.my/collections/canned-food-instant-meals/products/tricious-9-5-pizza-beef-pepperoni-320g
https://vgg.bites.com.my/collections/canned-food-instant-meals,Canned Food Instant Meals,TRICIOUS 9.5'' PIZZA CHICKEN SUPREME 300GM,RM17.85,,https://vgg.bites.com.my/collections/canned-food-instant-meals/products/tricious-9-5-pizza-chicken-supreme-300gm
https://vgg.bites.com.my/collections/canned-food-instant-meals,Canned Food Instant Meals,TRICIOUS 9.5'' PIZZA BBQ CHICKEN 340GM,RM17.85,,https://vgg.bites.com.my/collections/canned-food-instant-meals/products/tricious-9-5-pizza-bbq-chicken-340gm
https://vgg.bites.com.my/collections/canned-food-instant-meals,Canned Food Instant Meals,AYAM BRAND SABA CHILI 160G,RM7.70,,https://vgg.bites.com.my/collections/canned-food-instant-meals/products/ayam-brand-saba-chili-160g
https://vgg.bites.com.my/collections/canned-food-instant-meals,Canned Food Instant Meals,AYAM BRAND PULLED CHICKEN HOT CHILI 150G,RM8.00,,https://vgg.bites.com.my/collections/canned-food-instant-meals/products/ayam-brand-pulled-chicken-hot-chili-150g
https://vgg.bites.com.my/collections/canned-food-instant-meals,Canned Food Instant Meals,AYAM BRAND PULLED CHICKEN MAYONNAISE 150G,RM8.00,,https://vgg.bites.com.my/collections/canned-food-instant-meals/products/ayam-brand-pulled-chicken-mayonnaise-150g
https://vgg.bites.com.my/collections/canned-food-instant-meals,Canned Food Instant Meals,TRICIOUS 9.5'' PIZZA ALL CHEESE 280GM,RM17.85,,https://vgg.bites.com.my/collections/canned-food-instant-meals/products/tricious-9-5-pizza-all-cheese-280gm
https://vgg.bites.com.my/collections/canned-food-instant-meals,Canned Food Instant Meals,VICTORIA SEA ASPARAGUS IN BRINE 425G,RM44.80,,https://vgg.bites.com.my/collections/canned-food-instant-meals/products/victoria-sea-asparagus-in-brine-425g
https://vgg.bites.com.my/collections/canned-food-instant-meals,Canned Food Instant Meals,WOOLWORTHS VEGETABLE LIQUID STOCK 1L,RM12.05,,https://vgg.bites.com.my/collections/canned-food-instant-meals/products/woolworths-vegetable-liquid-stock-1l
https://vgg.bites.com.my/collections/canned-food-instant-meals,Canned Food Instant Meals,MAGGI HOT CUP ASAM LAKSA 6X59G,RM12.99,RM14.30,https://vgg.bites.com.my/collections/canned-food-instant-meals/products/maggi-hot-cup-asam-laksa-6x59g
https://vgg.bites.com.my/collections/canned-food-instant-meals,Canned Food Instant Meals,BIBIGO STIR-FRIED RAMYUN SMOKY K-CHICKEN 4X122G,RM11.99,RM18.90,https://vgg.bites.com.my/collections/canned-food-instant-meals/products/bibigo-stir-fried-ramyun-smoky-k-chicken-4x122g
https://vgg.bites.com.my/collections/canned-food-instant-meals,Canned Food Instant Meals,BIBIGO STIR-FRIED RAMYUN SPICY TTEOKBOKKI 4X122G,RM11.99,RM18.90,https://vgg.bites.com.my/collections/canned-food-instant-meals/products/bibigo-stir-fried-ramyun-spicy-tteokbokki-4x122g
https://vgg.bites.com.my/collections/canned-food-instant-meals,Canned Food Instant Meals,BIBIGO STIR-FRIED RAMYUN CHEESE TTEOKBOKKI 4X127G,RM11.99,RM18.90,https://vgg.bites.com.my/collections/canned-food-instant-meals/products/bibigo-stir-fried-ramyun-cheese-tteokbokki-4x127g
https://vgg.bites.com.my/collections/canned-food-instant-meals,Canned Food Instant Meals,BIBIGO STIR-FRIED RAMYUN KIMCHI 4X122G,RM11.99,RM18.90,https://vgg.bites.com.my/collections/canned-food-instant-meals/products/bibigo-stir-fried-ramyun-kimchi-4x122g
https://vgg.bites.com.my/collections/canned-food-instant-meals,Canned Food Instant Meals,JINJJA RAMYUN KIMCHI BOWL 117G,RM6.10,,https://vgg.bites.com.my/collections/canned-food-instant-meals/products/jinjja-ramyun-kimchi-bowl-117g
https://vgg.bites.com.my/collections/canned-food-instant-meals,Canned Food Instant Meals,JINJJA RAMYUN SPICY MUSHROOM BOWL 117G,RM6.10,,https://vgg.bites.com.my/collections/canned-food-instant-meals/products/jinjja-ramyun-spicy-mushroom-bowl-117g
https://vgg.bites.com.my/collections/canned-food-instant-meals,Canned Food Instant Meals,JINJJA RAMYUN SPICY CHICKEN BOWL 117G,RM6.10,,https://vgg.bites.com.my/collections/canned-food-instant-meals/products/jinjja-ramyun-spicy-chicken-bowl-117g
https://vgg.bites.com.my/collections/canned-food-instant-meals,Canned Food Instant Meals,CIRIO PELATI PEELED TOMATOES 4X400G,RM25.49,RM30.35,https://vgg.bites.com.my/collections/canned-food-instant-meals/products/cirio-pelati-peeled-tomatoes-4x400g
https://vgg.bites.com.my/collections/canned-food-instant-meals,Canned Food Instant Meals,MAMA VEGE SARAWAK KAMPUA MEE 4X102G,RM19.95,,https://vgg.bites.com.my/collections/canned-food-instant-meals/products/mama-vege-sarawak-kampua-mee-4x102g
https://vgg.bites.com.my/collections/canned-food-instant-meals,Canned Food Instant Meals,MAMA VEGE SARAWAK KAMPUA MEE CHILI LIME 4X109G,RM19.95,,https://vgg.bites.com.my/collections/canned-food-instant-meals/products/mama-vege-sarawak-kampua-mee-chili-lime-4x109g
https://vgg.bites.com.my/collections/canned-food-instant-meals,Canned Food Instant Meals,LOVE EARTH ORGANIC KIDS PASTA VEGE MACARONI 175G,RM16.90,,https://vgg.bites.com.my/collections/canned-food-instant-meals/products/love-earth-organic-kids-pasta-vege-macaroni-175g
https://vgg.bites.com.my/collections/canned-food-instant-meals,Canned Food Instant Meals,LOVE EARTH ORGANIC KIDS PASTA FARM ANIMALS 175G,RM16.90,,https://vgg.bites.com.my/collections/canned-food-instant-meals/products/love-earth-organic-kids-pasta-farm-animals-175g
https://vgg.bites.com.my/collections/canned-food-instant-meals,Canned Food Instant Meals,AYAM BRAND PULLED CHICKEN BLACK PEPPER 150G,RM8.00,,https://vgg.bites.com.my/collections/canned-food-instant-meals/products/ayam-brand-pulled-chicken-black-pepper-150g
https://vgg.bites.com.my/collections/canned-food-instant-meals,Canned Food Instant Meals,AYAM BRAND PULLED CHICKEN IN GOCHUJANG SAUCE 150G,RM8.00,,https://vgg.bites.com.my/collections/canned-food-instant-meals/products/ayam-brand-pulled-chicken-in-gochujang-sauce-150g
https://vgg.bites.com.my/collections/canned-food-instant-meals,Canned Food Instant Meals,MUTTI WHOLE PEELED TOMATOES 400G,RM7.95,,https://vgg.bites.com.my/collections/canned-food-instant-meals/products/mutti-whole-peeled-tomatoes-400g
https://vgg.bites.com.my/collections/canned-food-instant-meals,Canned Food Instant Meals,MUTTI CHERRY TOMATOES 400G,RM10.20,,https://vgg.bites.com.my/collections/canned-food-instant-meals/products/mutti-cherry-tomatoes-400g
https://vgg.bites.com.my/collections/canned-food-instant-meals,Canned Food Instant Meals,MUTTI PIZZA SAUCE WIT SPICES 400G,RM9.70,,https://vgg.bites.com.my/collections/canned-food-instant-meals/products/mutti-pizza-sauce-wit-spices-400g
https://vgg.bites.com.my/collections/canned-food-instant-meals,Canned Food Instant Meals,YOUNG POONG CARBONARA TOPOKKI CUP 120G,RM10.50,,https://vgg.bites.com.my/collections/canned-food-instant-meals/products/young-poong-carbonara-topokki-cup-120g
https://vgg.bites.com.my/collections/canned-food-instant-meals,Canned Food Instant Meals,JONGGA KIMCHI EXTRA CARROT 80G,RM7.20,,https://vgg.bites.com.my/collections/canned-food-instant-meals/products/jongga-kimchi-extra-carrot-80g
https://vgg.bites.com.my/collections/canned-food-instant-meals,Canned Food Instant Meals,JONGGA KIMCHI EXTRA SPICY 80G,RM7.20,,https://vgg.bites.com.my/collections/canned-food-instant-meals/products/jongga-kimchi-extra-spicy-80g
https://vgg.bites.com.my/collections/canned-food-instant-meals,Canned Food Instant Meals,MYKUALI PENANG WHITE CURRY BIHUN 90GM,RM5.69,RM5.95,https://vgg.bites.com.my/collections/canned-food-instant-meals/products/mykuali-penang-white-curry-bihun-90gm
https://vgg.bites.com.my/collections/canned-food-instant-meals,Canned Food Instant Meals,MYKUALI PENANG HOKKIEN PRAWN BIHUN 90GM,RM5.69,RM5.95,https://vgg.bites.com.my/collections/canned-food-instant-meals/products/mykuali-penang-hokkien-prawn-bihun-90gm
https://vgg.bites.com.my/collections/canned-food-instant-meals,Canned Food Instant Meals,MYKUALI PENANG MI GORENG MAMAK (BOWL) 100G,RM5.69,RM5.95,https://vgg.bites.com.my/collections/canned-food-instant-meals/products/mykuali-penang-mi-goreng-mamak-bowl-100g
https://vgg.bites.com.my/collections/canned-food-instant-meals,Canned Food Instant Meals,MYKUALI PENANG HOKKIEN PRAWN NOODLE (BOWL) 110G,RM5.69,RM5.95,https://vgg.bites.com.my/collections/canned-food-instant-meals/products/mykuali-penang-hokkien-prawn-noodle-bowl-110g
https://vgg.bites.com.my/collections/canned-food-instant-meals,Canned Food Instant Meals,MYKUALI PENANG WHITE CURRY NOODLE (BOWL) 110G,RM5.69,RM5.95,https://vgg.bites.com.my/collections/canned-food-instant-meals/products/mykuali-penang-white-curry-noodle-bowl-110g
https://vgg.bites.com.my/collections/canned-food-instant-meals,Canned Food Instant Meals,MYKUALI PENANG ASAM LAKSA BIHUN (BOWL) 105G,RM6.99,RM7.50,https://vgg.bites.com.my/collections/canned-food-instant-meals/products/mykuali-penang-asam-laksa-bihun-bowl-105g
https://vgg.bites.com.my/collections/canned-food-instant-meals,Canned Food Instant Meals,MYKUALI WHITE CURRY VEGETARIAN 4X105G,RM10.99,RM11.90,https://vgg.bites.com.my/collections/canned-food-instant-meals/products/mykuali-white-curry-vegetarian-4x105g
https://vgg.bites.com.my/collections/canned-food-instant-meals,Canned Food Instant Meals,DAEBAK JJAJANG RAMYEON 5X117G,RM13.99,RM14.95,https://vgg.bites.com.my/collections/canned-food-instant-meals/products/daebak-jjajang-ramyeon-5x117g
https://vgg.bites.com.my/collections/canned-food-instant-meals,Canned Food Instant Meals,WOOLWORTHS TUNA LAKSA 95G,RM7.00,,https://vgg.bites.com.my/collections/canned-food-instant-meals/products/woolworths-tuna-laksa-95g
https://vgg.bites.com.my/collections/canned-food-instant-meals,Canned Food Instant Meals,NONGSHIM SPICY CHICKEN RAMYUN (BOWL) 114G,RM5.49,RM6.05,https://vgg.bites.com.my/collections/canned-food-instant-meals/products/nongshim-spicy-chicken-ramyun-bowl-114g
https://vgg.bites.com.my/collections/canned-food-instant-meals,Canned Food Instant Meals,NONGSHIM STIR FRY CHEESE RAMYUN (BOWL) 105G,RM5.49,RM6.05,https://vgg.bites.com.my/collections/canned-food-instant-meals/products/nongshim-stir-fry-cheese-ramyun-bowl-105g
https://vgg.bites.com.my/collections/canned-food-instant-meals,Canned Food Instant Meals,NONGSHIM SHIN RAMYUN TOM YUM (BOWL) 117G,RM5.49,RM6.05,https://vgg.bites.com.my/collections/canned-food-instant-meals/products/nongshim-shin-ramyun-tom-yum-bowl-117g
https://vgg.bites.com.my/collections/canned-food-instant-meals,Canned Food Instant Meals,NISSIN DONBEI KITSUNE UDON 97G,RM11.99,RM13.70,https://vgg.bites.com.my/collections/canned-food-instant-meals/products/nissin-donbei-kitsune-udon-97g
https://vgg.bites.com.my/collections/canned-food-instant-meals,Canned Food Instant Meals,NISSIN DONBEI TENSOBA 100G,RM11.99,RM13.70,https://vgg.bites.com.my/collections/canned-food-instant-meals/products/nissin-donbei-tensoba-100g
https://vgg.bites.com.my/collections/canned-food-instant-meals,Canned Food Instant Meals,WAITROSE ESS CREAM OF MUSHROOM SOUP 400G,RM10.90,,https://vgg.bites.com.my/collections/canned-food-instant-meals/products/waitrose-ess-cream-of-mushroom-soup-400g
https://vgg.bites.com.my/collections/canned-food-instant-meals,Canned Food Instant Meals,MAMA VEGE GREEN TOMYAM BEAN VERMI W OAT MILK 78G,RM5.90,,https://vgg.bites.com.my/collections/canned-food-instant-meals/products/mama-vege-green-tomyam-bean-vermi-w-oat-milk-78g
https://vgg.bites.com.my/collections/canned-food-instant-meals,Canned Food Instant Meals,MAMEE CHEF CUP WAGYU BOAT NOODLE 81G,RM3.10,,https://vgg.bites.com.my/collections/canned-food-instant-meals/products/mamee-chef-cup-wagyu-boat-noodle-81g
https://vgg.bites.com.my/collections/canned-food-instant-meals,Canned Food Instant Meals,MAMEE CHEF MI GORENG RENDANG 4X89G,RM4.99,RM7.60,https://vgg.bites.com.my/collections/canned-food-instant-meals/products/mamee-chef-mi-goreng-rendang-4x89g
https://vgg.bites.com.my/collections/canned-food-instant-meals,Canned Food Instant Meals,CINTAN INSTANT NOODLE SEAFOOD 5X75G,RM4.79,RM5.70,https://vgg.bites.com.my/collections/canned-food-instant-meals/products/cintan-instant-noodle-seafood-5x75g
https://vgg.bites.com.my/collections/canned-food-instant-meals,Canned Food Instant Meals,CINTAN INSTANT NOODLE CHICKEN 5X75G,RM4.79,RM5.70,https://vgg.bites.com.my/collections/canned-food-instant-meals/products/cintan-instant-noodle-chicken-5x75g
https://vgg.bites.com.my/collections/canned-food-instant-meals,Canned Food Instant Meals,PAMA TOMYAM MI 5X55G,RM7.39,RM7.90,https://vgg.bites.com.my/collections/canned-food-instant-meals/products/pama-tomyam-mi-5x55g
https://vgg.bites.com.my/collections/canned-food-instant-meals,Canned Food Instant Meals,PAMA KUA TEOW 5X55G,RM7.39,RM7.95,https://vgg.bites.com.my/collections/canned-food-instant-meals/products/pama-kua-teow-5x55g
https://vgg.bites.com.my/collections/canned-food-instant-meals,Canned Food Instant Meals,PAMA BIHUN SEGERA 5X55G,RM7.39,RM7.85,https://vgg.bites.com.my/collections/canned-food-instant-meals/products/pama-bihun-segera-5x55g
https://vgg.bites.com.my/collections/canned-food-instant-meals,Canned Food Instant Meals,MAMEE BIHUN AYAM 5X55G,RM5.99,RM6.70,https://vgg.bites.com.my/collections/canned-food-instant-meals/products/mamee-bihun-ayam-5x55g
https://vgg.bites.com.my/collections/canned-food-instant-meals,Canned Food Instant Meals,MAMEE BIHUN TOMYAM 5X55G,RM5.99,RM6.70,https://vgg.bites.com.my/collections/canned-food-instant-meals/products/mamee-bihun-tomyam-5x55g
https://vgg.bites.com.my/collections/canned-food-instant-meals,Canned Food Instant Meals,NUUNA INST VERMICELLI DRY SPICY CHEESE 4X72G,RM5.29,RM6.25,https://vgg.bites.com.my/collections/canned-food-instant-meals/products/nuuna-inst-vermicelli-dry-spicy-cheese-4x72g
https://vgg.bites.com.my/collections/canned-food-instant-meals,Canned Food Instant Meals,SAMYANG HOT CHICKEN BIG BOWL NOODLE 105GM,RM7.99,RM8.55,https://vgg.bites.com.my/collections/canned-food-instant-meals/products/samyang-hot-chicken-big-bowl-noodle-105gm
https://vgg.bites.com.my/collections/canned-food-instant-meals,Canned Food Instant Meals,SAMYANG HOT CHICKEN RAMEN (EXTREME HOT) BOWL 105G,RM7.99,RM8.45,https://vgg.bites.com.my/collections/canned-food-instant-meals/products/samyang-hot-chicken-ramen-extreme-hot-bowl-105g
https://vgg.bites.com.my/collections/canned-food-instant-meals,Canned Food Instant Meals,SAMYANG HOT CHICKEN CHEESE RAMEN BOWL 105GM,RM7.99,RM8.55,https://vgg.bites.com.my/collections/canned-food-instant-meals/products/samyang-hot-chicken-cheese-ramen-bowl-105gm
https://vgg.bites.com.my/collections/canned-food-instant-meals,Canned Food Instant Meals,SAMYANG RAMEN CARBONARA 105G,RM7.99,RM8.55,https://vgg.bites.com.my/collections/canned-food-instant-meals/products/samyang-ramen-carbonara-105g
https://vgg.bites.com.my/collections/canned-food-instant-meals,Canned Food Instant Meals,MR KOREA VERMICELLI NOODLE 500G,RM11.99,RM13.25,https://vgg.bites.com.my/collections/canned-food-instant-meals/products/mr-korea-vermicelli-noodle-500g
https://vgg.bites.com.my/collections/canned-food-instant-meals,Canned Food Instant Meals,MOMS GUANMIAO TRADITIONAL NOODLE 480G,RM17.15,,https://vgg.bites.com.my/collections/canned-food-instant-meals/products/moms-guanmiao-traditional-noodle-480g
https://vgg.bites.com.my/collections/canned-food-instant-meals,Canned Food Instant Meals,JATI PENANG LAKSA RICE NOODLE 450G,RM3.79,RM4.20,https://vgg.bites.com.my/collections/canned-food-instant-meals/products/jati-penang-laksa-rice-noodle-450g
https://vgg.bites.com.my/collections/canned-food-instant-meals,Canned Food Instant Meals,GIMJABAN CRISPY SEAWEED ORIGINAL 40G,RM7.49,RM8.00,https://vgg.bites.com.my/collections/canned-food-instant-meals/products/gimjaban-crispy-seaweed-original-40g
https://vgg.bites.com.my/collections/canned-food-instant-meals,Canned Food Instant Meals,GIMJABAN CRISPY SEAWEED BARBECUE 40G,RM7.49,RM8.00,https://vgg.bites.com.my/collections/canned-food-instant-meals/products/gimjaban-crispy-seaweed-barbecue-40g
https://vgg.bites.com.my/collections/canned-food-instant-meals,Canned Food Instant Meals,GIMJABAN CRISPY SEAWEED CHILLI 40G,RM7.49,RM8.00,https://vgg.bites.com.my/collections/canned-food-instant-meals/products/gimjaban-crispy-seaweed-chilli-40g
https://vgg.bites.com.my/collections/canned-food-instant-meals,Canned Food Instant Meals,SAMYANG CARBONARA HOT CHICKEN SAUCE 200G,RM14.99,RM16.10,https://vgg.bites.com.my/collections/canned-food-instant-meals/products/samyang-carbonara-hot-chicken-sauce-200g
https://vgg.bites.com.my/collections/canned-food-instant-meals,Canned Food Instant Meals,NISSIN SEIFUN FUMI ICHIBAN TSUYU 2 BAI+ 400ML,RM15.49,RM17.25,https://vgg.bites.com.my/collections/canned-food-instant-meals/products/nissin-seifun-fumi-ichiban-tsuyu-2-bai-400ml
https://vgg.bites.com.my/collections/canned-food-instant-meals,Canned Food Instant Meals,DAEBAK GHOST PEPPER SPICY CHICKEN 4*131G,RM18.99,RM20.60,https://vgg.bites.com.my/collections/canned-food-instant-meals/products/daebak-ghost-pepper-spicy-chicken-4-131g
https://vgg.bites.com.my/collections/canned-food-instant-meals,Canned Food Instant Meals,A1 CURRY LAKSA NOODLES BOWL 140G,RM6.00,,https://vgg.bites.com.my/collections/canned-food-instant-meals/products/a1-curry-laksa-noodles-bowl-140g
https://vgg.bites.com.my/collections/canned-food-instant-meals,Canned Food Instant Meals,A1 CURRY LAKSA VERMICELLI BOWL 115G,RM6.00,,https://vgg.bites.com.my/collections/canned-food-instant-meals/products/a1-curry-laksa-vermicelli-bowl-115g
https://vgg.bites.com.my/collections/canned-food-instant-meals,Canned Food Instant Meals,SAMYANG HOT CHICKEN RAMEN 5*140G,RM23.99,RM27.20,https://vgg.bites.com.my/collections/canned-food-instant-meals/products/samyang-hot-chicken-ramen-5-140g
https://vgg.bites.com.my/collections/canned-food-instant-meals,Canned Food Instant Meals,SAMYANG HOT CHICKEN CHEESE RAMEN 5X140GM,RM23.99,RM28.90,https://vgg.bites.com.my/collections/canned-food-instant-meals/products/samyang-hot-chicken-cheese-ramen-5x140gm
https://vgg.bites.com.my/collections/canned-food-instant-meals,Canned Food Instant Meals,SAMYANG HOT CHICKEN RAMEN CARBONARA 5SX130G,RM23.99,RM28.95,https://vgg.bites.com.my/collections/canned-food-instant-meals/products/samyang-hot-chicken-ramen-carbonara-5sx130g
https://vgg.bites.com.my/collections/canned-food-instant-meals,Canned Food Instant Meals,SAMYANG HOT CHICKEN CREAMY CARBONARA RAMEN 5X140G,RM23.99,RM29.30,https://vgg.bites.com.my/collections/canned-food-instant-meals/products/samyang-hot-chicken-creamy-carbonara-ramen-5x140g
https://vgg.bites.com.my/collections/canned-food-instant-meals,Canned Food Instant Meals,SAMYANG HOT CHICKEN QUATTRO CHEESE RAMEN 5X145G,RM23.99,RM30.60,https://vgg.bites.com.my/collections/canned-food-instant-meals/products/samyang-hot-chicken-quattro-cheese-ramen-5x145g
https://vgg.bites.com.my/collections/canned-food-instant-meals,Canned Food Instant Meals,SAMYANG H'CHIC ROSE FLAVOR RAMEN 5SX140G,RM23.99,RM30.35,https://vgg.bites.com.my/collections/canned-food-instant-meals/products/samyang-h-chic-rose-flavor-ramen-5sx140g
https://vgg.bites.com.my/collections/canned-food-instant-meals,Canned Food Instant Meals,SAMYANG HOT CHICKEN RAMEN SWICY 4X130G,RM23.99,RM27.20,https://vgg.bites.com.my/collections/canned-food-instant-meals/products/samyang-hot-chicken-ramen-swicy-4x130g
https://vgg.bites.com.my/collections/canned-food-instant-meals,Canned Food Instant Meals,SAMYANG H'CHIC HABANERO LIME RAMEN 5SX135G,RM23.99,RM30.35,https://vgg.bites.com.my/collections/canned-food-instant-meals/products/samyang-h-chic-habanero-lime-ramen-5sx135g
https://vgg.bites.com.my/collections/canned-food-instant-meals,Canned Food Instant Meals,MAGGI SYIOK KARI KAW 5X83G,RM7.69,RM9.25,https://vgg.bites.com.my/collections/canned-food-instant-meals/products/maggi-syiok-kari-kaw-5x83g
https://vgg.bites.com.my/collections/canned-food-instant-meals,Canned Food Instant Meals,MAGGI NUTRI-LICIOUS AGLIO OLIO (5X77G),RM7.69,RM9.00,https://vgg.bites.com.my/collections/canned-food-instant-meals/products/maggi-nutri-licious-aglio-olio-5x77g
https://vgg.bites.com.my/collections/canned-food-instant-meals,Canned Food Instant Meals,MAGGI SYIOK SHOYU DAGING KAW 5X80G,RM7.69,RM9.25,https://vgg.bites.com.my/collections/canned-food-instant-meals/products/maggi-syiok-shoyu-daging-kaw-5x80g
https://vgg.bites.com.my/collections/canned-food-instant-meals,Canned Food Instant Meals,MARUTAI HAKATA RAMEN (MEAT FREE) 185G,RM10.99,RM12.50,https://vgg.bites.com.my/collections/canned-food-instant-meals/products/marutai-hakata-ramen-meat-free-185g
https://vgg.bites.com.my/collections/canned-food-instant-meals,Canned Food Instant Meals,SAMYANG HOT CHICKEN JJAJANG BOWL 105G,RM7.99,RM8.45,https://vgg.bites.com.my/collections/canned-food-instant-meals/products/samyang-hot-chicken-jjajang-bowl-105g
https://vgg.bites.com.my/collections/canned-food-instant-meals,Canned Food Instant Meals,SAMYANG MEP GOCHUJANG BASIL RAMEN 4X80G,RM9.99,RM10.90,https://vgg.bites.com.my/collections/canned-food-instant-meals/products/samyang-mep-gochujang-basil-ramen-4x80g
https://vgg.bites.com.my/collections/canned-food-instant-meals,Canned Food Instant Meals,SAMYANG MEP KOREAN CHILLI CRAB RAMEN 4X80G,RM9.99,RM10.90,https://vgg.bites.com.my/collections/canned-food-instant-meals/products/samyang-mep-korean-chilli-crab-ramen-4x80g
https://vgg.bites.com.my/collections/canned-food-instant-meals,Canned Food Instant Meals,KANGSHIFU - BRAISED BEEF FLAVOUR 5X106G,RM16.20,,https://vgg.bites.com.my/collections/canned-food-instant-meals/products/kangshifu-braised-beef-flavour-5x106g
https://vgg.bites.com.my/collections/canned-food-instant-meals,Canned Food Instant Meals,VE WONG CHINESE HERB ANGELICA FLV NOODLE 4'SX85G,RM14.99,RM16.75,https://vgg.bites.com.my/collections/canned-food-instant-meals/products/ve-wong-chinese-herb-angelica-flv-noodle-4-sx85g
https://vgg.bites.com.my/collections/canned-food-instant-meals,Canned Food Instant Meals,YORSHIN SUPREME & CLASSIC CURRY WONTON NDL 4X95G,RM17.99,RM18.90,https://vgg.bites.com.my/collections/canned-food-instant-meals/products/yorshin-supreme-classic-curry-wonton-ndl-4x95g
https://vgg.bites.com.my/collections/canned-food-instant-meals,Canned Food Instant Meals,YORSHIN SUPREME & CLASSIC WONTON NDL 4X98G,RM17.99,RM18.90,https://vgg.bites.com.my/collections/canned-food-instant-meals/products/yorshin-supreme-classic-wonton-ndl-4x98g
https://vgg.bites.com.my/collections/canned-food-instant-meals,Canned Food Instant Meals,YORSHIN SUPREME & CLASSIC HAKKA NDL 4X100G,RM17.99,RM18.90,https://vgg.bites.com.my/collections/canned-food-instant-meals/products/yorshin-supreme-classic-hakka-ndl-4x100g
https://vgg.bites.com.my/collections/canned-food-instant-meals,Canned Food Instant Meals,INA PAN MEE ASSORTED FLAVORS 5X85-90GM,RM12.50,,https://vgg.bites.com.my/collections/canned-food-instant-meals/products/ina-pan-mee-assorted-flavors-5x85-90gm
https://vgg.bites.com.my/collections/canned-food-instant-meals,Canned Food Instant Meals,INA PAN MEE ORIGINAL SEAFOOD SOUP 5X85GM,RM11.70,,https://vgg.bites.com.my/collections/canned-food-instant-meals/products/ina-pan-mee-original-seafood-soup-5x85gm
https://vgg.bites.com.my/collections/canned-food-instant-meals,Canned Food Instant Meals,INA PAN MEE DRIED CHILLI SHRIMP 5X90GM,RM12.50,,https://vgg.bites.com.my/collections/canned-food-instant-meals/products/ina-pan-mee-dried-chilli-shrimp-5x90gm
https://vgg.bites.com.my/collections/canned-food-instant-meals,Canned Food Instant Meals,ZOW ZOW NOODLE DUCK 5X60G,RM6.89,RM7.95,https://vgg.bites.com.my/collections/canned-food-instant-meals/products/zow-zow-noodle-duck-5x60g
https://vgg.bites.com.my/collections/canned-food-instant-meals,Canned Food Instant Meals,RUSKI NOODLE TOM YAM KAW 5SX80G,RM6.99,RM8.20,https://vgg.bites.com.my/collections/canned-food-instant-meals/products/ruski-noodle-tom-yam-kaw-5sx80g
https://vgg.bites.com.my/collections/canned-food-instant-meals,Canned Food Instant Meals,RUSKI NOODLE TOM YAM FLV 5SX80G,RM6.99,RM8.20,https://vgg.bites.com.my/collections/canned-food-instant-meals/products/ruski-noodle-tom-yam-flv-5sx80g
https://vgg.bites.com.my/collections/canned-food-instant-meals,Canned Food Instant Meals,INDOMIE GORENG HOT SPICY CHICKEN 5X83G,RM4.99,RM5.95,https://vgg.bites.com.my/collections/canned-food-instant-meals/products/indomie-goreng-hot-spicy-chicken-5x83g
https://vgg.bites.com.my/collections/canned-food-instant-meals,Canned Food Instant Meals,SAMYANG HOT CHIC HABANERO LIME RAMEN BOWL 105G,RM7.99,RM8.65,https://vgg.bites.com.my/collections/canned-food-instant-meals/products/samyang-hot-chic-habanero-lime-ramen-bowl-105g
https://vgg.bites.com.my/collections/canned-food-instant-meals,Canned Food Instant Meals,SAMYANG HOT CHIC QUATTRO CHEESE RAMEN BOWL 105G,RM7.99,RM8.65,https://vgg.bites.com.my/collections/canned-food-instant-meals/products/samyang-hot-chic-quattro-cheese-ramen-bowl-105g
https://vgg.bites.com.my/collections/canned-food-instant-meals,Canned Food Instant Meals,MYOJO IPPEICHAN YOMISENO YAKISOBA UMASHO 130G,RM10.99,RM11.55,https://vgg.bites.com.my/collections/canned-food-instant-meals/products/myojo-ippeichan-yomiseno-yakisoba-umasho-130g
https://vgg.bites.com.my/collections/canned-food-instant-meals,Canned Food Instant Meals,MI SEDAAP CUP NOODLE SOTO 81G,RM2.29,RM2.65,https://vgg.bites.com.my/collections/canned-food-instant-meals/products/mi-sedaap-cup-noodle-soto-81g
https://vgg.bites.com.my/collections/canned-food-instant-meals,Canned Food Instant Meals,MI SEDAAP CUP NOODLE BASO 77G,RM2.29,RM2.65,https://vgg.bites.com.my/collections/canned-food-instant-meals/products/mi-sedaap-cup-noodle-baso-77g
https://vgg.bites.com.my/collections/canned-food-instant-meals,Canned Food Instant Meals,IBUMIE PENANG WHITE CURRY (BOWL) 105G,RM4.99,RM5.45,https://vgg.bites.com.my/collections/canned-food-instant-meals/products/ibumie-penang-white-curry-bowl-105g
https://vgg.bites.com.my/collections/canned-food-instant-meals,Canned Food Instant Meals,HM SOYSAUCE & SCALLION BROOT QUINOA DRY NDLE 342G,RM24.69,RM26.70,https://vgg.bites.com.my/collections/canned-food-instant-meals/products/hm-soysauce-scallion-broot-quinoa-dry-ndle-342g
https://vgg.bites.com.my/collections/canned-food-instant-meals,Canned Food Instant Meals,HM PRAWN MEE QUINOA NOODLE SOUP 410G,RM24.69,RM26.70,https://vgg.bites.com.my/collections/canned-food-instant-meals/products/hm-prawn-mee-quinoa-noodle-soup-410g
https://vgg.bites.com.my/collections/canned-food-instant-meals,Canned Food Instant Meals,HM CURRY LAKSA QUINOA NOODLE SOUP 450G,RM24.69,RM26.70,https://vgg.bites.com.my/collections/canned-food-instant-meals/products/hm-curry-laksa-quinoa-noodle-soup-450g
https://vgg.bites.com.my/collections/canned-food-instant-meals,Canned Food Instant Meals,RADIANT ORG NOODLE OAT 250G,RM9.99,RM10.90,https://vgg.bites.com.my/collections/canned-food-instant-meals/products/radiant-org-noodle-oat-250g
https://vgg.bites.com.my/collections/canned-food-instant-meals,Canned Food Instant Meals,RADIANT ORG CHIASEED NOODLE 250G,RM9.99,RM10.90,https://vgg.bites.com.my/collections/canned-food-instant-meals/products/radiant-org-chiaseed-noodle-250g
https://vgg.bites.com.my/collections/canned-food-instant-meals,Canned Food Instant Meals,RADIANT ORG FINE SOYA NOODLE 250G,RM9.99,RM10.90,https://vgg.bites.com.my/collections/canned-food-instant-meals/products/radiant-org-fine-soya-noodle-250g
https://vgg.bites.com.my/collections/canned-food-instant-meals,Canned Food Instant Meals,TRICIOUS SIGNATURE DUO PEPPERONI 10' PIZZA 330G,RM20.60,,https://vgg.bites.com.my/collections/canned-food-instant-meals/products/tricious-signature-duo-pepperoni-10-pizza-330g
https://vgg.bites.com.my/collections/canned-food-instant-meals,Canned Food Instant Meals,TRICIOUS SIGNATURE MUSHROOM 10' PIZZA 310G,RM20.60,,https://vgg.bites.com.my/collections/canned-food-instant-meals/products/tricious-signature-mushroom-10-pizza-310g
https://vgg.bites.com.my/collections/pasta-rice-noodles,Pasta Rice Noodles,MEWAH SARAWAK BLACK PEPPERCORN 40G,RM4.50,,https://vgg.bites.com.my/collections/pasta-rice-noodles/products/mewah-sarawak-black-peppercorn-40g
https://vgg.bites.com.my/collections/pasta-rice-noodles,Pasta Rice Noodles,NONA KETUPAT MINI 600G,RM8.40,,https://vgg.bites.com.my/collections/pasta-rice-noodles/products/nona-ketupat-mini-600g
https://vgg.bites.com.my/collections/pasta-rice-noodles,Pasta Rice Noodles,JASMINE SUNWHITE FRAGRANT RICE 5KG,RM31.99,RM37.05,https://vgg.bites.com.my/collections/pasta-rice-noodles/products/jasmine-sunwhite-fragrant-rice-5kg
https://vgg.bites.com.my/collections/pasta-rice-noodles,Pasta Rice Noodles,SAN REMO LARGE SHEET LASAGNA 250G,RM6.25,,https://vgg.bites.com.my/collections/pasta-rice-noodles/products/san-remo-large-sheet-lasagna-250g
https://vgg.bites.com.my/collections/pasta-rice-noodles,Pasta Rice Noodles,SAN REMO INSTANT LASAGNA 250G,RM6.25,,https://vgg.bites.com.my/collections/pasta-rice-noodles/products/san-remo-instant-lasagna-250g
https://vgg.bites.com.my/collections/pasta-rice-noodles,Pasta Rice Noodles,KIMBALL MACARONI 400G,RM3.89,RM4.05,https://vgg.bites.com.my/collections/pasta-rice-noodles/products/kimball-macaroni-400g
https://vgg.bites.com.my/collections/pasta-rice-noodles,Pasta Rice Noodles,PREGO MACARONI 500G,RM4.89,RM5.20,https://vgg.bites.com.my/collections/pasta-rice-noodles/products/prego-macaroni-500g
https://vgg.bites.com.my/collections/pasta-rice-noodles,Pasta Rice Noodles,KIMBALL SPAGHETTI 400G,RM3.89,RM4.05,https://vgg.bites.com.my/collections/pasta-rice-noodles/products/kimball-spaghetti-400g
https://vgg.bites.com.my/collections/pasta-rice-noodles,Pasta Rice Noodles,PREGO SPAGHETTI 500G,RM4.89,RM5.20,https://vgg.bites.com.my/collections/pasta-rice-noodles/products/prego-spaghetti-500g
https://vgg.bites.com.my/collections/pasta-rice-noodles,Pasta Rice Noodles,MEWAH TRI-MIX RICE 1KG,RM9.10,,https://vgg.bites.com.my/collections/pasta-rice-noodles/products/mewah-tri-mix-rice-1kg
https://vgg.bites.com.my/collections/pasta-rice-noodles,Pasta Rice Noodles,ECOBROWNS BROWN RICE ORIGINAL 2KG,RM11.59,RM13.50,https://vgg.bites.com.my/collections/pasta-rice-noodles/products/ecobrowns-brown-rice-original-2kg
https://vgg.bites.com.my/collections/pasta-rice-noodles,Pasta Rice Noodles,ECOBROWNS GOLD WHOLEGRAIN MIX 5KG,RM29.99,RM37.00,https://vgg.bites.com.my/collections/pasta-rice-noodles/products/ecobrowns-gold-wholegrain-mix-5kg
https://vgg.bites.com.my/collections/pasta-rice-noodles,Pasta Rice Noodles,MEWAH SUSHI RICE 1KG,RM10.05,,https://vgg.bites.com.my/collections/pasta-rice-noodles/products/mewah-sushi-rice-1kg
https://vgg.bites.com.my/collections/pasta-rice-noodles,Pasta Rice Noodles,MEWAH FRAGRANT RICE 1KG,RM9.10,,https://vgg.bites.com.my/collections/pasta-rice-noodles/products/mewah-fragrant-rice-1kg
https://vgg.bites.com.my/collections/pasta-rice-noodles,Pasta Rice Noodles,MEWAH BROWN RICE 1KG,RM6.75,,https://vgg.bites.com.my/collections/pasta-rice-noodles/products/mewah-brown-rice-1kg
https://vgg.bites.com.my/collections/pasta-rice-noodles,Pasta Rice Noodles,MEWAH BLACK RICE 1KG,RM18.25,,https://vgg.bites.com.my/collections/pasta-rice-noodles/products/mewah-black-rice-1kg
https://vgg.bites.com.my/collections/pasta-rice-noodles,Pasta Rice Noodles,MEWAH BASMATHI RICE 5KG,RM63.80,,https://vgg.bites.com.my/collections/pasta-rice-noodles/products/mewah-basmathi-rice-5kg
https://vgg.bites.com.my/collections/pasta-rice-noodles,Pasta Rice Noodles,MEWAH BASMATHI RICE 1KG,RM13.70,,https://vgg.bites.com.my/collections/pasta-rice-noodles/products/mewah-basmathi-rice-1kg
https://vgg.bites.com.my/collections/pasta-rice-noodles,Pasta Rice Noodles,JASMINE SUPER 5 IMPORT 5KG,RM18.39,RM21.80,https://vgg.bites.com.my/collections/pasta-rice-noodles/products/jasmine-super-5-import-5kg
https://vgg.bites.com.my/collections/pasta-rice-noodles,Pasta Rice Noodles,JASMINE SUNWHITE FRAGRANT RICE 10KG,RM59.99,RM71.00,https://vgg.bites.com.my/collections/pasta-rice-noodles/products/jasmine-sunwhite-fragrant-rice-10kg
https://vgg.bites.com.my/collections/pasta-rice-noodles,Pasta Rice Noodles,JASMINE PUSA CREAM BASMATHI SELLA PARBOI 5KG,RM33.79,RM49.90,https://vgg.bites.com.my/collections/pasta-rice-noodles/products/jasmine-pusa-cream-basmathi-sella-parboi-5kg
https://vgg.bites.com.my/collections/pasta-rice-noodles,Pasta Rice Noodles,FLORAL GLUTINOUS RICE (BERAS PULUT) 1KG,RM7.85,,https://vgg.bites.com.my/collections/pasta-rice-noodles/products/floral-glutinous-rice-beras-pulut-1kg
https://vgg.bites.com.my/collections/pasta-rice-noodles,Pasta Rice Noodles,SAN REMO PENNE RIGATI 500G,RM5.30,,https://vgg.bites.com.my/collections/pasta-rice-noodles/products/san-remo-penne-rigati-500g
https://vgg.bites.com.my/collections/pasta-rice-noodles,Pasta Rice Noodles,SAN REMO WHOLEMEAL SPAGHETTI 500G,RM7.05,,https://vgg.bites.com.my/collections/pasta-rice-noodles/products/san-remo-wholemeal-spaghetti-500g
https://vgg.bites.com.my/collections/pasta-rice-noodles,Pasta Rice Noodles,SAN REMO VEGERONI SPIRALS 375G,RM5.30,,https://vgg.bites.com.my/collections/pasta-rice-noodles/products/san-remo-vegeroni-spirals-375g
https://vgg.bites.com.my/collections/pasta-rice-noodles,Pasta Rice Noodles,SAN REMO SPIRALS NO 16 500G,RM5.30,,https://vgg.bites.com.my/collections/pasta-rice-noodles/products/san-remo-spirals-no-16-500g
https://vgg.bites.com.my/collections/pasta-rice-noodles,Pasta Rice Noodles,SAN REMO SOUP PASTA 500G,RM5.45,,https://vgg.bites.com.my/collections/pasta-rice-noodles/products/san-remo-soup-pasta-500g
https://vgg.bites.com.my/collections/pasta-rice-noodles,Pasta Rice Noodles,MYOJO DRY BOWL MALA XIANG GUO 100G,RM6.35,,https://vgg.bites.com.my/collections/pasta-rice-noodles/products/myojo-dry-bowl-mala-xiang-guo-100g
https://vgg.bites.com.my/collections/pasta-rice-noodles,Pasta Rice Noodles,MYOJO CHAR MEE 100 5X75G,RM9.65,,https://vgg.bites.com.my/collections/pasta-rice-noodles/products/myojo-char-mee-100-5x75g
https://vgg.bites.com.my/collections/pasta-rice-noodles,Pasta Rice Noodles,PREGO BUDDIES OCEAN DRY PASTA 200G,RM3.05,,https://vgg.bites.com.my/collections/pasta-rice-noodles/products/prego-buddies-ocean-dry-pasta-200g
https://vgg.bites.com.my/collections/pasta-rice-noodles,Pasta Rice Noodles,KIMBALL ANGEL HAIR 400G,RM3.89,RM4.05,https://vgg.bites.com.my/collections/pasta-rice-noodles/products/kimball-angel-hair-400g
https://vgg.bites.com.my/collections/pasta-rice-noodles,Pasta Rice Noodles,DRAGON FRAGRANT RICE 1KG,RM7.90,,https://vgg.bites.com.my/collections/pasta-rice-noodles/products/dragon-fragrant-rice-1kg
https://vgg.bites.com.my/collections/pasta-rice-noodles,Pasta Rice Noodles,ALCE NERO ORGANIC TRICOLORE SPAGHETTI 500G,RM9.30,,https://vgg.bites.com.my/collections/pasta-rice-noodles/products/alce-nero-organic-tricolore-spaghetti-500g
https://vgg.bites.com.my/collections/pasta-rice-noodles,Pasta Rice Noodles,BARILLA SPAGHETTI NO.5 INTEGRALI 500G,RM11.65,,https://vgg.bites.com.my/collections/pasta-rice-noodles/products/barilla-spaghetti-no-5-integrali-500g
https://vgg.bites.com.my/collections/pasta-rice-noodles,Pasta Rice Noodles,BARILLA MACCHERONI 44 500G,RM6.99,RM8.50,https://vgg.bites.com.my/collections/pasta-rice-noodles/products/barilla-maccheroni-44-500g
https://vgg.bites.com.my/collections/pasta-rice-noodles,Pasta Rice Noodles,BARILLA PENNE RIGATE 500G,RM6.99,RM8.40,https://vgg.bites.com.my/collections/pasta-rice-noodles/products/barilla-penne-rigate-500g
https://vgg.bites.com.my/collections/pasta-rice-noodles,Pasta Rice Noodles,BARILLA CHIFFERI 500G,RM6.99,RM8.50,https://vgg.bites.com.my/collections/pasta-rice-noodles/products/barilla-chifferi-500g
https://vgg.bites.com.my/collections/pasta-rice-noodles,Pasta Rice Noodles,BARILLA LASAGNA SEMOLA 500G,RM18.00,,https://vgg.bites.com.my/collections/pasta-rice-noodles/products/barilla-lasagna-semola-500g
https://vgg.bites.com.my/collections/pasta-rice-noodles,Pasta Rice Noodles,BARILLA FETTUCCINE N.166 500G,RM19.90,,https://vgg.bites.com.my/collections/pasta-rice-noodles/products/barilla-fettuccine-n-166-500g
https://vgg.bites.com.my/collections/pasta-rice-noodles,Pasta Rice Noodles,JASMINE BASMATHI KING IMPORT 5KG,RM33.99,RM51.30,https://vgg.bites.com.my/collections/pasta-rice-noodles/products/jasmine-basmathi-king-import-5kg
https://vgg.bites.com.my/collections/pasta-rice-noodles,Pasta Rice Noodles,ADABI KETUPAT NASI EKONOMI 780G,RM10.30,,https://vgg.bites.com.my/collections/pasta-rice-noodles/products/adabi-ketupat-nasi-ekonomi-780g
https://vgg.bites.com.my/collections/pasta-rice-noodles,Pasta Rice Noodles,SUMO CALROSE RICE 1KG,RM10.50,,https://vgg.bites.com.my/collections/pasta-rice-noodles/products/sumo-calrose-rice-1kg
https://vgg.bites.com.my/collections/pasta-rice-noodles,Pasta Rice Noodles,KIMBALL PENNE 400G,RM3.89,RM4.05,https://vgg.bites.com.my/collections/pasta-rice-noodles/products/kimball-penne-400g
https://vgg.bites.com.my/collections/pasta-rice-noodles,Pasta Rice Noodles,KIMBALL FETTUCCINE 400G,RM3.89,RM4.05,https://vgg.bites.com.my/collections/pasta-rice-noodles/products/kimball-fettuccine-400g
https://vgg.bites.com.my/collections/pasta-rice-noodles,Pasta Rice Noodles,BARILLA SPAGHETTINI N3 500G,RM6.99,RM8.15,https://vgg.bites.com.my/collections/pasta-rice-noodles/products/barilla-spaghettini-n3-500g
https://vgg.bites.com.my/collections/pasta-rice-noodles,Pasta Rice Noodles,PREGO FETTUCCINE 500G,RM4.89,RM5.20,https://vgg.bites.com.my/collections/pasta-rice-noodles/products/prego-fettuccine-500g
https://vgg.bites.com.my/collections/pasta-rice-noodles,Pasta Rice Noodles,PREGO ANGEL HAIR 500G,RM4.89,RM5.20,https://vgg.bites.com.my/collections/pasta-rice-noodles/products/prego-angel-hair-500g
https://vgg.bites.com.my/collections/pasta-rice-noodles,Pasta Rice Noodles,BARILLA BAVETTE (LINGUINE) N13 500G,RM6.99,RM8.15,https://vgg.bites.com.my/collections/pasta-rice-noodles/products/barilla-bavette-linguine-n13-500g
https://vgg.bites.com.my/collections/pasta-rice-noodles,Pasta Rice Noodles,BARILLA SPAGHETTI 500G,RM6.99,RM8.15,https://vgg.bites.com.my/collections/pasta-rice-noodles/products/barilla-spaghetti-500g
https://vgg.bites.com.my/collections/pasta-rice-noodles,Pasta Rice Noodles,ECOBROWNS BROWN RICE ORIGINAL 5KG,RM21.99,RM29.00,https://vgg.bites.com.my/collections/pasta-rice-noodles/products/ecobrowns-brown-rice-original-5kg
https://vgg.bites.com.my/collections/pasta-rice-noodles,Pasta Rice Noodles,ECOBROWNS SELLA CREAM PREMIUM BASMATHI 5KG,RM44.70,,https://vgg.bites.com.my/collections/pasta-rice-noodles/products/ecobrowns-sella-cream-premium-basmathi-5kg
https://vgg.bites.com.my/collections/pasta-rice-noodles,Pasta Rice Noodles,VIT INSTANT NOODLE 700G,RM7.60,,https://vgg.bites.com.my/collections/pasta-rice-noodles/products/vit-instant-noodle-700g
https://vgg.bites.com.my/collections/pasta-rice-noodles,Pasta Rice Noodles,PREGO BUDDIES ANIMAL DRY PASTA 200G,RM3.05,,https://vgg.bites.com.my/collections/pasta-rice-noodles/products/prego-buddies-animal-dry-pasta-200g
https://vgg.bites.com.my/collections/pasta-rice-noodles,Pasta Rice Noodles,MYOJO MI POH DRY 5X80G,RM9.65,,https://vgg.bites.com.my/collections/pasta-rice-noodles/products/myojo-mi-poh-dry-5x80g
https://vgg.bites.com.my/collections/pasta-rice-noodles,Pasta Rice Noodles,MYOJO CHICKEN ABALONE 5X79G,RM9.65,,https://vgg.bites.com.my/collections/pasta-rice-noodles/products/myojo-chicken-abalone-5x79g
https://vgg.bites.com.my/collections/pasta-rice-noodles,Pasta Rice Noodles,PREGO BUDDIES SPACE DRY PASTA 200G,RM3.05,,https://vgg.bites.com.my/collections/pasta-rice-noodles/products/prego-buddies-space-dry-pasta-200g
https://vgg.bites.com.my/collections/pasta-rice-noodles,Pasta Rice Noodles,BALDUCCI NO. 4 SPAGHETTI 400G,RM3.40,,https://vgg.bites.com.my/collections/pasta-rice-noodles/products/balducci-no-4-spaghetti-400g
https://vgg.bites.com.my/collections/pasta-rice-noodles,Pasta Rice Noodles,PREGO SPIRAL 500G,RM4.89,RM5.20,https://vgg.bites.com.my/collections/pasta-rice-noodles/products/prego-spiral-500g
https://vgg.bites.com.my/collections/pasta-rice-noodles,Pasta Rice Noodles,SAN REMO DRY PASTA QUICK COOK SPAGHETTI 500G,RM5.45,,https://vgg.bites.com.my/collections/pasta-rice-noodles/products/san-remo-dry-pasta-quick-cook-spaghetti-500g
https://vgg.bites.com.my/collections/pasta-rice-noodles,Pasta Rice Noodles,PREGO SPICY SEAFOOD ARRABBIATA SPIRAL 70G,RM4.49,RM4.85,https://vgg.bites.com.my/collections/pasta-rice-noodles/products/prego-spicy-seafood-arrabbiata-spiral-70g
https://vgg.bites.com.my/collections/pasta-rice-noodles,Pasta Rice Noodles,CAP LILY SELAKING BASMATHI CREAM 5KG,RM29.99,RM41.05,https://vgg.bites.com.my/collections/pasta-rice-noodles/products/cap-lily-selaking-basmathi-cream-5kg
https://vgg.bites.com.my/collections/pasta-rice-noodles,Pasta Rice Noodles,PREGO MAC & CHEESE 70G,RM4.49,RM4.85,https://vgg.bites.com.my/collections/pasta-rice-noodles/products/prego-mac-cheese-70g
https://vgg.bites.com.my/collections/pasta-rice-noodles,Pasta Rice Noodles,MI SEDAAP CUP NOODLE GORENG 81G,RM2.75,,https://vgg.bites.com.my/collections/pasta-rice-noodles/products/mi-sedaap-cup-noodle-goreng-81g
https://vgg.bites.com.my/collections/pasta-rice-noodles,Pasta Rice Noodles,JATI PUSA FINEST BASMATHI 1121 5KG,RM31.99,RM45.70,https://vgg.bites.com.my/collections/pasta-rice-noodles/products/jati-pusa-finest-basmathi-1121-5kg
https://vgg.bites.com.my/collections/pasta-rice-noodles,Pasta Rice Noodles,CAP RAMBUTAN BASMATHI PUSA KING 1121 5KG,RM41.99,RM48.50,https://vgg.bites.com.my/collections/pasta-rice-noodles/products/cap-rambutan-basmathi-pusa-king-1121-5kg
https://vgg.bites.com.my/collections/pasta-rice-noodles,Pasta Rice Noodles,FAIZA BIHUN SIAM 400GM,RM4.00,,https://vgg.bites.com.my/collections/pasta-rice-noodles/products/faiza-bihun-siam-400gm
https://vgg.bites.com.my/collections/pasta-rice-noodles,Pasta Rice Noodles,SAN REMO MACARONI NO.38 500GM,RM5.45,,https://vgg.bites.com.my/collections/pasta-rice-noodles/products/san-remo-macaroni-no-38-500gm
https://vgg.bites.com.my/collections/pasta-rice-noodles,Pasta Rice Noodles,SAN REMO ANGEL HAIR NO.9 500GM,RM5.30,,https://vgg.bites.com.my/collections/pasta-rice-noodles/products/san-remo-angel-hair-no-9-500gm
https://vgg.bites.com.my/collections/pasta-rice-noodles,Pasta Rice Noodles,SAN REMO LINGUINE NO.1 500GM,RM5.30,,https://vgg.bites.com.my/collections/pasta-rice-noodles/products/san-remo-linguine-no-1-500gm
https://vgg.bites.com.my/collections/pasta-rice-noodles,Pasta Rice Noodles,FLORAL PREMIUM BASMATHI RICE 5KG,RM33.99,RM36.15,https://vgg.bites.com.my/collections/pasta-rice-noodles/products/floral-premium-basmathi-rice-5kg
https://vgg.bites.com.my/collections/pasta-rice-noodles,Pasta Rice Noodles,GRANORO PASSATA 690GM,RM10.15,,https://vgg.bites.com.my/collections/pasta-rice-noodles/products/granoro-passata-690gm
https://vgg.bites.com.my/collections/pasta-rice-noodles,Pasta Rice Noodles,KMT SANUKI UDON 4IN1 4X200GM,RM13.00,,https://vgg.bites.com.my/collections/pasta-rice-noodles/products/kmt-sanuki-udon-4in1-4x200gm
https://vgg.bites.com.my/collections/pasta-rice-noodles,Pasta Rice Noodles,BARILLA G/FREE PENNE RIGATE 400G,RM22.55,,https://vgg.bites.com.my/collections/pasta-rice-noodles/products/barilla-g-free-penne-rigate-400g
https://vgg.bites.com.my/collections/pasta-rice-noodles,Pasta Rice Noodles,BARILLA G/FREE SPAGHETTI 400G,RM22.25,,https://vgg.bites.com.my/collections/pasta-rice-noodles/products/barilla-g-free-spaghetti-400g
https://vgg.bites.com.my/collections/pasta-rice-noodles,Pasta Rice Noodles,MI SEDAAP GORENG JUMBO 139G*4,RM7.45,,https://vgg.bites.com.my/collections/pasta-rice-noodles/products/mi-sedaap-goreng-jumbo-139g-4
https://vgg.bites.com.my/collections/pasta-rice-noodles,Pasta Rice Noodles,CAP RAMBUTAN BASMATHI PUSA KING 1121 2KG,RM22.35,,https://vgg.bites.com.my/collections/pasta-rice-noodles/products/cap-rambutan-basmathi-pusa-king-1121-2kg
https://vgg.bites.com.my/collections/pasta-rice-noodles,Pasta Rice Noodles,JASMINE BIHUN 400G,RM3.09,RM3.50,https://vgg.bites.com.my/collections/pasta-rice-noodles/products/jasmine-bihun-400g
https://vgg.bites.com.my/collections/pasta-rice-noodles,Pasta Rice Noodles,A1 3 MIN INSTANT RICE VERMICELLI 455G,RM8.49,RM9.70,https://vgg.bites.com.my/collections/pasta-rice-noodles/products/a1-3-min-instant-rice-vermicelli-455g
https://vgg.bites.com.my/collections/pasta-rice-noodles,Pasta Rice Noodles,JASMINE PEARL FRAGRANT 10KG,RM41.99,RM61.50,https://vgg.bites.com.my/collections/pasta-rice-noodles/products/jasmine-pearl-fragrant-10kg
https://vgg.bites.com.my/collections/pasta-rice-noodles,Pasta Rice Noodles,ALCE NERO ORG SPAGHETTINI 500GM,RM9.00,,https://vgg.bites.com.my/collections/pasta-rice-noodles/products/alce-nero-org-spaghettini-500gm
https://vgg.bites.com.my/collections/pasta-rice-noodles,Pasta Rice Noodles,MEGAH JAPANESE FRESH UDON NOODLE 600G,RM7.89,RM8.30,https://vgg.bites.com.my/collections/pasta-rice-noodles/products/megah-japanese-fresh-udon-noodle-600g
https://vgg.bites.com.my/collections/pasta-rice-noodles,Pasta Rice Noodles,MAMEE PREMIUM CURRY 5X75G,RM3.89,RM5.60,https://vgg.bites.com.my/collections/pasta-rice-noodles/products/mamee-premium-curry-5x75g
https://vgg.bites.com.my/collections/pasta-rice-noodles,Pasta Rice Noodles,AKAGI SHO JYO-SHU AKAGI UDON 270GM,RM4.99,RM6.95,https://vgg.bites.com.my/collections/pasta-rice-noodles/products/akagi-sho-jyo-shu-akagi-udon-270gm
https://vgg.bites.com.my/collections/pasta-rice-noodles,Pasta Rice Noodles,BIRD OF PARADISE PHKARHNEI ORG 5KG,RM29.99,RM34.65,https://vgg.bites.com.my/collections/pasta-rice-noodles/products/bird-of-paradise-phkarhnei-org-5kg
https://vgg.bites.com.my/collections/pasta-rice-noodles,Pasta Rice Noodles,FLORAL FRAGRANT RICE 5KG,RM28.30,,https://vgg.bites.com.my/collections/pasta-rice-noodles/products/floral-fragrant-rice-5kg
https://vgg.bites.com.my/collections/pasta-rice-noodles,Pasta Rice Noodles,THAI KING FRAGRANT RICE 5KG,RM28.30,,https://vgg.bites.com.my/collections/pasta-rice-noodles/products/thai-king-fragrant-rice-5kg
https://vgg.bites.com.my/collections/pasta-rice-noodles,Pasta Rice Noodles,ALCE NERO ORG KIDS TRICOLOUR PASTA 250G,RM6.75,,https://vgg.bites.com.my/collections/pasta-rice-noodles/products/alce-nero-org-kids-tricolour-pasta-250g
https://vgg.bites.com.my/collections/pasta-rice-noodles,Pasta Rice Noodles,BALDUCCI FETTUCCINE 400G,RM3.40,,https://vgg.bites.com.my/collections/pasta-rice-noodles/products/balducci-fettuccine-400g
https://vgg.bites.com.my/collections/pasta-rice-noodles,Pasta Rice Noodles,BALDUCCI NO. 32 MACCHERONI 400G,RM3.40,,https://vgg.bites.com.my/collections/pasta-rice-noodles/products/balducci-no-32-maccheroni-400g
https://vgg.bites.com.my/collections/pasta-rice-noodles,Pasta Rice Noodles,BALDUCCI NO. 55 SPIRALI 400G,RM3.40,,https://vgg.bites.com.my/collections/pasta-rice-noodles/products/balducci-no-55-spirali-400g
https://vgg.bites.com.my/collections/pasta-rice-noodles,Pasta Rice Noodles,JASMINE SUPER 5 IMPORT 10KG,RM34.99,RM42.70,https://vgg.bites.com.my/collections/pasta-rice-noodles/products/jasmine-super-5-import-10kg
https://vgg.bites.com.my/collections/pasta-rice-noodles,Pasta Rice Noodles,MAMEE PREMIUM CHICKEN 5X73G,RM3.89,RM5.60,https://vgg.bites.com.my/collections/pasta-rice-noodles/products/mamee-premium-chicken-5x73g
https://vgg.bites.com.my/collections/pasta-rice-noodles,Pasta Rice Noodles,MEWAH NATURAL SPINACH RAMEN 250G,RM7.50,,https://vgg.bites.com.my/collections/pasta-rice-noodles/products/mewah-natural-spinach-ramen-250g
https://vgg.bites.com.my/collections/pasta-rice-noodles,Pasta Rice Noodles,MYOJO BOWL THAI TOM YAM 79G,RM4.20,,https://vgg.bites.com.my/collections/pasta-rice-noodles/products/myojo-bowl-thai-tom-yam-79g
https://vgg.bites.com.my/collections/pasta-rice-noodles,Pasta Rice Noodles,MYOJO DRY BOWL MEE GORENG 94G,RM6.35,,https://vgg.bites.com.my/collections/pasta-rice-noodles/products/myojo-dry-bowl-mee-goreng-94g
https://vgg.bites.com.my/collections/pasta-rice-noodles,Pasta Rice Noodles,ROYAL UMBRELLA THAI FRAGRANT RICE 5KG,RM28.99,RM37.90,https://vgg.bites.com.my/collections/pasta-rice-noodles/products/royal-umbrella-thai-fragrant-rice-5kg
https://vgg.bites.com.my/collections/pasta-rice-noodles,Pasta Rice Noodles,SAN REMO VERMICELLI NO.2 500GM,RM5.30,,https://vgg.bites.com.my/collections/pasta-rice-noodles/products/san-remo-vermicelli-no-2-500gm
https://vgg.bites.com.my/collections/pasta-rice-noodles,Pasta Rice Noodles,SAN REMO WAGON WHEELS 500GM,RM5.45,,https://vgg.bites.com.my/collections/pasta-rice-noodles/products/san-remo-wagon-wheels-500gm
https://vgg.bites.com.my/collections/pasta-rice-noodles,Pasta Rice Noodles,BARILLA ANGEL HAIR NO.1 500G,RM6.99,RM8.15,https://vgg.bites.com.my/collections/pasta-rice-noodles/products/barilla-angel-hair-no-1-500g
https://vgg.bites.com.my/collections/pasta-rice-noodles,Pasta Rice Noodles,MEWAH THAI WHITE RICE 2KG,RM11.60,,https://vgg.bites.com.my/collections/pasta-rice-noodles/products/mewah-thai-white-rice-2kg
https://vgg.bites.com.my/collections/pasta-rice-noodles,Pasta Rice Noodles,MEWAH GLUTINOUS RICE 1KG,RM9.00,,https://vgg.bites.com.my/collections/pasta-rice-noodles/products/mewah-glutinous-rice-1kg
https://vgg.bites.com.my/collections/pasta-rice-noodles,Pasta Rice Noodles,MEWAH BARIO WHITE RICE 1KG,RM20.00,,https://vgg.bites.com.my/collections/pasta-rice-noodles/products/mewah-bario-white-rice-1kg
https://vgg.bites.com.my/collections/pasta-rice-noodles,Pasta Rice Noodles,FAIZA MOGHUL BASMATHI RICE 5KG,RM51.90,,https://vgg.bites.com.my/collections/pasta-rice-noodles/products/faiza-moghul-basmathi-rice-5kg
https://vgg.bites.com.my/collections/pasta-rice-noodles,Pasta Rice Noodles,FAIZA MOGHUL BASMATHI RICE 1KG,RM11.50,,https://vgg.bites.com.my/collections/pasta-rice-noodles/products/faiza-moghul-basmathi-rice-1kg
https://vgg.bites.com.my/collections/pasta-rice-noodles,Pasta Rice Noodles,NONA KETUPAT 780GM,RM8.40,,https://vgg.bites.com.my/collections/pasta-rice-noodles/products/nona-ketupat-780gm
https://vgg.bites.com.my/collections/pasta-rice-noodles,Pasta Rice Noodles,NATUREL ORGANIC SPHAGHETTI 500GM,RM8.50,,https://vgg.bites.com.my/collections/pasta-rice-noodles/products/naturel-organic-sphaghetti-500gm
https://vgg.bites.com.my/collections/pasta-rice-noodles,Pasta Rice Noodles,NATUREL ORGANIC MARCARONI 500GM,RM8.50,,https://vgg.bites.com.my/collections/pasta-rice-noodles/products/naturel-organic-marcaroni-500gm
https://vgg.bites.com.my/collections/pasta-rice-noodles,Pasta Rice Noodles,FLORAL FRAGRANT RICE 1KG,RM7.50,,https://vgg.bites.com.my/collections/pasta-rice-noodles/products/floral-fragrant-rice-1kg
https://vgg.bites.com.my/collections/pasta-rice-noodles,Pasta Rice Noodles,FLORAL PREMIUM IMPORTED TAIWAN RICE 5KG,RM37.90,,https://vgg.bites.com.my/collections/pasta-rice-noodles/products/floral-premium-imported-taiwan-rice-5kg
https://vgg.bites.com.my/collections/pasta-rice-noodles,Pasta Rice Noodles,FAIZA MOGHUL PARBOILED 5KG,RM53.15,,https://vgg.bites.com.my/collections/pasta-rice-noodles/products/faiza-moghul-parboiled-5kg
https://vgg.bites.com.my/collections/pasta-rice-noodles,Pasta Rice Noodles,NONA KETUPAT WANGI PANDAN 780G,RM8.65,,https://vgg.bites.com.my/collections/pasta-rice-noodles/products/nona-ketupat-wangi-pandan-780g
https://vgg.bites.com.my/collections/pasta-rice-noodles,Pasta Rice Noodles,AKAGI SHO JYO-SHU AKAGI SOUMEN 270GM,RM4.99,RM7.05,https://vgg.bites.com.my/collections/pasta-rice-noodles/products/akagi-sho-jyo-shu-akagi-soumen-270gm
https://vgg.bites.com.my/collections/pasta-rice-noodles,Pasta Rice Noodles,AGNESI SPAGHETTI 500G,RM5.69,RM6.70,https://vgg.bites.com.my/collections/pasta-rice-noodles/products/agnesi-spaghetti-500g
https://vgg.bites.com.my/collections/pasta-rice-noodles,Pasta Rice Noodles,ECOBROWNS STEAM BROWN RICE 2KG,RM16.25,,https://vgg.bites.com.my/collections/pasta-rice-noodles/products/ecobrowns-steam-brown-rice-2kg
https://vgg.bites.com.my/collections/pasta-rice-noodles,Pasta Rice Noodles,FLORAL PREMIUM BASMATHI RICE 1KG,RM10.15,,https://vgg.bites.com.my/collections/pasta-rice-noodles/products/floral-premium-basmathi-rice-1kg
https://vgg.bites.com.my/collections/pasta-rice-noodles,Pasta Rice Noodles,FLORAL PREMIUM IMPORTED TAIWAN RICE 1KG,RM13.75,,https://vgg.bites.com.my/collections/pasta-rice-noodles/products/floral-premium-imported-taiwan-rice-1kg
https://vgg.bites.com.my/collections/pasta-rice-noodles,Pasta Rice Noodles,FONTANA FORMIELLO ARBORIO RISOTTO RICE 1KG,RM30.30,,https://vgg.bites.com.my/collections/pasta-rice-noodles/products/fontana-formiello-arborio-risotto-rice-1kg
https://vgg.bites.com.my/collections/pasta-rice-noodles,Pasta Rice Noodles,KIMONO PREMIUM CALROSE RICE 5KG,RM33.70,,https://vgg.bites.com.my/collections/pasta-rice-noodles/products/kimono-premium-calrose-rice-5kg
https://vgg.bites.com.my/collections/pasta-rice-noodles,Pasta Rice Noodles,LEGGO'S TOMATO PUREE 410G,RM5.95,,https://vgg.bites.com.my/collections/pasta-rice-noodles/products/leggos-tomato-puree-410g
https://vgg.bites.com.my/collections/pasta-rice-noodles,Pasta Rice Noodles,MAMEE PREMIUM DUCK 5X76G,RM3.89,RM5.60,https://vgg.bites.com.my/collections/pasta-rice-noodles/products/mamee-premium-duck-5x76g
https://vgg.bites.com.my/collections/pasta-rice-noodles,Pasta Rice Noodles,MAMEE PREMIUM VEGETARIAN 5X75G,RM3.89,RM5.60,https://vgg.bites.com.my/collections/pasta-rice-noodles/products/mamee-premium-vegetarian-5x75g
https://vgg.bites.com.my/collections/pasta-rice-noodles,Pasta Rice Noodles,PREGO MUSHROOM CARBONARA MAC 71G,RM4.49,RM4.85,https://vgg.bites.com.my/collections/pasta-rice-noodles/products/prego-mushroom-carbonara-mac-71g
https://vgg.bites.com.my/collections/pasta-rice-noodles,Pasta Rice Noodles,RADIANT ORGANIC PUMPKIN SEED 200G,RM12.50,,https://vgg.bites.com.my/collections/pasta-rice-noodles/products/radiant-organic-pumpkin-seed-200g
https://vgg.bites.com.my/collections/pasta-rice-noodles,Pasta Rice Noodles,SING LONG DRIED VEGETARIAN NOODLE (L) 500G,RM8.75,,https://vgg.bites.com.my/collections/pasta-rice-noodles/products/sing-long-dried-vegetarian-noodle-l-500g
https://vgg.bites.com.my/collections/pasta-rice-noodles,Pasta Rice Noodles,BIRD OF PARADISE FRAGRANT RICE 10KG,RM57.99,RM63.80,https://vgg.bites.com.my/collections/pasta-rice-noodles/products/bird-of-paradise-fragrant-rice-10kg
https://vgg.bites.com.my/collections/pasta-rice-noodles,Pasta Rice Noodles,BIRD OF PARADISE FRAGRANT RICE 5KG,RM29.99,RM33.10,https://vgg.bites.com.my/collections/pasta-rice-noodles/products/bird-of-paradise-fragrant-rice-5kg
https://vgg.bites.com.my/collections/pasta-rice-noodles,Pasta Rice Noodles,IBUMIE MEE BAA..GUS MG ASLI EXT.PDS 5X70G,RM5.10,,https://vgg.bites.com.my/collections/pasta-rice-noodles/products/ibumie-mee-baagus-mg-asli-extpds-5x70g
https://vgg.bites.com.my/collections/pasta-rice-noodles,Pasta Rice Noodles,IBUMIE MEE BAA..GUS MI GORENG ASLI 5X70G,RM5.10,,https://vgg.bites.com.my/collections/pasta-rice-noodles/products/ibumie-mee-baa-gus-mi-goreng-asli-5x70g
https://vgg.bites.com.my/collections/pasta-rice-noodles,Pasta Rice Noodles,MEWAH NATURAL BROCOLLI RAMEN 250G,RM7.50,,https://vgg.bites.com.my/collections/pasta-rice-noodles/products/mewah-natural-brocolli-ramen-250g
https://vgg.bites.com.my/collections/pasta-rice-noodles,Pasta Rice Noodles,SAN REMO LA PASTA  ALFREDO 120G,RM4.80,,https://vgg.bites.com.my/collections/pasta-rice-noodles/products/san-remo-la-pasta-alfredo-120g
https://vgg.bites.com.my/collections/pasta-rice-noodles,Pasta Rice Noodles,SAN REMO LA PASTA CREAMY MROOM&ONION 120G,RM4.80,,https://vgg.bites.com.my/collections/pasta-rice-noodles/products/san-remo-la-pasta-creamy-mroom-onion-120g
https://vgg.bites.com.my/collections/pasta-rice-noodles,Pasta Rice Noodles,SAN REMO LA PASTA MACARONI&CHEESE 120G,RM4.80,,https://vgg.bites.com.my/collections/pasta-rice-noodles/products/san-remo-la-pasta-macaroni-cheese-120g
https://vgg.bites.com.my/collections/pasta-rice-noodles,Pasta Rice Noodles,SAN REMO LA PASTA MUSHROOM&HERBS 120G,RM4.80,,https://vgg.bites.com.my/collections/pasta-rice-noodles/products/san-remo-la-pasta-mushroom-herbs-120g
https://vgg.bites.com.my/collections/pasta-rice-noodles,Pasta Rice Noodles,SAN REMO LA PASTA SOUR CREAM & CHIVES 120G,RM4.80,,https://vgg.bites.com.my/collections/pasta-rice-noodles/products/san-remo-la-pasta-sour-cream-chives-120g
https://vgg.bites.com.my/collections/pasta-rice-noodles,Pasta Rice Noodles,HO I DRIED NOODLES 1KG,RM13.50,,https://vgg.bites.com.my/collections/pasta-rice-noodles/products/ho-i-dried-noodles-1kg
https://vgg.bites.com.my/collections/pasta-rice-noodles,Pasta Rice Noodles,IBUMIE BAAGUS S.AYM5X75G,RM5.10,,https://vgg.bites.com.my/collections/pasta-rice-noodles/products/ibumie-baagus-s-aym5x75g
https://vgg.bites.com.my/collections/pasta-rice-noodles,Pasta Rice Noodles,MYOJO DRY BOWL CHAR MEE 89G,RM6.35,,https://vgg.bites.com.my/collections/pasta-rice-noodles/products/myojo-dry-bowl-char-mee-89g
https://vgg.bites.com.my/collections/pasta-rice-noodles,Pasta Rice Noodles,FAIZA KASHMIR BASMATHI RICE 5KG,RM33.60,,https://vgg.bites.com.my/collections/pasta-rice-noodles/products/faiza-kashmir-basmathi-rice-5kg
https://vgg.bites.com.my/collections/pasta-rice-noodles,Pasta Rice Noodles,JASMINE PUSA GOLD 1121 BASMATHI 5KG,RM45.99,RM51.99,https://vgg.bites.com.my/collections/pasta-rice-noodles/products/jasmine-pusa-gold-1121-basmathi-5kg
https://vgg.bites.com.my/collections/pasta-rice-noodles,Pasta Rice Noodles,JASMINE SUNWHITE FRAGRANT RICE 1KG,RM8.40,,https://vgg.bites.com.my/collections/pasta-rice-noodles/products/jasmine-sunwhite-fragrant-rice-1kg
https://vgg.bites.com.my/collections/pasta-rice-noodles,Pasta Rice Noodles,JASMINE SUNBROWN ORIGINAL 5KG,RM21.29,RM24.25,https://vgg.bites.com.my/collections/pasta-rice-noodles/products/jasmine-sunbrown-original-5kg
https://vgg.bites.com.my/collections/pasta-rice-noodles,Pasta Rice Noodles,SONGHE THAI FRAGRANT RICE 10KG,RM48.99,RM64.85,https://vgg.bites.com.my/collections/pasta-rice-noodles/products/songhe-thai-fragrant-rice-10kg
https://vgg.bites.com.my/collections/pasta-rice-noodles,Pasta Rice Noodles,KIMBALL SPIRAL 400G,RM3.89,RM4.05,https://vgg.bites.com.my/collections/pasta-rice-noodles/products/kimball-spiral-400g
https://vgg.bites.com.my/collections/pasta-rice-noodles,Pasta Rice Noodles,SAN REMO SPINACH FETTUCCINE 500G,RM5.45,,https://vgg.bites.com.my/collections/pasta-rice-noodles/products/san-remo-spinach-fettuccine-500g
https://vgg.bites.com.my/collections/pasta-rice-noodles,Pasta Rice Noodles,GRANORO POLPA RUSTICA 690GM,RM10.85,,https://vgg.bites.com.my/collections/pasta-rice-noodles/products/granoro-polpa-rustica-690gm
https://vgg.bites.com.my/collections/pasta-rice-noodles,Pasta Rice Noodles,DE CECCO SPAGHETTI 12 500G,RM13.50,,https://vgg.bites.com.my/collections/pasta-rice-noodles/products/de-cecco-spaghetti-12-500g
https://vgg.bites.com.my/collections/pasta-rice-noodles,Pasta Rice Noodles,DE CECCO FUSILLI 34 500G,RM13.70,,https://vgg.bites.com.my/collections/pasta-rice-noodles/products/de-cecco-fusilli-34-500g
https://vgg.bites.com.my/collections/pasta-rice-noodles,Pasta Rice Noodles,DE CECCO CAPELLINI 9 500G,RM13.70,,https://vgg.bites.com.my/collections/pasta-rice-noodles/products/de-cecco-capellini-9-500g
https://vgg.bites.com.my/collections/pasta-rice-noodles,Pasta Rice Noodles,DE CECCO GNOCCHI DI PATATE 500G,RM15.50,,https://vgg.bites.com.my/collections/pasta-rice-noodles/products/de-cecco-gnocchi-di-patate-500g
https://vgg.bites.com.my/collections/pasta-rice-noodles,Pasta Rice Noodles,PASTA ZARA CAPELLINI 001 500G,RM6.80,,https://vgg.bites.com.my/collections/pasta-rice-noodles/products/pasta-zara-capellini-001-500g
https://vgg.bites.com.my/collections/pasta-rice-noodles,Pasta Rice Noodles,PASTA ZARA SPAGHETTINI 1.45MM-002 500G,RM6.80,,https://vgg.bites.com.my/collections/pasta-rice-noodles/products/pasta-zara-spaghettini-1-45mm-002-500g
https://vgg.bites.com.my/collections/pasta-rice-noodles,Pasta Rice Noodles,PASTA ZARA LINGUINE 011 500G,RM6.95,,https://vgg.bites.com.my/collections/pasta-rice-noodles/products/pasta-zara-linguine-011-500g
https://vgg.bites.com.my/collections/pasta-rice-noodles,Pasta Rice Noodles,PASTA ZARA PENNE RIGATE 049 500G,RM7.95,,https://vgg.bites.com.my/collections/pasta-rice-noodles/products/pasta-zara-penne-rigate-049-500g
https://vgg.bites.com.my/collections/pasta-rice-noodles,Pasta Rice Noodles,PASTA ZARA TAGLIATELLE 204 500G,RM10.40,,https://vgg.bites.com.my/collections/pasta-rice-noodles/products/pasta-zara-tagliatelle-204-500g
https://vgg.bites.com.my/collections/pasta-rice-noodles,Pasta Rice Noodles,AKAGI SHO JYO-SHU AKAGI KISHIMEN 270GM,RM4.99,RM7.05,https://vgg.bites.com.my/collections/pasta-rice-noodles/products/akagi-sho-jyo-shu-akagi-kishimen-270gm
https://vgg.bites.com.my/collections/pasta-rice-noodles,Pasta Rice Noodles,AKAGI SHOKUHIN JYOSHU AKAGI SOBA 270G,RM4.99,RM7.05,https://vgg.bites.com.my/collections/pasta-rice-noodles/products/akagi-shokuhin-jyoshu-akagi-soba-270g
https://vgg.bites.com.my/collections/pasta-rice-noodles,Pasta Rice Noodles,BERTOLLI CLASSICO OLIVE OIL 1000ML,RM74.60,,https://vgg.bites.com.my/collections/pasta-rice-noodles/products/bertolli-classico-olive-oil-1000ml
https://vgg.bites.com.my/collections/pasta-rice-noodles,Pasta Rice Noodles,JATI PREMIER RICE VERMICELLI 300G,RM3.59,RM3.95,https://vgg.bites.com.my/collections/pasta-rice-noodles/products/jati-premier-rice-vermicelli-300g
https://vgg.bites.com.my/collections/pasta-rice-noodles,Pasta Rice Noodles,NONA KETUPAT PALAS PULUT HITAM 250G,RM7.46,,https://vgg.bites.com.my/collections/pasta-rice-noodles/products/nona-ketupat-palas-pulut-hitam-250g
https://vgg.bites.com.my/collections/pasta-rice-noodles,Pasta Rice Noodles,JASMINE SUPER BLUE IMPORT 10KG,RM31.69,RM41.10,https://vgg.bites.com.my/collections/pasta-rice-noodles/products/jasmine-super-blue-import-10kg
https://vgg.bites.com.my/collections/pasta-rice-noodles,Pasta Rice Noodles,NATUREL ORGANIC PENNE 500G,RM8.50,,https://vgg.bites.com.my/collections/pasta-rice-noodles/products/naturel-organic-penne-500g
https://vgg.bites.com.my/collections/pasta-rice-noodles,Pasta Rice Noodles,ECO JUST BROWN RICE 5KG,RM24.45,,https://vgg.bites.com.my/collections/pasta-rice-noodles/products/eco-just-brown-rice-5kg
https://vgg.bites.com.my/collections/pasta-rice-noodles,Pasta Rice Noodles,ECOBROWNS SELLA CREAM PREMIUM BASMATHI 2KG,RM19.85,,https://vgg.bites.com.my/collections/pasta-rice-noodles/products/ecobrowns-sella-cream-premium-basmathi-2kg
https://vgg.bites.com.my/collections/pasta-rice-noodles,Pasta Rice Noodles,CAP LILY CREAM BASMATHI 1KG,RM12.05,,https://vgg.bites.com.my/collections/pasta-rice-noodles/products/cap-lily-cream-basmathi-1kg
https://vgg.bites.com.my/collections/pasta-rice-noodles,Pasta Rice Noodles,VITS FRESH RAMEN 3*150G,RM4.99,RM6.05,https://vgg.bites.com.my/collections/pasta-rice-noodles/products/vits-fresh-ramen-3-150g
https://vgg.bites.com.my/collections/pasta-rice-noodles,Pasta Rice Noodles,VITS FRESH UDON 3*200G,RM4.99,RM6.05,https://vgg.bites.com.my/collections/pasta-rice-noodles/products/vits-fresh-udon-3-200g
https://vgg.bites.com.my/collections/pasta-rice-noodles,Pasta Rice Noodles,YOGOOD JUNIOR PASTA VROOM VROOM 300GM,RM10.15,,https://vgg.bites.com.my/collections/pasta-rice-noodles/products/yogood-junior-pasta-vroom-vroom-300gm
https://vgg.bites.com.my/collections/pasta-rice-noodles,Pasta Rice Noodles,YOGOOD JUNIOR PASTA FRIENDLY FARM 300GM,RM10.15,,https://vgg.bites.com.my/collections/pasta-rice-noodles/products/yogood-junior-pasta-friendly-farm-300gm
https://vgg.bites.com.my/collections/pasta-rice-noodles,Pasta Rice Noodles,SAJI COCONUT CREAM 200ML,RM4.19,RM4.75,https://vgg.bites.com.my/collections/pasta-rice-noodles/products/saji-coconut-cream-200ml
https://vgg.bites.com.my/collections/pasta-rice-noodles,Pasta Rice Noodles,ROYALE QUEEN PREMIUM PUSA BASMATHI 1121 5KG,RM40.10,,https://vgg.bites.com.my/collections/pasta-rice-noodles/products/royale-queen-premium-pusa-basmathi-1121-5kg
https://vgg.bites.com.my/collections/pasta-rice-noodles,Pasta Rice Noodles,ROYAL UMBRELLA FRAGRANT RICE 10KG,RM57.49,RM65.41,https://vgg.bites.com.my/collections/pasta-rice-noodles/products/royal-umbrella-fragrant-rice-10kg
https://vgg.bites.com.my/collections/pasta-rice-noodles,Pasta Rice Noodles,SUNFLOWER EMBRYO BROWN RICE 5KG,RM31.20,,https://vgg.bites.com.my/collections/pasta-rice-noodles/products/sunflower-embryo-brown-rice-5kg
https://vgg.bites.com.my/collections/pasta-rice-noodles,Pasta Rice Noodles,SUNFLOWER HEALTHY GROWING RICE LOW GI 1121 5KG,RM37.99,RM49.15,https://vgg.bites.com.my/collections/pasta-rice-noodles/products/sunflower-healthy-growing-rice-low-gi-1121-5kg
https://vgg.bites.com.my/collections/pasta-rice-noodles,Pasta Rice Noodles,SUNFLOWER QUINOA BABY RICE 1KG,RM16.79,RM18.45,https://vgg.bites.com.my/collections/pasta-rice-noodles/products/sunflower-quinoa-baby-rice-1kg
https://vgg.bites.com.my/collections/pasta-rice-noodles,Pasta Rice Noodles,JASMINE SUNBROWN ORIGINAL 2KG,RM11.50,,https://vgg.bites.com.my/collections/pasta-rice-noodles/products/jasmine-sunbrown-original-2kg
https://vgg.bites.com.my/collections/pasta-rice-noodles,Pasta Rice Noodles,PREGO MUSHROOM CARBONARA MAC INSTANT PASTA 71G,RM5.49,RM5.90,https://vgg.bites.com.my/collections/pasta-rice-noodles/products/prego-mushroom-carbonara-mac-instant-pasta-71g
https://vgg.bites.com.my/collections/pasta-rice-noodles,Pasta Rice Noodles,PREGO MAC & CHEESE INSTANT PASTA 70G,RM5.49,RM5.90,https://vgg.bites.com.my/collections/pasta-rice-noodles/products/prego-mac-cheese-instant-pasta-70g
https://vgg.bites.com.my/collections/pasta-rice-noodles,Pasta Rice Noodles,JASMINE SUSHI RICE 5KG,RM30.99,RM37.20,https://vgg.bites.com.my/collections/pasta-rice-noodles/products/jasmine-sushi-rice-5kg
https://vgg.bites.com.my/collections/pasta-rice-noodles,Pasta Rice Noodles,MAMEE CHEF CUP CURRY LAKSA 72GM,RM3.10,,https://vgg.bites.com.my/collections/pasta-rice-noodles/products/mamee-chef-cup-curry-laksa-72gm
https://vgg.bites.com.my/collections/pasta-rice-noodles,Pasta Rice Noodles,MAMEE CHEF CUP SPICY CHIC SHIITAKE 62G,RM3.10,,https://vgg.bites.com.my/collections/pasta-rice-noodles/products/mamee-chef-cup-spicy-chic-shiitake-62g
https://vgg.bites.com.my/collections/pasta-rice-noodles,Pasta Rice Noodles,MAMEE CHEF CUP TOMYAM 72GM,RM3.10,,https://vgg.bites.com.my/collections/pasta-rice-noodles/products/mamee-chef-cup-tomyam-72gm
https://vgg.bites.com.my/collections/pasta-rice-noodles,Pasta Rice Noodles,MAMEE CHEF LONTONG CUP 84G,RM3.10,,https://vgg.bites.com.my/collections/pasta-rice-noodles/products/mamee-chef-lontong-cup-84g
https://vgg.bites.com.my/collections/pasta-rice-noodles,Pasta Rice Noodles,MAGGI HOT CUP CURRY 6X58G,RM12.99,RM14.30,https://vgg.bites.com.my/collections/pasta-rice-noodles/products/maggi-hot-cup-curry-6x58g
https://vgg.bites.com.my/collections/pasta-rice-noodles,Pasta Rice Noodles,RANA RICOTTA & SPINACH TORTELLINI 250G,RM27.70,,https://vgg.bites.com.my/collections/pasta-rice-noodles/products/rana-ricotta-spinach-tortellini-250g
https://vgg.bites.com.my/collections/pasta-rice-noodles,Pasta Rice Noodles,RANA 4 CHEESE RAVIOLI 250G,RM27.70,,https://vgg.bites.com.my/collections/pasta-rice-noodles/products/rana-4-cheese-ravioli-250g
https://vgg.bites.com.my/collections/pasta-rice-noodles,Pasta Rice Noodles,RANA TOMATO & MOZZARELLA TORTELLINI 250G,RM27.70,,https://vgg.bites.com.my/collections/pasta-rice-noodles/products/rana-tomato-mozzarella-tortellini-250g
https://vgg.bites.com.my/collections/pasta-rice-noodles,Pasta Rice Noodles,RANA PARMIGIANO REGGIANO RAVIOLI 250G,RM27.70,,https://vgg.bites.com.my/collections/pasta-rice-noodles/products/rana-parmigiano-reggiano-ravioli-250g
https://vgg.bites.com.my/collections/pasta-rice-noodles,Pasta Rice Noodles,CAP RAMBUTAN PUSA KING PARBOILED 1121 2KG,RM22.35,,https://vgg.bites.com.my/collections/pasta-rice-noodles/products/cap-rambutan-pusa-king-parboiled-1121-2kg
https://vgg.bites.com.my/collections/pasta-rice-noodles,Pasta Rice Noodles,ARMANDO LA LINGUINA (LINGUINE) 500G,RM7.40,,https://vgg.bites.com.my/collections/pasta-rice-noodles/products/armando-la-linguina-linguine-500g
https://vgg.bites.com.my/collections/pasta-rice-noodles,Pasta Rice Noodles,JATI SIGNATURE S SIRI IMPORT RICE 10KG,RM34.99,RM36.65,https://vgg.bites.com.my/collections/pasta-rice-noodles/products/jati-signature-s-siri-import-rice-10kg
https://vgg.bites.com.my/collections/pasta-rice-noodles,Pasta Rice Noodles,THAI KING SIAM RICE 10KG,RM34.55,,https://vgg.bites.com.my/collections/pasta-rice-noodles/products/thai-king-siam-rice-10kg
https://vgg.bites.com.my/collections/pasta-rice-noodles,Pasta Rice Noodles,TENKA ICHIBAN SHRIMP NOODLE 900G,RM13.49,RM14.65,https://vgg.bites.com.my/collections/pasta-rice-noodles/products/tenka-ichiban-shrimp-noodle-900g
https://vgg.bites.com.my/collections/pasta-rice-noodles,Pasta Rice Noodles,GOLDEN HARVEST FRAGRANT RICE 5KG,RM30.25,,https://vgg.bites.com.my/collections/pasta-rice-noodles/products/golden-harvest-fragrant-rice-5kg
https://vgg.bites.com.my/collections/pasta-rice-noodles,Pasta Rice Noodles,BIRD OF PARADISE SIAM SUPER 10KG,RM49.35,,https://vgg.bites.com.my/collections/pasta-rice-noodles/products/bird-of-paradise-siam-super-10kg
https://vgg.bites.com.my/collections/pasta-rice-noodles,Pasta Rice Noodles,BARILLA SPAGHETTI 2X500G (TWIN PACK),RM12.15,,https://vgg.bites.com.my/collections/pasta-rice-noodles/products/barilla-spaghetti-2x500g-twin-pack
https://vgg.bites.com.my/collections/pasta-rice-noodles,Pasta Rice Noodles,FAIZA BASMATHI UMMI 5KG,RM42.60,,https://vgg.bites.com.my/collections/pasta-rice-noodles/products/faiza-basmathi-ummi-5kg
https://vgg.bites.com.my/collections/pasta-rice-noodles,Pasta Rice Noodles,NUUNA INST NOODLE DRY NASI LEMAK 4X80G,RM5.29,RM6.25,https://vgg.bites.com.my/collections/pasta-rice-noodles/products/nuuna-inst-noodle-dry-nasi-lemak-4x80g
https://vgg.bites.com.my/collections/pasta-rice-noodles,Pasta Rice Noodles,NUUNA INST NOODLE DRY SPICY CHEESE 4X80G,RM5.29,RM6.25,https://vgg.bites.com.my/collections/pasta-rice-noodles/products/nuuna-inst-noodle-dry-spicy-cheese-4x80g
https://vgg.bites.com.my/collections/pasta-rice-noodles,Pasta Rice Noodles,GRANORO CANNELLONI 250G,RM7.60,,https://vgg.bites.com.my/collections/pasta-rice-noodles/products/granoro-cannelloni-250g
https://vgg.bites.com.my/collections/pasta-rice-noodles,Pasta Rice Noodles,GRANORO MAFALDINE 500GM,RM10.85,,https://vgg.bites.com.my/collections/pasta-rice-noodles/products/granoro-mafaldine-500gm
https://vgg.bites.com.my/collections/pasta-rice-noodles,Pasta Rice Noodles,GRANORO TAGLIATELLE 81 500G,RM10.85,,https://vgg.bites.com.my/collections/pasta-rice-noodles/products/granoro-tagliatelle-81-500g
https://vgg.bites.com.my/collections/pasta-rice-noodles,Pasta Rice Noodles,GRANORO CHICCHE DI PATATE 500G,RM10.85,,https://vgg.bites.com.my/collections/pasta-rice-noodles/products/granoro-chicche-di-patate-500g
https://vgg.bites.com.my/collections/pasta-rice-noodles,Pasta Rice Noodles,GRANORO GNOCCHI POTATO 500GM,RM10.85,,https://vgg.bites.com.my/collections/pasta-rice-noodles/products/granoro-gnocchi-potato-500gm
https://vgg.bites.com.my/collections/pasta-rice-noodles,Pasta Rice Noodles,GRANORO LASAGNA 500G,RM15.00,,https://vgg.bites.com.my/collections/pasta-rice-noodles/products/granoro-lasagna-500g
https://vgg.bites.com.my/collections/pasta-rice-noodles,Pasta Rice Noodles,JASMINE BROWN RICE BIHUN 350G,RM3.70,,https://vgg.bites.com.my/collections/pasta-rice-noodles/products/jasmine-brown-rice-bihun-350g
https://vgg.bites.com.my/collections/pasta-rice-noodles,Pasta Rice Noodles,GRANORO LINGUINI 500G,RM7.60,,https://vgg.bites.com.my/collections/pasta-rice-noodles/products/granoro-linguini-500g
https://vgg.bites.com.my/collections/pasta-rice-noodles,Pasta Rice Noodles,GRANORO SPAGHETTI 500GM,RM7.60,,https://vgg.bites.com.my/collections/pasta-rice-noodles/products/granoro-spaghetti-500gm
https://vgg.bites.com.my/collections/pasta-rice-noodles,Pasta Rice Noodles,GRANORO CAPPELLINI 16 500G,RM7.60,,https://vgg.bites.com.my/collections/pasta-rice-noodles/products/granoro-cappellini-16-500g
https://vgg.bites.com.my/collections/pasta-rice-noodles,Pasta Rice Noodles,GRANORO RIGOTONI 500GM,RM7.60,,https://vgg.bites.com.my/collections/pasta-rice-noodles/products/granoro-rigotoni-500gm
https://vgg.bites.com.my/collections/pasta-rice-noodles,Pasta Rice Noodles,GRANORO PENNE 27 500G,RM7.60,,https://vgg.bites.com.my/collections/pasta-rice-noodles/products/granoro-penne-27-500g
https://vgg.bites.com.my/collections/pasta-rice-noodles,Pasta Rice Noodles,GRANORO MEZZI GOMITI 500GM,RM7.60,,https://vgg.bites.com.my/collections/pasta-rice-noodles/products/granoro-mezzi-gomiti-500gm
https://vgg.bites.com.my/collections/pasta-rice-noodles,Pasta Rice Noodles,GRANORO SPIRALI GRANDI 100 500G,RM7.60,,https://vgg.bites.com.my/collections/pasta-rice-noodles/products/granoro-spirali-grandi-100-500g
https://vgg.bites.com.my/collections/pasta-rice-noodles,Pasta Rice Noodles,GRANORO MEZZE COCCIOLETTE 54 500G,RM7.60,,https://vgg.bites.com.my/collections/pasta-rice-noodles/products/granoro-mezze-cocciolette-54-500g
https://vgg.bites.com.my/collections/pasta-rice-noodles,Pasta Rice Noodles,ADABI KETUPAT MINI 30X20G,RM10.75,,https://vgg.bites.com.my/collections/pasta-rice-noodles/products/adabi-ketupat-mini-30x20g
https://vgg.bites.com.my/collections/pasta-rice-noodles,Pasta Rice Noodles,SONGHE AAA THAI FRAGRANT 1KG,RM8.50,,https://vgg.bites.com.my/collections/pasta-rice-noodles/products/songhe-aaa-thai-fragrant-1kg
https://vgg.bites.com.my/collections/pasta-rice-noodles,Pasta Rice Noodles,CAP RAMBUTAN TSS ORANGE 5% 10KG,RM37.19,RM39.05,https://vgg.bites.com.my/collections/pasta-rice-noodles/products/cap-rambutan-tss-orange-5-10kg
https://vgg.bites.com.my/collections/pasta-rice-noodles,Pasta Rice Noodles,FAIZA EMAS 5% SUPER IMPORT 5KG,RM19.15,,https://vgg.bites.com.my/collections/pasta-rice-noodles/products/faiza-emas-5-super-import-5kg
https://vgg.bites.com.my/collections/pasta-rice-noodles,Pasta Rice Noodles,CAP RAMBUTAN TWR BIRU 10 5KG,RM19.90,,https://vgg.bites.com.my/collections/pasta-rice-noodles/products/cap-rambutan-twr-biru-10-5kg
https://vgg.bites.com.my/collections/pasta-rice-noodles,Pasta Rice Noodles,MI SEDAAP KOREAN SPICY 5X87G,RM9.70,,https://vgg.bites.com.my/collections/pasta-rice-noodles/products/mi-sedaap-korean-spicy-5x87g
https://vgg.bites.com.my/collections/pasta-rice-noodles,Pasta Rice Noodles,MI SEDAAP KOREAN SPICY CHICKEN (SOUP) 5X77G,RM9.70,,https://vgg.bites.com.my/collections/pasta-rice-noodles/products/mi-sedaap-korean-spicy-chicken-soup-5x77g
https://vgg.bites.com.my/collections/pasta-rice-noodles,Pasta Rice Noodles,JASMINE CALFRESH CALROSE RICE 5KG,RM29.99,RM37.50,https://vgg.bites.com.my/collections/pasta-rice-noodles/products/jasmine-calfresh-calrose-rice-5kg
https://vgg.bites.com.my/collections/pasta-rice-noodles,Pasta Rice Noodles,BARONIA SQUID INK SPAGHETTI 500GM,RM14.60,,https://vgg.bites.com.my/collections/pasta-rice-noodles/products/baronia-squid-ink-spaghetti-500gm
https://vgg.bites.com.my/collections/pasta-rice-noodles,Pasta Rice Noodles,RISO GALLO ARBORIO 500G,RM21.15,,https://vgg.bites.com.my/collections/pasta-rice-noodles/products/riso-gallo-arborio-500g
https://vgg.bites.com.my/collections/pasta-rice-noodles,Pasta Rice Noodles,BARILLA FLAT FETTUCINE N6 500G,RM6.99,RM8.50,https://vgg.bites.com.my/collections/pasta-rice-noodles/products/barilla-flat-fettucine-n6-500g
https://vgg.bites.com.my/collections/pasta-rice-noodles,Pasta Rice Noodles,BARILLA PASTA LOVE 400G,RM6.99,RM8.50,https://vgg.bites.com.my/collections/pasta-rice-noodles/products/barilla-pasta-love-400g
https://vgg.bites.com.my/collections/pasta-rice-noodles,Pasta Rice Noodles,GRANORO COUSCOUS 1KG,RM15.15,,https://vgg.bites.com.my/collections/pasta-rice-noodles/products/granoro-couscous-1kg
https://vgg.bites.com.my/collections/pasta-rice-noodles,Pasta Rice Noodles,GRANORO SEMOLINA FLOUR 500G,RM6.70,,https://vgg.bites.com.my/collections/pasta-rice-noodles/products/granoro-semolina-flour-500g
https://vgg.bites.com.my/collections/pasta-rice-noodles,Pasta Rice Noodles,GRANORO FARINA OO FLOUR 1KG,RM10.00,,https://vgg.bites.com.my/collections/pasta-rice-noodles/products/granoro-farina-oo-flour-1kg
https://vgg.bites.com.my/collections/pasta-rice-noodles,Pasta Rice Noodles,GRANORO WHITE WHEAT FLOUR - PIZZA 1KG,RM12.00,,https://vgg.bites.com.my/collections/pasta-rice-noodles/products/granoro-white-wheat-flour-pizza-1kg
https://vgg.bites.com.my/collections/pasta-rice-noodles,Pasta Rice Noodles,PASTA DI MARTINO PENNE RIGATE 500G,RM8.90,,https://vgg.bites.com.my/collections/pasta-rice-noodles/products/pasta-di-martino-penne-rigate-500g
https://vgg.bites.com.my/collections/pasta-rice-noodles,Pasta Rice Noodles,PASTA DI MARTINO FUSILLI 500G,RM8.90,,https://vgg.bites.com.my/collections/pasta-rice-noodles/products/pasta-di-martino-fusilli-500g
https://vgg.bites.com.my/collections/pasta-rice-noodles,Pasta Rice Noodles,PASTA DI MARTINO SPAGHETTI 500G,RM8.90,,https://vgg.bites.com.my/collections/pasta-rice-noodles/products/pasta-di-martino-spaghetti-500g
https://vgg.bites.com.my/collections/pasta-rice-noodles,Pasta Rice Noodles,PASTA DI MARTINO LINGUINE 500G,RM8.90,,https://vgg.bites.com.my/collections/pasta-rice-noodles/products/pasta-di-martino-linguine-500g
https://vgg.bites.com.my/collections/pasta-rice-noodles,Pasta Rice Noodles,OOMORIYA VEGETABLE & CHICKEN FURIKAKE 45G,RM10.50,,https://vgg.bites.com.my/collections/pasta-rice-noodles/products/oomoriya-vegetable-chicken-furikake-45g
https://vgg.bites.com.my/collections/pasta-rice-noodles,Pasta Rice Noodles,OOMORIYA SALMON & SEAWEED FURIKAKE 45G,RM10.50,,https://vgg.bites.com.my/collections/pasta-rice-noodles/products/oomoriya-salmon-seaweed-furikake-45g
https://vgg.bites.com.my/collections/pasta-rice-noodles,Pasta Rice Noodles,BLACK BEAR 5 GRAINS ENERGY B.RICE ROLL 170GM,RM8.95,,https://vgg.bites.com.my/collections/pasta-rice-noodles/products/black-bear-5-grains-energy-b-rice-roll-170gm
https://vgg.bites.com.my/collections/pasta-rice-noodles,Pasta Rice Noodles,BLACK BEAR LAVER RICE CRACKERS 160G,RM9.25,,https://vgg.bites.com.my/collections/pasta-rice-noodles/products/black-bear-laver-rice-crackers-160g
https://vgg.bites.com.my/collections/pasta-rice-noodles,Pasta Rice Noodles,BARILLA PENNETTE RIGATE INTEGRALI 500G,RM11.65,,https://vgg.bites.com.my/collections/pasta-rice-noodles/products/barilla-pennette-rigate-integrali-500g
https://vgg.bites.com.my/collections/pasta-rice-noodles,Pasta Rice Noodles,MI SEDAAP KOREAN CHEESE BULDAK 5X86G,RM9.70,,https://vgg.bites.com.my/collections/pasta-rice-noodles/products/mi-sedaap-korean-cheese-buldak-5x86g
https://vgg.bites.com.my/collections/pasta-rice-noodles,Pasta Rice Noodles,BARILLA FUSILLI 98 500G,RM6.99,RM8.40,https://vgg.bites.com.my/collections/pasta-rice-noodles/products/barilla-fusilli-98-500g
https://vgg.bites.com.my/collections/pasta-rice-noodles,Pasta Rice Noodles,MEWAH PARBOILED RICE 1KG,RM7.70,,https://vgg.bites.com.my/collections/pasta-rice-noodles/products/mewah-parboiled-rice-1kg
https://vgg.bites.com.my/collections/pasta-rice-noodles,Pasta Rice Noodles,SUNFLOWER PURE BASMATHI PUSA 1121 2KG,RM19.79,RM25.85,https://vgg.bites.com.my/collections/pasta-rice-noodles/products/sunflower-pure-basmathi-pusa-1121-2kg
https://vgg.bites.com.my/collections/pasta-rice-noodles,Pasta Rice Noodles,MAGGI HOT CUP ASAM LAKSA 6X59G,RM12.99,RM14.30,https://vgg.bites.com.my/collections/pasta-rice-noodles/products/maggi-hot-cup-asam-laksa-6x59g
https://vgg.bites.com.my/collections/pasta-rice-noodles,Pasta Rice Noodles,MF HOCK KIAN MEE SUAH 490GM,RM7.69,RM8.10,https://vgg.bites.com.my/collections/pasta-rice-noodles/products/mf-hock-kian-mee-suah-490gm
https://vgg.bites.com.my/collections/pasta-rice-noodles,Pasta Rice Noodles,MF HOCK CHEOW MEE 490GM,RM7.69,RM8.10,https://vgg.bites.com.my/collections/pasta-rice-noodles/products/mf-hock-cheow-mee-490gm
https://vgg.bites.com.my/collections/pasta-rice-noodles,Pasta Rice Noodles,MF BEI JING LA MEE 490GM,RM7.69,RM8.10,https://vgg.bites.com.my/collections/pasta-rice-noodles/products/mf-bei-jing-la-mee-490gm
https://vgg.bites.com.my/collections/pasta-rice-noodles,Pasta Rice Noodles,ORIENTAL DRY PANMEE ORIGINAL 5X130G,RM22.50,,https://vgg.bites.com.my/collections/pasta-rice-noodles/products/oriental-dry-panmee-original-5x130g
https://vgg.bites.com.my/collections/pasta-rice-noodles,Pasta Rice Noodles,ORIENTAL DRY PANMME SPICY MALA 5X145G,RM32.50,,https://vgg.bites.com.my/collections/pasta-rice-noodles/products/oriental-dry-panmme-spicy-mala-5x145g
https://vgg.bites.com.my/collections/pasta-rice-noodles,Pasta Rice Noodles,SUNFLOWER KOSHIHIKARI JAPONICA CALROSE RICE 2KG,RM15.09,RM20.15,https://vgg.bites.com.my/collections/pasta-rice-noodles/products/sunflower-koshihikari-japonica-calrose-rice-2kg
https://vgg.bites.com.my/collections/pasta-rice-noodles,Pasta Rice Noodles,BIRD OF PARADISE SIAM SUPER 1KG,RM6.95,,https://vgg.bites.com.my/collections/pasta-rice-noodles/products/bird-of-paradise-siam-super-1kg
https://vgg.bites.com.my/collections/pasta-rice-noodles,Pasta Rice Noodles,BIRD OF PARADISE FRAGRANT RICE 1KG,RM8.50,,https://vgg.bites.com.my/collections/pasta-rice-noodles/products/bird-of-paradise-fragrant-rice-1kg
https://vgg.bites.com.my/collections/pasta-rice-noodles,Pasta Rice Noodles,SONGHE RED RICE MIX THAI HOM MALI 5KG,RM42.20,,https://vgg.bites.com.my/collections/pasta-rice-noodles/products/songhe-red-rice-mix-thai-hom-mali-5kg
https://vgg.bites.com.my/collections/pasta-rice-noodles,Pasta Rice Noodles,NATUREL ORGANIC 100% BUCKWHEAT SPAGHETTI 250G,RM14.50,,https://vgg.bites.com.my/collections/pasta-rice-noodles/products/naturel-organic-100-buckwheat-spaghetti-250g
https://vgg.bites.com.my/collections/pasta-rice-noodles,Pasta Rice Noodles,NATUREL ORGANIC 100% BROWN RICE SPAGHETTI 250G,RM14.50,,https://vgg.bites.com.my/collections/pasta-rice-noodles/products/naturel-organic-100-brown-rice-spaghetti-250g
https://vgg.bites.com.my/collections/pasta-rice-noodles,Pasta Rice Noodles,NATUREL ORGANIC 100% BROWN RICE FUSILLI 250G,RM14.50,,https://vgg.bites.com.my/collections/pasta-rice-noodles/products/naturel-organic-100-brown-rice-fusilli-250g
https://vgg.bites.com.my/collections/pasta-rice-noodles,Pasta Rice Noodles,FAIZA EMAS IMPORT RICE 10KG,RM37.25,,https://vgg.bites.com.my/collections/pasta-rice-noodles/products/faiza-emas-import-rice-10kg
https://vgg.bites.com.my/collections/pasta-rice-noodles,Pasta Rice Noodles,INDRA VALLEY PUSA 1121 BASMATHI 5KG,RM64.99,RM75.00,https://vgg.bites.com.my/collections/pasta-rice-noodles/products/indra-valley-pusa-1121-basmathi-5kg
https://vgg.bites.com.my/collections/pasta-rice-noodles,Pasta Rice Noodles,RADIANT MEEHOON BROWN RICE ORG 400G,RM9.50,,https://vgg.bites.com.my/collections/pasta-rice-noodles/products/radiant-meehoon-brown-rice-org-400g
https://vgg.bites.com.my/collections/pasta-rice-noodles,Pasta Rice Noodles,RADIANT MEEHOON BROWN RICE NATURAL 400GM,RM7.90,,https://vgg.bites.com.my/collections/pasta-rice-noodles/products/radiant-meehoon-brown-rice-natural-400gm
https://vgg.bites.com.my/collections/pasta-rice-noodles,Pasta Rice Noodles,JASMINE LA SELLA STEAMED 5KG,RM32.99,RM48.95,https://vgg.bites.com.my/collections/pasta-rice-noodles/products/jasmine-la-sella-steamed-5kg
https://vgg.bites.com.my/collections/pasta-rice-noodles,Pasta Rice Noodles,JASMINE LA SELLA PARBOILED 5KG,RM32.99,RM48.95,https://vgg.bites.com.my/collections/pasta-rice-noodles/products/jasmine-la-sella-parboiled-5kg
https://vgg.bites.com.my/collections/pasta-rice-noodles,Pasta Rice Noodles,JASMINE KETUPAT MINI 600G,RM7.45,,https://vgg.bites.com.my/collections/pasta-rice-noodles/products/jasmine-ketupat-mini-600g
https://vgg.bites.com.my/collections/pasta-rice-noodles,Pasta Rice Noodles,ALCE NERO ORG SPAGHETTI 500GM,RM9.00,,https://vgg.bites.com.my/collections/pasta-rice-noodles/products/alce-nero-org-spaghetti-500gm
https://vgg.bites.com.my/collections/pasta-rice-noodles,Pasta Rice Noodles,ALCE NERO ORG FUSILLI 500GM,RM9.00,,https://vgg.bites.com.my/collections/pasta-rice-noodles/products/alce-nero-org-fusilli-500gm
https://vgg.bites.com.my/collections/pasta-rice-noodles,Pasta Rice Noodles,ALCE NERO ORG PENNE RIGATE 500GM,RM9.00,,https://vgg.bites.com.my/collections/pasta-rice-noodles/products/alce-nero-org-penne-rigate-500gm
https://vgg.bites.com.my/collections/pasta-rice-noodles,Pasta Rice Noodles,ALCE NERO ORG TOMATO SAUCE WITH BASIL 350GM,RM16.60,,https://vgg.bites.com.my/collections/pasta-rice-noodles/products/alce-nero-org-tomato-sauce-with-basil-350gm
https://vgg.bites.com.my/collections/pasta-rice-noodles,Pasta Rice Noodles,ALCE NERO ORG NATAPOLENA TOMATO SAUCE 350GM,RM16.60,,https://vgg.bites.com.my/collections/pasta-rice-noodles/products/alce-nero-org-natapolena-tomato-sauce-350gm
https://vgg.bites.com.my/collections/pasta-rice-noodles,Pasta Rice Noodles,IFS EMERALD KONJAC KNOT 200G,RM6.60,,https://vgg.bites.com.my/collections/pasta-rice-noodles/products/ifs-emerald-konjac-knot-200g
https://vgg.bites.com.my/collections/pasta-rice-noodles,Pasta Rice Noodles,JASMINE LA SELLA GOLD 2KG,RM19.99,RM24.90,https://vgg.bites.com.my/collections/pasta-rice-noodles/products/jasmine-la-sella-gold-2kg
https://vgg.bites.com.my/collections/pasta-rice-noodles,Pasta Rice Noodles,PREGO INSTANT PASTA TRUFFLE MUSHROOM RIGATONI 80G,RM8.29,RM8.70,https://vgg.bites.com.my/collections/pasta-rice-noodles/products/prego-instant-pasta-truffle-mushroom-rigatoni-80g
https://vgg.bites.com.my/collections/pasta-rice-noodles,Pasta Rice Noodles,PREGO INSTANT PASTA FOUR CHEESE RIGATONI 80.3G,RM8.29,RM8.70,https://vgg.bites.com.my/collections/pasta-rice-noodles/products/prego-instant-pasta-four-cheese-rigatoni-80-3g
https://vgg.bites.com.my/collections/pasta-rice-noodles,Pasta Rice Noodles,HARMONI BEEHOON 400G,RM3.29,RM4.15,https://vgg.bites.com.my/collections/pasta-rice-noodles/products/harmoni-beehoon-400g
https://vgg.bites.com.my/collections/pasta-rice-noodles,Pasta Rice Noodles,CAP LILY SELAKING BASMATHI STEAMED 5KG,RM29.99,RM39.05,https://vgg.bites.com.my/collections/pasta-rice-noodles/products/cap-lily-selaking-basmathi-steamed-5kg
https://vgg.bites.com.my/collections/pasta-rice-noodles,Pasta Rice Noodles,CAP RAMBUTAN FRAGRANT RICE 10KG,RM41.99,RM58.45,https://vgg.bites.com.my/collections/pasta-rice-noodles/products/cap-rambutan-fragrant-rice-10kg
https://vgg.bites.com.my/collections/pasta-rice-noodles,Pasta Rice Noodles,FAIZA BASMATHI PUSA SELA 5KG,RM46.90,,https://vgg.bites.com.my/collections/pasta-rice-noodles/products/faiza-basmathi-pusa-sela-5kg
https://vgg.bites.com.my/collections/pasta-rice-noodles,Pasta Rice Noodles,KOSHIHIKARI PREMIUM SHORT-GRAIN RICE 1KG,RM14.50,,https://vgg.bites.com.my/collections/pasta-rice-noodles/products/koshihikari-premium-short-grain-rice-1kg
https://vgg.bites.com.my/collections/pasta-rice-noodles,Pasta Rice Noodles,IFS FRESH RAMEN NOODLE 600G,RM6.29,RM9.90,https://vgg.bites.com.my/collections/pasta-rice-noodles/products/ifs-fresh-ramen-noodle-600g
https://vgg.bites.com.my/collections/pasta-rice-noodles,Pasta Rice Noodles,LS WANTAN NOODLE,RM3.59,RM4.05,https://vgg.bites.com.my/collections/pasta-rice-noodles/products/ls-wantan-noodle
https://vgg.bites.com.my/collections/pasta-rice-noodles,Pasta Rice Noodles,LS SPINACH WANTAN NOODLE 4X80G,RM3.59,RM3.80,https://vgg.bites.com.my/collections/pasta-rice-noodles/products/ls-spinach-wantan-noodle-4x80g
https://vgg.bites.com.my/collections/pasta-rice-noodles,Pasta Rice Noodles,JUARA LAKSA PENDEK 450G,RM1.89,RM2.00,https://vgg.bites.com.my/collections/pasta-rice-noodles/products/juara-laksa-pendek-450g
https://vgg.bites.com.my/collections/pasta-rice-noodles,Pasta Rice Noodles,JUARA LAKSA PANJANG 450G,RM1.89,RM2.00,https://vgg.bites.com.my/collections/pasta-rice-noodles/products/juara-laksa-panjang-450g
https://vgg.bites.com.my/collections/pasta-rice-noodles,Pasta Rice Noodles,MYOJO MEE GORENG ORIGINAL 5X80G,RM9.65,,https://vgg.bites.com.my/collections/pasta-rice-noodles/products/myojo-mee-goreng-original-5x80g
https://vgg.bites.com.my/collections/pasta-rice-noodles,Pasta Rice Noodles,MYOJO MEE GORENG EXTRA SPICY 5X80G,RM9.65,,https://vgg.bites.com.my/collections/pasta-rice-noodles/products/myojo-mee-goreng-extra-spicy-5x80g
https://vgg.bites.com.my/collections/pasta-rice-noodles,Pasta Rice Noodles,MYOJO VEGETARIAN MUSHROOM 5SX80G,RM9.65,,https://vgg.bites.com.my/collections/pasta-rice-noodles/products/myojo-vegetarian-mushroom-5sx80g
https://vgg.bites.com.my/collections/pasta-rice-noodles,Pasta Rice Noodles,MYOJO CHICKEN TANMEN 5X79GM,RM9.65,,https://vgg.bites.com.my/collections/pasta-rice-noodles/products/myojo-chicken-tanmen-5x79gm
https://vgg.bites.com.my/collections/pasta-rice-noodles,Pasta Rice Noodles,MAMEE CHEF CUP WAGYU BOAT NOODLE 81G,RM3.10,,https://vgg.bites.com.my/collections/pasta-rice-noodles/products/mamee-chef-cup-wagyu-boat-noodle-81g
https://vgg.bites.com.my/collections/pasta-rice-noodles,Pasta Rice Noodles,PAMA PLAIN BIHUN GOLD INSTANT 350G,RM5.99,RM6.45,https://vgg.bites.com.my/collections/pasta-rice-noodles/products/pama-plain-bihun-gold-instant-350g
https://vgg.bites.com.my/collections/pasta-rice-noodles,Pasta Rice Noodles,A1 3 MINS GREENBEAN VERMICELLI 250G,RM7.79,RM8.65,https://vgg.bites.com.my/collections/pasta-rice-noodles/products/a1-3-mins-greenbean-vermicelli-250g
https://vgg.bites.com.my/collections/pasta-rice-noodles,Pasta Rice Noodles,A1 CURRY LAKSA NOODLES BOWL 140G,RM6.00,,https://vgg.bites.com.my/collections/pasta-rice-noodles/products/a1-curry-laksa-noodles-bowl-140g
https://vgg.bites.com.my/collections/pasta-rice-noodles,Pasta Rice Noodles,A1 CURRY LAKSA VERMICELLI BOWL 115G,RM6.00,,https://vgg.bites.com.my/collections/pasta-rice-noodles/products/a1-curry-laksa-vermicelli-bowl-115g
https://vgg.bites.com.my/collections/pasta-rice-noodles,Pasta Rice Noodles,JINJJA RAMYUN KIMCHI 5X120G,RM18.15,,https://vgg.bites.com.my/collections/pasta-rice-noodles/products/jinjja-ramyun-kimchi-5x120g
https://vgg.bites.com.my/collections/pasta-rice-noodles,Pasta Rice Noodles,JINJJA RAMYUN SPICY MUSHROOM 5X120G,RM18.15,,https://vgg.bites.com.my/collections/pasta-rice-noodles/products/jinjja-ramyun-spicy-mushroom-5x120g
https://vgg.bites.com.my/collections/pasta-rice-noodles,Pasta Rice Noodles,JINJJA RAMYUN SPICY CHICKEN 5X120G,RM19.15,,https://vgg.bites.com.my/collections/pasta-rice-noodles/products/jinjja-ramyun-spicy-chicken-5x120g
https://vgg.bites.com.my/collections/pasta-rice-noodles,Pasta Rice Noodles,SAMYANG HOT CHICKEN RAMEN 5*140G,RM23.99,RM27.20,https://vgg.bites.com.my/collections/pasta-rice-noodles/products/samyang-hot-chicken-ramen-5-140g
https://vgg.bites.com.my/collections/pasta-rice-noodles,Pasta Rice Noodles,SAMYANG HOT CHICKEN CHEESE RAMEN 5X140GM,RM23.99,RM28.90,https://vgg.bites.com.my/collections/pasta-rice-noodles/products/samyang-hot-chicken-cheese-ramen-5x140gm
https://vgg.bites.com.my/collections/pasta-rice-noodles,Pasta Rice Noodles,SAMYANG HOT CHICKEN RAMEN CARBONARA 5SX130G,RM23.99,RM28.95,https://vgg.bites.com.my/collections/pasta-rice-noodles/products/samyang-hot-chicken-ramen-carbonara-5sx130g
https://vgg.bites.com.my/collections/pasta-rice-noodles,Pasta Rice Noodles,SAMYANG HOT CHICKEN CREAMY CARBONARA RAMEN 5X140G,RM23.99,RM29.30,https://vgg.bites.com.my/collections/pasta-rice-noodles/products/samyang-hot-chicken-creamy-carbonara-ramen-5x140g
https://vgg.bites.com.my/collections/pasta-rice-noodles,Pasta Rice Noodles,SAMYANG HOT CHICKEN QUATTRO CHEESE RAMEN 5X145G,RM23.99,RM30.60,https://vgg.bites.com.my/collections/pasta-rice-noodles/products/samyang-hot-chicken-quattro-cheese-ramen-5x145g
https://vgg.bites.com.my/collections/pasta-rice-noodles,Pasta Rice Noodles,SAMYANG H'CHIC ROSE FLAVOR RAMEN 5SX140G,RM23.99,RM30.35,https://vgg.bites.com.my/collections/pasta-rice-noodles/products/samyang-h-chic-rose-flavor-ramen-5sx140g
https://vgg.bites.com.my/collections/pasta-rice-noodles,Pasta Rice Noodles,SAMYANG HOT CHICKEN RAMEN SWICY 4X130G,RM23.99,RM27.20,https://vgg.bites.com.my/collections/pasta-rice-noodles/products/samyang-hot-chicken-ramen-swicy-4x130g
https://vgg.bites.com.my/collections/pasta-rice-noodles,Pasta Rice Noodles,SAMYANG H'CHIC HABANERO LIME RAMEN 5SX135G,RM23.99,RM30.35,https://vgg.bites.com.my/collections/pasta-rice-noodles/products/samyang-h-chic-habanero-lime-ramen-5sx135g
https://vgg.bites.com.my/collections/pasta-rice-noodles,Pasta Rice Noodles,SAMYANG HOT CHICKEN JJAJANG 5X140G,RM23.99,RM28.95,https://vgg.bites.com.my/collections/pasta-rice-noodles/products/samyang-hot-chicken-jjajang-5x140g
https://vgg.bites.com.my/collections/pasta-rice-noodles,Pasta Rice Noodles,MARUTAI HAKATA RAMEN (MEAT FREE) 185G,RM10.99,RM12.50,https://vgg.bites.com.my/collections/pasta-rice-noodles/products/marutai-hakata-ramen-meat-free-185g
https://vgg.bites.com.my/collections/pasta-rice-noodles,Pasta Rice Noodles,YOUMEE PLAIN NOODLES 6X70G,RM7.39,RM7.95,https://vgg.bites.com.my/collections/pasta-rice-noodles/products/youmee-plain-noodles-6x70g
https://vgg.bites.com.my/collections/pasta-rice-noodles,Pasta Rice Noodles,YOUMEE PLAIN RAMEN 6X70G,RM7.39,RM7.95,https://vgg.bites.com.my/collections/pasta-rice-noodles/products/youmee-plain-ramen-6x70g
https://vgg.bites.com.my/collections/pasta-rice-noodles,Pasta Rice Noodles,YOUMEE PLAIN MI RIANG 6X70G,RM7.39,RM7.95,https://vgg.bites.com.my/collections/pasta-rice-noodles/products/youmee-plain-mi-riang-6x70g
https://vgg.bites.com.my/collections/pasta-rice-noodles,Pasta Rice Noodles,YOUMEE FRAGRANT SHALLOT NOODLES 4X100G,RM10.49,RM11.50,https://vgg.bites.com.my/collections/pasta-rice-noodles/products/youmee-fragrant-shallot-noodles-4x100g
https://vgg.bites.com.my/collections/pasta-rice-noodles,Pasta Rice Noodles,YOUMEE SPICY FRAGRANT SHALLOT NOODLES 4X100G,RM10.49,RM11.50,https://vgg.bites.com.my/collections/pasta-rice-noodles/products/youmee-spicy-fragrant-shallot-noodles-4x100g
