Start URL,Category,Product,Price,Slash Price,Details Link
https://vgg.bites.com.my/collections/beverages,Beverages,VITAGEN ORANGE 5X125ML,RM5.60,,https://vgg.bites.com.my/collections/beverages/products/vitagen-orange-5x125ml
https://vgg.bites.com.my/collections/beverages,Beverages,NESCAFE GOLD JAR 100G,RM28.00,,https://vgg.bites.com.my/collections/beverages/products/nescafe-gold-jar-100g
https://vgg.bites.com.my/collections/beverages,Beverages,YOU.C1000 APPLE DRINK 6X140ML,RM15.99,RM18.20,https://vgg.bites.com.my/collections/beverages/products/you-c1000-apple-drink-6x140ml
https://vgg.bites.com.my/collections/beverages,Beverages,ANGLIA SHANDY CAN 6X320ML,RM19.50,,https://vgg.bites.com.my/collections/beverages/products/anglia-shandy-can-6x320ml
https://vgg.bites.com.my/collections/beverages,Beverages,V-SOY MULTIGRAIN SOYA BEAN 1L,RM6.95,,https://vgg.bites.com.my/collections/beverages/products/v-soy-multigrain-soya-bean-1l
https://vgg.bites.com.my/collections/beverages,Beverages,AHMAD TEA JASMINE GREEN TEA 100S,RM20.99,RM23.65,https://vgg.bites.com.my/collections/beverages/products/ahmad-tea-jasmine-green-tea-100s
https://vgg.bites.com.my/collections/beverages,Beverages,DAVIDOFF INST COFFEE RICH AROMA 90G,RM33.99,RM35.10,https://vgg.bites.com.my/collections/beverages/products/davidoff-inst-coffee-rich-aroma-90g
https://vgg.bites.com.my/collections/beverages,Beverages,LIPTON 3IN1 MILK TEA TEH TARIK 12S,RM16.99,RM19.15,https://vgg.bites.com.my/collections/beverages/products/lipton-3in1-milk-tea-teh-tarik-12s
https://vgg.bites.com.my/collections/beverages,Beverages,NESCAFE DOLCE GUSTO GRANDE INTENSO 16S,RM29.99,RM33.10,https://vgg.bites.com.my/collections/beverages/products/nescafe-dolce-gusto-grande-intenso-16s
https://vgg.bites.com.my/collections/beverages,Beverages,MARIGOLD PEEL FRESH APPLE 2L,RM13.40,,https://vgg.bites.com.my/collections/beverages/products/marigold-peel-fresh-apple-2l
https://vgg.bites.com.my/collections/beverages,Beverages,MILO CAN 240ML,RM3.00,,https://vgg.bites.com.my/collections/beverages/products/milo-can-240ml
https://vgg.bites.com.my/collections/beverages,Beverages,STARBUCKS PREMIUM INSTANT CARAMEL LATTE 4S,RM15.10,,https://vgg.bites.com.my/collections/beverages/products/starbucks-premium-instant-caramel-latte-4s
https://vgg.bites.com.my/collections/beverages,Beverages,UFC COCONUT WATER 500ML,RM4.39,RM4.95,https://vgg.bites.com.my/collections/beverages/products/ufc-coconut-water-500ml
https://vgg.bites.com.my/collections/beverages,Beverages,WONDA COFFEE MOCHA 240ML,RM2.65,,https://vgg.bites.com.my/collections/beverages/products/wonda-coffee-mocha-240ml
https://vgg.bites.com.my/collections/beverages,Beverages,SEASONS SOYA BEAN 6X250ML,RM7.10,,https://vgg.bites.com.my/collections/beverages/products/seasons-soya-bean-6x250ml
https://vgg.bites.com.my/collections/beverages,Beverages,KICKAPOO CAN 320ML,RM1.95,,https://vgg.bites.com.my/collections/beverages/products/kickapoo-can-320ml
https://vgg.bites.com.my/collections/beverages,Beverages,KICKAPOO 500ML,RM2.90,,https://vgg.bites.com.my/collections/beverages/products/kickapoo-500ml
https://vgg.bites.com.my/collections/beverages,Beverages,ANLENE GOLD SP 950G,RM43.50,,https://vgg.bites.com.my/collections/beverages/products/anlene-gold-sp-950g
https://vgg.bites.com.my/collections/beverages,Beverages,V-SOY MULTIGRAIN SOYA BEAN 300ML,RM2.70,,https://vgg.bites.com.my/collections/beverages/products/v-soy-multigrain-soya-bean-300ml
https://vgg.bites.com.my/collections/beverages,Beverages,LAVAZZA CAFE ESPRESSO (BLACK) TIN 250G,RM41.99,RM47.25,https://vgg.bites.com.my/collections/beverages/products/lavazza-cafe-espresso-black-tin-250g
https://vgg.bites.com.my/collections/beverages,Beverages,CYPRINA APPLE JUICE 1L,RM9.00,,https://vgg.bites.com.my/collections/beverages/products/cyprina-apple-juice-1l
https://vgg.bites.com.my/collections/beverages,Beverages,RED BULL ENERGY DRINK 355ML,RM9.00,,https://vgg.bites.com.my/collections/beverages/products/red-bull-energy-drink-355ml
https://vgg.bites.com.my/collections/beverages,Beverages,MILO AUSTRALIA 1KG,RM51.55,,https://vgg.bites.com.my/collections/beverages/products/milo-australia-1kg
https://vgg.bites.com.my/collections/beverages,Beverages,SPRITZER DRINKING WATER 1.25L,RM2.75,,https://vgg.bites.com.my/collections/beverages/products/spritzer-drinking-water-1-25l
https://vgg.bites.com.my/collections/beverages,Beverages,UNIIQ KOMBUCHA ROSE 315ML,RM13.90,,https://vgg.bites.com.my/collections/beverages/products/uniiq-kombucha-rose-315ml
https://vgg.bites.com.my/collections/beverages,Beverages,UNIIQ KOMBUCHA PASSION FRUIT 315ML,RM13.90,,https://vgg.bites.com.my/collections/beverages/products/uniiq-kombucha-passion-fruit-315ml
https://vgg.bites.com.my/collections/beverages,Beverages,UNIIQ KOMBUCHA CALAMANSI 315ML,RM13.90,,https://vgg.bites.com.my/collections/beverages/products/uniiq-kombucha-calamansi-315ml
https://vgg.bites.com.my/collections/beverages,Beverages,UNIIQ KOMBUCHA CLASSIC 315ML,RM13.90,,https://vgg.bites.com.my/collections/beverages/products/uniiq-kombucha-classic-315ml
https://vgg.bites.com.my/collections/beverages,Beverages,MARIGOLD 100% JUICE ORANGE 3X200ML,RM6.20,,https://vgg.bites.com.my/collections/beverages/products/marigold-100-juice-orange-3x200ml
https://vgg.bites.com.my/collections/beverages,Beverages,MARIGOLD 100% JUICE APPLE 3X200ML,RM6.20,,https://vgg.bites.com.my/collections/beverages/products/marigold-100-juice-apple-3x200ml
https://vgg.bites.com.my/collections/beverages,Beverages,MILO SOFTPACK 400G,RM10.25,,https://vgg.bites.com.my/collections/beverages/products/milo-softpack-400g
https://vgg.bites.com.my/collections/beverages,Beverages,MILO SOFT PACK 200G,RM5.45,,https://vgg.bites.com.my/collections/beverages/products/milo-soft-pack-200g
https://vgg.bites.com.my/collections/beverages,Beverages,MILO ACTIV-GO UHT 1L,RM8.25,,https://vgg.bites.com.my/collections/beverages/products/milo-activ-go-uht-1l
https://vgg.bites.com.my/collections/beverages,Beverages,MARIGOLD 100% JUICE TROPICAL FRUIT 1L,RM7.35,,https://vgg.bites.com.my/collections/beverages/products/marigold-100-juice-tropical-fruit-1l
https://vgg.bites.com.my/collections/beverages,Beverages,MARIGOLD 100% JUICE ORANGE 1L,RM7.35,,https://vgg.bites.com.my/collections/beverages/products/marigold-100-juice-orange-1l
https://vgg.bites.com.my/collections/beverages,Beverages,MARIGOLD 100% JUICE APPLE 1L,RM7.35,,https://vgg.bites.com.my/collections/beverages/products/marigold-100-juice-apple-1l
https://vgg.bites.com.my/collections/beverages,Beverages,LIPTON YELLOW LABEL TEABAG 100SX2G,RM16.69,RM19.35,https://vgg.bites.com.my/collections/beverages/products/lipton-yellow-label-teabag-100sx2g
https://vgg.bites.com.my/collections/beverages,Beverages,REMEDY ORGANIC KOMBUCHA RASPBERRY LEMONADE 330ML,RM13.05,,https://vgg.bites.com.my/collections/beverages/products/remedy-organic-kombucha-raspberry-lemonade-330ml
https://vgg.bites.com.my/collections/beverages,Beverages,REMEDY ORGANIC KOMBUCHA PASSIONFRUIT 330ML,RM11.99,RM13.05,https://vgg.bites.com.my/collections/beverages/products/remedy-organic-kombucha-passionfruit-330ml
https://vgg.bites.com.my/collections/beverages,Beverages,REMEDY ORGANIC KOMBUCHA MANGO PASSION 330ML,RM11.99,RM13.05,https://vgg.bites.com.my/collections/beverages/products/remedy-organic-kombucha-mango-passion-330ml
https://vgg.bites.com.my/collections/beverages,Beverages,NESCAFE ICED CAPPUCCINO 500ML,RM4.85,,https://vgg.bites.com.my/collections/beverages/products/nescafe-iced-cappuccino-500ml
https://vgg.bites.com.my/collections/beverages,Beverages,AHMAD TEA GREEN TEA 100S,RM20.99,RM22.50,https://vgg.bites.com.my/collections/beverages/products/ahmad-tea-green-tea-100s
https://vgg.bites.com.my/collections/beverages,Beverages,NESCAFE CLASSIC JAR 100G,RM18.80,,https://vgg.bites.com.my/collections/beverages/products/nescafe-classic-jar-100g
https://vgg.bites.com.my/collections/beverages,Beverages,OSK JAPANESE GREEN TEA 50X2G,RM27.90,,https://vgg.bites.com.my/collections/beverages/products/osk-japanese-green-tea-50x2g
https://vgg.bites.com.my/collections/beverages,Beverages,HOMESOY SOYA 750ML,RM5.35,,https://vgg.bites.com.my/collections/beverages/products/homesoy-soya-750ml
https://vgg.bites.com.my/collections/beverages,Beverages,AHMAD TEA DETOX 20S,RM11.99,RM13.00,https://vgg.bites.com.my/collections/beverages/products/ahmad-tea-detox-20s
https://vgg.bites.com.my/collections/beverages,Beverages,HACO SUISS ESPRESSO DARK ROAST 100G,RM41.99,RM47.65,https://vgg.bites.com.my/collections/beverages/products/haco-suiss-espresso-dark-roast-100g
https://vgg.bites.com.my/collections/beverages,Beverages,NESCAFE DOLCE GUSTO CHOCOCINO 16S,RM29.99,RM33.10,https://vgg.bites.com.my/collections/beverages/products/nescafe-dolce-gusto-chococino-16s
https://vgg.bites.com.my/collections/beverages,Beverages,STARBUCKS PREMIUM INSTANT LATTE 4S,RM15.10,,https://vgg.bites.com.my/collections/beverages/products/starbucks-premium-instant-latte-4s
https://vgg.bites.com.my/collections/beverages,Beverages,STARBUCKS PREMIUM INSTANT CAPPUCCINO 4S,RM15.10,,https://vgg.bites.com.my/collections/beverages/products/starbucks-premium-instant-cappuccino-4s
https://vgg.bites.com.my/collections/beverages,Beverages,POKKA LEMON TEA 500ML,RM3.00,,https://vgg.bites.com.my/collections/beverages/products/pokka-lemon-tea-500ml
https://vgg.bites.com.my/collections/beverages,Beverages,POKKA PREMIUM MILK COFFEE 240ML,RM2.59,RM2.80,https://vgg.bites.com.my/collections/beverages/products/pokka-premium-milk-coffee-240ml
https://vgg.bites.com.my/collections/beverages,Beverages,POKKA PREMIUM MOCHA COFFEE 240ML,RM2.59,RM2.80,https://vgg.bites.com.my/collections/beverages/products/pokka-premium-mocha-coffee-240ml
https://vgg.bites.com.my/collections/beverages,Beverages,BOH TEA POTBAGS 120'S,RM14.50,,https://vgg.bites.com.my/collections/beverages/products/boh-tea-potbags-120-s
https://vgg.bites.com.my/collections/beverages,Beverages,BOH DOUBLE CHAMBER GREEN TEA 50S,RM10.79,RM11.45,https://vgg.bites.com.my/collections/beverages/products/boh-double-chamber-green-tea-50s
https://vgg.bites.com.my/collections/beverages,Beverages,FRUIT TREE FRESH MANGOSTEEN & POMEGRANATE NSA 1L,RM7.55,,https://vgg.bites.com.my/collections/beverages/products/fruit-tree-fresh-mangosteen-pomegranate-nsa-1l
https://vgg.bites.com.my/collections/beverages,Beverages,SUNKIST APPLE JUICE 1L,RM5.80,,https://vgg.bites.com.my/collections/beverages/products/15010200
https://vgg.bites.com.my/collections/beverages,Beverages,DRINHO SOYA BEAN 1L,RM3.75,,https://vgg.bites.com.my/collections/beverages/products/drinho-soya-bean-1l
https://vgg.bites.com.my/collections/beverages,Beverages,NESCAFE DOLCE GUSTO CAFE AU LAIT 16S,RM29.99,RM33.10,https://vgg.bites.com.my/collections/beverages/products/nescafe-dolce-gusto-cafe-au-lait-16s
https://vgg.bites.com.my/collections/beverages,Beverages,NESCAFE DOLCE GUSTO CAPPUCINO 16S,RM29.99,RM33.10,https://vgg.bites.com.my/collections/beverages/products/nescafe-dolce-gusto-cappucino-16s
https://vgg.bites.com.my/collections/beverages,Beverages,F&N ICE CREAM SODA 500ML,RM2.20,,https://vgg.bites.com.my/collections/beverages/products/fn-ice-cream-soda-500ml
https://vgg.bites.com.my/collections/beverages,Beverages,DRINHO SUGARCANE 6X250ML,RM6.70,,https://vgg.bites.com.my/collections/beverages/products/drinho-sugarcane-6x250ml
https://vgg.bites.com.my/collections/beverages,Beverages,RED BULL EUROPE 250ML,RM6.90,,https://vgg.bites.com.my/collections/beverages/products/red-bull-europe-250ml
https://vgg.bites.com.my/collections/beverages,Beverages,AHMAD TEA FRUIT TEA SELECTION 20TB,RM13.29,RM15.60,https://vgg.bites.com.my/collections/beverages/products/ahmad-tea-fruit-tea-selection-20tb
https://vgg.bites.com.my/collections/beverages,Beverages,ARIZONA LEMONADE 22FL OZ,RM7.00,,https://vgg.bites.com.my/collections/beverages/products/arizona-lemonade-22fl-oz
https://vgg.bites.com.my/collections/beverages,Beverages,SPRITZER DRINKING WATER 2X9.5L,RM22.10,,https://vgg.bites.com.my/collections/beverages/products/spritzer-drinking-water-2x95l
https://vgg.bites.com.my/collections/beverages,Beverages,SPRITZER DRINKING WATER 2X6L,RM18.80,,https://vgg.bites.com.my/collections/beverages/products/spritzer-drinking-water-2x6l
https://vgg.bites.com.my/collections/beverages,Beverages,BOH TEA POTBAGS 80'S,RM9.60,,https://vgg.bites.com.my/collections/beverages/products/boh-tea-potbags-80-s
https://vgg.bites.com.my/collections/beverages,Beverages,TEAPOT SWEETENED CREAMER 500G,RM4.25,,https://vgg.bites.com.my/collections/beverages/products/teapot-sweetened-creamer-500g
https://vgg.bites.com.my/collections/beverages,Beverages,REMEDY ORGANIC KOMBUCHA GINGER LEMON 330ML,RM13.05,,https://vgg.bites.com.my/collections/beverages/products/remedy-organic-kombucha-ginger-lemon-330ml
https://vgg.bites.com.my/collections/beverages,Beverages,STARBUCKS PREMIUM INSTANT MOCHA 4S,RM15.10,,https://vgg.bites.com.my/collections/beverages/products/starbucks-premium-instant-mocha-4s
https://vgg.bites.com.my/collections/beverages,Beverages,SPRITZER TINGE LEMON 500ML,RM1.65,,https://vgg.bites.com.my/collections/beverages/products/spritzer-tinge-lemon-500ml
https://vgg.bites.com.my/collections/beverages,Beverages,SPRITZER MINERAL WATER 2X9.5L,RM22.10,,https://vgg.bites.com.my/collections/beverages/products/spritzer-mineral-water-2x95l
https://vgg.bites.com.my/collections/beverages,Beverages,DILMAH GREEN TEA MOROCCAN MINT 20'S,RM9.95,,https://vgg.bites.com.my/collections/beverages/products/dilmah-green-tea-moroccan-mint-20-s
https://vgg.bites.com.my/collections/beverages,Beverages,AH HUAT WHITE COFFEE LOW FAT NO SUGAR 15X20G,RM18.00,,https://vgg.bites.com.my/collections/beverages/products/ah-huat-white-coffee-low-fat-no-sugar-15x20g
https://vgg.bites.com.my/collections/beverages,Beverages,NESCAFE GOLD STICKBOX 20X2G,RM13.80,,https://vgg.bites.com.my/collections/beverages/products/nescafe-gold-stickbox-20x2g
https://vgg.bites.com.my/collections/beverages,Beverages,SOLO ORIGINAL LEMON 375ML,RM7.90,,https://vgg.bites.com.my/collections/beverages/products/solo-original-lemon-375ml
https://vgg.bites.com.my/collections/beverages,Beverages,VITAGEN LB 5X125ML,RM5.60,,https://vgg.bites.com.my/collections/beverages/products/vitagen-lb-5x125ml
https://vgg.bites.com.my/collections/beverages,Beverages,SPRITZER DRINKING WATER 6L,RM9.40,,https://vgg.bites.com.my/collections/beverages/products/spritzer-drinking-water-6l
https://vgg.bites.com.my/collections/beverages,Beverages,3 LEGS COOLING WATER 200ML,RM1.85,,https://vgg.bites.com.my/collections/beverages/products/3-legs-cooling-water-200ml
https://vgg.bites.com.my/collections/beverages,Beverages,RIBENA CORDIAL BLACKCURRANT 850ML,RM15.89,RM16.85,https://vgg.bites.com.my/collections/beverages/products/ribena-cordial-blackcurrant-850ml
https://vgg.bites.com.my/collections/beverages,Beverages,UFC REFRESH COCONUT WATER 1L,RM8.49,RM9.00,https://vgg.bites.com.my/collections/beverages/products/ufc-refresh-coconut-water-1l
https://vgg.bites.com.my/collections/beverages,Beverages,VITAGEN ASSORTED 5X125ML,RM5.85,,https://vgg.bites.com.my/collections/beverages/products/vitagen-assorted-5x125ml
https://vgg.bites.com.my/collections/beverages,Beverages,OLD TOWN 3IN1 W/CAFE LESS SUGAR 15SX35G,RM18.99,RM21.00,https://vgg.bites.com.my/collections/beverages/products/old-town-3in1-w-cafe-less-sugar-15sx35g
https://vgg.bites.com.my/collections/beverages,Beverages,SPRITZER MINERAL WATER 6L,RM9.40,,https://vgg.bites.com.my/collections/beverages/products/spritzer-mineral-water-6l
https://vgg.bites.com.my/collections/beverages,Beverages,NESCAFE GOLD JAR 50G,RM15.80,,https://vgg.bites.com.my/collections/beverages/products/nescafe-gold-jar-50g
https://vgg.bites.com.my/collections/beverages,Beverages,EVIAN MINERAL WATER 330ML,RM5.70,,https://vgg.bites.com.my/collections/beverages/products/evian-mineral-water-330ml
https://vgg.bites.com.my/collections/beverages,Beverages,SPRITZER SPARKLING MINERAL WATER 1L,RM3.79,RM3.90,https://vgg.bites.com.my/collections/beverages/products/spritzer-sparkling-mineral-water-1l
https://vgg.bites.com.my/collections/beverages,Beverages,SPRITZER DRINKING WATER 550ML,RM1.35,,https://vgg.bites.com.my/collections/beverages/products/spritzer-drinking-water-550ml
https://vgg.bites.com.my/collections/beverages,Beverages,RED BULL EUROPE 4X250ML,RM23.79,RM26.60,https://vgg.bites.com.my/collections/beverages/products/red-bull-europe-4x250ml
https://vgg.bites.com.my/collections/beverages,Beverages,MARIGOLD PEEL FRESH MANGO 1L,RM6.90,,https://vgg.bites.com.my/collections/beverages/products/marigold-peel-fresh-mango-1l
https://vgg.bites.com.my/collections/beverages,Beverages,VITAGEN LESS SUGAR GRAPE 5X125ML,RM6.10,,https://vgg.bites.com.my/collections/beverages/products/vitagen-less-sugar-grape-5x125ml
https://vgg.bites.com.my/collections/beverages,Beverages,VITAGEN LESS SUGAR LB 5X125ML,RM6.10,,https://vgg.bites.com.my/collections/beverages/products/vitagen-less-sugar-lb-5x125ml
https://vgg.bites.com.my/collections/beverages,Beverages,BOH ICE TEA LEMON LIME 20'SX14.5GM,RM15.75,,https://vgg.bites.com.my/collections/beverages/products/boh-ice-tea-lemon-lime-20-sx14-5gm
https://vgg.bites.com.my/collections/beverages,Beverages,BOH 3IN1 INS TEA MIX 600,RM17.60,,https://vgg.bites.com.my/collections/beverages/products/boh-3in1-ins-tea-mix-600
https://vgg.bites.com.my/collections/beverages,Beverages,AHMAD TEA JASMINE ROMANCE 20X40G,RM11.99,RM13.20,https://vgg.bites.com.my/collections/beverages/products/ahmad-tea-jasmine-romance-20x40g
https://vgg.bites.com.my/collections/beverages,Beverages,NESCAFE GOLD 200G,RM49.65,,https://vgg.bites.com.my/collections/beverages/products/nescafe-gold-200g
https://vgg.bites.com.my/collections/beverages,Beverages,MARIGOLD PEEL FRESH ORANGE 1L,RM6.90,,https://vgg.bites.com.my/collections/beverages/products/marigold-peel-fresh-orange-1l
https://vgg.bites.com.my/collections/beverages,Beverages,TIGER BEER CAN 4X6X320ML,RM186.80,,https://vgg.bites.com.my/collections/beverages/products/tiger-beer-can-4x6x320ml
https://vgg.bites.com.my/collections/beverages,Beverages,HOMESOY MULTIGRAIN 1L,RM5.29,RM5.50,https://vgg.bites.com.my/collections/beverages/products/homesoy-multigrain-1l
https://vgg.bites.com.my/collections/beverages,Beverages,HOMESOY HONEY MELON 1L,RM3.79,RM4.00,https://vgg.bites.com.my/collections/beverages/products/homesoy-honey-melon-1l
https://vgg.bites.com.my/collections/beverages,Beverages,BONCAFE ESPRESSO COFFEE POWDER 200GM,RM25.89,RM28.40,https://vgg.bites.com.my/collections/beverages/products/boncafe-espresso-coffee-powder-200gm
https://vgg.bites.com.my/collections/beverages,Beverages,BINGGRAE MELON MILK 6X200ML,RM33.65,,https://vgg.bites.com.my/collections/beverages/products/binggrae-melon-milk-6x200ml
https://vgg.bites.com.my/collections/beverages,Beverages,AHMAD TEA EARL GREY 100S,RM20.99,RM22.95,https://vgg.bites.com.my/collections/beverages/products/ahmad-tea-earl-grey-100s
https://vgg.bites.com.my/collections/beverages,Beverages,BRASILIA BEANS ITALIAN ESPRESSO 500G,RM67.49,RM68.95,https://vgg.bites.com.my/collections/beverages/products/brasilia-beans-italian-espresso-500g
https://vgg.bites.com.my/collections/beverages,Beverages,MILO ACTIV-GO UHT 4X125ML,RM5.60,RM5.65,https://vgg.bites.com.my/collections/beverages/products/milo-activ-go-uht-4x125ml
https://vgg.bites.com.my/collections/beverages,Beverages,DILMAH ORGANIC ENGLISH BREAKFAST 20X2G,RM24.00,,https://vgg.bites.com.my/collections/beverages/products/dilmah-organic-english-breakfast-20x2g
https://vgg.bites.com.my/collections/beverages,Beverages,DASANI MINERAL WATER 600ML,RM0.95,,https://vgg.bites.com.my/collections/beverages/products/dasani-mineral-water-600ml
https://vgg.bites.com.my/collections/beverages,Beverages,DASANI DRINKING WATER 1.5L,RM1.50,,https://vgg.bites.com.my/collections/beverages/products/dasani-drinking-water-1-5l
https://vgg.bites.com.my/collections/beverages,Beverages,100 PLUS ORIGINAL 500ML,RM2.30,,https://vgg.bites.com.my/collections/beverages/products/100-plus-original-500ml
https://vgg.bites.com.my/collections/beverages,Beverages,100 PLUS ORIGINAL 325ML,RM1.75,,https://vgg.bites.com.my/collections/beverages/products/100-plus-original-325ml
https://vgg.bites.com.my/collections/beverages,Beverages,AH HUAT WHITE COFFEE LOW FAT N/SUGAR 15X20G,RM22.60,,https://vgg.bites.com.my/collections/beverages/products/ah-huat-white-coffee-low-fat-n-sugar-15x20g
https://vgg.bites.com.my/collections/beverages,Beverages,AH HUAT WHITE COFFEE GOLD MEDAL 15X38G,RM19.90,,https://vgg.bites.com.my/collections/beverages/products/ah-huat-white-coffee-gold-medal-15x38g
https://vgg.bites.com.my/collections/beverages,Beverages,AH HUAT WHITE COFFEE EXTRA RICH 15X36G,RM22.60,,https://vgg.bites.com.my/collections/beverages/products/ah-huat-white-coffee-extra-rich-15x36g
https://vgg.bites.com.my/collections/beverages,Beverages,VITAGEN GRAPE 5X125ML,RM5.60,,https://vgg.bites.com.my/collections/beverages/products/vitagen-grape-5x125ml
https://vgg.bites.com.my/collections/beverages,Beverages,VITAGEN APPLE 5X125ML,RM5.60,,https://vgg.bites.com.my/collections/beverages/products/vitagen-apple-5x125ml
https://vgg.bites.com.my/collections/beverages,Beverages,7UP 500ML,RM2.70,,https://vgg.bites.com.my/collections/beverages/products/7up-500ml
https://vgg.bites.com.my/collections/beverages,Beverages,7UP 1.5L,RM3.19,RM4.70,https://vgg.bites.com.my/collections/beverages/products/7up-1-5l
https://vgg.bites.com.my/collections/beverages,Beverages,PEPSI BLACK 400ML,RM2.90,,https://vgg.bites.com.my/collections/beverages/products/pepsi-black-400ml
https://vgg.bites.com.my/collections/beverages,Beverages,NESTLE MILO 30 LESS ADDED SUGAR 395G,RM37.40,,https://vgg.bites.com.my/collections/beverages/products/nestle-milo-30-less-added-sugar-395g
https://vgg.bites.com.my/collections/beverages,Beverages,MONJAVA COFFEE BEANS COSMOPOLITAN 500G,RM67.39,RM68.90,https://vgg.bites.com.my/collections/beverages/products/monjava-coffee-beans-cosmopolitan-500g
https://vgg.bites.com.my/collections/beverages,Beverages,LAVAZZA CREMA E AROMA BEANS 1KG,RM98.99,RM147.70,https://vgg.bites.com.my/collections/beverages/products/lavazza-crema-e-aroma-beans-1kg
https://vgg.bites.com.my/collections/beverages,Beverages,PEPSI BLACK 320ML,RM1.95,,https://vgg.bites.com.my/collections/beverages/products/pepsi-black-320ml
https://vgg.bites.com.my/collections/beverages,Beverages,MARIGOLD UHT MILK FULL CREAM 1L,RM8.20,,https://vgg.bites.com.my/collections/beverages/products/marigold-uht-milk-full-cream-1l
https://vgg.bites.com.my/collections/beverages,Beverages,MARIGOLD 100% JUICE MIX SUMMER F&V 3X200ML,RM6.20,,https://vgg.bites.com.my/collections/beverages/products/marigold-100-juice-mix-summer-f-v-3x200ml
https://vgg.bites.com.my/collections/beverages,Beverages,LAVAZZA QUALITA ROSSA TIN 250G,RM38.39,RM41.50,https://vgg.bites.com.my/collections/beverages/products/lavazza-qualita-rossa-tin-250g
https://vgg.bites.com.my/collections/beverages,Beverages,BOH DOUBLE CHAMBER 25'S,RM4.80,,https://vgg.bites.com.my/collections/beverages/products/boh-double-chamber-25s
https://vgg.bites.com.my/collections/beverages,Beverages,MARIGOLD PEEL FRESH PINK GUAVA 2L,RM13.40,,https://vgg.bites.com.my/collections/beverages/products/marigold-peel-fresh-pink-guava-2l
https://vgg.bites.com.my/collections/beverages,Beverages,SPRITE 1.5L,RM4.19,RM4.50,https://vgg.bites.com.my/collections/beverages/products/sprite-1-5l
https://vgg.bites.com.my/collections/beverages,Beverages,NESCAFE ORIGINAL CAN 240ML,RM2.70,,https://vgg.bites.com.my/collections/beverages/products/nescafe-original-can-240ml
https://vgg.bites.com.my/collections/beverages,Beverages,MARIGOLD PEEL FRESH ORANGE 300ML,RM2.75,,https://vgg.bites.com.my/collections/beverages/products/marigold-peel-fresh-orange-300ml
https://vgg.bites.com.my/collections/beverages,Beverages,ARIZONA DIET GREEN TEA 22FL OZ,RM7.00,,https://vgg.bites.com.my/collections/beverages/products/arizona-diet-green-tea-22fl-oz
https://vgg.bites.com.my/collections/beverages,Beverages,SEASONS ICE LEMON TEA 300ML,RM1.70,,https://vgg.bites.com.my/collections/beverages/products/seasons-ice-lemon-tea-300ml
https://vgg.bites.com.my/collections/beverages,Beverages,MONSTER ENERGY ULTRA 355ML,RM4.99,RM5.50,https://vgg.bites.com.my/collections/beverages/products/monster-energy-ultra-355ml
https://vgg.bites.com.my/collections/beverages,Beverages,MARIGOLD PEEL FRESH ORANGE 2L,RM13.40,,https://vgg.bites.com.my/collections/beverages/products/marigold-peel-fresh-orange-2l
https://vgg.bites.com.my/collections/beverages,Beverages,PEPSI REGULAR 320ML,RM1.95,,https://vgg.bites.com.my/collections/beverages/products/pepsi-regular-320ml
https://vgg.bites.com.my/collections/beverages,Beverages,DR PEPPER REG MINI CAN 150ML,RM4.95,,https://vgg.bites.com.my/collections/beverages/products/dr-pepper-reg-mini-can-150ml
https://vgg.bites.com.my/collections/beverages,Beverages,DUTCH LADY UHT MILKY FROZEN CHOC 4X125ML,RM5.75,,https://vgg.bites.com.my/collections/beverages/products/dutch-lady-uht-milky-frozen-choc-4x125ml
https://vgg.bites.com.my/collections/beverages,Beverages,SOMERSBY BLACK BERRY CAN 320ML,RM9.05,,https://vgg.bites.com.my/collections/beverages/products/somersby-black-berry-can-320ml
https://vgg.bites.com.my/collections/beverages,Beverages,CARLSBERG BEER CAN (GL) 320ML,RM9.10,,https://vgg.bites.com.my/collections/beverages/products/carlsberg-beer-can-gl-320ml
https://vgg.bites.com.my/collections/beverages,Beverages,CARLSBERG BEER CAN (GL) 500ML,RM13.35,,https://vgg.bites.com.my/collections/beverages/products/carlsberg-beer-can-gl-500ml
https://vgg.bites.com.my/collections/beverages,Beverages,ROYAL STOUT CAN 320ML,RM9.30,,https://vgg.bites.com.my/collections/beverages/products/royal-stout-can-320ml
https://vgg.bites.com.my/collections/beverages,Beverages,CARLSBERG SMOOTH DRAUGHT BEER CAN 500ML,RM13.35,,https://vgg.bites.com.my/collections/beverages/products/carlsberg-smooth-draught-beer-can-500ml
https://vgg.bites.com.my/collections/beverages,Beverages,CONNOR'S 320ML,RM9.90,RM10.60,https://vgg.bites.com.my/collections/beverages/products/connor-s-320ml
https://vgg.bites.com.my/collections/beverages,Beverages,DUTCH LADY UHT STRAWBERRY 6X200ML,RM10.20,RM11.20,https://vgg.bites.com.my/collections/beverages/products/dutch-lady-uht-strawberry-6x200ml
https://vgg.bites.com.my/collections/beverages,Beverages,DUTCH LADY UHT LOW FAT 6X200ML,RM10.20,RM11.20,https://vgg.bites.com.my/collections/beverages/products/dutch-lady-uht-low-fat-6x200ml
https://vgg.bites.com.my/collections/beverages,Beverages,YEOS SOYA BEAN 6X250ML,RM6.49,RM6.80,https://vgg.bites.com.my/collections/beverages/products/yeos-soya-bean-6x250ml
https://vgg.bites.com.my/collections/beverages,Beverages,DILMAH EXCPT BERRY SENSATION 20'S,RM14.85,,https://vgg.bites.com.my/collections/beverages/products/dilmah-excpt-berry-sensation-20-s
https://vgg.bites.com.my/collections/beverages,Beverages,DASANI MINERAL WATER 1.5L,RM2.00,,https://vgg.bites.com.my/collections/beverages/products/dasani-mineral-water-1-5l
https://vgg.bites.com.my/collections/beverages,Beverages,DASANI DRINKING WATER 600ML,RM0.85,,https://vgg.bites.com.my/collections/beverages/products/dasani-drinking-water-600ml
https://vgg.bites.com.my/collections/pasta-rice-noodles,Pasta Rice Noodles,MEWAH SARAWAK BLACK PEPPERCORN 40G,RM4.50,,https://vgg.bites.com.my/collections/pasta-rice-noodles/products/mewah-sarawak-black-peppercorn-40g
https://vgg.bites.com.my/collections/pasta-rice-noodles,Pasta Rice Noodles,NONA KETUPAT MINI 600G,RM8.40,,https://vgg.bites.com.my/collections/pasta-rice-noodles/products/nona-ketupat-mini-600g
https://vgg.bites.com.my/collections/pasta-rice-noodles,Pasta Rice Noodles,JASMINE SUNWHITE FRAGRANT RICE 5KG,RM31.99,RM37.05,https://vgg.bites.com.my/collections/pasta-rice-noodles/products/jasmine-sunwhite-fragrant-rice-5kg
https://vgg.bites.com.my/collections/pasta-rice-noodles,Pasta Rice Noodles,SUMO CALROSE RICE 5KG,RM28.99,RM34.80,https://vgg.bites.com.my/collections/pasta-rice-noodles/products/sumo-calrose-rice-5kg
https://vgg.bites.com.my/collections/pasta-rice-noodles,Pasta Rice Noodles,SAN REMO LARGE SHEET LASAGNA 250G,RM6.25,,https://vgg.bites.com.my/collections/pasta-rice-noodles/products/san-remo-large-sheet-lasagna-250g
https://vgg.bites.com.my/collections/pasta-rice-noodles,Pasta Rice Noodles,SAN REMO INSTANT LASAGNA 250G,RM6.25,,https://vgg.bites.com.my/collections/pasta-rice-noodles/products/san-remo-instant-lasagna-250g
https://vgg.bites.com.my/collections/pasta-rice-noodles,Pasta Rice Noodles,PREGO MACARONI 500G,RM4.89,RM5.20,https://vgg.bites.com.my/collections/pasta-rice-noodles/products/prego-macaroni-500g
https://vgg.bites.com.my/collections/pasta-rice-noodles,Pasta Rice Noodles,KIMBALL SPAGHETTI 400G,RM3.89,RM4.05,https://vgg.bites.com.my/collections/pasta-rice-noodles/products/kimball-spaghetti-400g
https://vgg.bites.com.my/collections/pasta-rice-noodles,Pasta Rice Noodles,MEWAH TRI-MIX RICE 1KG,RM9.10,,https://vgg.bites.com.my/collections/pasta-rice-noodles/products/mewah-tri-mix-rice-1kg
https://vgg.bites.com.my/collections/pasta-rice-noodles,Pasta Rice Noodles,ECOBROWNS GOLD WHOLEGRAIN MIX 5KG,RM29.79,RM37.00,https://vgg.bites.com.my/collections/pasta-rice-noodles/products/ecobrowns-gold-wholegrain-mix-5kg
https://vgg.bites.com.my/collections/pasta-rice-noodles,Pasta Rice Noodles,MEWAH BROWN RICE 1KG,RM6.75,,https://vgg.bites.com.my/collections/pasta-rice-noodles/products/mewah-brown-rice-1kg
https://vgg.bites.com.my/collections/pasta-rice-noodles,Pasta Rice Noodles,MEWAH BLACK RICE 1KG,RM18.25,,https://vgg.bites.com.my/collections/pasta-rice-noodles/products/mewah-black-rice-1kg
https://vgg.bites.com.my/collections/pasta-rice-noodles,Pasta Rice Noodles,JASMINE SUPER 5 IMPORT 5KG,RM18.39,RM21.80,https://vgg.bites.com.my/collections/pasta-rice-noodles/products/jasmine-super-5-import-5kg
https://vgg.bites.com.my/collections/pasta-rice-noodles,Pasta Rice Noodles,JASMINE SUNWHITE FRAGRANT RICE 10KG,RM60.29,RM71.00,https://vgg.bites.com.my/collections/pasta-rice-noodles/products/jasmine-sunwhite-fragrant-rice-10kg
https://vgg.bites.com.my/collections/pasta-rice-noodles,Pasta Rice Noodles,JASMINE PUSA CREAM BASMATHI SELLA PARBOI 5KG,RM33.99,RM49.90,https://vgg.bites.com.my/collections/pasta-rice-noodles/products/jasmine-pusa-cream-basmathi-sella-parboi-5kg
https://vgg.bites.com.my/collections/pasta-rice-noodles,Pasta Rice Noodles,SAN REMO PENNE RIGATI 500G,RM5.30,,https://vgg.bites.com.my/collections/pasta-rice-noodles/products/san-remo-penne-rigati-500g
https://vgg.bites.com.my/collections/pasta-rice-noodles,Pasta Rice Noodles,STAR BRAND BIHUN 400GM,RM3.90,,https://vgg.bites.com.my/collections/pasta-rice-noodles/products/star-brand-bihun-400gm
https://vgg.bites.com.my/collections/pasta-rice-noodles,Pasta Rice Noodles,SAN REMO WHOLEMEAL SPAGHETTI 500G,RM7.05,,https://vgg.bites.com.my/collections/pasta-rice-noodles/products/san-remo-wholemeal-spaghetti-500g
https://vgg.bites.com.my/collections/pasta-rice-noodles,Pasta Rice Noodles,SAN REMO VEGERONI SPIRALS 375G,RM5.30,,https://vgg.bites.com.my/collections/pasta-rice-noodles/products/san-remo-vegeroni-spirals-375g
https://vgg.bites.com.my/collections/pasta-rice-noodles,Pasta Rice Noodles,SAN REMO SPIRALS NO 16 500G,RM5.30,,https://vgg.bites.com.my/collections/pasta-rice-noodles/products/san-remo-spirals-no-16-500g
https://vgg.bites.com.my/collections/pasta-rice-noodles,Pasta Rice Noodles,SAN REMO SOUP PASTA 500G,RM5.45,,https://vgg.bites.com.my/collections/pasta-rice-noodles/products/san-remo-soup-pasta-500g
https://vgg.bites.com.my/collections/pasta-rice-noodles,Pasta Rice Noodles,MYOJO DRY BOWL MALA XIANG GUO 100G,RM6.35,,https://vgg.bites.com.my/collections/pasta-rice-noodles/products/myojo-dry-bowl-mala-xiang-guo-100g
https://vgg.bites.com.my/collections/pasta-rice-noodles,Pasta Rice Noodles,MYOJO CHAR MEE 100 5X75G,RM9.65,,https://vgg.bites.com.my/collections/pasta-rice-noodles/products/myojo-char-mee-100-5x75g
https://vgg.bites.com.my/collections/pasta-rice-noodles,Pasta Rice Noodles,PREGO BUDDIES OCEAN DRY PASTA 200G,RM3.05,,https://vgg.bites.com.my/collections/pasta-rice-noodles/products/prego-buddies-ocean-dry-pasta-200g
https://vgg.bites.com.my/collections/pasta-rice-noodles,Pasta Rice Noodles,KIMBALL ANGEL HAIR 400G,RM3.89,RM4.05,https://vgg.bites.com.my/collections/pasta-rice-noodles/products/kimball-angel-hair-400g
https://vgg.bites.com.my/collections/pasta-rice-noodles,Pasta Rice Noodles,DRAGON FRAGRANT RICE 10KG,RM57.05,,https://vgg.bites.com.my/collections/pasta-rice-noodles/products/dragon-fragrant-rice-10kg
https://vgg.bites.com.my/collections/pasta-rice-noodles,Pasta Rice Noodles,DRAGON FRAGRANT RICE 1KG,RM7.90,,https://vgg.bites.com.my/collections/pasta-rice-noodles/products/dragon-fragrant-rice-1kg
https://vgg.bites.com.my/collections/pasta-rice-noodles,Pasta Rice Noodles,ALCE NERO ORGANIC TRICOLORE SPAGHETTI 500G,RM8.29,RM9.30,https://vgg.bites.com.my/collections/pasta-rice-noodles/products/alce-nero-organic-tricolore-spaghetti-500g
https://vgg.bites.com.my/collections/pasta-rice-noodles,Pasta Rice Noodles,BARILLA SPAGHETTI NO.5 INTEGRALI 500G,RM11.65,,https://vgg.bites.com.my/collections/pasta-rice-noodles/products/barilla-spaghetti-no-5-integrali-500g
https://vgg.bites.com.my/collections/pasta-rice-noodles,Pasta Rice Noodles,BARILLA FARFELLE 500G,RM6.99,RM8.50,https://vgg.bites.com.my/collections/pasta-rice-noodles/products/barilla-farfelle-500g
https://vgg.bites.com.my/collections/pasta-rice-noodles,Pasta Rice Noodles,BARILLA MACCHERONI 44 500G,RM6.99,RM8.50,https://vgg.bites.com.my/collections/pasta-rice-noodles/products/barilla-maccheroni-44-500g
https://vgg.bites.com.my/collections/pasta-rice-noodles,Pasta Rice Noodles,BARILLA PENNE RIGATE 500G,RM6.99,RM8.40,https://vgg.bites.com.my/collections/pasta-rice-noodles/products/barilla-penne-rigate-500g
https://vgg.bites.com.my/collections/pasta-rice-noodles,Pasta Rice Noodles,BARILLA CHIFFERI 500G,RM6.99,RM8.50,https://vgg.bites.com.my/collections/pasta-rice-noodles/products/barilla-chifferi-500g
https://vgg.bites.com.my/collections/pasta-rice-noodles,Pasta Rice Noodles,BARILLA LASAGNA SEMOLA 500G,RM18.00,,https://vgg.bites.com.my/collections/pasta-rice-noodles/products/barilla-lasagna-semola-500g
https://vgg.bites.com.my/collections/pasta-rice-noodles,Pasta Rice Noodles,BARILLA FETTUCCINE N.166 500G,RM19.90,,https://vgg.bites.com.my/collections/pasta-rice-noodles/products/barilla-fettuccine-n-166-500g
https://vgg.bites.com.my/collections/pasta-rice-noodles,Pasta Rice Noodles,JASMINE BASMATHI KING IMPORT 5KG,RM33.99,RM51.30,https://vgg.bites.com.my/collections/pasta-rice-noodles/products/jasmine-basmathi-king-import-5kg
https://vgg.bites.com.my/collections/pasta-rice-noodles,Pasta Rice Noodles,ADABI KETUPAT NASI EKONOMI 780G,RM10.30,,https://vgg.bites.com.my/collections/pasta-rice-noodles/products/adabi-ketupat-nasi-ekonomi-780g
https://vgg.bites.com.my/collections/pasta-rice-noodles,Pasta Rice Noodles,SUMO CALROSE RICE 1KG,RM10.50,,https://vgg.bites.com.my/collections/pasta-rice-noodles/products/sumo-calrose-rice-1kg
https://vgg.bites.com.my/collections/pasta-rice-noodles,Pasta Rice Noodles,KIMBALL PENNE 400G,RM3.89,RM4.05,https://vgg.bites.com.my/collections/pasta-rice-noodles/products/kimball-penne-400g
https://vgg.bites.com.my/collections/pasta-rice-noodles,Pasta Rice Noodles,KIMBALL FETTUCCINE 400G,RM3.89,RM4.05,https://vgg.bites.com.my/collections/pasta-rice-noodles/products/kimball-fettuccine-400g
https://vgg.bites.com.my/collections/pasta-rice-noodles,Pasta Rice Noodles,BARILLA SPAGHETTINI N3 500G,RM6.99,RM8.15,https://vgg.bites.com.my/collections/pasta-rice-noodles/products/barilla-spaghettini-n3-500g
https://vgg.bites.com.my/collections/pasta-rice-noodles,Pasta Rice Noodles,PREGO FETTUCCINE 500G,RM4.89,RM5.20,https://vgg.bites.com.my/collections/pasta-rice-noodles/products/prego-fettuccine-500g
https://vgg.bites.com.my/collections/pasta-rice-noodles,Pasta Rice Noodles,PREGO ANGEL HAIR 500G,RM4.89,RM5.20,https://vgg.bites.com.my/collections/pasta-rice-noodles/products/prego-angel-hair-500g
https://vgg.bites.com.my/collections/pasta-rice-noodles,Pasta Rice Noodles,BARILLA BAVETTE (LINGUINE) N13 500G,RM6.99,RM8.15,https://vgg.bites.com.my/collections/pasta-rice-noodles/products/barilla-bavette-linguine-n13-500g
https://vgg.bites.com.my/collections/pasta-rice-noodles,Pasta Rice Noodles,BARILLA SPAGHETTI 500G,RM6.99,RM8.15,https://vgg.bites.com.my/collections/pasta-rice-noodles/products/barilla-spaghetti-500g
https://vgg.bites.com.my/collections/pasta-rice-noodles,Pasta Rice Noodles,ECOBROWNS SELLA CREAM PREMIUM BASMATHI 5KG,RM44.70,,https://vgg.bites.com.my/collections/pasta-rice-noodles/products/ecobrowns-sella-cream-premium-basmathi-5kg
https://vgg.bites.com.my/collections/pasta-rice-noodles,Pasta Rice Noodles,VIT INSTANT NOODLE 700G,RM7.60,,https://vgg.bites.com.my/collections/pasta-rice-noodles/products/vit-instant-noodle-700g
https://vgg.bites.com.my/collections/pasta-rice-noodles,Pasta Rice Noodles,PREGO BUDDIES ANIMAL DRY PASTA 200G,RM3.05,,https://vgg.bites.com.my/collections/pasta-rice-noodles/products/prego-buddies-animal-dry-pasta-200g
https://vgg.bites.com.my/collections/pasta-rice-noodles,Pasta Rice Noodles,MYOJO MI POH DRY 5X80G,RM9.65,,https://vgg.bites.com.my/collections/pasta-rice-noodles/products/myojo-mi-poh-dry-5x80g
https://vgg.bites.com.my/collections/pasta-rice-noodles,Pasta Rice Noodles,MYOJO CHICKEN ABALONE 5X79G,RM9.65,,https://vgg.bites.com.my/collections/pasta-rice-noodles/products/1000019428
https://vgg.bites.com.my/collections/pasta-rice-noodles,Pasta Rice Noodles,PREGO BUDDIES SPACE DRY PASTA 200G,RM3.05,,https://vgg.bites.com.my/collections/pasta-rice-noodles/products/prego-buddies-space-dry-pasta-200g
https://vgg.bites.com.my/collections/pasta-rice-noodles,Pasta Rice Noodles,DRAGON FRAGRANT RICE 5KG,RM32.10,,https://vgg.bites.com.my/collections/pasta-rice-noodles/products/dragon-fragrant-rice-5kg
https://vgg.bites.com.my/collections/pasta-rice-noodles,Pasta Rice Noodles,BALDUCCI NO. 4 SPAGHETTI 400G,RM3.40,,https://vgg.bites.com.my/collections/pasta-rice-noodles/products/balducci-no-4-spaghetti-400g
https://vgg.bites.com.my/collections/pasta-rice-noodles,Pasta Rice Noodles,PREGO SPIRAL 500G,RM4.89,RM5.20,https://vgg.bites.com.my/collections/pasta-rice-noodles/products/prego-spiral-500g
https://vgg.bites.com.my/collections/pasta-rice-noodles,Pasta Rice Noodles,SAN REMO DRY PASTA QUICK COOK SPAGHETTI 500G,RM5.45,,https://vgg.bites.com.my/collections/pasta-rice-noodles/products/san-remo-dry-pasta-quick-cook-spaghetti-500g
https://vgg.bites.com.my/collections/pasta-rice-noodles,Pasta Rice Noodles,PREGO SPICY SEAFOOD ARRABBIATA SPIRAL 70G,RM4.49,RM4.85,https://vgg.bites.com.my/collections/pasta-rice-noodles/products/prego-spicy-seafood-arrabbiata-spiral-70g
https://vgg.bites.com.my/collections/pasta-rice-noodles,Pasta Rice Noodles,CAP LILY SELAKING BASMATHI CREAM 5KG,RM29.99,RM41.05,https://vgg.bites.com.my/collections/pasta-rice-noodles/products/cap-lily-selaking-basmathi-cream-5kg
https://vgg.bites.com.my/collections/pasta-rice-noodles,Pasta Rice Noodles,PREGO MAC & CHEESE 70G,RM4.49,RM4.85,https://vgg.bites.com.my/collections/pasta-rice-noodles/products/prego-mac-cheese-70g
https://vgg.bites.com.my/collections/pasta-rice-noodles,Pasta Rice Noodles,MI SEDAAP CUP NOODLE GORENG 81G,RM2.75,,https://vgg.bites.com.my/collections/pasta-rice-noodles/products/mi-sedaap-cup-noodle-goreng-81g
https://vgg.bites.com.my/collections/pasta-rice-noodles,Pasta Rice Noodles,JATI PUSA FINEST BASMATHI 1121 5KG,RM31.99,RM45.70,https://vgg.bites.com.my/collections/pasta-rice-noodles/products/jati-pusa-finest-basmathi-1121-5kg
https://vgg.bites.com.my/collections/pasta-rice-noodles,Pasta Rice Noodles,CAP RAMBUTAN BASMATHI PUSA KING 1121 5KG,RM41.99,RM48.50,https://vgg.bites.com.my/collections/pasta-rice-noodles/products/cap-rambutan-basmathi-pusa-king-1121-5kg
https://vgg.bites.com.my/collections/pasta-rice-noodles,Pasta Rice Noodles,FAIZA BIHUN SIAM 400GM,RM4.00,,https://vgg.bites.com.my/collections/pasta-rice-noodles/products/faiza-bihun-siam-400gm
https://vgg.bites.com.my/collections/pasta-rice-noodles,Pasta Rice Noodles,SAN REMO SMALL SHELLS NO.28 500GM,RM5.45,,https://vgg.bites.com.my/collections/pasta-rice-noodles/products/san-remo-small-shells-no-28-500gm
https://vgg.bites.com.my/collections/pasta-rice-noodles,Pasta Rice Noodles,SAN REMO ELBOWS NO.35 500GM,RM5.30,,https://vgg.bites.com.my/collections/pasta-rice-noodles/products/san-remo-elbows-no-35-500gm
https://vgg.bites.com.my/collections/pasta-rice-noodles,Pasta Rice Noodles,SAN REMO MACARONI NO.38 500GM,RM5.45,,https://vgg.bites.com.my/collections/pasta-rice-noodles/products/san-remo-macaroni-no-38-500gm
https://vgg.bites.com.my/collections/pasta-rice-noodles,Pasta Rice Noodles,SAN REMO ANGEL HAIR NO.9 500GM,RM5.30,,https://vgg.bites.com.my/collections/pasta-rice-noodles/products/san-remo-angel-hair-no-9-500gm
https://vgg.bites.com.my/collections/pasta-rice-noodles,Pasta Rice Noodles,SAN REMO LINGUINE NO.1 500GM,RM5.30,,https://vgg.bites.com.my/collections/pasta-rice-noodles/products/san-remo-linguine-no-1-500gm
https://vgg.bites.com.my/collections/pasta-rice-noodles,Pasta Rice Noodles,FLORAL PREMIUM BASMATHI RICE 5KG,RM33.99,RM36.15,https://vgg.bites.com.my/collections/pasta-rice-noodles/products/floral-premium-basmathi-rice-5kg
https://vgg.bites.com.my/collections/pasta-rice-noodles,Pasta Rice Noodles,KMT SANUKI UDON 4IN1 4X200GM,RM13.00,,https://vgg.bites.com.my/collections/pasta-rice-noodles/products/kmt-sanuki-udon-4in1-4x200gm
https://vgg.bites.com.my/collections/pasta-rice-noodles,Pasta Rice Noodles,BARILLA G/FREE PENNE RIGATE 400G,RM22.55,,https://vgg.bites.com.my/collections/pasta-rice-noodles/products/barilla-g-free-penne-rigate-400g
https://vgg.bites.com.my/collections/pasta-rice-noodles,Pasta Rice Noodles,MI SEDAAP GORENG JUMBO 139G*4,RM7.45,,https://vgg.bites.com.my/collections/pasta-rice-noodles/products/mi-sedaap-goreng-jumbo-139g-4
https://vgg.bites.com.my/collections/pasta-rice-noodles,Pasta Rice Noodles,CAP RAMBUTAN BASMATHI PUSA KING 1121 2KG,RM20.19,RM22.35,https://vgg.bites.com.my/collections/pasta-rice-noodles/products/cap-rambutan-basmathi-pusa-king-1121-2kg
https://vgg.bites.com.my/collections/pasta-rice-noodles,Pasta Rice Noodles,JASMINE BIHUN 400G,RM3.09,RM3.50,https://vgg.bites.com.my/collections/pasta-rice-noodles/products/jasmine-bihun-400g
https://vgg.bites.com.my/collections/pasta-rice-noodles,Pasta Rice Noodles,A1 3 MIN INSTANT RICE VERMICELLI 455G,RM9.70,,https://vgg.bites.com.my/collections/pasta-rice-noodles/products/a1-3-min-instant-rice-vermicelli-455g
https://vgg.bites.com.my/collections/pasta-rice-noodles,Pasta Rice Noodles,JASMINE PEARL FRAGRANT 10KG,RM42.99,RM61.50,https://vgg.bites.com.my/collections/pasta-rice-noodles/products/jasmine-pearl-fragrant-10kg
https://vgg.bites.com.my/collections/pasta-rice-noodles,Pasta Rice Noodles,ALCE NERO ORG SPAGHETTINI 500GM,RM7.99,RM9.00,https://vgg.bites.com.my/collections/pasta-rice-noodles/products/alce-nero-org-spaghettini-500gm
https://vgg.bites.com.my/collections/pasta-rice-noodles,Pasta Rice Noodles,MEGAH JAPANESE FRESH UDON NOODLE 600G,RM8.30,,https://vgg.bites.com.my/collections/pasta-rice-noodles/products/megah-japanese-fresh-udon-noodle-600g
https://vgg.bites.com.my/collections/pasta-rice-noodles,Pasta Rice Noodles,MAMEE PREMIUM CURRY 5X75G,RM3.89,RM5.60,https://vgg.bites.com.my/collections/pasta-rice-noodles/products/mamee-premium-curry-5x75g
https://vgg.bites.com.my/collections/pasta-rice-noodles,Pasta Rice Noodles,BIRD OF PARADISE PHKARHNEI ORG 5KG,RM29.99,RM34.65,https://vgg.bites.com.my/collections/pasta-rice-noodles/products/bird-of-paradise-phkarhnei-org-5kg
https://vgg.bites.com.my/collections/pasta-rice-noodles,Pasta Rice Noodles,FLORAL FRAGRANT RICE 5KG,RM28.30,,https://vgg.bites.com.my/collections/pasta-rice-noodles/products/floral-fragrant-rice-5kg
https://vgg.bites.com.my/collections/pasta-rice-noodles,Pasta Rice Noodles,THAI KING FRAGRANT RICE 5KG,RM28.30,,https://vgg.bites.com.my/collections/pasta-rice-noodles/products/thai-king-fragrant-rice-5kg
https://vgg.bites.com.my/collections/pasta-rice-noodles,Pasta Rice Noodles,ALCE NERO ORG KIDS TRICOLOUR PASTA 250G,RM6.75,,https://vgg.bites.com.my/collections/pasta-rice-noodles/products/alce-nero-org-kids-tricolour-pasta-250g
https://vgg.bites.com.my/collections/pasta-rice-noodles,Pasta Rice Noodles,BALDUCCI FETTUCCINE 400G,RM3.40,,https://vgg.bites.com.my/collections/pasta-rice-noodles/products/balducci-fettuccine-400g
https://vgg.bites.com.my/collections/pasta-rice-noodles,Pasta Rice Noodles,BALDUCCI NO. 32 MACCHERONI 400G,RM3.40,,https://vgg.bites.com.my/collections/pasta-rice-noodles/products/balducci-no-32-maccheroni-400g
https://vgg.bites.com.my/collections/pasta-rice-noodles,Pasta Rice Noodles,BALDUCCI NO. 55 SPIRALI 400G,RM3.40,,https://vgg.bites.com.my/collections/pasta-rice-noodles/products/balducci-no-55-spirali-400g
https://vgg.bites.com.my/collections/pasta-rice-noodles,Pasta Rice Noodles,JASMINE SUPER 5 IMPORT 10KG,RM35.59,RM42.70,https://vgg.bites.com.my/collections/pasta-rice-noodles/products/jasmine-super-5-import-10kg
https://vgg.bites.com.my/collections/pasta-rice-noodles,Pasta Rice Noodles,MAMEE PREMIUM CHICKEN 5X73G,RM3.89,RM5.60,https://vgg.bites.com.my/collections/pasta-rice-noodles/products/mamee-premium-chicken-5x73g
https://vgg.bites.com.my/collections/pasta-rice-noodles,Pasta Rice Noodles,MEWAH NATURAL SPINACH RAMEN 250G,RM7.50,,https://vgg.bites.com.my/collections/pasta-rice-noodles/products/mewah-natural-spinach-ramen-250g
https://vgg.bites.com.my/collections/pasta-rice-noodles,Pasta Rice Noodles,MYOJO BOWL THAI TOM YAM 79G,RM4.20,,https://vgg.bites.com.my/collections/pasta-rice-noodles/products/myojo-bowl-thai-tom-yam-79g
https://vgg.bites.com.my/collections/pasta-rice-noodles,Pasta Rice Noodles,MYOJO DRY BOWL MEE GORENG 94G,RM6.35,,https://vgg.bites.com.my/collections/pasta-rice-noodles/products/myojo-dry-bowl-mee-goreng-94g
https://vgg.bites.com.my/collections/pasta-rice-noodles,Pasta Rice Noodles,ROYAL UMBRELLA THAI FRAGRANT RICE 5KG,RM28.99,RM37.90,https://vgg.bites.com.my/collections/pasta-rice-noodles/products/royal-umbrella-thai-fragrant-rice-5kg
https://vgg.bites.com.my/collections/pasta-rice-noodles,Pasta Rice Noodles,SAN REMO VERMICELLI NO.2 500GM,RM5.30,,https://vgg.bites.com.my/collections/pasta-rice-noodles/products/san-remo-vermicelli-no-2-500gm
https://vgg.bites.com.my/collections/pasta-rice-noodles,Pasta Rice Noodles,SAN REMO WAGON WHEELS 500GM,RM5.45,,https://vgg.bites.com.my/collections/pasta-rice-noodles/products/san-remo-wagon-wheels-500gm
https://vgg.bites.com.my/collections/pasta-rice-noodles,Pasta Rice Noodles,BARILLA ANGEL HAIR NO.1 500G,RM6.99,RM8.15,https://vgg.bites.com.my/collections/pasta-rice-noodles/products/barilla-angel-hair-no-1-500g
https://vgg.bites.com.my/collections/pasta-rice-noodles,Pasta Rice Noodles,MEWAH THAI WHITE RICE 2KG,RM11.60,,https://vgg.bites.com.my/collections/pasta-rice-noodles/products/mewah-thai-white-rice-2kg
https://vgg.bites.com.my/collections/pasta-rice-noodles,Pasta Rice Noodles,MEWAH BARIO WHITE RICE 1KG,RM20.00,,https://vgg.bites.com.my/collections/pasta-rice-noodles/products/mewah-bario-white-rice-1kg
https://vgg.bites.com.my/collections/pasta-rice-noodles,Pasta Rice Noodles,FAIZA MOGHUL BASMATHI RICE 5KG,RM51.90,,https://vgg.bites.com.my/collections/pasta-rice-noodles/products/faiza-moghul-basmathi-rice-5kg
https://vgg.bites.com.my/collections/pasta-rice-noodles,Pasta Rice Noodles,FAIZA MOGHUL BASMATHI RICE 1KG,RM11.50,,https://vgg.bites.com.my/collections/pasta-rice-noodles/products/faiza-moghul-basmathi-rice-1kg
https://vgg.bites.com.my/collections/pasta-rice-noodles,Pasta Rice Noodles,NONA KETUPAT 780GM,RM8.40,,https://vgg.bites.com.my/collections/pasta-rice-noodles/products/nona-ketupat-780gm
https://vgg.bites.com.my/collections/pasta-rice-noodles,Pasta Rice Noodles,NATUREL ORGANIC SPHAGHETTI 500GM,RM8.50,,https://vgg.bites.com.my/collections/pasta-rice-noodles/products/naturel-organic-sphaghetti-500gm
https://vgg.bites.com.my/collections/pasta-rice-noodles,Pasta Rice Noodles,NATUREL ORGANIC MARCARONI 500GM,RM8.50,,https://vgg.bites.com.my/collections/pasta-rice-noodles/products/naturel-organic-marcaroni-500gm
https://vgg.bites.com.my/collections/pasta-rice-noodles,Pasta Rice Noodles,SAN REMO SPAGHETTI NO.5 500GM,RM5.30,,https://vgg.bites.com.my/collections/pasta-rice-noodles/products/san-remo-spaghetti-no-5-500gm
https://vgg.bites.com.my/collections/pasta-rice-noodles,Pasta Rice Noodles,FLORAL FRAGRANT RICE 1KG,RM7.50,,https://vgg.bites.com.my/collections/pasta-rice-noodles/products/floral-fragrant-rice-1kg
https://vgg.bites.com.my/collections/pasta-rice-noodles,Pasta Rice Noodles,FLORAL PREMIUM IMPORTED TAIWAN RICE 5KG,RM37.90,,https://vgg.bites.com.my/collections/pasta-rice-noodles/products/floral-premium-imported-taiwan-rice-5kg
https://vgg.bites.com.my/collections/pasta-rice-noodles,Pasta Rice Noodles,FAIZA MOGHUL PARBOILED 5KG,RM53.15,,https://vgg.bites.com.my/collections/pasta-rice-noodles/products/faiza-moghul-parboiled-5kg
https://vgg.bites.com.my/collections/pasta-rice-noodles,Pasta Rice Noodles,MAHARAJA BASMATHI RICE 1KG,RM8.85,,https://vgg.bites.com.my/collections/pasta-rice-noodles/products/maharaja-basmathi-rice-1kg
https://vgg.bites.com.my/collections/pasta-rice-noodles,Pasta Rice Noodles,SAN REMO DRY PASTA QUICK COOK MACARONI 500G,RM5.45,,https://vgg.bites.com.my/collections/pasta-rice-noodles/products/san-remo-dry-pasta-quick-cook-macaroni-500g
https://vgg.bites.com.my/collections/pasta-rice-noodles,Pasta Rice Noodles,NONA KETUPAT WANGI PANDAN 780G,RM8.65,,https://vgg.bites.com.my/collections/pasta-rice-noodles/products/nona-ketupat-wangi-pandan-780g
https://vgg.bites.com.my/collections/pasta-rice-noodles,Pasta Rice Noodles,AKAGI SHO JYO-SHU AKAGI SOUMEN 270GM,RM7.05,,https://vgg.bites.com.my/collections/pasta-rice-noodles/products/akagi-sho-jyo-shu-akagi-soumen-270gm
https://vgg.bites.com.my/collections/pasta-rice-noodles,Pasta Rice Noodles,BIHUN ERAWAN 500GM,RM5.10,,https://vgg.bites.com.my/collections/pasta-rice-noodles/products/bihun-erawan-500gm
https://vgg.bites.com.my/collections/pasta-rice-noodles,Pasta Rice Noodles,AGNESI SPAGHETTI 500G,RM5.69,RM6.70,https://vgg.bites.com.my/collections/pasta-rice-noodles/products/agnesi-spaghetti-500g
https://vgg.bites.com.my/collections/pasta-rice-noodles,Pasta Rice Noodles,FLORAL PREMIUM BASMATHI RICE 1KG,RM10.15,,https://vgg.bites.com.my/collections/pasta-rice-noodles/products/floral-premium-basmathi-rice-1kg
https://vgg.bites.com.my/collections/pasta-rice-noodles,Pasta Rice Noodles,FONTANA FORMIELLO ARBORIO RISOTTO RICE 1KG,RM30.30,,https://vgg.bites.com.my/collections/pasta-rice-noodles/products/fontana-formiello-arborio-risotto-rice-1kg
https://vgg.bites.com.my/collections/pasta-rice-noodles,Pasta Rice Noodles,KIMONO PREMIUM CALROSE RICE 5KG,RM33.70,,https://vgg.bites.com.my/collections/pasta-rice-noodles/products/kimono-premium-calrose-rice-5kg
https://vgg.bites.com.my/collections/pasta-rice-noodles,Pasta Rice Noodles,LEGGO'S TOMATO PUREE 410G,RM5.95,,https://vgg.bites.com.my/collections/pasta-rice-noodles/products/leggos-tomato-puree-410g
https://vgg.bites.com.my/collections/pasta-rice-noodles,Pasta Rice Noodles,MAMEE PREMIUM DUCK 5X76G,RM3.89,RM5.60,https://vgg.bites.com.my/collections/pasta-rice-noodles/products/mamee-premium-duck-5x76g
https://vgg.bites.com.my/collections/pasta-rice-noodles,Pasta Rice Noodles,MAMEE PREMIUM VEGETARIAN 5X75G,RM3.89,RM5.60,https://vgg.bites.com.my/collections/pasta-rice-noodles/products/mamee-premium-vegetarian-5x75g
https://vgg.bites.com.my/collections/pasta-rice-noodles,Pasta Rice Noodles,PREGO MUSHROOM CARBONARA MAC 71G,RM4.49,RM4.85,https://vgg.bites.com.my/collections/pasta-rice-noodles/products/prego-mushroom-carbonara-mac-71g
https://vgg.bites.com.my/collections/pasta-rice-noodles,Pasta Rice Noodles,RADIANT ORGANIC PUMPKIN SEED 200G,RM12.50,,https://vgg.bites.com.my/collections/pasta-rice-noodles/products/radiant-organic-pumpkin-seed-200g
https://vgg.bites.com.my/collections/pasta-rice-noodles,Pasta Rice Noodles,BIRD OF PARADISE SIAM SUPER 5KG,RM26.00,,https://vgg.bites.com.my/collections/pasta-rice-noodles/products/bird-of-paradise-siam-super-5kg
https://vgg.bites.com.my/collections/pasta-rice-noodles,Pasta Rice Noodles,SING LONG DRIED VEGETARIAN NOODLE (L) 500G,RM8.75,,https://vgg.bites.com.my/collections/pasta-rice-noodles/products/sing-long-dried-vegetarian-noodle-l-500g
https://vgg.bites.com.my/collections/pasta-rice-noodles,Pasta Rice Noodles,SING LONG DRIED VEGETARIAN NOODLE (S) 500G,RM8.75,,https://vgg.bites.com.my/collections/pasta-rice-noodles/products/sing-long-dried-vegetarian-noodle-s-500g
https://vgg.bites.com.my/collections/pasta-rice-noodles,Pasta Rice Noodles,BIRD OF PARADISE FRAGRANT RICE 10KG,RM57.99,RM63.80,https://vgg.bites.com.my/collections/pasta-rice-noodles/products/bird-of-paradise-fragrant-rice-10kg
https://vgg.bites.com.my/collections/pasta-rice-noodles,Pasta Rice Noodles,IBUMIE MEE BAA..GUS MG ASLI EXT.PDS 5X70G,RM5.10,,https://vgg.bites.com.my/collections/pasta-rice-noodles/products/ibumie-mee-baagus-mg-asli-extpds-5x70g
https://vgg.bites.com.my/collections/pasta-rice-noodles,Pasta Rice Noodles,MEWAH NATURAL BROCOLLI RAMEN 250G,RM7.50,,https://vgg.bites.com.my/collections/pasta-rice-noodles/products/mewah-natural-brocolli-ramen-250g
https://vgg.bites.com.my/collections/pasta-rice-noodles,Pasta Rice Noodles,IBUMIE PENANG WHITE CURRY (BOWL) 105G,RM5.45,,https://vgg.bites.com.my/collections/pasta-rice-noodles/products/ibumie-penang-white-curry-bowl-105g
https://vgg.bites.com.my/collections/pasta-rice-noodles,Pasta Rice Noodles,SAN REMO LA PASTA  ALFREDO 120G,RM4.80,,https://vgg.bites.com.my/collections/pasta-rice-noodles/products/san-remo-la-pasta-alfredo-120g
https://vgg.bites.com.my/collections/pasta-rice-noodles,Pasta Rice Noodles,SAN REMO LA PASTA CREAMY MROOM&ONION 120G,RM4.80,,https://vgg.bites.com.my/collections/pasta-rice-noodles/products/san-remo-la-pasta-creamy-mroom-onion-120g
https://vgg.bites.com.my/collections/pasta-rice-noodles,Pasta Rice Noodles,SAN REMO LA PASTA MACARONI&CHEESE 120G,RM4.80,,https://vgg.bites.com.my/collections/pasta-rice-noodles/products/san-remo-la-pasta-macaroni-cheese-120g
https://vgg.bites.com.my/collections/pasta-rice-noodles,Pasta Rice Noodles,SAN REMO LA PASTA MUSHROOM&HERBS 120G,RM4.80,,https://vgg.bites.com.my/collections/pasta-rice-noodles/products/san-remo-la-pasta-mushroom-herbs-120g
https://vgg.bites.com.my/collections/pasta-rice-noodles,Pasta Rice Noodles,SAN REMO LA PASTA SOUR CREAM & CHIVES 120G,RM4.80,,https://vgg.bites.com.my/collections/pasta-rice-noodles/products/san-remo-la-pasta-sour-cream-chives-120g
https://vgg.bites.com.my/collections/pasta-rice-noodles,Pasta Rice Noodles,HO I DRIED NOODLES 1KG,RM13.50,,https://vgg.bites.com.my/collections/pasta-rice-noodles/products/ho-i-dried-noodles-1kg
https://vgg.bites.com.my/collections/pasta-rice-noodles,Pasta Rice Noodles,IBUMIE BAAGUS S.AYM5X75G,RM5.10,,https://vgg.bites.com.my/collections/pasta-rice-noodles/products/ibumie-baagus-s-aym5x75g
https://vgg.bites.com.my/collections/pasta-rice-noodles,Pasta Rice Noodles,MYOJO DRY BOWL CHAR MEE 89G,RM6.35,,https://vgg.bites.com.my/collections/pasta-rice-noodles/products/myojo-dry-bowl-char-mee-89g
https://vgg.bites.com.my/collections/pasta-rice-noodles,Pasta Rice Noodles,FAIZA KASHMIR BASMATHI RICE 5KG,RM33.50,RM33.60,https://vgg.bites.com.my/collections/pasta-rice-noodles/products/faiza-kashmir-basmathi-rice-5kg
https://vgg.bites.com.my/collections/pasta-rice-noodles,Pasta Rice Noodles,JASMINE PUSA GOLD 1121 BASMATHI 5KG,RM46.99,RM51.99,https://vgg.bites.com.my/collections/pasta-rice-noodles/products/jasmine-pusa-gold-1121-basmathi-5kg
https://vgg.bites.com.my/collections/pasta-rice-noodles,Pasta Rice Noodles,JASMINE SUNWHITE FRAGRANT RICE 1KG,RM8.40,,https://vgg.bites.com.my/collections/pasta-rice-noodles/products/jasmine-sunwhite-fragrant-rice-1kg
https://vgg.bites.com.my/collections/pasta-rice-noodles,Pasta Rice Noodles,JASMINE SUNBROWN ORIGINAL 5KG,RM21.19,RM24.25,https://vgg.bites.com.my/collections/pasta-rice-noodles/products/jasmine-sunbrown-original-5kg
https://vgg.bites.com.my/collections/pasta-rice-noodles,Pasta Rice Noodles,SONGHE THAI FRAGRANT RICE 10KG,RM48.99,RM64.85,https://vgg.bites.com.my/collections/pasta-rice-noodles/products/songhe-thai-fragrant-rice-10kg
https://vgg.bites.com.my/collections/pasta-rice-noodles,Pasta Rice Noodles,KIMBALL SPIRAL 400G,RM3.89,RM4.05,https://vgg.bites.com.my/collections/pasta-rice-noodles/products/kimball-spiral-400g
https://vgg.bites.com.my/collections/pasta-rice-noodles,Pasta Rice Noodles,SAN REMO SPINACH FETTUCCINE 500G,RM5.45,,https://vgg.bites.com.my/collections/pasta-rice-noodles/products/san-remo-spinach-fettuccine-500g
https://vgg.bites.com.my/collections/pasta-rice-noodles,Pasta Rice Noodles,DE CECCO FUSILLI 34 500G,RM13.70,,https://vgg.bites.com.my/collections/pasta-rice-noodles/products/de-cecco-fusilli-34-500g
https://vgg.bites.com.my/collections/pasta-rice-noodles,Pasta Rice Noodles,DE CECCO CAPELLINI 9 500G,RM13.70,,https://vgg.bites.com.my/collections/pasta-rice-noodles/products/de-cecco-capellini-9-500g
https://vgg.bites.com.my/collections/pasta-rice-noodles,Pasta Rice Noodles,DE CECCO GNOCCHI DI PATATE 500G,RM15.50,,https://vgg.bites.com.my/collections/pasta-rice-noodles/products/de-cecco-gnocchi-di-patate-500g
https://vgg.bites.com.my/collections/pasta-rice-noodles,Pasta Rice Noodles,PASTA ZARA SPAGHETTINI 1.45MM-002 500G,RM6.80,,https://vgg.bites.com.my/collections/pasta-rice-noodles/products/pasta-zara-spaghettini-1-45mm-002-500g
https://vgg.bites.com.my/collections/pasta-rice-noodles,Pasta Rice Noodles,PASTA ZARA LINGUINE 011 500G,RM6.95,,https://vgg.bites.com.my/collections/pasta-rice-noodles/products/pasta-zara-linguine-011-500g
https://vgg.bites.com.my/collections/pasta-rice-noodles,Pasta Rice Noodles,PASTA ZARA PENNE RIGATE 049 500G,RM7.95,,https://vgg.bites.com.my/collections/pasta-rice-noodles/products/pasta-zara-penne-rigate-049-500g
https://vgg.bites.com.my/collections/pasta-rice-noodles,Pasta Rice Noodles,PASTA ZARA TAGLIATELLE 204 500G,RM10.40,,https://vgg.bites.com.my/collections/pasta-rice-noodles/products/pasta-zara-tagliatelle-204-500g
https://vgg.bites.com.my/collections/pasta-rice-noodles,Pasta Rice Noodles,AKAGI SHOKUHIN JYOSHU AKAGI HIYAMUGI 270G,RM7.05,,https://vgg.bites.com.my/collections/pasta-rice-noodles/products/akagi-shokuhin-jyoshu-akagi-hiyamugi-270g
https://vgg.bites.com.my/collections/pasta-rice-noodles,Pasta Rice Noodles,BERTOLLI CLASSICO OLIVE OIL 1000ML,RM74.60,,https://vgg.bites.com.my/collections/pasta-rice-noodles/products/bertolli-classico-olive-oil-1000ml
https://vgg.bites.com.my/collections/pasta-rice-noodles,Pasta Rice Noodles,BERTOLLI EXTRA LIGHT OLIVE OIL 1000ML,RM74.60,,https://vgg.bites.com.my/collections/pasta-rice-noodles/products/bertolli-extra-light-olive-oil-1000ml
https://vgg.bites.com.my/collections/pasta-rice-noodles,Pasta Rice Noodles,ECOBROWN PREMIER BROWN VERMICELLI 300G,RM4.95,,https://vgg.bites.com.my/collections/pasta-rice-noodles/products/ecobrown-premier-brown-vermicelli-300g
https://vgg.bites.com.my/collections/pasta-rice-noodles,Pasta Rice Noodles,JATI PREMIER RICE VERMICELLI 300G,RM3.95,,https://vgg.bites.com.my/collections/pasta-rice-noodles/products/jati-premier-rice-vermicelli-300g
https://vgg.bites.com.my/collections/pasta-rice-noodles,Pasta Rice Noodles,NONA KETUPAT PALAS PULUT HITAM 250G,RM7.46,,https://vgg.bites.com.my/collections/pasta-rice-noodles/products/nona-ketupat-palas-pulut-hitam-250g
https://vgg.bites.com.my/collections/pasta-rice-noodles,Pasta Rice Noodles,JASMINE SUPER BLUE IMPORT 10KG,RM31.69,RM41.10,https://vgg.bites.com.my/collections/pasta-rice-noodles/products/jasmine-super-blue-import-10kg
https://vgg.bites.com.my/collections/pasta-rice-noodles,Pasta Rice Noodles,NATUREL ORGANIC ANGEL HAIR 500G,RM8.50,,https://vgg.bites.com.my/collections/pasta-rice-noodles/products/naturel-organic-angel-hair-500g
https://vgg.bites.com.my/collections/pasta-rice-noodles,Pasta Rice Noodles,NATUREL ORGANIC PENNE 500G,RM8.50,,https://vgg.bites.com.my/collections/pasta-rice-noodles/products/naturel-organic-penne-500g
https://vgg.bites.com.my/collections/pasta-rice-noodles,Pasta Rice Noodles,ECO JUST BROWN RICE 5KG,RM24.45,,https://vgg.bites.com.my/collections/pasta-rice-noodles/products/eco-just-brown-rice-5kg
https://vgg.bites.com.my/collections/pasta-rice-noodles,Pasta Rice Noodles,ECOBROWNS SELLA CREAM PREMIUM BASMATHI 2KG,RM19.85,,https://vgg.bites.com.my/collections/pasta-rice-noodles/products/ecobrowns-sella-cream-premium-basmathi-2kg
https://vgg.bites.com.my/collections/pasta-rice-noodles,Pasta Rice Noodles,JATI SILKY BASMATHI WHITE RICE 2KG,RM16.99,RM18.00,https://vgg.bites.com.my/collections/pasta-rice-noodles/products/jati-silky-basmathi-white-rice-2kg
https://vgg.bites.com.my/collections/pasta-rice-noodles,Pasta Rice Noodles,CAP LILY CREAM BASMATHI 1KG,RM12.05,,https://vgg.bites.com.my/collections/pasta-rice-noodles/products/cap-lily-cream-basmathi-1kg
https://vgg.bites.com.my/collections/pasta-rice-noodles,Pasta Rice Noodles,VITS FRESH RAMEN 3*150G,RM6.05,,https://vgg.bites.com.my/collections/pasta-rice-noodles/products/vits-fresh-ramen-3-150g
https://vgg.bites.com.my/collections/pasta-rice-noodles,Pasta Rice Noodles,VITS FRESH UDON 3*200G,RM6.05,,https://vgg.bites.com.my/collections/pasta-rice-noodles/products/vits-fresh-udon-3-200g
https://vgg.bites.com.my/collections/pasta-rice-noodles,Pasta Rice Noodles,YOGOOD JUNIOR PASTA VROOM VROOM 300GM,RM10.15,,https://vgg.bites.com.my/collections/pasta-rice-noodles/products/yogood-junior-pasta-vroom-vroom-300gm
https://vgg.bites.com.my/collections/pasta-rice-noodles,Pasta Rice Noodles,YOGOOD JUNIOR PASTA FRIENDLY FARM 300GM,RM10.15,,https://vgg.bites.com.my/collections/pasta-rice-noodles/products/yogood-junior-pasta-friendly-farm-300gm
https://vgg.bites.com.my/collections/pasta-rice-noodles,Pasta Rice Noodles,SAJI COCONUT CREAM 200ML,RM4.19,RM4.75,https://vgg.bites.com.my/collections/pasta-rice-noodles/products/saji-coconut-cream-200ml
https://vgg.bites.com.my/collections/pasta-rice-noodles,Pasta Rice Noodles,ROYALE QUEEN PREMIUM PUSA BASMATHI 1121 5KG,RM40.10,,https://vgg.bites.com.my/collections/pasta-rice-noodles/products/royale-queen-premium-pusa-basmathi-1121-5kg
https://vgg.bites.com.my/collections/pasta-rice-noodles,Pasta Rice Noodles,ROYAL UMBRELLA FRAGRANT RICE 10KG,RM57.49,RM65.41,https://vgg.bites.com.my/collections/pasta-rice-noodles/products/royal-umbrella-fragrant-rice-10kg
https://vgg.bites.com.my/collections/pasta-rice-noodles,Pasta Rice Noodles,SUNFLOWER EMBRYO BROWN RICE 5KG,RM31.20,,https://vgg.bites.com.my/collections/pasta-rice-noodles/products/sunflower-embryo-brown-rice-5kg
https://vgg.bites.com.my/collections/pasta-rice-noodles,Pasta Rice Noodles,JASMINE PUSA CREAM PARBOILED BASMATHI 2KG,RM15.99,RM23.00,https://vgg.bites.com.my/collections/pasta-rice-noodles/products/jasmine-pusa-cream-parboiled-basmathi-2kg
https://vgg.bites.com.my/collections/pasta-rice-noodles,Pasta Rice Noodles,JASMINE SUNBROWN ORIGINAL 2KG,RM11.50,,https://vgg.bites.com.my/collections/pasta-rice-noodles/products/jasmine-sunbrown-original-2kg
https://vgg.bites.com.my/collections/pasta-rice-noodles,Pasta Rice Noodles,PREGO MUSHROOM CARBONARA MAC INSTANT PASTA 71G,RM5.49,RM5.90,https://vgg.bites.com.my/collections/pasta-rice-noodles/products/prego-mushroom-carbonara-mac-instant-pasta-71g
https://vgg.bites.com.my/collections/pasta-rice-noodles,Pasta Rice Noodles,PREGO MAC & CHEESE INSTANT PASTA 70G,RM5.49,RM5.90,https://vgg.bites.com.my/collections/pasta-rice-noodles/products/prego-mac-cheese-instant-pasta-70g
https://vgg.bites.com.my/collections/pasta-rice-noodles,Pasta Rice Noodles,JASMINE SUSHI RICE 5KG,RM30.99,RM37.20,https://vgg.bites.com.my/collections/pasta-rice-noodles/products/jasmine-sushi-rice-5kg
https://vgg.bites.com.my/collections/pasta-rice-noodles,Pasta Rice Noodles,MAMEE CHEF CUP CURRY LAKSA 72GM,RM3.10,,https://vgg.bites.com.my/collections/pasta-rice-noodles/products/mamee-chef-cup-curry-laksa-72gm
https://vgg.bites.com.my/collections/pasta-rice-noodles,Pasta Rice Noodles,MAMEE CHEF CUP SPICY CHIC SHIITAKE 62G,RM3.10,,https://vgg.bites.com.my/collections/pasta-rice-noodles/products/mamee-chef-cup-spicy-chic-shiitake-62g
https://vgg.bites.com.my/collections/pasta-rice-noodles,Pasta Rice Noodles,MAMEE CHEF CUP TOMYAM 72GM,RM3.10,,https://vgg.bites.com.my/collections/pasta-rice-noodles/products/mamee-chef-cup-tomyam-72gm
https://vgg.bites.com.my/collections/pasta-rice-noodles,Pasta Rice Noodles,MAMEE CHEF LONTONG CUP 84G,RM3.10,,https://vgg.bites.com.my/collections/pasta-rice-noodles/products/mamee-chef-lontong-cup-84g
https://vgg.bites.com.my/collections/pasta-rice-noodles,Pasta Rice Noodles,MAGGI HOT CUP CHICKEN 6X57G,RM14.30,,https://vgg.bites.com.my/collections/pasta-rice-noodles/products/maggi-hot-cup-chicken-6x57g
https://vgg.bites.com.my/collections/pasta-rice-noodles,Pasta Rice Noodles,MAGGI HOT CUP CURRY 6X58G,RM14.30,,https://vgg.bites.com.my/collections/pasta-rice-noodles/products/maggi-hot-cup-curry-6x58g
https://vgg.bites.com.my/collections/pasta-rice-noodles,Pasta Rice Noodles,MAGGI HOT CUP TOM YAM 6X60G,RM14.30,,https://vgg.bites.com.my/collections/pasta-rice-noodles/products/maggi-hot-cup-tom-yam-6x60g
https://vgg.bites.com.my/collections/pasta-rice-noodles,Pasta Rice Noodles,NATUREL ORGANIC FUSILLI 500GM,RM8.50,,https://vgg.bites.com.my/collections/pasta-rice-noodles/products/naturel-organic-fusilli-500gm
https://vgg.bites.com.my/collections/pasta-rice-noodles,Pasta Rice Noodles,RANA RICOTTA & SPINACH TORTELLINI 250G,RM27.70,,https://vgg.bites.com.my/collections/pasta-rice-noodles/products/rana-ricotta-spinach-tortellini-250g
https://vgg.bites.com.my/collections/pasta-rice-noodles,Pasta Rice Noodles,RANA TOMATO & MOZZARELLA TORTELLINI 250G,RM27.70,,https://vgg.bites.com.my/collections/pasta-rice-noodles/products/rana-tomato-mozzarella-tortellini-250g
https://vgg.bites.com.my/collections/pasta-rice-noodles,Pasta Rice Noodles,RANA PARMIGIANO REGGIANO RAVIOLI 250G,RM27.70,,https://vgg.bites.com.my/collections/pasta-rice-noodles/products/rana-parmigiano-reggiano-ravioli-250g
https://vgg.bites.com.my/collections/pasta-rice-noodles,Pasta Rice Noodles,CAP RAMBUTAN PUSA KING PARBOILED 1121 2KG,RM20.19,RM22.35,https://vgg.bites.com.my/collections/pasta-rice-noodles/products/cap-rambutan-pusa-king-parboiled-1121-2kg
https://vgg.bites.com.my/collections/pasta-rice-noodles,Pasta Rice Noodles,ARMANDO LA LINGUINA (LINGUINE) 500G,RM7.40,,https://vgg.bites.com.my/collections/pasta-rice-noodles/products/armando-la-linguina-linguine-500g
https://vgg.bites.com.my/collections/pasta-rice-noodles,Pasta Rice Noodles,ARMANDO LA CHITARRA (SPAGHETTI SQUARE) 500G,RM7.40,,https://vgg.bites.com.my/collections/pasta-rice-noodles/products/armando-la-chitarra-spaghetti-square-500g
https://vgg.bites.com.my/collections/pasta-rice-noodles,Pasta Rice Noodles,ARMANDO LO SPAGHETTO (SPAGHETTI) 500G,RM7.40,,https://vgg.bites.com.my/collections/pasta-rice-noodles/products/armando-lo-spaghetto-spaghetti-500g
https://vgg.bites.com.my/collections/pasta-rice-noodles,Pasta Rice Noodles,JATI SIGNATURE S SIRI IMPORT RICE 10KG,RM34.29,RM36.65,https://vgg.bites.com.my/collections/pasta-rice-noodles/products/jati-signature-s-siri-import-rice-10kg
https://vgg.bites.com.my/collections/pasta-rice-noodles,Pasta Rice Noodles,TENKA ICHIBAN BROAD NOODLE 900G,RM14.65,,https://vgg.bites.com.my/collections/pasta-rice-noodles/products/tenka-ichiban-broad-noodle-900g
https://vgg.bites.com.my/collections/pasta-rice-noodles,Pasta Rice Noodles,TENKA ICHIBAN EGG NOODLE 900G,RM14.65,,https://vgg.bites.com.my/collections/pasta-rice-noodles/products/tenka-ichiban-egg-noodle-900g
https://vgg.bites.com.my/collections/pasta-rice-noodles,Pasta Rice Noodles,TENKA ICHIBAN SHRIMP NOODLE 900G,RM14.65,,https://vgg.bites.com.my/collections/pasta-rice-noodles/products/tenka-ichiban-shrimp-noodle-900g
https://vgg.bites.com.my/collections/pasta-rice-noodles,Pasta Rice Noodles,TENKA ICHIBAN SEAFOOD NOODLE 900G,RM14.65,,https://vgg.bites.com.my/collections/pasta-rice-noodles/products/tenka-ichiban-seafood-noodle-900g
https://vgg.bites.com.my/collections/pasta-rice-noodles,Pasta Rice Noodles,GOLDEN HARVEST FRAGRANT RICE 5KG,RM30.25,,https://vgg.bites.com.my/collections/pasta-rice-noodles/products/golden-harvest-fragrant-rice-5kg
https://vgg.bites.com.my/collections/pasta-rice-noodles,Pasta Rice Noodles,BIRD OF PARADISE SIAM SUPER 10KG,RM49.35,,https://vgg.bites.com.my/collections/pasta-rice-noodles/products/bird-of-paradise-siam-super-10kg
https://vgg.bites.com.my/collections/pasta-rice-noodles,Pasta Rice Noodles,FAIZA BASMATHI UMMI 5KG,RM42.60,,https://vgg.bites.com.my/collections/pasta-rice-noodles/products/faiza-basmathi-ummi-5kg
https://vgg.bites.com.my/collections/pasta-rice-noodles,Pasta Rice Noodles,NUUNA INST NOODLE DRY NASI LEMAK 4X80G,RM6.25,,https://vgg.bites.com.my/collections/pasta-rice-noodles/products/nuuna-inst-noodle-dry-nasi-lemak-4x80g
https://vgg.bites.com.my/collections/pasta-rice-noodles,Pasta Rice Noodles,NUUNA INST NOODLE DRY SPICY CHEESE 4X80G,RM6.25,,https://vgg.bites.com.my/collections/pasta-rice-noodles/products/nuuna-inst-noodle-dry-spicy-cheese-4x80g
https://vgg.bites.com.my/collections/pasta-rice-noodles,Pasta Rice Noodles,GRANORO CANNELLONI 250G,RM7.60,,https://vgg.bites.com.my/collections/pasta-rice-noodles/products/granoro-cannelloni-250g
https://vgg.bites.com.my/collections/pasta-rice-noodles,Pasta Rice Noodles,GRANORO MAFALDINE 500GM,RM10.85,,https://vgg.bites.com.my/collections/pasta-rice-noodles/products/granoro-mafaldine-500gm
https://vgg.bites.com.my/collections/pasta-rice-noodles,Pasta Rice Noodles,GRANORO TAGLIATELLE 81 500G,RM10.85,,https://vgg.bites.com.my/collections/pasta-rice-noodles/products/granoro-tagliatelle-81-500g
https://vgg.bites.com.my/collections/pasta-rice-noodles,Pasta Rice Noodles,GRANORO GNOCCHI POTATO 500GM,RM10.85,,https://vgg.bites.com.my/collections/pasta-rice-noodles/products/granoro-gnocchi-potato-500gm
https://vgg.bites.com.my/collections/pasta-rice-noodles,Pasta Rice Noodles,GRANORO LASAGNA 500G,RM15.00,,https://vgg.bites.com.my/collections/pasta-rice-noodles/products/granoro-lasagna-500g
https://vgg.bites.com.my/collections/pasta-rice-noodles,Pasta Rice Noodles,NUUNA INST VERMICELLI DRY SPICY CHEESE 4X65G,RM6.25,,https://vgg.bites.com.my/collections/pasta-rice-noodles/products/nuuna-inst-vermicelli-dry-spicy-cheese-4x65g
https://vgg.bites.com.my/collections/pasta-rice-noodles,Pasta Rice Noodles,MAMEE CHEF CREAMY TOM YAM 4X82G,RM4.99,RM7.10,https://vgg.bites.com.my/collections/pasta-rice-noodles/products/mamee-chef-creamy-tom-yam-4x82g
https://vgg.bites.com.my/collections/pasta-rice-noodles,Pasta Rice Noodles,JASMINE BROWN RICE BIHUN 350G,RM3.70,,https://vgg.bites.com.my/collections/pasta-rice-noodles/products/jasmine-brown-rice-bihun-350g
https://vgg.bites.com.my/collections/pasta-rice-noodles,Pasta Rice Noodles,MAMEE CHEF CURRY LAKSA 4X89G,RM4.99,RM7.10,https://vgg.bites.com.my/collections/pasta-rice-noodles/products/mamee-chef-curry-laksa-4x89g
https://vgg.bites.com.my/collections/pasta-rice-noodles,Pasta Rice Noodles,MAMEE CHEF LONTONG 4X97G,RM4.99,RM7.10,https://vgg.bites.com.my/collections/pasta-rice-noodles/products/mamee-chef-lontong-4x97g
https://vgg.bites.com.my/collections/pasta-rice-noodles,Pasta Rice Noodles,MAMEE CHEF SPICY CHICKEN SHITAKE 4X78G,RM4.99,RM7.10,https://vgg.bites.com.my/collections/pasta-rice-noodles/products/mamee-chef-spicy-chicken-shitake-4x78g
https://vgg.bites.com.my/collections/pasta-rice-noodles,Pasta Rice Noodles,MAMEE CHEF SARAWAK LAKSA 4X90G,RM4.99,RM7.10,https://vgg.bites.com.my/collections/pasta-rice-noodles/products/mamee-chef-sarawak-laksa-4x90g
https://vgg.bites.com.my/collections/pasta-rice-noodles,Pasta Rice Noodles,GRANORO CAPPELLINI 16 500G,RM7.60,,https://vgg.bites.com.my/collections/pasta-rice-noodles/products/granoro-cappellini-16-500g
https://vgg.bites.com.my/collections/pasta-rice-noodles,Pasta Rice Noodles,GRANORO RIGOTONI 500GM,RM7.60,,https://vgg.bites.com.my/collections/pasta-rice-noodles/products/granoro-rigotoni-500gm
https://vgg.bites.com.my/collections/pasta-rice-noodles,Pasta Rice Noodles,GRANORO PENNE 27 500G,RM7.60,,https://vgg.bites.com.my/collections/pasta-rice-noodles/products/granoro-penne-27-500g
https://vgg.bites.com.my/collections/pasta-rice-noodles,Pasta Rice Noodles,GRANORO MEZZI GOMITI 500GM,RM7.60,,https://vgg.bites.com.my/collections/pasta-rice-noodles/products/granoro-mezzi-gomiti-500gm
https://vgg.bites.com.my/collections/pasta-rice-noodles,Pasta Rice Noodles,GRANORO SPIRALI GRANDI 100 500G,RM7.60,,https://vgg.bites.com.my/collections/pasta-rice-noodles/products/granoro-spirali-grandi-100-500g
https://vgg.bites.com.my/collections/pasta-rice-noodles,Pasta Rice Noodles,ADABI KETUPAT MINI 30X20G,RM10.75,,https://vgg.bites.com.my/collections/pasta-rice-noodles/products/adabi-ketupat-mini-30x20g
https://vgg.bites.com.my/collections/pasta-rice-noodles,Pasta Rice Noodles,SONGHE AAA THAI FRAGRANT 1KG,RM8.50,,https://vgg.bites.com.my/collections/pasta-rice-noodles/products/songhe-aaa-thai-fragrant-1kg
https://vgg.bites.com.my/collections/pasta-rice-noodles,Pasta Rice Noodles,FAIZA EMAS 5% SUPER IMPORT 5KG,RM19.15,,https://vgg.bites.com.my/collections/pasta-rice-noodles/products/faiza-emas-5-super-import-5kg
https://vgg.bites.com.my/collections/pasta-rice-noodles,Pasta Rice Noodles,MI SEDAAP KOREAN SPICY 5X87G,RM9.70,,https://vgg.bites.com.my/collections/pasta-rice-noodles/products/mi-sedaap-korean-spicy-5x87g
https://vgg.bites.com.my/collections/pasta-rice-noodles,Pasta Rice Noodles,MI SEDAAP KOREAN SPICY CHICKEN (SOUP) 5X77G,RM9.70,,https://vgg.bites.com.my/collections/pasta-rice-noodles/products/mi-sedaap-korean-spicy-chicken-soup-5x77g
https://vgg.bites.com.my/collections/pasta-rice-noodles,Pasta Rice Noodles,JASMINE CALFRESH CALROSE RICE 5KG,RM30.99,RM37.50,https://vgg.bites.com.my/collections/pasta-rice-noodles/products/jasmine-calfresh-calrose-rice-5kg
https://vgg.bites.com.my/collections/pasta-rice-noodles,Pasta Rice Noodles,BARONIA SQUID INK SPAGHETTI 500GM,RM14.60,,https://vgg.bites.com.my/collections/pasta-rice-noodles/products/baronia-squid-ink-spaghetti-500gm
https://vgg.bites.com.my/collections/pasta-rice-noodles,Pasta Rice Noodles,RISO GALLO ARBORIO 500G,RM21.15,,https://vgg.bites.com.my/collections/pasta-rice-noodles/products/riso-gallo-arborio-500g
https://vgg.bites.com.my/collections/pasta-rice-noodles,Pasta Rice Noodles,BARILLA FLAT FETTUCINE N6 500G,RM6.99,RM8.50,https://vgg.bites.com.my/collections/pasta-rice-noodles/products/barilla-flat-fettucine-n6-500g
https://vgg.bites.com.my/collections/pasta-rice-noodles,Pasta Rice Noodles,BARILLA PASTA LOVE 400G,RM6.99,RM8.50,https://vgg.bites.com.my/collections/pasta-rice-noodles/products/barilla-pasta-love-400g
https://vgg.bites.com.my/collections/pasta-rice-noodles,Pasta Rice Noodles,GRANORO COUSCOUS 1KG,RM15.15,,https://vgg.bites.com.my/collections/pasta-rice-noodles/products/granoro-couscous-1kg
https://vgg.bites.com.my/collections/pasta-rice-noodles,Pasta Rice Noodles,GRANORO SEMOLINA FLOUR 500G,RM6.70,,https://vgg.bites.com.my/collections/pasta-rice-noodles/products/granoro-semolina-flour-500g
https://vgg.bites.com.my/collections/pasta-rice-noodles,Pasta Rice Noodles,GRANORO FARINA OO FLOUR 1KG,RM10.00,,https://vgg.bites.com.my/collections/pasta-rice-noodles/products/granoro-farina-oo-flour-1kg
https://vgg.bites.com.my/collections/pasta-rice-noodles,Pasta Rice Noodles,GRANORO WHITE WHEAT FLOUR - PIZZA 1KG,RM12.00,,https://vgg.bites.com.my/collections/pasta-rice-noodles/products/granoro-white-wheat-flour-pizza-1kg
https://vgg.bites.com.my/collections/pasta-rice-noodles,Pasta Rice Noodles,KOSHIHIKARI PREMIUM SHORT-GRAIN RICE 5KG,RM38.40,,https://vgg.bites.com.my/collections/pasta-rice-noodles/products/koshihikari-premium-short-grain-rice-5kg
https://vgg.bites.com.my/collections/pasta-rice-noodles,Pasta Rice Noodles,PASTA DI MARTINO PENNE RIGATE 500G,RM8.90,,https://vgg.bites.com.my/collections/pasta-rice-noodles/products/pasta-di-martino-penne-rigate-500g
https://vgg.bites.com.my/collections/pasta-rice-noodles,Pasta Rice Noodles,PASTA DI MARTINO FUSILLI 500G,RM8.90,,https://vgg.bites.com.my/collections/pasta-rice-noodles/products/pasta-di-martino-fusilli-500g
https://vgg.bites.com.my/collections/pasta-rice-noodles,Pasta Rice Noodles,PASTA DI MARTINO RIGATONI 500G,RM8.90,,https://vgg.bites.com.my/collections/pasta-rice-noodles/products/pasta-di-martino-rigatoni-500g
https://vgg.bites.com.my/collections/pasta-rice-noodles,Pasta Rice Noodles,PASTA DI MARTINO SPAGHETTI 500G,RM8.90,,https://vgg.bites.com.my/collections/pasta-rice-noodles/products/pasta-di-martino-spaghetti-500g
https://vgg.bites.com.my/collections/pasta-rice-noodles,Pasta Rice Noodles,PASTA DI MARTINO LINGUINE 500G,RM8.90,,https://vgg.bites.com.my/collections/pasta-rice-noodles/products/pasta-di-martino-linguine-500g
https://vgg.bites.com.my/collections/pasta-rice-noodles,Pasta Rice Noodles,OOMORIYA VEGETABLE & CHICKEN FURIKAKE 45G,RM10.50,,https://vgg.bites.com.my/collections/pasta-rice-noodles/products/oomoriya-vegetable-chicken-furikake-45g
https://vgg.bites.com.my/collections/pasta-rice-noodles,Pasta Rice Noodles,BLACK BEAR 5 GRAINS ENERGY B.RICE ROLL 170GM,RM8.95,,https://vgg.bites.com.my/collections/pasta-rice-noodles/products/black-bear-5-grains-energy-b-rice-roll-170gm
https://vgg.bites.com.my/collections/pasta-rice-noodles,Pasta Rice Noodles,BLACK BEAR LAVER RICE CRACKERS 160G,RM9.25,,https://vgg.bites.com.my/collections/pasta-rice-noodles/products/black-bear-laver-rice-crackers-160g
https://vgg.bites.com.my/collections/pasta-rice-noodles,Pasta Rice Noodles,BARILLA PENNETTE RIGATE INTEGRALI 500G,RM11.65,,https://vgg.bites.com.my/collections/pasta-rice-noodles/products/barilla-pennette-rigate-integrali-500g
https://vgg.bites.com.my/collections/pasta-rice-noodles,Pasta Rice Noodles,MI SEDAAP KOREAN CHEESE BULDAK 5X86G,RM9.70,,https://vgg.bites.com.my/collections/pasta-rice-noodles/products/mi-sedaap-korean-cheese-buldak-5x86g
https://vgg.bites.com.my/collections/pasta-rice-noodles,Pasta Rice Noodles,BARILLA FUSILLI 98 500G,RM6.99,RM8.40,https://vgg.bites.com.my/collections/pasta-rice-noodles/products/barilla-fusilli-98-500g
https://vgg.bites.com.my/collections/pasta-rice-noodles,Pasta Rice Noodles,MAMEE CHEF WAGYU BOAT NOODLE 4X93G,RM4.99,RM7.10,https://vgg.bites.com.my/collections/pasta-rice-noodles/products/mamee-chef-wagyu-boat-noodle-4x93g
https://vgg.bites.com.my/collections/pasta-rice-noodles,Pasta Rice Noodles,SUNFLOWER PURE BASMATHI PUSA 1121 2KG,RM19.79,RM25.85,https://vgg.bites.com.my/collections/pasta-rice-noodles/products/sunflower-pure-basmathi-pusa-1121-2kg
https://vgg.bites.com.my/collections/pasta-rice-noodles,Pasta Rice Noodles,MF HOCK KIAN MEE SUAH 490GM,RM8.10,,https://vgg.bites.com.my/collections/pasta-rice-noodles/products/mf-hock-kian-mee-suah-490gm
https://vgg.bites.com.my/collections/pasta-rice-noodles,Pasta Rice Noodles,MF HOCK CHEOW MEE 490GM,RM8.10,,https://vgg.bites.com.my/collections/pasta-rice-noodles/products/mf-hock-cheow-mee-490gm
https://vgg.bites.com.my/collections/pasta-rice-noodles,Pasta Rice Noodles,MF BEI JING LA MEE 490GM,RM8.10,,https://vgg.bites.com.my/collections/pasta-rice-noodles/products/mf-bei-jing-la-mee-490gm
https://vgg.bites.com.my/collections/pasta-rice-noodles,Pasta Rice Noodles,ORIENTAL DRY PANMEE ORIGINAL 5X130G,RM22.50,,https://vgg.bites.com.my/collections/pasta-rice-noodles/products/oriental-dry-panmee-original-5x130g
https://vgg.bites.com.my/collections/pasta-rice-noodles,Pasta Rice Noodles,ORIENTAL DRY PANMME SPICY MALA 5X145G,RM32.50,,https://vgg.bites.com.my/collections/pasta-rice-noodles/products/oriental-dry-panmme-spicy-mala-5x145g
https://vgg.bites.com.my/collections/pasta-rice-noodles,Pasta Rice Noodles,SUNFLOWER KOSHIHIKARI JAPONICA CALROSE RICE 2KG,RM15.09,RM20.15,https://vgg.bites.com.my/collections/pasta-rice-noodles/products/sunflower-koshihikari-japonica-calrose-rice-2kg
https://vgg.bites.com.my/collections/pasta-rice-noodles,Pasta Rice Noodles,SONGHE RED RICE MIX THAI HOM MALI 5KG,RM42.20,,https://vgg.bites.com.my/collections/pasta-rice-noodles/products/songhe-red-rice-mix-thai-hom-mali-5kg
https://vgg.bites.com.my/collections/pasta-rice-noodles,Pasta Rice Noodles,JATI BIHUN TEMPATAN 350G,RM2.70,,https://vgg.bites.com.my/collections/pasta-rice-noodles/products/jati-bihun-tempatan-350g
https://vgg.bites.com.my/collections/pasta-rice-noodles,Pasta Rice Noodles,NATUREL ORGANIC 100% BUCKWHEAT SPAGHETTI 250G,RM14.50,,https://vgg.bites.com.my/collections/pasta-rice-noodles/products/naturel-organic-100-buckwheat-spaghetti-250g
https://vgg.bites.com.my/collections/pasta-rice-noodles,Pasta Rice Noodles,NATUREL ORGANIC 100% BROWN RICE SPAGHETTI 250G,RM14.50,,https://vgg.bites.com.my/collections/pasta-rice-noodles/products/naturel-organic-100-brown-rice-spaghetti-250g
https://vgg.bites.com.my/collections/pasta-rice-noodles,Pasta Rice Noodles,NATUREL ORGANIC 100% BROWN RICE FUSILLI 250G,RM14.50,,https://vgg.bites.com.my/collections/pasta-rice-noodles/products/naturel-organic-100-brown-rice-fusilli-250g
https://vgg.bites.com.my/collections/pasta-rice-noodles,Pasta Rice Noodles,LOVE EARTH ORGANIC BLACK WILD RICE 900GM,RM28.90,,https://vgg.bites.com.my/collections/pasta-rice-noodles/products/love-earth-organic-black-wild-rice-900gm
https://vgg.bites.com.my/collections/pasta-rice-noodles,Pasta Rice Noodles,FAIZA EMAS IMPORT RICE 10KG,RM37.25,,https://vgg.bites.com.my/collections/pasta-rice-noodles/products/faiza-emas-import-rice-10kg
https://vgg.bites.com.my/collections/pasta-rice-noodles,Pasta Rice Noodles,INDRA VALLEY PUSA 1121 BASMATHI 5KG,RM64.99,RM75.00,https://vgg.bites.com.my/collections/pasta-rice-noodles/products/indra-valley-pusa-1121-basmathi-5kg
https://vgg.bites.com.my/collections/pasta-rice-noodles,Pasta Rice Noodles,RADIANT MEEHOON BROWN RICE ORG 400G,RM9.50,,https://vgg.bites.com.my/collections/pasta-rice-noodles/products/radiant-meehoon-brown-rice-org-400g
https://vgg.bites.com.my/collections/pasta-rice-noodles,Pasta Rice Noodles,RADIANT MEEHOON BROWN RICE NATURAL 400GM,RM7.90,,https://vgg.bites.com.my/collections/pasta-rice-noodles/products/radiant-meehoon-brown-rice-natural-400gm
https://vgg.bites.com.my/collections/pasta-rice-noodles,Pasta Rice Noodles,RADIANT ORG BROWN SUGAR 1KG,RM10.99,RM13.00,https://vgg.bites.com.my/collections/pasta-rice-noodles/products/radiant-org-brown-sugar-1kg
https://vgg.bites.com.my/collections/pasta-rice-noodles,Pasta Rice Noodles,JASMINE LA SELLA STEAMED 5KG,RM32.99,RM48.95,https://vgg.bites.com.my/collections/pasta-rice-noodles/products/jasmine-la-sella-steamed-5kg
https://vgg.bites.com.my/collections/pasta-rice-noodles,Pasta Rice Noodles,JASMINE LA SELLA PARBOILED 5KG,RM32.99,RM48.95,https://vgg.bites.com.my/collections/pasta-rice-noodles/products/jasmine-la-sella-parboiled-5kg
https://vgg.bites.com.my/collections/pasta-rice-noodles,Pasta Rice Noodles,JASMINE KETUPAT MINI 600G,RM7.45,,https://vgg.bites.com.my/collections/pasta-rice-noodles/products/jasmine-ketupat-mini-600g
https://vgg.bites.com.my/collections/pasta-rice-noodles,Pasta Rice Noodles,FAIZA BASMATHI KOHINOOR 2KG,RM26.65,,https://vgg.bites.com.my/collections/pasta-rice-noodles/products/faiza-basmathi-kohinoor-2kg
https://vgg.bites.com.my/collections/pasta-rice-noodles,Pasta Rice Noodles,ALCE NERO ORG SPAGHETTI 500GM,RM7.99,RM9.00,https://vgg.bites.com.my/collections/pasta-rice-noodles/products/alce-nero-org-spaghetti-500gm
https://vgg.bites.com.my/collections/pasta-rice-noodles,Pasta Rice Noodles,ALCE NERO ORG FUSILLI 500GM,RM7.99,RM9.00,https://vgg.bites.com.my/collections/pasta-rice-noodles/products/alce-nero-org-fusilli-500gm
https://vgg.bites.com.my/collections/pasta-rice-noodles,Pasta Rice Noodles,ALCE NERO ORG PENNE RIGATE 500GM,RM7.99,RM9.00,https://vgg.bites.com.my/collections/pasta-rice-noodles/products/alce-nero-org-penne-rigate-500gm
https://vgg.bites.com.my/collections/pasta-rice-noodles,Pasta Rice Noodles,ALCE NERO ORG MACARONI 500GM,RM7.99,RM8.95,https://vgg.bites.com.my/collections/pasta-rice-noodles/products/alce-nero-org-macaroni-500gm
https://vgg.bites.com.my/collections/pasta-rice-noodles,Pasta Rice Noodles,ALCE NERO ORG TOMATO SAUCE WITH BASIL 350GM,RM15.99,RM16.60,https://vgg.bites.com.my/collections/pasta-rice-noodles/products/alce-nero-org-tomato-sauce-with-basil-350gm
https://vgg.bites.com.my/collections/pasta-rice-noodles,Pasta Rice Noodles,ALCE NERO ORG NATAPOLENA TOMATO SAUCE 350GM,RM15.99,RM16.60,https://vgg.bites.com.my/collections/pasta-rice-noodles/products/alce-nero-org-natapolena-tomato-sauce-350gm
https://vgg.bites.com.my/collections/pasta-rice-noodles,Pasta Rice Noodles,HM SOYSAUCE & SCALLION BROOT QUINOA DRY NDLE 342G,RM26.70,,https://vgg.bites.com.my/collections/pasta-rice-noodles/products/hm-soysauce-scallion-broot-quinoa-dry-ndle-342g
https://vgg.bites.com.my/collections/pasta-rice-noodles,Pasta Rice Noodles,HM PRAWN MEE QUINOA NOODLE SOUP 410G,RM26.70,,https://vgg.bites.com.my/collections/pasta-rice-noodles/products/hm-prawn-mee-quinoa-noodle-soup-410g
https://vgg.bites.com.my/collections/pasta-rice-noodles,Pasta Rice Noodles,HM CURRY LAKSA QUINOA NOODLE SOUP 450G,RM26.70,,https://vgg.bites.com.my/collections/pasta-rice-noodles/products/hm-curry-laksa-quinoa-noodle-soup-450g
https://vgg.bites.com.my/collections/pasta-rice-noodles,Pasta Rice Noodles,IFS EMERALD KONJAC KNOT 200G,RM6.60,,https://vgg.bites.com.my/collections/pasta-rice-noodles/products/ifs-emerald-konjac-knot-200g
https://vgg.bites.com.my/collections/pasta-rice-noodles,Pasta Rice Noodles,JASMINE LA SELLA GOLD 2KG,RM20.99,RM24.90,https://vgg.bites.com.my/collections/pasta-rice-noodles/products/jasmine-la-sella-gold-2kg
https://vgg.bites.com.my/collections/pasta-rice-noodles,Pasta Rice Noodles,JONGGA KIMCHI EXTRA CARROT 80G,RM7.20,,https://vgg.bites.com.my/collections/pasta-rice-noodles/products/jongga-kimchi-extra-carrot-80g
https://vgg.bites.com.my/collections/pasta-rice-noodles,Pasta Rice Noodles,JONGGA KIMCHI EXTRA SPICY 80G,RM7.20,,https://vgg.bites.com.my/collections/pasta-rice-noodles/products/jongga-kimchi-extra-spicy-80g
https://vgg.bites.com.my/collections/pasta-rice-noodles,Pasta Rice Noodles,PREGO INSTANT PASTA TRUFFLE MUSHROOM RIGATONI 80G,RM8.29,RM8.70,https://vgg.bites.com.my/collections/pasta-rice-noodles/products/prego-instant-pasta-truffle-mushroom-rigatoni-80g
https://vgg.bites.com.my/collections/pasta-rice-noodles,Pasta Rice Noodles,PREGO INSTANT PASTA FOUR CHEESE RIGATONI 80.3G,RM8.29,RM8.70,https://vgg.bites.com.my/collections/pasta-rice-noodles/products/prego-instant-pasta-four-cheese-rigatoni-80-3g
https://vgg.bites.com.my/collections/pasta-rice-noodles,Pasta Rice Noodles,HARMONI BEEHOON 400G,RM4.15,,https://vgg.bites.com.my/collections/pasta-rice-noodles/products/harmoni-beehoon-400g
https://vgg.bites.com.my/collections/pasta-rice-noodles,Pasta Rice Noodles,CAP LILY SELAKING BASMATHI STEAMED 5KG,RM29.99,RM39.05,https://vgg.bites.com.my/collections/pasta-rice-noodles/products/cap-lily-selaking-basmathi-steamed-5kg
https://vgg.bites.com.my/collections/pasta-rice-noodles,Pasta Rice Noodles,CAP RAMBUTAN FRAGRANT RICE 10KG,RM41.99,RM58.45,https://vgg.bites.com.my/collections/pasta-rice-noodles/products/cap-rambutan-fragrant-rice-10kg
https://vgg.bites.com.my/collections/pasta-rice-noodles,Pasta Rice Noodles,FAIZA BASMATHI PUSA SELA 5KG,RM46.90,,https://vgg.bites.com.my/collections/pasta-rice-noodles/products/faiza-basmathi-pusa-sela-5kg
https://vgg.bites.com.my/collections/pasta-rice-noodles,Pasta Rice Noodles,KOSHIHIKARI PREMIUM SHORT-GRAIN RICE 1KG,RM14.50,,https://vgg.bites.com.my/collections/pasta-rice-noodles/products/koshihikari-premium-short-grain-rice-1kg
https://vgg.bites.com.my/collections/pasta-rice-noodles,Pasta Rice Noodles,IFS FRESH RAMEN NOODLE 600G,RM9.90,,https://vgg.bites.com.my/collections/pasta-rice-noodles/products/ifs-fresh-ramen-noodle-600g
https://vgg.bites.com.my/collections/yoghurt,Yoghurt,DAIRY FARMERS T&C MANGO PASSION FRUIT 150GM,RM10.80,,https://vgg.bites.com.my/collections/yoghurt/products/dairy-farmers-t-c-mango-passion-fruit-150gm
https://vgg.bites.com.my/collections/yoghurt,Yoghurt,EMBORG U'GO RASPBERRY 100G,RM3.15,,https://vgg.bites.com.my/collections/yoghurt/products/emborg-u-go-raspberry-100g
https://vgg.bites.com.my/collections/yoghurt,Yoghurt,ANLENE LOW FAT YOGURT NATURAL 110G,RM1.99,RM2.05,https://vgg.bites.com.my/collections/yoghurt/products/anlene-low-fat-yogurt-natural-110g
https://vgg.bites.com.my/collections/yoghurt,Yoghurt,YAKULT ACE DOUBLE PACK,RM11.10,,https://vgg.bites.com.my/collections/yoghurt/products/yakult-ace-double-pack
https://vgg.bites.com.my/collections/yoghurt,Yoghurt,YARA NATURAL YOGURT 470G,RM6.19,RM6.75,https://vgg.bites.com.my/collections/yoghurt/products/yara-natural-yogurt-470g
https://vgg.bites.com.my/collections/yoghurt,Yoghurt,LACTEL FAT FREE YOGURT STRAWBERRY 470G,RM8.75,,https://vgg.bites.com.my/collections/yoghurt/products/lactel-fat-free-yogurt-strawberry-470g
https://vgg.bites.com.my/collections/yoghurt,Yoghurt,LACTEL FAT FREE YOGURT MIXED BERRY 470G,RM8.75,,https://vgg.bites.com.my/collections/yoghurt/products/lactel-fat-free-yogurt-mixed-berry-470g
https://vgg.bites.com.my/collections/yoghurt,Yoghurt,LACTEL FAT FREE YOGURT MANGO 470G,RM8.75,,https://vgg.bites.com.my/collections/yoghurt/products/lactel-fat-free-yogurt-mango-470g
https://vgg.bites.com.my/collections/yoghurt,Yoghurt,"LACTEL BLISS YOG DRINK APPLE,KIWI 700G",RM6.70,,https://vgg.bites.com.my/collections/yoghurt/products/lactel-bliss-yog-drink-apple-kiwi-700g
https://vgg.bites.com.my/collections/yoghurt,Yoghurt,LACTEL BLISS YOG DRINK STRAWBERRY 700G,RM6.70,,https://vgg.bites.com.my/collections/yoghurt/products/lactel-bliss-yog-drink-strawberry-700g
https://vgg.bites.com.my/collections/yoghurt,Yoghurt,LACTEL BLISS YOG DRINK MIXED BERRIES 700G,RM6.70,,https://vgg.bites.com.my/collections/yoghurt/products/lactel-bliss-yog-drink-mixed-berries-700g
https://vgg.bites.com.my/collections/yoghurt,Yoghurt,LACTEL BLISS YOG DRINK MANGO 700G,RM6.70,,https://vgg.bites.com.my/collections/yoghurt/products/lactel-bliss-yog-drink-mango-700g
https://vgg.bites.com.my/collections/yoghurt,Yoghurt,FERNLEAF CALCI-YUM MULTIFLAVOUR PACK 8X60G,RM9.19,RM10.15,https://vgg.bites.com.my/collections/yoghurt/products/fernleaf-calci-yum-multiflavour-pack-8x60g
https://vgg.bites.com.my/collections/yoghurt,Yoghurt,FARM YOGURT MANGO 120G,RM3.40,,https://vgg.bites.com.my/collections/yoghurt/products/farm-yogurt-mango-120g
https://vgg.bites.com.my/collections/yoghurt,Yoghurt,FARM YOGURT STRAWBERRIES 120G,RM3.40,,https://vgg.bites.com.my/collections/yoghurt/products/farm-yogurt-strawberries-120g
https://vgg.bites.com.my/collections/yoghurt,Yoghurt,DAIRY FARMERS T&C STRAWBERRY 150GM,RM10.80,,https://vgg.bites.com.my/collections/yoghurt/products/dairy-farmers-t-c-strawberry-150gm
https://vgg.bites.com.my/collections/yoghurt,Yoghurt,EMMI SWISS YOGURT STRAWBERRY 100G,RM5.20,,https://vgg.bites.com.my/collections/yoghurt/products/emmi-swiss-yogurt-strawberry-100g
https://vgg.bites.com.my/collections/yoghurt,Yoghurt,ELLE+VIRE MIXED BERRY YOGURT 125GM,RM4.70,,https://vgg.bites.com.my/collections/yoghurt/products/elle-vire-mixed-berry-yogurt-125gm
https://vgg.bites.com.my/collections/yoghurt,Yoghurt,FERNLEAF LOW FAT YOGURT NATURAL 110G,RM1.75,,https://vgg.bites.com.my/collections/yoghurt/products/fernleaf-low-fat-yogurt-natural-110g
https://vgg.bites.com.my/collections/yoghurt,Yoghurt,YAKULT ACE LIGHT DOUBLE PACK,RM11.90,,https://vgg.bites.com.my/collections/yoghurt/products/yakult-ace-light-double-pack
https://vgg.bites.com.my/collections/yoghurt,Yoghurt,FERNLEAF LOW FAT YOGURT MANGO 110G,RM1.75,,https://vgg.bites.com.my/collections/yoghurt/products/fernleaf-low-fat-yogurt-mango-110g
https://vgg.bites.com.my/collections/yoghurt,Yoghurt,"EMMI SWISS YOGHURT MANGO 100G""",RM5.20,,https://vgg.bites.com.my/collections/yoghurt/products/emmi-swiss-yoghurt-mango-100g
https://vgg.bites.com.my/collections/yoghurt,Yoghurt,EMMI SWISS YOGURT ALOE VERA 100G,RM5.20,,https://vgg.bites.com.my/collections/yoghurt/products/emmi-swiss-yogurt-aloe-vera-100g
https://vgg.bites.com.my/collections/yoghurt,Yoghurt,EMMI SWISS YOGURT RASPBERRY 100G,RM5.20,,https://vgg.bites.com.my/collections/yoghurt/products/emmi-swiss-yogurt-raspberry-100g
https://vgg.bites.com.my/collections/yoghurt,Yoghurt,EMMI SWISS YOGHURT APRICOT 100G,RM5.20,,https://vgg.bites.com.my/collections/yoghurt/products/emmi-swiss-yoghurt-apricot-100g
https://vgg.bites.com.my/collections/yoghurt,Yoghurt,EMMI SWISS YOGHURT PLAIN 100G,RM5.20,,https://vgg.bites.com.my/collections/yoghurt/products/emmi-swiss-yoghurt-plain-100g
https://vgg.bites.com.my/collections/yoghurt,Yoghurt,FERNLEAF LOW FAT YOGURT M/BERRY 110G,RM1.75,,https://vgg.bites.com.my/collections/yoghurt/products/fernleaf-low-fat-yogurt-m-berry-110g
https://vgg.bites.com.my/collections/yoghurt,Yoghurt,FERNLEAF LOW FAT YOGURT SBERRY 110G,RM1.75,,https://vgg.bites.com.my/collections/yoghurt/products/fernleaf-low-fat-yogurt-sberry-110g
https://vgg.bites.com.my/collections/yoghurt,Yoghurt,EMMI SWISS YOGURT PINEAPPLE 100G,RM5.20,,https://vgg.bites.com.my/collections/yoghurt/products/emmi-swiss-yogurt-pineapple-100g
https://vgg.bites.com.my/collections/yoghurt,Yoghurt,EMMI SWISS YOGURT APPLE 100G,RM5.20,,https://vgg.bites.com.my/collections/yoghurt/products/emmi-swiss-yogurt-apple-100g
https://vgg.bites.com.my/collections/yoghurt,Yoghurt,DAIRY FARMERS THICK & CREAMY VANILLA 150G,RM10.80,,https://vgg.bites.com.my/collections/yoghurt/products/dairy-farmers-thick-creamy-vanilla-150g
https://vgg.bites.com.my/collections/yoghurt,Yoghurt,DAIRY FARMERS LEMON THICK&CREAMY YOGHURT 150G,RM10.80,,https://vgg.bites.com.my/collections/yoghurt/products/dairy-farmers-lemon-thick-creamy-yoghurt-150g
https://vgg.bites.com.my/collections/yoghurt,Yoghurt,ZOTT FRUIT 0.1 STRAWBERRY 100GM,RM2.45,,https://vgg.bites.com.my/collections/yoghurt/products/zott-fruit-0-1-strawberry-100gm
https://vgg.bites.com.my/collections/yoghurt,Yoghurt,ZOTT FRUIT 0.1 MIXED BERRIED 100GM,RM2.45,,https://vgg.bites.com.my/collections/yoghurt/products/zott-fruit-0-1-mixed-berried-100gm
https://vgg.bites.com.my/collections/yoghurt,Yoghurt,LACTEL BLISS YOGHURT DRINK KURMA GULA MELAKA 700G,RM6.70,,https://vgg.bites.com.my/collections/yoghurt/products/lactel-bliss-yoghurt-drink-kurma-gula-melaka-700g
https://vgg.bites.com.my/collections/yoghurt,Yoghurt,CHOBANI GREEK YOGHURT FIT STRAWBERRY POUCH 140G,RM14.00,,https://vgg.bites.com.my/collections/yoghurt/products/chobani-greek-yoghurt-fit-strawberry-pouch-140g
https://vgg.bites.com.my/collections/yoghurt,Yoghurt,CALPIS ORIGINAL 1L,RM6.20,,https://vgg.bites.com.my/collections/yoghurt/products/calpis-original-1l
https://vgg.bites.com.my/collections/yoghurt,Yoghurt,CALPIS GRAPE 1L,RM6.20,,https://vgg.bites.com.my/collections/yoghurt/products/calpis-grape-1l
https://vgg.bites.com.my/collections/yoghurt,Yoghurt,EMBORG NATURAL YOGHURT 1L,RM19.29,RM19.60,https://vgg.bites.com.my/collections/yoghurt/products/emborg-natural-yoghurt-1l
https://vgg.bites.com.my/collections/yoghurt,Yoghurt,DAIRY FARMERS T&C CARAMEL FIG 600GM,RM27.90,,https://vgg.bites.com.my/collections/yoghurt/products/dairy-farmers-t-c-caramel-fig-600gm
https://vgg.bites.com.my/collections/yoghurt,Yoghurt,DAIRY FARMERS T&C MANGO PASSION FRUIT 600GM,RM27.90,,https://vgg.bites.com.my/collections/yoghurt/products/dairy-farmers-t-c-mango-passion-fruit-600gm
https://vgg.bites.com.my/collections/yoghurt,Yoghurt,YAKULT ACE CULTURE MILK 5X80ML,RM5.60,,https://vgg.bites.com.my/collections/yoghurt/products/yakult-ace-culture-milk-5x80ml
https://vgg.bites.com.my/collections/yoghurt,Yoghurt,YAKULT ACE LIGHT 5X80ML,RM6.00,,https://vgg.bites.com.my/collections/yoghurt/products/yakult-ace-light-5x80ml
https://vgg.bites.com.my/collections/yoghurt,Yoghurt,LACTEL NATURAL SET YOGURT 470G,RM8.20,,https://vgg.bites.com.my/collections/yoghurt/products/lactel-natural-set-yogurt-470g
https://vgg.bites.com.my/collections/yoghurt,Yoghurt,SUNGLO FRESH YOGURT 1.5KG,RM16.89,RM18.05,https://vgg.bites.com.my/collections/yoghurt/products/sunglo-fresh-yogurt-15kg
https://vgg.bites.com.my/collections/yoghurt,Yoghurt,GIPPSLAND DAIRY MIX/FLIP CHOC FUDGE HONEYCOMB 140G,RM16.55,,https://vgg.bites.com.my/collections/yoghurt/products/gippsland-dairy-mix-flip-choc-fudge-honeycomb-140g
https://vgg.bites.com.my/collections/yoghurt,Yoghurt,"LACTEL BLISS YOG DRINK TROP, MIX FRUIT 200G",RM3.05,,https://vgg.bites.com.my/collections/yoghurt/products/lactel-bliss-yog-drink-trop-mix-fruit-200g
https://vgg.bites.com.my/collections/yoghurt,Yoghurt,"LACTEL BLISS PLUS APPLE,CRANBERRY,POMEGRNTE 700ML",RM7.00,,https://vgg.bites.com.my/collections/yoghurt/products/lactel-bliss-plus-apple-cranberry-pomegrnte-700ml
https://vgg.bites.com.my/collections/yoghurt,Yoghurt,CHOBANI FLIP MINT CHOCOLATE CHIP 140G,RM12.69,RM14.10,https://vgg.bites.com.my/collections/yoghurt/products/chobani-flip-mint-chocolate-chip-140g
https://vgg.bites.com.my/collections/yoghurt,Yoghurt,FARMERS UNION GREEK STYLE NAT YOG 1KG,RM35.75,,https://vgg.bites.com.my/collections/yoghurt/products/farmers-union-greek-style-nat-yog-1kg
https://vgg.bites.com.my/collections/yoghurt,Yoghurt,FARMERS UNION GREEK VANILLA 950G,RM32.90,RM36.85,https://vgg.bites.com.my/collections/yoghurt/products/farmers-union-greek-vanilla-950g
https://vgg.bites.com.my/collections/yoghurt,Yoghurt,FARM FRESH MANGO TANGO YOG DRINK 700ML,RM6.90,,https://vgg.bites.com.my/collections/yoghurt/products/farm-fresh-mango-tango-yog-drink-700ml
https://vgg.bites.com.my/collections/yoghurt,Yoghurt,FARM FRESH MIXED BERRIES YOG DRINK 700ML,RM6.90,,https://vgg.bites.com.my/collections/yoghurt/products/farm-fresh-mixed-berries-yog-drink-700ml
https://vgg.bites.com.my/collections/yoghurt,Yoghurt,FARM FRESH ORIGINAL NAT YOG DRINK 700ML,RM6.55,,https://vgg.bites.com.my/collections/yoghurt/products/farm-fresh-original-nat-yog-drink-700ml
https://vgg.bites.com.my/collections/yoghurt,Yoghurt,FARM FRESH STRAWBERRIES YOG DRINK 700ML,RM6.90,,https://vgg.bites.com.my/collections/yoghurt/products/farm-fresh-strawberries-yog-drink-700ml
https://vgg.bites.com.my/collections/yoghurt,Yoghurt,CALPIS GRAPE 350ML,RM2.40,,https://vgg.bites.com.my/collections/yoghurt/products/calpis-grape-350ml
https://vgg.bites.com.my/collections/yoghurt,Yoghurt,CALPIS MANGO 1L,RM6.20,,https://vgg.bites.com.my/collections/yoghurt/products/calpis-mango-1l
https://vgg.bites.com.my/collections/yoghurt,Yoghurt,CALPIS MANGO 350ML,RM2.40,,https://vgg.bites.com.my/collections/yoghurt/products/calpis-mango-350ml
https://vgg.bites.com.my/collections/yoghurt,Yoghurt,CALPIS ORIGINAL 350ML,RM2.40,,https://vgg.bites.com.my/collections/yoghurt/products/calpis-original-350ml
https://vgg.bites.com.my/collections/yoghurt,Yoghurt,CHOBANI GREEK YOGHURT 0% FAT STRAWBERRY 160G,RM11.69,RM13.15,https://vgg.bites.com.my/collections/yoghurt/products/chobani-greek-yoghurt-0-fat-strawberry-160g
https://vgg.bites.com.my/collections/yoghurt,Yoghurt,CHOBANI GREEK YOGHURT 0% FAT BLUEBERRY 160G,RM11.69,RM13.15,https://vgg.bites.com.my/collections/yoghurt/products/chobani-greek-yoghurt-0-fat-blueberry-160g
https://vgg.bites.com.my/collections/yoghurt,Yoghurt,CHOBANI GREEK YOGHURT 0% FAT NATURAL LIGHT 160G,RM11.69,RM13.15,https://vgg.bites.com.my/collections/yoghurt/products/chobani-greek-yoghurt-0-fat-natural-light-160g
https://vgg.bites.com.my/collections/yoghurt,Yoghurt,CHOBANI GREEK YOGHURT 2% FAT MANGO 160G,RM11.69,RM13.15,https://vgg.bites.com.my/collections/yoghurt/products/chobani-greek-yoghurt-2-fat-mango-160g
https://vgg.bites.com.my/collections/yoghurt,Yoghurt,CHOBANI FLIP COOKIES & CREAM CRUNCH 140G,RM12.69,RM14.10,https://vgg.bites.com.my/collections/yoghurt/products/chobani-flip-cookies-cream-crunch-140g
https://vgg.bites.com.my/collections/yoghurt,Yoghurt,ANLENE LOW FAT YOGURT M/BERRIES 110G,RM1.99,RM2.05,https://vgg.bites.com.my/collections/yoghurt/products/anlene-low-fat-yogurt-m-berries-110g
https://vgg.bites.com.my/collections/yoghurt,Yoghurt,ANLENE LOW FAT YOGURT MANGO 110G,RM1.99,RM2.05,https://vgg.bites.com.my/collections/yoghurt/products/anlene-low-fat-yogurt-mango-110g
https://vgg.bites.com.my/collections/yoghurt,Yoghurt,ELLE+VIRE STRAWBERRY YOGURT 125GM,RM4.70,,https://vgg.bites.com.my/collections/yoghurt/products/elle-vire-strawberry-yogurt-125gm
https://vgg.bites.com.my/collections/yoghurt,Yoghurt,ELLE&VIRE FRUITS-BLUEBERRY 125G,RM4.70,,https://vgg.bites.com.my/collections/yoghurt/products/elle-vire-fruits-blueberry-125g
https://vgg.bites.com.my/collections/yoghurt,Yoghurt,EMBORG U'GO PEACH & PASSIONFRUIT 100G,RM3.15,,https://vgg.bites.com.my/collections/yoghurt/products/emborg-u-go-peach-passionfruit-100g
https://vgg.bites.com.my/collections/yoghurt,Yoghurt,EMBORG U'GO STRAWBERRY 100G,RM3.15,,https://vgg.bites.com.my/collections/yoghurt/products/emborg-u-go-strawberry-100g
https://vgg.bites.com.my/collections/yoghurt,Yoghurt,EMMI GREEK STYLE YOG PEACH 150GM,RM13.85,,https://vgg.bites.com.my/collections/yoghurt/products/emmi-greek-style-yog-peach-150gm
https://vgg.bites.com.my/collections/yoghurt,Yoghurt,EMMI GREEK STYLE YOG STRAWBERRY 150GM,RM13.85,,https://vgg.bites.com.my/collections/yoghurt/products/emmi-greek-style-yog-strawberry-150gm
https://vgg.bites.com.my/collections/yoghurt,Yoghurt,EMMI GREEK STYLE YOGURT BLUEBERRY 150G,RM13.85,,https://vgg.bites.com.my/collections/yoghurt/products/emmi-greek-style-yogurt-blueberry-150g
https://vgg.bites.com.my/collections/yoghurt,Yoghurt,EMMI GREEK STYLE YOGURT MANGO 150G,RM13.85,,https://vgg.bites.com.my/collections/yoghurt/products/emmi-greek-style-yogurt-mango-150g
https://vgg.bites.com.my/collections/yoghurt,Yoghurt,EMMI GREEK STYLE YOGURT RASPBERRY 150G,RM13.85,,https://vgg.bites.com.my/collections/yoghurt/products/emmi-greek-style-yogurt-raspberry-150g
https://vgg.bites.com.my/collections/yoghurt,Yoghurt,EMMI SWISS PREMIUM BLUEBERRY FOREST FRUIT YOG 450G,RM25.20,,https://vgg.bites.com.my/collections/yoghurt/products/emmi-swiss-premium-blueberry-forest-fruit-yog-450g
https://vgg.bites.com.my/collections/yoghurt,Yoghurt,EMMI SWISS YOGURT APRICOT 1KG,RM39.95,,https://vgg.bites.com.my/collections/yoghurt/products/emmi-swiss-yogurt-apricot-1kg
https://vgg.bites.com.my/collections/yoghurt,Yoghurt,EMMI SWISS YOGURT BLUEBERRY 1KG,RM39.95,,https://vgg.bites.com.my/collections/yoghurt/products/emmi-swiss-yogurt-blueberry-1kg
https://vgg.bites.com.my/collections/yoghurt,Yoghurt,EMMI SWISS YOGURT MANGO 1KG,RM39.95,,https://vgg.bites.com.my/collections/yoghurt/products/emmi-swiss-yogurt-mango-1kg
https://vgg.bites.com.my/collections/yoghurt,Yoghurt,EMMI SWISS YOGURT STRAWBERRY 1KG,RM39.95,,https://vgg.bites.com.my/collections/yoghurt/products/emmi-swiss-yogurt-strawberry-1kg
https://vgg.bites.com.my/collections/yoghurt,Yoghurt,FARM FRESH ORIGINAL YOGURT 1.4KG,RM18.70,,https://vgg.bites.com.my/collections/yoghurt/products/farm-fresh-original-yogurt-1-4kg
https://vgg.bites.com.my/collections/yoghurt,Yoghurt,FARM FRESH NATURAL YOGURT 400GM,RM5.89,RM6.50,https://vgg.bites.com.my/collections/yoghurt/products/farm-fresh-natural-yogurt-400gm
https://vgg.bites.com.my/collections/yoghurt,Yoghurt,FARMERS UNION GREEK STYLE LIGHT YOGURT 1KG,RM35.75,,https://vgg.bites.com.my/collections/yoghurt/products/farmers-union-greek-style-light-yogurt-1kg
https://vgg.bites.com.my/collections/yoghurt,Yoghurt,FARMERS UNION KIDS HONEY 90G,RM4.35,,https://vgg.bites.com.my/collections/yoghurt/products/farmers-union-kids-honey-90g
https://vgg.bites.com.my/collections/yoghurt,Yoghurt,FARM FRESH YOGHURT DRINK MANGO TANGO 200G,RM2.70,,https://vgg.bites.com.my/collections/yoghurt/products/farm-fresh-yoghurt-drink-mango-tango-200g
https://vgg.bites.com.my/collections/yoghurt,Yoghurt,FARM FRESH YOGHURT DRINK MIXED BERRIES 200G,RM2.70,,https://vgg.bites.com.my/collections/yoghurt/products/farm-fresh-yoghurt-drink-mixed-berries-200g
https://vgg.bites.com.my/collections/yoghurt,Yoghurt,FARM FRESH YOGHURT DRINK STRAWBERRIES 200G,RM2.70,,https://vgg.bites.com.my/collections/yoghurt/products/farm-fresh-yoghurt-drink-strawberries-200g
https://vgg.bites.com.my/collections/yoghurt,Yoghurt,FARMERS UNION KIDS MANGO 90G,RM4.35,,https://vgg.bites.com.my/collections/yoghurt/products/farmers-union-kids-mango-90g
https://vgg.bites.com.my/collections/yoghurt,Yoghurt,FARMERS UNION KIDS STRAWBERRY 90G,RM4.35,,https://vgg.bites.com.my/collections/yoghurt/products/farmers-union-kids-strawberry-90g
https://vgg.bites.com.my/collections/yoghurt,Yoghurt,FARMERS UNION KIDS VANILLA 90G,RM4.35,,https://vgg.bites.com.my/collections/yoghurt/products/farmers-union-kids-vanilla-90g
https://vgg.bites.com.my/collections/yoghurt,Yoghurt,FERNLEAF CALCI-YUM CHOCO N OREN/BERRY 4X60G,RM5.20,,https://vgg.bites.com.my/collections/yoghurt/products/fernleaf-calci-yum-choco-n-oren-berry-4x60g
https://vgg.bites.com.my/collections/yoghurt,Yoghurt,FERNLEAF CALCI-YUM GRAPE N STRAWBERRY 4X60G,RM5.20,,https://vgg.bites.com.my/collections/yoghurt/products/fernleaf-calci-yum-grape-n-strawberry-4x60g
https://vgg.bites.com.my/collections/yoghurt,Yoghurt,FERNLEAF CALCI-YUM VANILLA N GRAPE 4X60G,RM5.20,,https://vgg.bites.com.my/collections/yoghurt/products/fernleaf-calci-yum-vanilla-n-grape-4x60g
https://vgg.bites.com.my/collections/yoghurt,Yoghurt,GERBER GRD YOGURT MELTS STRAWBERRY 1 OZ,RM26.90,,https://vgg.bites.com.my/collections/yoghurt/products/gerber-grd-yogurt-melts-strawberry-1-oz
https://vgg.bites.com.my/collections/yoghurt,Yoghurt,"LACTEL BLISS PLUS APPLE,PASS FRUIT,LEMON 700ML",RM7.00,,https://vgg.bites.com.my/collections/yoghurt/products/lactel-bliss-plus-apple-pass-fruit-lemon-700ml
https://vgg.bites.com.my/collections/yoghurt,Yoghurt,LACTEL BLISS LESS SUGAR STRAWBERRY 700G,RM6.70,,https://vgg.bites.com.my/collections/yoghurt/products/lactel-bliss-less-sugar-strawberry-700g
https://vgg.bites.com.my/collections/yoghurt,Yoghurt,LACTEL BLISS LESS SUGAR MIXBERRIES 700G,RM6.70,,https://vgg.bites.com.my/collections/yoghurt/products/lactel-bliss-less-sugar-mixberries-700g
https://vgg.bites.com.my/collections/yoghurt,Yoghurt,LACTEL BLISS YOG DRINK MIXED BERRIES 200G,RM3.05,,https://vgg.bites.com.my/collections/yoghurt/products/lactel-bliss-yog-drink-mixed-berries-200g
https://vgg.bites.com.my/collections/yoghurt,Yoghurt,LACTEL BLISS YOG DRINK TROP & MIX FRUIT,RM6.70,,https://vgg.bites.com.my/collections/yoghurt/products/lactel-bliss-yog-drink-trop-mix-fruit
https://vgg.bites.com.my/collections/yoghurt,Yoghurt,LACTEL BLISS YOGURT DRINK MANGO 200G,RM3.05,,https://vgg.bites.com.my/collections/yoghurt/products/lactel-bliss-yogurt-drink-mango-200g
https://vgg.bites.com.my/collections/yoghurt,Yoghurt,LACTEL BLISS YOGURT DRINK STRAWBERRY 200G,RM3.05,,https://vgg.bites.com.my/collections/yoghurt/products/lactel-bliss-yogurt-drink-strawberry-200g
https://vgg.bites.com.my/collections/yoghurt,Yoghurt,LACTEL BLISS LESS SUGAR PEACH OOLONG 700G,RM6.70,,https://vgg.bites.com.my/collections/yoghurt/products/lactel-bliss-less-sugar-peach-oolong-700g
https://vgg.bites.com.my/collections/yoghurt,Yoghurt,LACTEL NATURAL SET YOGURT 1.4KG,RM17.59,RM22.35,https://vgg.bites.com.my/collections/yoghurt/products/lactel-natural-set-yogurt-1-4kg
https://vgg.bites.com.my/collections/yoghurt,Yoghurt,LACTEL GREEK SYTLE YGT NATURAL 470G,RM11.89,RM13.60,https://vgg.bites.com.my/collections/yoghurt/products/lactel-greek-sytle-ygt-natural-470g
https://vgg.bites.com.my/collections/yoghurt,Yoghurt,LACTEL GREEK SYTLE YGT PEACH 470G,RM11.89,RM13.60,https://vgg.bites.com.my/collections/yoghurt/products/lactel-greek-sytle-ygt-peach-470g
https://vgg.bites.com.my/collections/yoghurt,Yoghurt,LACTEL GREEK SYTLE YGT STRAWBERRY 470G,RM11.89,RM13.60,https://vgg.bites.com.my/collections/yoghurt/products/lactel-greek-sytle-ygt-strawberry-470g
https://vgg.bites.com.my/collections/yoghurt,Yoghurt,LACTEL GREEK YOG HONEYYUZU 470G,RM11.89,RM13.60,https://vgg.bites.com.my/collections/yoghurt/products/lactel-greek-yog-honeyyuzu-470g
https://vgg.bites.com.my/collections/yoghurt,Yoghurt,MARIGOLD FF YOG STRAWBERRY 130G,RM3.15,,https://vgg.bites.com.my/collections/yoghurt/products/marigold-ff-yog-strawberry-130g
https://vgg.bites.com.my/collections/yoghurt,Yoghurt,MARIGOLD YOGURT DRINK M/BERRIES FF 700G,RM5.59,RM6.30,https://vgg.bites.com.my/collections/yoghurt/products/marigold-yogurt-drink-m-berries-ff-700g
https://vgg.bites.com.my/collections/yoghurt,Yoghurt,MARIGOLD YOGURT DRINK SBERRY FF 700G,RM5.59,RM6.30,https://vgg.bites.com.my/collections/yoghurt/products/marigold-yogurt-drink-sberry-ff-700g
https://vgg.bites.com.my/collections/yoghurt,Yoghurt,PETIT MIAM SQUEEZIE BLUEBERRY 70GM,RM5.90,,https://vgg.bites.com.my/collections/yoghurt/products/petit-miam-squeezie-blueberry-70gm
https://vgg.bites.com.my/collections/yoghurt,Yoghurt,PETIT MIAM SQUEEZIE STRAWBERRY 70GM,RM5.90,,https://vgg.bites.com.my/collections/yoghurt/products/petit-miam-squeezie-strawberry-70gm
https://vgg.bites.com.my/collections/yoghurt,Yoghurt,YARA NATURAL YOGURT 1.4KG,RM16.00,,https://vgg.bites.com.my/collections/yoghurt/products/yara-natural-yogurt-1-4kg
https://vgg.bites.com.my/collections/yoghurt,Yoghurt,ZOTT ZOTTIS FRUIT 0.1% RASPBERRY 100G,RM2.40,,https://vgg.bites.com.my/collections/yoghurt/products/zott-zottis-fruit-0-1-raspberry-100g
https://vgg.bites.com.my/collections/yoghurt,Yoghurt,SUNGLO GREEK YOGHURT 900G,RM17.25,,https://vgg.bites.com.my/collections/yoghurt/products/sunglo-greek-yoghurt-900g
https://vgg.bites.com.my/collections/yoghurt,Yoghurt,SUNGLO LOW FAT GREEK YOGURT 900GM,RM17.25,,https://vgg.bites.com.my/collections/yoghurt/products/sunglo-low-fat-greek-yogurt-900gm
https://vgg.bites.com.my/collections/yoghurt,Yoghurt,SUNGLO YOGURT NATURAL 370G,RM6.10,,https://vgg.bites.com.my/collections/yoghurt/products/sunglo-yogurt-natural-370g
https://vgg.bites.com.my/collections/yoghurt,Yoghurt,SUNGLO LF ORANGE LASSI 700ML,RM5.80,,https://vgg.bites.com.my/collections/yoghurt/products/sunglo-lf-orange-lassi-700ml
https://vgg.bites.com.my/collections/yoghurt,Yoghurt,CHOBANI FLIP TRIPLE CHOC BROWNIE 140G,RM12.69,RM14.10,https://vgg.bites.com.my/collections/yoghurt/products/chobani-flip-triple-choc-brownie-140g
https://vgg.bites.com.my/collections/yoghurt,Yoghurt,EMMI SWISS YOGURT ALOE VERA 1KG,RM39.95,,https://vgg.bites.com.my/collections/yoghurt/products/emmi-swiss-yogurt-aloe-vera-1kg
https://vgg.bites.com.my/collections/yoghurt,Yoghurt,SUNGLO LF BLACKCURRANT LASSI 700ML,RM5.80,,https://vgg.bites.com.my/collections/yoghurt/products/sunglo-lf-blackcurrant-lassi-700ml
https://vgg.bites.com.my/collections/yoghurt,Yoghurt,SUNGLO LF MANGO LASSI 700ML,RM5.80,,https://vgg.bites.com.my/collections/yoghurt/products/sunglo-lf-mango-lassi-700ml
https://vgg.bites.com.my/collections/yoghurt,Yoghurt,SUNGLO GREEK YOGURT FULL CREAM 370G,RM7.95,,https://vgg.bites.com.my/collections/yoghurt/products/sunglo-greek-yogurt-full-cream-370g
https://vgg.bites.com.my/collections/yoghurt,Yoghurt,FARM FRESH SKINNY LOW FAT NAT YOGURT 400GM,RM5.89,RM6.50,https://vgg.bites.com.my/collections/yoghurt/products/farm-fresh-skinny-low-fat-nat-yogurt-400gm
https://vgg.bites.com.my/collections/yoghurt,Yoghurt,FARM YOGURT PEACH 120G,RM3.40,,https://vgg.bites.com.my/collections/yoghurt/products/farm-yogurt-peach-120g
https://vgg.bites.com.my/collections/yoghurt,Yoghurt,EMMI GREAT STYLE YOGURT 4% FAT 150G,RM13.85,,https://vgg.bites.com.my/collections/yoghurt/products/emmi-great-style-yogurt-4-fat-150g
https://vgg.bites.com.my/collections/yoghurt,Yoghurt,CHOBANI GREEK YOGHURT FIT BLUEBERRY 160G,RM12.75,,https://vgg.bites.com.my/collections/yoghurt/products/chobani-greek-yoghurt-fit-blueberry-160g
https://vgg.bites.com.my/collections/yoghurt,Yoghurt,CHOBANI GREEK YOGHURT FIT PASSIONFRUIT 160G,RM12.75,,https://vgg.bites.com.my/collections/yoghurt/products/chobani-greek-yoghurt-fit-passionfruit-160g
https://vgg.bites.com.my/collections/yoghurt,Yoghurt,CHOBANI GREEK YOGHURT FIT STRAWBERRY 160G,RM12.75,,https://vgg.bites.com.my/collections/yoghurt/products/chobani-greek-yoghurt-fit-strawberry-160g
https://vgg.bites.com.my/collections/yoghurt,Yoghurt,CHOBANI GREEK YOGHURT FIT TROPICAL 160G,RM12.75,,https://vgg.bites.com.my/collections/yoghurt/products/chobani-greek-yoghurt-fit-tropical-160g
https://vgg.bites.com.my/collections/yoghurt,Yoghurt,CHOBANI GREEK YOGHURT FIT VANILLA 160G,RM12.75,,https://vgg.bites.com.my/collections/yoghurt/products/chobani-greek-yoghurt-fit-vanilla-160g
https://vgg.bites.com.my/collections/yoghurt,Yoghurt,CHOBANI GREEK YOGHURT FIT SALTED CARAMEL 160G,RM12.75,,https://vgg.bites.com.my/collections/yoghurt/products/chobani-greek-yoghurt-fit-salted-caramel-160g
https://vgg.bites.com.my/collections/yoghurt,Yoghurt,DAIRY FARMERS T&C YELLOW BOX HONEY 150GM,RM10.80,,https://vgg.bites.com.my/collections/yoghurt/products/dairy-farmers-t-c-yellow-box-honey-150gm
https://vgg.bites.com.my/collections/yoghurt,Yoghurt,EMMI SWISS GREEK STYLE YOGURT BLUEBERRY 450G,RM28.80,,https://vgg.bites.com.my/collections/yoghurt/products/emmi-swiss-greek-style-yogurt-blueberry-450g
https://vgg.bites.com.my/collections/yoghurt,Yoghurt,EMMI SWISS GREEK STYLE YOGURT NATURAL 0% 450G,RM28.80,,https://vgg.bites.com.my/collections/yoghurt/products/emmi-swiss-greek-style-yogurt-natural-0-450g
https://vgg.bites.com.my/collections/yoghurt,Yoghurt,EMMI SWISS GREEK STYLE YOGURT PEACH 450G,RM28.80,,https://vgg.bites.com.my/collections/yoghurt/products/emmi-swiss-greek-style-yogurt-peach-450g
https://vgg.bites.com.my/collections/yoghurt,Yoghurt,PETIT MIAM SQUEEZIE BANANA 70GM,RM5.90,,https://vgg.bites.com.my/collections/yoghurt/products/petit-miam-squeezie-banana-70gm
https://vgg.bites.com.my/collections/yoghurt,Yoghurt,PETIT MIAM SQUEEZIE VANILLA 70GM,RM5.90,,https://vgg.bites.com.my/collections/yoghurt/products/petit-miam-squeezie-vanilla-70gm
https://vgg.bites.com.my/collections/yoghurt,Yoghurt,SUNGLO LF NATURAL LASSI 700ML,RM5.80,,https://vgg.bites.com.my/collections/yoghurt/products/sunglo-lf-natural-lassi-700ml
https://vgg.bites.com.my/collections/yoghurt,Yoghurt,SUNGLO APPLE LASSI LF 700ML,RM5.80,,https://vgg.bites.com.my/collections/yoghurt/products/sunglo-apple-lassi-lf-700ml
https://vgg.bites.com.my/collections/yoghurt,Yoghurt,PALDO PORORO TROPICAL 235ML,RM5.70,,https://vgg.bites.com.my/collections/yoghurt/products/paldo-pororo-tropical-235ml
https://vgg.bites.com.my/collections/yoghurt,Yoghurt,POPORO PEACH 235ML,RM5.70,,https://vgg.bites.com.my/collections/yoghurt/products/poporo-peach-235ml
https://vgg.bites.com.my/collections/yoghurt,Yoghurt,LACTEL YOGHURT GREEK NAT PECAN GULA MELAKA 130G,RM6.20,,https://vgg.bites.com.my/collections/yoghurt/products/lactel-yoghurt-greek-nat-pecan-gula-melaka-130g
https://vgg.bites.com.my/collections/yoghurt,Yoghurt,FARM YOGURT MIXBERRIES 120G,RM3.40,,https://vgg.bites.com.my/collections/yoghurt/products/farm-yogurt-mixberries-120g
https://vgg.bites.com.my/collections/yoghurt,Yoghurt,FARMERS UNION GREEK POUCH MANGO 130G,RM10.30,,https://vgg.bites.com.my/collections/yoghurt/products/farmers-union-greek-pouch-mango-130g
https://vgg.bites.com.my/collections/yoghurt,Yoghurt,FARMERS UNION GREEK POUCH VANILLA,RM10.30,,https://vgg.bites.com.my/collections/yoghurt/products/farmers-union-greek-pouch-vanilla
https://vgg.bites.com.my/collections/yoghurt,Yoghurt,CHOBANI GREEK YOGHURT 0% FAT RASPBERRY POUCH 140G,RM13.90,,https://vgg.bites.com.my/collections/yoghurt/products/chobani-greek-yoghurt-0-fat-raspberry-pouch-140g
https://vgg.bites.com.my/collections/yoghurt,Yoghurt,CHOBANI NSA VANILLA BEAN 150G,RM12.75,,https://vgg.bites.com.my/collections/yoghurt/products/chobani-nsa-vanilla-bean-150g
https://vgg.bites.com.my/collections/yoghurt,Yoghurt,EMMI SWISS PREMIUM MANGO PASSION FRUITS YOG 450G,RM25.20,,https://vgg.bites.com.my/collections/yoghurt/products/emmi-swiss-premium-mango-passion-fruits-yog-450g
https://vgg.bites.com.my/collections/yoghurt,Yoghurt,EMMI SWISS PREMIUM NATURAL YOGURT 0% FAT 450G,RM25.20,,https://vgg.bites.com.my/collections/yoghurt/products/emmi-swiss-premium-natural-yogurt-0-fat-450g
https://vgg.bites.com.my/collections/yoghurt,Yoghurt,EMMI SWISS PREMIUM NATURAL YOGURT 3.5% FAT 450G,RM25.20,,https://vgg.bites.com.my/collections/yoghurt/products/emmi-swiss-premium-natural-yogurt-3-5-fat-450g
https://vgg.bites.com.my/collections/yoghurt,Yoghurt,EMMI SWISS PREMIUM STRAWBERRY YOGURT 450G,RM25.20,,https://vgg.bites.com.my/collections/yoghurt/products/emmi-swiss-premium-strawberry-yogurt-450g
https://vgg.bites.com.my/collections/yoghurt,Yoghurt,BROWNES GREEK STYLE YOGURTS 1KG,RM28.69,RM31.90,https://vgg.bites.com.my/collections/yoghurt/products/brownes-greek-style-yogurts-1kg
https://vgg.bites.com.my/collections/yoghurt,Yoghurt,BROWNES GREEK YOGURTS W HONEY 1KG,RM37.19,RM42.95,https://vgg.bites.com.my/collections/yoghurt/products/brownes-greek-yogurts-w-honey-1kg
https://vgg.bites.com.my/collections/yoghurt,Yoghurt,PALDO PORORO MANGO 235ML,RM5.70,,https://vgg.bites.com.my/collections/yoghurt/products/paldo-pororo-mango-235ml
https://vgg.bites.com.my/collections/yoghurt,Yoghurt,PALDO PORORO MILKY 235ML,RM5.70,,https://vgg.bites.com.my/collections/yoghurt/products/paldo-pororo-milky-235ml
https://vgg.bites.com.my/collections/yoghurt,Yoghurt,PALDO PORORO APPLE 235ML,RM5.70,,https://vgg.bites.com.my/collections/yoghurt/products/paldo-pororo-apple-235ml
https://vgg.bites.com.my/collections/yoghurt,Yoghurt,PALDO PORORO STRAWBERRY 235ML,RM5.70,,https://vgg.bites.com.my/collections/yoghurt/products/paldo-pororo-strawberry-235ml
https://vgg.bites.com.my/collections/yoghurt,Yoghurt,PORORO GREEN GRAPE 235ML,RM5.70,,https://vgg.bites.com.my/collections/yoghurt/products/pororo-green-grape-235ml
https://vgg.bites.com.my/collections/yoghurt,Yoghurt,ELLE VIRE MON GREC STRAWBERRY 125G,RM6.75,,https://vgg.bites.com.my/collections/yoghurt/products/elle-vire-mon-grec-strawberry-125g
https://vgg.bites.com.my/collections/yoghurt,Yoghurt,ELLE VIRE MON GREC VANILLA 125G,RM6.75,,https://vgg.bites.com.my/collections/yoghurt/products/elle-vire-mon-grec-vanilla-125g
https://vgg.bites.com.my/collections/yoghurt,Yoghurt,ELLE VIRE MON GREC BLUEBERRY 125G,RM6.75,,https://vgg.bites.com.my/collections/yoghurt/products/elle-vire-mon-grec-blueberry-125g
https://vgg.bites.com.my/collections/yoghurt,Yoghurt,BROWNES NATURAL YOGHURTS STRAWBERRY 170G,RM10.60,,https://vgg.bites.com.my/collections/yoghurt/products/brownes-natural-yoghurts-strawberry-170g
https://vgg.bites.com.my/collections/yoghurt,Yoghurt,BROWNES NATURAL YOGHURTS VANILLA BEAN 170G,RM10.60,,https://vgg.bites.com.my/collections/yoghurt/products/brownes-natural-yoghurts-vanilla-bean-170g
https://vgg.bites.com.my/collections/yoghurt,Yoghurt,ELLE&VIRE PEACH DAIRY DESSERT 125G,RM4.70,,https://vgg.bites.com.my/collections/yoghurt/products/elle-vire-peach-dairy-dessert-125g
https://vgg.bites.com.my/collections/yoghurt,Yoghurt,SUNGLO NATURAL YOGHURT 135G,RM2.65,,https://vgg.bites.com.my/collections/yoghurt/products/sunglo-natural-yoghurt-135g
https://vgg.bites.com.my/collections/yoghurt,Yoghurt,SUNGLO STRAWBERRY YOGHURT 135G,RM2.65,,https://vgg.bites.com.my/collections/yoghurt/products/sunglo-strawberry-yoghurt-135g
https://vgg.bites.com.my/collections/yoghurt,Yoghurt,SUNGLO MIXBERRIES YOGHURT 135G,RM2.65,,https://vgg.bites.com.my/collections/yoghurt/products/sunglo-mixberries-yoghurt-135g
https://vgg.bites.com.my/collections/yoghurt,Yoghurt,SUNGLO MANGO YOGHURT 135G,RM2.65,,https://vgg.bites.com.my/collections/yoghurt/products/sunglo-mango-yoghurt-135g
https://vgg.bites.com.my/collections/yoghurt,Yoghurt,FERNLEAF CALCI-YUM MANGO N STRAWBERRY 4X60G,RM5.20,,https://vgg.bites.com.my/collections/yoghurt/products/fernleaf-calci-yum-mango-n-strawberry-4x60g
https://vgg.bites.com.my/collections/yoghurt,Yoghurt,LACTEL GREEK STYLE NATURAL YOGHURT 930G,RM24.50,,https://vgg.bites.com.my/collections/yoghurt/products/lactel-greek-style-natural-yoghurt-930g
https://vgg.bites.com.my/collections/yoghurt,Yoghurt,LACTEL GREEK STYLE STRAWBERRY YOGHURT 930G,RM24.50,,https://vgg.bites.com.my/collections/yoghurt/products/lactel-greek-style-strawberry-yoghurt-930g
https://vgg.bites.com.my/collections/yoghurt,Yoghurt,BROWNES GREEK STYLE YOGHURTS 500G,RM19.70,,https://vgg.bites.com.my/collections/yoghurt/products/brownes-greek-style-yoghurts-500g
https://vgg.bites.com.my/collections/yoghurt,Yoghurt,CHOBANI GREEK YOGHURT 2% FAT LEMON 160G,RM11.69,RM13.15,https://vgg.bites.com.my/collections/yoghurt/products/chobani-greek-yoghurt-2-fat-lemon-160g
https://vgg.bites.com.my/collections/yoghurt,Yoghurt,LACTEL YOGHURT COOKIES & CREAM 130G,RM6.20,,https://vgg.bites.com.my/collections/yoghurt/products/lactel-yoghurt-cookies-cream-130g
https://vgg.bites.com.my/collections/yoghurt,Yoghurt,CALPIS SODA ORIGINAL 4X320ML,RM9.89,RM10.90,https://vgg.bites.com.my/collections/yoghurt/products/calpis-soda-original-4x320ml
https://vgg.bites.com.my/collections/yoghurt,Yoghurt,CALPIS SODA GRAPE 4X320ML,RM9.89,RM10.90,https://vgg.bites.com.my/collections/yoghurt/products/calpis-soda-grape-4x320ml
https://vgg.bites.com.my/collections/yoghurt,Yoghurt,CHOBANI GREEK YOGHURT 2% FAT PASSION FRUIT 160G,RM11.69,RM13.15,https://vgg.bites.com.my/collections/yoghurt/products/chobani-greek-yoghurt-2-fat-passion-fruit-160g
https://vgg.bites.com.my/collections/yoghurt,Yoghurt,CHOBANI GREEK YOGHURT HONEY 160G,RM11.69,RM13.20,https://vgg.bites.com.my/collections/yoghurt/products/chobani-greek-yoghurt-honey-160g
https://vgg.bites.com.my/collections/yoghurt,Yoghurt,FARM FRESH GROW CLTR MILK KYOHO GRAPEMILK 5X100ML,RM4.70,,https://vgg.bites.com.my/collections/yoghurt/products/farm-fresh-grow-cltr-milk-kyoho-grapemilk-5x100ml
https://vgg.bites.com.my/collections/yoghurt,Yoghurt,FARM FRESH GROW CULTR MILK APPLE 5X100ML,RM4.70,,https://vgg.bites.com.my/collections/yoghurt/products/farm-fresh-grow-cultr-milk-apple-5x100ml
https://vgg.bites.com.my/collections/yoghurt,Yoghurt,FARM FRESH GROW CULTR MILK ICHIBA MELON 5X100ML,RM4.70,,https://vgg.bites.com.my/collections/yoghurt/products/farm-fresh-grow-cultr-milk-ichiba-melon-5x100ml
https://vgg.bites.com.my/collections/yoghurt,Yoghurt,FARM FRESH GROW CULTR MILK ORIGINAL 5X100ML,RM4.70,,https://vgg.bites.com.my/collections/yoghurt/products/farm-fresh-grow-cultr-milk-original-5x100ml
https://vgg.bites.com.my/collections/yoghurt,Yoghurt,FARM FRESH GROW CULTR MILK TUTTI FRUTTI 5X100ML,RM4.70,,https://vgg.bites.com.my/collections/yoghurt/products/farm-fresh-grow-cultr-milk-tutti-frutti-5x100ml
https://vgg.bites.com.my/collections/yoghurt,Yoghurt,YOBICK YOGURT DRINK ORIGINAL 700ML,RM7.00,,https://vgg.bites.com.my/collections/yoghurt/products/yobick-yogurt-drink-original-700ml
https://vgg.bites.com.my/collections/yoghurt,Yoghurt,YOBICK YOGURT DRINK FUJI APPLE 700ML,RM7.00,,https://vgg.bites.com.my/collections/yoghurt/products/yobick-yogurt-drink-fuji-apple-700ml
https://vgg.bites.com.my/collections/yoghurt,Yoghurt,EMBORG CREAM CHEESE - TWINPACK,RM23.60,,https://vgg.bites.com.my/collections/yoghurt/products/emborg-cream-cheese-twinpack
https://vgg.bites.com.my/collections/yoghurt,Yoghurt,EMBORG PERFECT SLICES BURGER 400G,RM16.15,,https://vgg.bites.com.my/collections/yoghurt/products/emborg-perfect-slices-burger-400g
https://vgg.bites.com.my/collections/yoghurt,Yoghurt,FERNLEAF STRAWBERRY MIXED BERRY YOGHURT 4X110G,RM6.00,,https://vgg.bites.com.my/collections/yoghurt/products/fernleaf-strawberry-mixed-berry-yoghurt-4x110g
https://vgg.bites.com.my/collections/yoghurt,Yoghurt,CHOBANI FLIP CARAMEL SLICE 140G,RM12.69,RM14.10,https://vgg.bites.com.my/collections/yoghurt/products/chobani-flip-caramel-slice-140g
https://vgg.bites.com.my/collections/yoghurt,Yoghurt,CHOBANI FLIP COOKIES DOUGH YOGURT 140G,RM14.10,,https://vgg.bites.com.my/collections/yoghurt/products/chobani-flip-cookies-dough-yogurt-140g
https://vgg.bites.com.my/collections/groceries,Groceries,GARDENIA ORIGINAL CLASSIC JUMBO 600G,RM4.30,,https://vgg.bites.com.my/collections/groceries/products/gardenia-original-classic-jumbo-600g
https://vgg.bites.com.my/collections/groceries,Groceries,JOHN WEST CHUNK STYLE TUNA IN OLIVE OIL BLEND 95G,RM7.00,,https://vgg.bites.com.my/collections/groceries/products/john-west-chunk-style-tuna-in-olive-oil-blend-95g
https://vgg.bites.com.my/collections/groceries,Groceries,MAGGI TOMATO KETCHUP 475G,RM4.79,RM5.95,https://vgg.bites.com.my/collections/groceries/products/maggi-tomato-ketchup-475g
https://vgg.bites.com.my/collections/groceries,Groceries,JOHN WEST TUNA CHUNK SPRINGWATER 95G,RM7.00,,https://vgg.bites.com.my/collections/groceries/products/john-west-tuna-chunk-springwater-95g
https://vgg.bites.com.my/collections/groceries,Groceries,THINS POTATO CHIPS SOUR CREAM & CHIVES 175G,RM13.69,RM15.90,https://vgg.bites.com.my/collections/groceries/products/thins-potato-chips-sour-cream-chives-175g
https://vgg.bites.com.my/collections/groceries,Groceries,LKK KUM CHUN OYSTER SAUCE 770G,RM8.80,,https://vgg.bites.com.my/collections/groceries/products/lkk-kum-chun-oyster-sauce-770g
https://vgg.bites.com.my/collections/groceries,Groceries,VITAGEN GRAPE 5X125ML,RM5.60,,https://vgg.bites.com.my/collections/groceries/products/vitagen-grape-5x125ml
https://vgg.bites.com.my/collections/groceries,Groceries,DUTCH LADY UHT LOW FAT 3X1L,RM19.80,RM22.35,https://vgg.bites.com.my/collections/groceries/products/dutch-lady-uht-low-fat-3x1l
https://vgg.bites.com.my/collections/groceries,Groceries,KIMBALL SPAGHETTI 400G,RM3.89,RM4.05,https://vgg.bites.com.my/collections/groceries/products/kimball-spaghetti-400g
https://vgg.bites.com.my/collections/groceries,Groceries,AYAM BRAND TRIM COCONUT MILK 200ML,RM3.85,,https://vgg.bites.com.my/collections/groceries/products/ayam-brand-trim-coconut-milk-200ml
https://vgg.bites.com.my/collections/groceries,Groceries,LIFE CHILLI SAUCE 500G,RM5.35,RM5.60,https://vgg.bites.com.my/collections/groceries/products/life-chilli-sauce-500g
https://vgg.bites.com.my/collections/groceries,Groceries,PREGO MACARONI 500G,RM4.89,RM5.20,https://vgg.bites.com.my/collections/groceries/products/prego-macaroni-500g
https://vgg.bites.com.my/collections/groceries,Groceries,AYAM BRAND TUNA CHUNK IN MINERAL WATER 150G,RM7.70,,https://vgg.bites.com.my/collections/groceries/products/ayam-brand-tuna-chunk-in-mineral-water-150g
https://vgg.bites.com.my/collections/groceries,Groceries,DAVIDOFF INST COFFEE RICH AROMA 90G,RM33.99,RM35.10,https://vgg.bites.com.my/collections/groceries/products/davidoff-inst-coffee-rich-aroma-90g
https://vgg.bites.com.my/collections/groceries,Groceries,MASSIMO SANDWICH LOAF W.WHEAT GERM 600G,RM4.80,,https://vgg.bites.com.my/collections/groceries/products/massimo-sandwich-loaf-w-wheat-germ-600g
https://vgg.bites.com.my/collections/groceries,Groceries,MASSIMO 100 WHOLEMEAL LOAF 400G,RM4.70,,https://vgg.bites.com.my/collections/groceries/products/massimo-100-wholemeal-loaf-400g
https://vgg.bites.com.my/collections/groceries,Groceries,AYAM BRAND WHOLE KERNEL CORN 425G,RM4.40,,https://vgg.bites.com.my/collections/groceries/products/ayam-brand-whole-kernel-corn-425g
https://vgg.bites.com.my/collections/groceries,Groceries,AHMAD TEA JASMINE GREEN TEA 100S,RM20.99,RM23.65,https://vgg.bites.com.my/collections/groceries/products/ahmad-tea-jasmine-green-tea-100s
https://vgg.bites.com.my/collections/groceries,Groceries,HOSEN LONGAN 565G,RM10.25,,https://vgg.bites.com.my/collections/groceries/products/hosen-longan-565g
https://vgg.bites.com.my/collections/groceries,Groceries,V-SOY MULTIGRAIN SOYA BEAN 1L,RM6.95,,https://vgg.bites.com.my/collections/groceries/products/v-soy-multigrain-soya-bean-1l
https://vgg.bites.com.my/collections/groceries,Groceries,ANGLIA SHANDY CAN 6X320ML,RM19.50,,https://vgg.bites.com.my/collections/groceries/products/anglia-shandy-can-6x320ml
https://vgg.bites.com.my/collections/groceries,Groceries,SAN REMO INSTANT LASAGNA 250G,RM6.25,,https://vgg.bites.com.my/collections/groceries/products/san-remo-instant-lasagna-250g
https://vgg.bites.com.my/collections/groceries,Groceries,SAN REMO LARGE SHEET LASAGNA 250G,RM6.25,,https://vgg.bites.com.my/collections/groceries/products/san-remo-large-sheet-lasagna-250g
https://vgg.bites.com.my/collections/groceries,Groceries,PREGO MUSHROOM PASTA SAUCE 300G,RM5.95,,https://vgg.bites.com.my/collections/groceries/products/prego-mushroom-pasta-sauce-300g
https://vgg.bites.com.my/collections/groceries,Groceries,SUMO CALROSE RICE 5KG,RM28.99,RM34.80,https://vgg.bites.com.my/collections/groceries/products/sumo-calrose-rice-5kg
https://vgg.bites.com.my/collections/groceries,Groceries,SAN REMO TOMATO ONION GARLIC PASTA SAUCE 500GM,RM13.70,,https://vgg.bites.com.my/collections/groceries/products/san-remo-tomato-onion-garlic-pasta-sauce-500gm
https://vgg.bites.com.my/collections/groceries,Groceries,ARNOTTS MALT O MILK 250G,RM11.79,RM12.30,https://vgg.bites.com.my/collections/groceries/products/arnotts-malt-o-milk-250g
https://vgg.bites.com.my/collections/groceries,Groceries,STAR FLAVOUR VANILLA 25ML,RM3.05,,https://vgg.bites.com.my/collections/groceries/products/star-flavour-vanilla-25ml
https://vgg.bites.com.my/collections/groceries,Groceries,YOU.C1000 APPLE DRINK 6X140ML,RM15.99,RM18.20,https://vgg.bites.com.my/collections/groceries/products/you-c1000-apple-drink-6x140ml
https://vgg.bites.com.my/collections/groceries,Groceries,BERTOLLI CLASSICO OLIVE OIL 250ML,RM23.10,,https://vgg.bites.com.my/collections/groceries/products/bertolli-classico-olive-oil-250ml
https://vgg.bites.com.my/collections/groceries,Groceries,CSR BETTER BROWN SUGAR 1KG,RM5.95,,https://vgg.bites.com.my/collections/groceries/products/csr-better-brown-sugar-1kg
https://vgg.bites.com.my/collections/groceries,Groceries,MAGGI CHILLI SAUCE 500G,RM4.79,RM6.00,https://vgg.bites.com.my/collections/groceries/products/maggi-chilli-sauce-500g
https://vgg.bites.com.my/collections/groceries,Groceries,JASMINE SUNWHITE FRAGRANT RICE 5KG,RM31.99,RM37.05,https://vgg.bites.com.my/collections/groceries/products/jasmine-sunwhite-fragrant-rice-5kg
https://vgg.bites.com.my/collections/groceries,Groceries,NONA KETUPAT MINI 600G,RM8.40,,https://vgg.bites.com.my/collections/groceries/products/nona-ketupat-mini-600g
https://vgg.bites.com.my/collections/groceries,Groceries,NESCAFE GOLD JAR 100G,RM28.00,,https://vgg.bites.com.my/collections/groceries/products/nescafe-gold-jar-100g
https://vgg.bites.com.my/collections/groceries,Groceries,VITAGEN APPLE 5X125ML,RM5.60,,https://vgg.bites.com.my/collections/groceries/products/vitagen-apple-5x125ml
https://vgg.bites.com.my/collections/groceries,Groceries,VITAGEN ORANGE 5X125ML,RM5.60,,https://vgg.bites.com.my/collections/groceries/products/vitagen-orange-5x125ml
https://vgg.bites.com.my/collections/groceries,Groceries,KIMBALL TOMATO KETCHUP 485G,RM5.25,,https://vgg.bites.com.my/collections/groceries/products/kimball-tomato-ketchup-485g
https://vgg.bites.com.my/collections/groceries,Groceries,MEWAH SARAWAK BLACK PEPPERCORN 40G,RM4.50,,https://vgg.bites.com.my/collections/groceries/products/mewah-sarawak-black-peppercorn-40g
https://vgg.bites.com.my/collections/groceries,Groceries,RASAKU COCONUT MILK 200ML,RM2.59,RM3.05,https://vgg.bites.com.my/collections/groceries/products/rasaku-coconut-milk-200ml
https://vgg.bites.com.my/collections/groceries,Groceries,KEWPIE MAYONNAISE SANDWICH SPREAD 310ML,RM11.15,,https://vgg.bites.com.my/collections/groceries/products/kewpie-mayonnaise-sandwich-spread-310ml
https://vgg.bites.com.my/collections/groceries,Groceries,MOTHER'S CHOICE SPREAD 500G,RM11.55,,https://vgg.bites.com.my/collections/groceries/products/mothers-choice-spread-500g
https://vgg.bites.com.my/collections/groceries,Groceries,NATUREL EXTRA LIGHT OLIVE OIL 500ML,RM30.89,RM36.55,https://vgg.bites.com.my/collections/groceries/products/naturel-extra-light-olive-oil-500ml
https://vgg.bites.com.my/collections/groceries,Groceries,DUTCH LADY UHT FULL CREAM 3X1L,RM19.80,RM22.35,https://vgg.bites.com.my/collections/groceries/products/dutch-lady-uht-full-cream-3x1l
https://vgg.bites.com.my/collections/groceries,Groceries,HAMADAYA JAPANESE REDUCED SALT SOY SAUCE 500ML,RM16.95,,https://vgg.bites.com.my/collections/groceries/products/hamadaya-japanese-reduced-salt-soy-sauce-500ml
https://vgg.bites.com.my/collections/groceries,Groceries,FAIZA BIHUN SIAM 400GM,RM4.00,,https://vgg.bites.com.my/collections/groceries/products/faiza-bihun-siam-400gm
https://vgg.bites.com.my/collections/groceries,Groceries,SAN REMO SMALL SHELLS NO.28 500GM,RM5.45,,https://vgg.bites.com.my/collections/groceries/products/san-remo-small-shells-no-28-500gm
https://vgg.bites.com.my/collections/groceries,Groceries,SAN REMO ELBOWS NO.35 500GM,RM5.30,,https://vgg.bites.com.my/collections/groceries/products/san-remo-elbows-no-35-500gm
https://vgg.bites.com.my/collections/groceries,Groceries,SAN REMO MACARONI NO.38 500GM,RM5.45,,https://vgg.bites.com.my/collections/groceries/products/san-remo-macaroni-no-38-500gm
https://vgg.bites.com.my/collections/groceries,Groceries,CAMEL ROASTED SALTED CASHEWS 36GM,RM6.75,,https://vgg.bites.com.my/collections/groceries/products/camel-roasted-salted-cashews-36gm
https://vgg.bites.com.my/collections/groceries,Groceries,CADBURY ZIP SHAREBAG 160G,RM12.30,,https://vgg.bites.com.my/collections/groceries/products/cadbury-zip-sharebag-160g
https://vgg.bites.com.my/collections/groceries,Groceries,"NESTLE FITNESSE QUINOA, ALMOND & CHOC GRANOLA 300G",RM16.89,RM19.20,https://vgg.bites.com.my/collections/groceries/products/nestle-fitnesse-quinoa-almond-choc-granola-300g
https://vgg.bites.com.my/collections/groceries,Groceries,NESTLE MILO CEREAL BAR MP 4X23.5G,RM9.00,,https://vgg.bites.com.my/collections/groceries/products/nestle-milo-cereal-bar-mp-4x23-5g
https://vgg.bites.com.my/collections/groceries,Groceries,KIT KAT 2F VP SHARE BAG 18X15G,RM18.79,RM22.60,https://vgg.bites.com.my/collections/groceries/products/kit-kat-2f-vp-share-bag-18x15g
https://vgg.bites.com.my/collections/groceries,Groceries,HEINZ BAKED BEANS TOMATO 3X300G,RM26.25,,https://vgg.bites.com.my/collections/groceries/products/heinz-baked-beans-tomato-3x300g
https://vgg.bites.com.my/collections/groceries,Groceries,BETTY CROCKER MUFFIN MIX BANANA NUT 6.4OZ(181G),RM9.00,,https://vgg.bites.com.my/collections/groceries/products/betty-crocker-muffin-mix-banana-nut-64oz181g
https://vgg.bites.com.my/collections/groceries,Groceries,SAN REMO ANGEL HAIR NO.9 500GM,RM5.30,,https://vgg.bites.com.my/collections/groceries/products/san-remo-angel-hair-no-9-500gm
https://vgg.bites.com.my/collections/groceries,Groceries,SAN REMO LINGUINE NO.1 500GM,RM5.30,,https://vgg.bites.com.my/collections/groceries/products/san-remo-linguine-no-1-500gm
https://vgg.bites.com.my/collections/groceries,Groceries,JOBBIE CLASSIC CREAMY PEANUT BUTTER 380G,RM21.35,,https://vgg.bites.com.my/collections/groceries/products/jobbie-classic-creamy-peanut-butter-380g
https://vgg.bites.com.my/collections/groceries,Groceries,NERDS GRAPE & STRAWBERRY RETRO CANDY 5OZ,RM12.90,,https://vgg.bites.com.my/collections/groceries/products/nerds-grape-strawberry-retro-candy-5oz
https://vgg.bites.com.my/collections/groceries,Groceries,COPPOLA PASSATA RUSTICA SIEVED TOMATOES 680G,RM11.05,,https://vgg.bites.com.my/collections/groceries/products/coppola-passata-rustica-sieved-tomatoes-680g
https://vgg.bites.com.my/collections/groceries,Groceries,PAGODA CORN FLOUR 400G,RM5.25,,https://vgg.bites.com.my/collections/groceries/products/pagoda-corn-flour-400g
https://vgg.bites.com.my/collections/groceries,Groceries,SUNQUICK LEMON ICE TEA 700ML,RM15.25,,https://vgg.bites.com.my/collections/groceries/products/sunquick-lemon-ice-tea-700ml
https://vgg.bites.com.my/collections/groceries,Groceries,AMICA ALFREDO'S CHIPS RUFFLE 130G,RM15.30,,https://vgg.bites.com.my/collections/groceries/products/amica-alfredo-s-chips-ruffle-130g
https://vgg.bites.com.my/collections/groceries,Groceries,TNCC PARTY MIX 220G,RM14.10,,https://vgg.bites.com.my/collections/groceries/products/tncc-party-mix-220g
https://vgg.bites.com.my/collections/groceries,Groceries,MUNCHYS OAT KRUNCH DARK CHOC 390G,RM11.75,,https://vgg.bites.com.my/collections/groceries/products/munchys-oat-krunch-dark-choc-390g
https://vgg.bites.com.my/collections/groceries,Groceries,HEINZ BURGER SAUCE 220ML,RM19.90,,https://vgg.bites.com.my/collections/groceries/products/heinz-burger-sauce-220ml
https://vgg.bites.com.my/collections/groceries,Groceries,"LEGGO'S PASTA BAKE-TOMATO,SPINACH,RICOTA 500G",RM13.55,,https://vgg.bites.com.my/collections/groceries/products/leggo-s-pasta-bake-tomato-spinach-ricota-500g
https://vgg.bites.com.my/collections/groceries,Groceries,LADYS CHOICE PEANUT BUTTER CHOCO STRIPE 500G,RM21.25,,https://vgg.bites.com.my/collections/groceries/products/ladys-choice-peanut-butter-choco-stripe-500g
https://vgg.bites.com.my/collections/groceries,Groceries,KIMBALL SPAGHETTI TRADITIONAL 330G,RM6.85,,https://vgg.bites.com.my/collections/groceries/products/kimball-spaghetti-traditional-330g
https://vgg.bites.com.my/collections/groceries,Groceries,KIMBALL SPAGHETTI MUSHROOM 330G,RM6.85,,https://vgg.bites.com.my/collections/groceries/products/kimball-spaghetti-mushroom-330g
https://vgg.bites.com.my/collections/groceries,Groceries,MUNCHYS LEXUS CHOC COATED 200GM,RM6.80,,https://vgg.bites.com.my/collections/groceries/products/munchys-lexus-choc-coated-200gm
https://vgg.bites.com.my/collections/groceries,Groceries,TG BAKED NUTS & DRIED FRUIT MANGO TANGO 28G,RM4.00,,https://vgg.bites.com.my/collections/groceries/products/tg-baked-nuts-dried-fruit-mango-tango-28g
https://vgg.bites.com.my/collections/groceries,Groceries,TG BAKED NUTS & DRIED FRUIT BERRY MIX 28G,RM4.00,,https://vgg.bites.com.my/collections/groceries/products/tg-baked-nuts-dried-fruit-berry-mix-28g
https://vgg.bites.com.my/collections/groceries,Groceries,TG BAKED NUTS & DRIED FRUIT APPLE PIE 28G,RM4.00,,https://vgg.bites.com.my/collections/groceries/products/tg-baked-nuts-dried-fruit-apple-pie-28g
https://vgg.bites.com.my/collections/groceries,Groceries,NUTRIONE BAKED CASHEW NUTS & MACADAMIAS 75G,RM9.50,,https://vgg.bites.com.my/collections/groceries/products/nutrione-baked-cashew-nuts-macadamias-75g
https://vgg.bites.com.my/collections/groceries,Groceries,MAGGI ASAM LAKSA 5X78G,RM6.30,,https://vgg.bites.com.my/collections/groceries/products/maggi-asam-laksa-5x78g
https://vgg.bites.com.my/collections/groceries,Groceries,GHIRARDELLI CHOC CHIP SEMI SWEET 12OZ,RM52.90,,https://vgg.bites.com.my/collections/groceries/products/ghirardelli-choc-chip-semi-sweet-12oz
https://vgg.bites.com.my/collections/groceries,Groceries,GHIRARDELLI CHOC CHIP 60 CACAO BITTERSW 10/11.5OZ,RM52.90,,https://vgg.bites.com.my/collections/groceries/products/ghirardelli-choc-chip-60-cacao-bittersw-10-11-5oz
https://vgg.bites.com.my/collections/groceries,Groceries,NISSIN CUP NOODLES MALA 71G,RM4.80,,https://vgg.bites.com.my/collections/groceries/products/nissin-cup-noodles-mala-71g
https://vgg.bites.com.my/collections/groceries,Groceries,JACOBS CREAM CRACKERS 200G,RM12.05,,https://vgg.bites.com.my/collections/groceries/products/jacobs-cream-crackers-200g
https://vgg.bites.com.my/collections/groceries,Groceries,NABISCO MINI CHIPS AHOY SNAK SAKS 8 OZ,RM18.15,,https://vgg.bites.com.my/collections/groceries/products/nabisco-mini-chips-ahoy-snak-saks-8-oz
https://vgg.bites.com.my/collections/groceries,Groceries,SACLA TOMATO PESTO 190G,RM15.30,,https://vgg.bites.com.my/collections/groceries/products/sacla-tomato-pesto-190g
https://vgg.bites.com.my/collections/groceries,Groceries,LADYS CHOICE PEANUT BUTTER CHUNKY 500G,RM20.20,,https://vgg.bites.com.my/collections/groceries/products/ladys-choice-peanut-butter-chunky-500g
https://vgg.bites.com.my/collections/groceries,Groceries,JOHN WEST TUNA TEMP LIGHT ONION & TOMATO 95G,RM7.50,,https://vgg.bites.com.my/collections/groceries/products/john-west-tuna-temp-light-onion-tomato-95g
https://vgg.bites.com.my/collections/groceries,Groceries,JOHN WEST SMOKED OYSTERS IN OIL 85G,RM13.70,,https://vgg.bites.com.my/collections/groceries/products/john-west-smoked-oysters-in-oil-85g
https://vgg.bites.com.my/collections/groceries,Groceries,KNORR IKAN BILIS POWDER 120GM,RM6.10,,https://vgg.bites.com.my/collections/groceries/products/knorr-ikan-bilis-powder-120gm
https://vgg.bites.com.my/collections/groceries,Groceries,KNORR CHICKEN CUBE 12CUBES,RM5.90,,https://vgg.bites.com.my/collections/groceries/products/knorr-chicken-cube-12cubes
https://vgg.bites.com.my/collections/groceries,Groceries,KNORR ALL IN ONE SEASONING 300GM,RM7.00,,https://vgg.bites.com.my/collections/groceries/products/knorr-all-in-one-seasoning-300gm
https://vgg.bites.com.my/collections/groceries,Groceries,KNORR ALL IN ONE SEASONING 100GM,RM3.60,,https://vgg.bites.com.my/collections/groceries/products/knorr-all-in-one-seasoning-100gm
https://vgg.bites.com.my/collections/groceries,Groceries,KNORR STOCK POT BEEF 4X28G,RM13.90,,https://vgg.bites.com.my/collections/groceries/products/knorr-stock-pot-beef-4x28g
https://vgg.bites.com.my/collections/groceries,Groceries,KNORR 8S BOX CHICKEN 80G,RM14.10,,https://vgg.bites.com.my/collections/groceries/products/knorr-8s-box-chicken-80g
https://vgg.bites.com.my/collections/groceries,Groceries,CADBURY DAIRY MILK HAZELNUT 90G,RM6.90,,https://vgg.bites.com.my/collections/groceries/products/cadbury-dairy-milk-hazelnut-90g
https://vgg.bites.com.my/collections/groceries,Groceries,CADBURY DAIRY MILK NEAP JAR 405G,RM29.10,,https://vgg.bites.com.my/collections/groceries/products/cadbury-dairy-milk-neap-jar-405g
https://vgg.bites.com.my/collections/groceries,Groceries,CADBURY DAIRY MILK BLACK FOREST 130G,RM9.59,RM10.25,https://vgg.bites.com.my/collections/groceries/products/cadbury-dairy-milk-black-forest-130g
https://vgg.bites.com.my/collections/groceries,Groceries,CADBURY DAIRY MILK HAZELNUT 130G,RM9.59,RM10.25,https://vgg.bites.com.my/collections/groceries/products/cadbury-dairy-milk-hazelnut-130g
https://vgg.bites.com.my/collections/groceries,Groceries,CADBURY DAIRY MILK FRUIT & NUT 130G,RM9.59,RM10.25,https://vgg.bites.com.my/collections/groceries/products/cadbury-dairy-milk-fruit-nut-130g
https://vgg.bites.com.my/collections/groceries,Groceries,HIGHWAY CORNED BEEF 340GM,RM17.75,,https://vgg.bites.com.my/collections/groceries/products/highway-corned-beef-340gm
https://vgg.bites.com.my/collections/groceries,Groceries,HEINZ BAKED BEANS 555G,RM16.10,,https://vgg.bites.com.my/collections/groceries/products/heinz-baked-beans-555g
https://vgg.bites.com.my/collections/groceries,Groceries,NUTRIONE BREAKFAST MIX 80G,RM9.50,,https://vgg.bites.com.my/collections/groceries/products/nutrione-breakfast-mix-80g
https://vgg.bites.com.my/collections/groceries,Groceries,FLORAL PREMIUM BASMATHI RICE 5KG,RM33.99,RM36.15,https://vgg.bites.com.my/collections/groceries/products/floral-premium-basmathi-rice-5kg
https://vgg.bites.com.my/collections/groceries,Groceries,LEGGO'S SQUEEZE NO ADDED SALT TOMATO PASTE 390G,RM16.10,,https://vgg.bites.com.my/collections/groceries/products/leggo-s-squeeze-no-added-salt-tomato-paste-390g
https://vgg.bites.com.my/collections/groceries,Groceries,MILKY SIP STRAWBERRY 30G,RM4.50,,https://vgg.bites.com.my/collections/groceries/products/milky-sip-strawberry-30g
https://vgg.bites.com.my/collections/groceries,Groceries,MILKY SIP COOKIES & CREAM 30G,RM4.50,,https://vgg.bites.com.my/collections/groceries/products/milky-sip-cookies-cream-30g
https://vgg.bites.com.my/collections/groceries,Groceries,MILKY SIP CHOCOLATE 30G,RM4.50,,https://vgg.bites.com.my/collections/groceries/products/milky-sip-chocolate-30g
https://vgg.bites.com.my/collections/groceries,Groceries,OREO MILK CHOC COVERED COOKIES 246G,RM15.90,,https://vgg.bites.com.my/collections/groceries/products/oreo-milk-choc-covered-cookies-246g
https://vgg.bites.com.my/collections/groceries,Groceries,NATURE'S WONDERS HEARTY MIX 130G,RM17.59,RM18.60,https://vgg.bites.com.my/collections/groceries/products/nature-s-wonders-hearty-mix-130g
https://vgg.bites.com.my/collections/groceries,Groceries,OREO WAFER STICKS 128G,RM14.10,,https://vgg.bites.com.my/collections/groceries/products/oreo-wafer-sticks-128g
https://vgg.bites.com.my/collections/groceries,Groceries,GENERAL MILLS TRIX CEREAL 10.7OZ,RM27.25,,https://vgg.bites.com.my/collections/groceries/products/general-mills-trix-cereal-10-7oz
https://vgg.bites.com.my/collections/groceries,Groceries,NONGSHIM KIMCHI RAMYON BOWL NOODLES 117G,RM6.25,,https://vgg.bites.com.my/collections/groceries/products/nongshim-kimchi-ramyon-bowl-noodles-117g
https://vgg.bites.com.my/collections/groceries,Groceries,KMT SANUKI UDON 4IN1 4X200GM,RM13.00,,https://vgg.bites.com.my/collections/groceries/products/kmt-sanuki-udon-4in1-4x200gm
https://vgg.bites.com.my/collections/groceries,Groceries,NONGSHIM KIMCHI RAMYUN NOODLE 70GM,RM4.99,RM5.60,https://vgg.bites.com.my/collections/groceries/products/nongshim-kimchi-ramyun-noodle-70gm
https://vgg.bites.com.my/collections/groceries,Groceries,GLICO POCKY CHOCOLATE FS 8BAG 134G,RM17.80,,https://vgg.bites.com.my/collections/groceries/products/glico-pocky-chocolate-fs-8bag-134g
https://vgg.bites.com.my/collections/groceries,Groceries,CARMANS CLASSIC FRUIT B/FAST BAR 270G,RM24.59,RM27.00,https://vgg.bites.com.my/collections/groceries/products/carmans-classic-fruit-b-fast-bar-270g
https://vgg.bites.com.my/collections/groceries,Groceries,CIRIO POLPA FINE CHOPPEDTOMATOES ONION GARLIC 390G,RM7.05,,https://vgg.bites.com.my/collections/groceries/products/cirio-polpa-fine-choppedtomatoes-onion-garlic-390g
https://vgg.bites.com.my/collections/groceries,Groceries,HELLMANN REAL MAYONNAISE SQUEEZY 430ML,RM19.90,,https://vgg.bites.com.my/collections/groceries/products/hellmann-real-mayonnaise-squeezy-430ml
https://vgg.bites.com.my/collections/groceries,Groceries,CADBURY FLAKE 32G,RM8.00,,https://vgg.bites.com.my/collections/groceries/products/cadbury-flake-32g
https://vgg.bites.com.my/collections/groceries,Groceries,CADBURY DAIRY MILK ROAST ALMOND 130G,RM9.59,RM10.25,https://vgg.bites.com.my/collections/groceries/products/cadbury-dairy-milk-roast-almond-130g
https://vgg.bites.com.my/collections/groceries,Groceries,CADBURY DAIRY MILK HAZELNUT BLOCK 180G,RM20.30,,https://vgg.bites.com.my/collections/groceries/products/cadbury-dairy-milk-hazelnut-block-180g
https://vgg.bites.com.my/collections/groceries,Groceries,CADBURY DAIRY MILK 37G,RM3.55,,https://vgg.bites.com.my/collections/groceries/products/cadbury-dairy-milk-37g
https://vgg.bites.com.my/collections/groceries,Groceries,CADBURY DAIRY MILK CHIPSMORE CHOCOLATE 130G,RM9.59,RM10.25,https://vgg.bites.com.my/collections/groceries/products/cadbury-dairy-milk-chipsmore-chocolate-130g
https://vgg.bites.com.my/collections/groceries,Groceries,7D DRIED MANGOES 100GM,RM16.90,,https://vgg.bites.com.my/collections/groceries/products/7d-dried-mangoes-100gm
https://vgg.bites.com.my/collections/groceries,Groceries,7D DRIED MANGOES 200GM,RM31.90,,https://vgg.bites.com.my/collections/groceries/products/7d-dried-mangoes-200gm
https://vgg.bites.com.my/collections/groceries,Groceries,MISSION WHOLEMEAL PIZZA CRUST 300G,RM8.60,,https://vgg.bites.com.my/collections/groceries/products/mission-wholemeal-pizza-crust-300g
https://vgg.bites.com.my/collections/groceries,Groceries,MISSION PLAIN PIZZA CRUST 300G,RM8.60,,https://vgg.bites.com.my/collections/groceries/products/mission-plain-pizza-crust-300g
https://vgg.bites.com.my/collections/groceries,Groceries,GOWELL LOWER CARB WRAPS 400G,RM21.15,,https://vgg.bites.com.my/collections/groceries/products/gowell-lower-carb-wraps-400g
https://vgg.bites.com.my/collections/groceries,Groceries,GOWELL CLASSIC WRAPS 400G,RM17.10,,https://vgg.bites.com.my/collections/groceries/products/gowell-classic-wraps-400g
https://vgg.bites.com.my/collections/groceries,Groceries,DOUBLE PAGODA PURE FRAGRANT SESAME OIL 150ML,RM10.99,RM11.85,https://vgg.bites.com.my/collections/groceries/products/double-pagoda-pure-fragrant-sesame-oil-150ml
https://vgg.bites.com.my/collections/groceries,Groceries,LEXUS CHOCOLATE SANDWICH 418G,RM10.90,,https://vgg.bites.com.my/collections/groceries/products/lexus-chocolate-sandwich-418g
https://vgg.bites.com.my/collections/groceries,Groceries,TG AMORE PEANUT CHOC WAFER ROLL 280GM,RM12.00,,https://vgg.bites.com.my/collections/groceries/products/tg-amore-peanut-choc-wafer-roll-280gm
https://vgg.bites.com.my/collections/groceries,Groceries,TAE PEE INST TOM YUM 113G,RM4.65,,https://vgg.bites.com.my/collections/groceries/products/tae-pee-inst-tom-yum-113g
https://vgg.bites.com.my/collections/groceries,Groceries,LKK GLUTEN FREE SOY SAUCE 500ML,RM16.20,,https://vgg.bites.com.my/collections/groceries/products/lkk-gluten-free-soy-sauce-500ml
https://vgg.bites.com.my/collections/groceries,Groceries,BARILLA G/FREE PENNE RIGATE 400G,RM22.55,,https://vgg.bites.com.my/collections/groceries/products/barilla-g-free-penne-rigate-400g
https://vgg.bites.com.my/collections/groceries,Groceries,LOVE EARTH ORGANIC BABY RICE (QUINOA) 900G,RM19.90,,https://vgg.bites.com.my/collections/groceries/products/love-earth-organic-baby-rice-quinoa-900g
https://vgg.bites.com.my/collections/groceries,Groceries,OREO WHITE CHOC COVERED COOKIES 246G,RM15.90,,https://vgg.bites.com.my/collections/groceries/products/oreo-white-choc-covered-cookies-246g
https://vgg.bites.com.my/collections/groceries,Groceries,SAMYANG HOT CHICKEN RAMEN CARBONARA 105G,RM8.55,,https://vgg.bites.com.my/collections/groceries/products/samyang-hot-chicken-ramen-carbonara-105g
https://vgg.bites.com.my/collections/groceries,Groceries,SAMYANG HOT CHICKEN RAMEN (EXTREME HOT) CUP 70G,RM6.20,,https://vgg.bites.com.my/collections/groceries/products/samyang-hot-chicken-ramen-extreme-hot-cup-70g
https://vgg.bites.com.my/collections/groceries,Groceries,MANJUN CRISPY SEAWEED SNACK SEA SALT 9X4.5G,RM22.90,,https://vgg.bites.com.my/collections/groceries/products/manjun-crispy-seaweed-snack-sea-salt-9x4-5g
https://vgg.bites.com.my/collections/groceries,Groceries,NONGSHIM SHIN CUP NOODLE SOUP 68GM,RM5.50,,https://vgg.bites.com.my/collections/groceries/products/nongshim-shin-cup-noodle-soup-68gm
https://vgg.bites.com.my/collections/groceries,Groceries,MR KOREA VERMICELLI NOODLE 500G,RM13.25,,https://vgg.bites.com.my/collections/groceries/products/mr-korea-vermicelli-noodle-500g
https://vgg.bites.com.my/collections/groceries,Groceries,MI SEDAAP GORENG JUMBO 139G*4,RM7.45,,https://vgg.bites.com.my/collections/groceries/products/mi-sedaap-goreng-jumbo-139g-4
https://vgg.bites.com.my/collections/groceries,Groceries,MAGGI BIG TOM YAM 5X107G,RM7.75,,https://vgg.bites.com.my/collections/groceries/products/maggi-big-tom-yam-5x107g
https://vgg.bites.com.my/collections/groceries,Groceries,SAMYANG HOT CHICKEN BIG BOWL NOODLE 105GM,RM8.55,,https://vgg.bites.com.my/collections/groceries/products/samyang-hot-chicken-big-bowl-noodle-105gm
https://vgg.bites.com.my/collections/groceries,Groceries,COPPOLA LENTICCHIE LENTILS 400G,RM6.00,,https://vgg.bites.com.my/collections/groceries/products/coppola-lenticchie-lentils-400g
https://vgg.bites.com.my/collections/groceries,Groceries,COPPOLA BORLOTTI BEANS 400G,RM6.00,,https://vgg.bites.com.my/collections/groceries/products/coppola-borlotti-beans-400g
https://vgg.bites.com.my/collections/groceries,Groceries,COPPOLA POMODORINI CHERRY TOMATOES 400G,RM9.00,,https://vgg.bites.com.my/collections/groceries/products/coppola-pomodorini-cherry-tomatoes-400g
https://vgg.bites.com.my/collections/groceries,Groceries,COPPOLA POLPA FINE FINELY CHOPPED TOMATOES 400G,RM7.00,,https://vgg.bites.com.my/collections/groceries/products/coppola-polpa-fine-finely-chopped-tomatoes-400g
https://vgg.bites.com.my/collections/groceries,Groceries,COPPOLA POLPA CHOPPED TOMATOES 400G,RM7.00,,https://vgg.bites.com.my/collections/groceries/products/coppola-polpa-chopped-tomatoes-400g
https://vgg.bites.com.my/collections/groceries,Groceries,COPPOLA PELATI PEELED PLUM TOMATOES 400G,RM7.00,,https://vgg.bites.com.my/collections/groceries/products/coppola-pelati-peeled-plum-tomatoes-400g
https://vgg.bites.com.my/collections/groceries,Groceries,N&N ROASTED NUT BAR CASHEW PEANUT 192G,RM15.10,,https://vgg.bites.com.my/collections/groceries/products/n-n-roasted-nut-bar-cashew-peanut-192g
https://vgg.bites.com.my/collections/groceries,Groceries,GENERAL MILLS REESE'S PUFFS CEREAL 11.5OZ,RM29.30,,https://vgg.bites.com.my/collections/groceries/products/general-mills-reese-s-puffs-cereal-11-5oz
https://vgg.bites.com.my/collections/groceries,Groceries,TASTI PEANUT BUTTER MEGA NUTS 6X40GM,RM16.90,RM18.55,https://vgg.bites.com.my/collections/groceries/products/tasti-peanut-butter-mega-nuts-6x40gm
https://vgg.bites.com.my/collections/groceries,Groceries,PAGODA POTATO STARCH 350G,RM9.30,,https://vgg.bites.com.my/collections/groceries/products/pagoda-potato-starch-350g
https://vgg.bites.com.my/collections/groceries,Groceries,BETTY CROCKER PANCAKE MIX BUTTERMILK 400G,RM8.49,RM10.05,https://vgg.bites.com.my/collections/groceries/products/betty-crocker-pancake-mix-buttermilk-400g
https://vgg.bites.com.my/collections/groceries,Groceries,OVALTINE REFILL 820GM,RM20.20,,https://vgg.bites.com.my/collections/groceries/products/ovaltine-refill-820gm
https://vgg.bites.com.my/collections/groceries,Groceries,CAPTAIN OAT QUICK COOK 800G,RM9.69,RM10.35,https://vgg.bites.com.my/collections/groceries/products/captain-oat-quick-cook-800g
https://vgg.bites.com.my/collections/groceries,Groceries,CAPTAIN OAT INSTANT OAT 800G,RM9.69,RM10.35,https://vgg.bites.com.my/collections/groceries/products/captain-oat-instant-oat-800g
https://vgg.bites.com.my/collections/groceries,Groceries,NESTUM ALL FMLY ORI 220G,RM6.20,,https://vgg.bites.com.my/collections/groceries/products/nestum-all-fmly-ori-220g
https://vgg.bites.com.my/collections/groceries,Groceries,NESTLE HONEY STARS CEREAL 450G,RM16.15,,https://vgg.bites.com.my/collections/groceries/products/nestle-honey-stars-cereal-450g
https://vgg.bites.com.my/collections/groceries,Groceries,DJ&A CRISPY BROCCOLI FLORETS 33G,RM11.50,,https://vgg.bites.com.my/collections/groceries/products/dj-a-crispy-broccoli-florets-33g
https://vgg.bites.com.my/collections/groceries,Groceries,NATURE'S WONDERS FRUITS & NUTS FUSION 150G,RM17.59,RM18.60,https://vgg.bites.com.my/collections/groceries/products/nature-s-wonders-fruits-nuts-fusion-150g
https://vgg.bites.com.my/collections/groceries,Groceries,NATURE'S WONDERS BAKED ALMONDS 150G,RM17.59,RM18.60,https://vgg.bites.com.my/collections/groceries/products/nature-s-wonders-baked-almonds-150g
https://vgg.bites.com.my/collections/groceries,Groceries,NATURE'S WONDERS BAKED CASHEW NUTS 150G,RM17.59,RM18.60,https://vgg.bites.com.my/collections/groceries/products/nature-s-wonders-baked-cashew-nuts-150g
https://vgg.bites.com.my/collections/groceries,Groceries,NATURE'S WONDERS ROYAL MIX 130G,RM17.59,RM18.60,https://vgg.bites.com.my/collections/groceries/products/nature-s-wonders-royal-mix-130g
https://vgg.bites.com.my/collections/groceries,Groceries,MAJANS BHUJA NUT MIX 140G,RM13.05,,https://vgg.bites.com.my/collections/groceries/products/majans-bhuja-nut-mix-140g
https://vgg.bites.com.my/collections/groceries,Groceries,EUREKA POPCORN CHEESE 80G,RM6.99,RM7.85,https://vgg.bites.com.my/collections/groceries/products/eureka-popcorn-cheese-80g
https://vgg.bites.com.my/collections/groceries,Groceries,KIMNORI CHILI FLAVOR (SEASONED S/FLAKES) 40G,RM10.60,,https://vgg.bites.com.my/collections/groceries/products/kimnori-chili-flavor-seasoned-s-flakes-40g
https://vgg.bites.com.my/collections/groceries,Groceries,KIMNORI BBQ FLAVOR ( SEASONED S/FLAKES) 40G,RM10.60,,https://vgg.bites.com.my/collections/groceries/products/kimnori-bbq-flavor-seasoned-s-flakes-40g
https://vgg.bites.com.my/collections/groceries,Groceries,SOUR PATCH KIDS WATERMELON 190G,RM13.90,,https://vgg.bites.com.my/collections/groceries/products/sour-patch-kids-watermelon-190g
https://vgg.bites.com.my/collections/groceries,Groceries,WRIGLEY HUBBA BUBBA STRAWBERRY 35G,RM4.95,,https://vgg.bites.com.my/collections/groceries/products/wrigley-hubba-bubba-strawberry-35g
https://vgg.bites.com.my/collections/groceries,Groceries,TNCC SOUR SQUIRMS 220G,RM14.10,,https://vgg.bites.com.my/collections/groceries/products/tncc-sour-squirms-220g
https://vgg.bites.com.my/collections/groceries,Groceries,TNCC SNAKES 230G,RM14.10,,https://vgg.bites.com.my/collections/groceries/products/tncc-snakes-230g
https://vgg.bites.com.my/collections/groceries,Groceries,TNCC JELLY BABIES 220G,RM14.10,,https://vgg.bites.com.my/collections/groceries/products/tncc-jelly-babies-220g
https://vgg.bites.com.my/collections/groceries,Groceries,TNCC DINOSAURS 220G,RM14.10,,https://vgg.bites.com.my/collections/groceries/products/tncc-dinosaurs-220g
https://vgg.bites.com.my/collections/groceries,Groceries,MENTOS PURE FRESH S/BERRY MINT TIN 35G,RM6.10,,https://vgg.bites.com.my/collections/groceries/products/mentos-pure-fresh-s-berry-mint-tin-35g
https://vgg.bites.com.my/collections/groceries,Groceries,SNICKERS STICK 21.5G,RM1.85,,https://vgg.bites.com.my/collections/groceries/products/snickers-stick-21-5g
https://vgg.bites.com.my/collections/groceries,Groceries,CADBURY SHAREPACK SPECIAL TREATS 180G,RM25.90,,https://vgg.bites.com.my/collections/groceries/products/cadbury-sharepack-special-treats-180g
https://vgg.bites.com.my/collections/groceries,Groceries,BAHLSEN LEIBNIZ ZOO COCOA 100G,RM10.80,,https://vgg.bites.com.my/collections/groceries/products/bahlsen-leibniz-zoo-cocoa-100g
https://vgg.bites.com.my/collections/groceries,Groceries,JACOB'S WEETAMEAL MULTIPACK 144G,RM6.60,,https://vgg.bites.com.my/collections/groceries/products/jacobs-weetameal-multipack-144g
https://vgg.bites.com.my/collections/groceries,Groceries,JACOB'S CREAM CRACKER MULTIPACK 216G,RM6.50,,https://vgg.bites.com.my/collections/groceries/products/jacobs-cream-cracker-multipack-216g
https://vgg.bites.com.my/collections/groceries,Groceries,JACOB'S WEETAMEAL VALUE PACK 289G,RM6.55,,https://vgg.bites.com.my/collections/groceries/products/jacobs-weetameal-value-pack-289g
https://vgg.bites.com.my/collections/groceries,Groceries,JACOB'S CREAM CRACKER VALUE PACK 324G,RM7.30,,https://vgg.bites.com.my/collections/groceries/products/jacobs-cream-cracker-value-pack-324g
https://vgg.bites.com.my/collections/groceries,Groceries,GULLON FISH SHAPES 350G,RM11.10,,https://vgg.bites.com.my/collections/groceries/products/gullon-fish-shapes-350g
https://vgg.bites.com.my/collections/groceries,Groceries,OREO MINI OREO CHOCOLATE M/PACK 8SX20.4GM,RM7.75,,https://vgg.bites.com.my/collections/groceries/products/oreo-mini-oreo-chocolate-m-pack-8sx20-4gm
https://vgg.bites.com.my/collections/groceries,Groceries,MCVITIES DIGESTIVE TWIN PACK 2X360G,RM22.90,,https://vgg.bites.com.my/collections/groceries/products/mcvities-digestive-twin-pack-2x360g
https://vgg.bites.com.my/collections/groceries,Groceries,MUNCHYS TOPMIX BIG VALUE 900G,RM15.90,,https://vgg.bites.com.my/collections/groceries/products/munchys-topmix-big-value-900g
https://vgg.bites.com.my/collections/groceries,Groceries,OREO B&W CHOCOLATE MP  9X27.6G,RM8.05,,https://vgg.bites.com.my/collections/groceries/products/oreo-b-w-chocolate-mp-9x27-6g
https://vgg.bites.com.my/collections/groceries,Groceries,CHIPSMORE D CHOC HANDY MP 8X24G,RM6.99,RM7.60,https://vgg.bites.com.my/collections/groceries/products/chipsmore-d-choc-handy-mp-8x24g
https://vgg.bites.com.my/collections/groceries,Groceries,CHIPSMORE ORI HANDY MP 8X24G,RM6.99,RM7.60,https://vgg.bites.com.my/collections/groceries/products/chipsmore-ori-handy-mp-8x24g
https://vgg.bites.com.my/collections/groceries,Groceries,GULLON DIGESTIVE SUGAR FREE 400GM BOX,RM12.25,,https://vgg.bites.com.my/collections/groceries/products/gullon-digestive-sugar-free-400gm-box
https://vgg.bites.com.my/collections/groceries,Groceries,TG AMORE OAT COOKIES BLACKCURRANT 162GM,RM4.45,,https://vgg.bites.com.my/collections/groceries/products/tg-amore-oat-cookies-blackcurrant-162gm
https://vgg.bites.com.my/collections/groceries,Groceries,MUNCHYS FUNMIX BIG VALUE 900G,RM15.90,,https://vgg.bites.com.my/collections/groceries/products/munchys-funmix-big-value-900g
https://vgg.bites.com.my/collections/groceries,Groceries,JULIE'S LE-MOND LEMON 272G,RM8.79,RM9.15,https://vgg.bites.com.my/collections/groceries/products/julie-s-le-mond-lemon-272g
https://vgg.bites.com.my/collections/groceries,Groceries,JULIE'S LE-MOND CHEESE CHEDDAR 288G,RM8.79,RM9.15,https://vgg.bites.com.my/collections/groceries/products/julie-s-le-mond-cheese-cheddar-288g
https://vgg.bites.com.my/collections/groceries,Groceries,BAHLSEN PICK UP MINIS CHOCO 106G,RM21.35,,https://vgg.bites.com.my/collections/groceries/products/bahlsen-pick-up-minis-choco-106g
https://vgg.bites.com.my/collections/groceries,Groceries,CHIPSMORE HAZELNUT 135G,RM4.40,,https://vgg.bites.com.my/collections/groceries/products/chipsmore-hazelnut-135g
https://vgg.bites.com.my/collections/groceries,Groceries,CHIPSMORE DOUBLE CHOC 135G,RM4.40,,https://vgg.bites.com.my/collections/groceries/products/chipsmore-double-choc-135g
https://vgg.bites.com.my/collections/groceries,Groceries,CHIPSMORE ORIGINAL 135G,RM4.40,,https://vgg.bites.com.my/collections/groceries/products/chipsmore-original-135g
https://vgg.bites.com.my/collections/groceries,Groceries,MUNCHYS OAT KRUNCH NUTTY CHOC 390G,RM11.75,,https://vgg.bites.com.my/collections/groceries/products/munchys-oat-krunch-nutty-choc-390g
https://vgg.bites.com.my/collections/groceries,Groceries,MUNCHYS LEXUS CHOC COATED CHOC 360G,RM10.90,,https://vgg.bites.com.my/collections/groceries/products/munchys-lexus-choc-coated-choc-360g
https://vgg.bites.com.my/collections/groceries,Groceries,MUNCHYS CHOC SANDWICH 258G,RM5.95,,https://vgg.bites.com.my/collections/groceries/products/munchys-choc-sandwich-258g
https://vgg.bites.com.my/collections/groceries,Groceries,MUNCHYS TOPMIX ASSORTED BISCUITS 500G,RM9.70,,https://vgg.bites.com.my/collections/groceries/products/munchys-topmix-assorted-biscuits-500g
https://vgg.bites.com.my/collections/groceries,Groceries,MUNCHYS FUNMIX ASSORTED BISCUITS 500G,RM9.70,,https://vgg.bites.com.my/collections/groceries/products/munchys-funmix-assorted-biscuits-500g
https://vgg.bites.com.my/collections/groceries,Groceries,MEWAH PREMIUM PURE SEA SALT (IODISED) 450G,RM6.00,,https://vgg.bites.com.my/collections/groceries/products/mewah-premium-pure-sea-salt-iodised-450g
https://vgg.bites.com.my/collections/groceries,Groceries,MEWAH PERMIUM BROWN SUGAR 350G,RM5.65,,https://vgg.bites.com.my/collections/groceries/products/mewah-permium-brown-sugar-350g
https://vgg.bites.com.my/collections/groceries,Groceries,MEWAH STAR ANISE 30G,RM3.70,,https://vgg.bites.com.my/collections/groceries/products/mewah-star-anise-30g
https://vgg.bites.com.my/collections/groceries,Groceries,MEWAH CHILI FLAKES 50G,RM6.90,,https://vgg.bites.com.my/collections/groceries/products/mewah-chili-flakes-50g
https://vgg.bites.com.my/collections/groceries,Groceries,MEWAH CHILI POWDER 50G,RM2.90,,https://vgg.bites.com.my/collections/groceries/products/mewah-chili-powder-50g
https://vgg.bites.com.my/collections/groceries,Groceries,MEWAH NATURAL ITALIAN HERBS 20G,RM9.90,,https://vgg.bites.com.my/collections/groceries/products/mewah-natural-italian-herbs-20g
https://vgg.bites.com.my/collections/groceries,Groceries,SING LONG HAINANESE CHICKEN RICE MIX 180G,RM11.00,,https://vgg.bites.com.my/collections/groceries/products/sing-long-hainanese-chicken-rice-mix-180g
https://vgg.bites.com.my/collections/groceries,Groceries,HAIDILAO MUSHROOM FLAVOR HOT POT SEASONING 110G,RM13.50,,https://vgg.bites.com.my/collections/groceries/products/haidilao-mushroom-flavor-hot-pot-seasoning-110g
https://vgg.bites.com.my/collections/groceries,Groceries,SAN REMO NAPOLITANA SAUCE 500GM,RM13.70,,https://vgg.bites.com.my/collections/groceries/products/san-remo-napolitana-sauce-500gm
https://vgg.bites.com.my/collections/groceries,Groceries,LEGGO'S CARBONARA 490G,RM13.80,,https://vgg.bites.com.my/collections/groceries/products/leggo-s-carbonara-490g
https://vgg.bites.com.my/collections/groceries,Groceries,SAN REMO BOLOGNESE & MUSHROOM PASTA SAUCE 500GM,RM13.70,,https://vgg.bites.com.my/collections/groceries/products/san-remo-bolognese-mushroom-pasta-sauce-500gm
https://vgg.bites.com.my/collections/groceries,Groceries,BERTOLLI AC BALSAMIC 250ML,RM14.40,,https://vgg.bites.com.my/collections/groceries/products/bertolli-ac-balsamic-250ml
https://vgg.bites.com.my/collections/groceries,Groceries,CAP RAMBUTAN BASMATHI PUSA KING 1121 2KG,RM20.19,RM22.35,https://vgg.bites.com.my/collections/groceries/products/cap-rambutan-basmathi-pusa-king-1121-2kg
https://vgg.bites.com.my/collections/groceries,Groceries,JASMINE BIHUN 400G,RM3.09,RM3.50,https://vgg.bites.com.my/collections/groceries/products/jasmine-bihun-400g
https://vgg.bites.com.my/collections/groceries,Groceries,A1 3 MIN INSTANT RICE VERMICELLI 455G,RM9.70,,https://vgg.bites.com.my/collections/groceries/products/a1-3-min-instant-rice-vermicelli-455g
https://vgg.bites.com.my/collections/groceries,Groceries,ADABI S.NASI GORENG TOMYAM 17G,RM1.55,,https://vgg.bites.com.my/collections/groceries/products/adabi-s-nasi-goreng-tomyam-17g
https://vgg.bites.com.my/collections/groceries,Groceries,ADABI S.NASI GORENG AYAM 17G,RM1.55,,https://vgg.bites.com.my/collections/groceries/products/adabi-s-nasi-goreng-ayam-17g
https://vgg.bites.com.my/collections/groceries,Groceries,SINGLONG GROUD PEPPER 80GM,RM9.90,,https://vgg.bites.com.my/collections/groceries/products/singlong-groud-pepper-80gm
https://vgg.bites.com.my/collections/groceries,Groceries,ADABI SERBUK KUNYIT 250G,RM7.95,,https://vgg.bites.com.my/collections/groceries/products/adabi-serbuk-kunyit-250g
https://vgg.bites.com.my/collections/groceries,Groceries,TABASCO PEPPER SAUCE 60ML,RM9.95,,https://vgg.bites.com.my/collections/groceries/products/tabasco-pepper-sauce-60ml
https://vgg.bites.com.my/collections/groceries,Groceries,PLANTA MARGARINE 240G,RM7.35,,https://vgg.bites.com.my/collections/groceries/products/planta-margarine-240g
https://vgg.bites.com.my/collections/groceries,Groceries,CAPILANO ORGANIC HONEY UPSIDE DOWN 340GM,RM31.20,,https://vgg.bites.com.my/collections/groceries/products/capilano-organic-honey-upside-down-340gm
https://vgg.bites.com.my/collections/groceries,Groceries,ST.DALFOUR CRANBERRY & BLUEBERRY JAM 284G,RM18.69,RM20.40,https://vgg.bites.com.my/collections/groceries/products/st-dalfour-cranberry-blueberry-jam-284g
https://vgg.bites.com.my/collections/groceries,Groceries,ST.DALFOUR BLUEBERRY JAM 284G,RM18.69,RM20.40,https://vgg.bites.com.my/collections/groceries/products/st-dalfour-blueberry-jam-284g
https://vgg.bites.com.my/collections/groceries,Groceries,ST.DALFOUR FOUR FRUITS JAM 284G,RM18.69,RM20.40,https://vgg.bites.com.my/collections/groceries/products/st-dalfour-four-fruits-jam-284g
https://vgg.bites.com.my/collections/groceries,Groceries,ST.DALFOUR STRAWBERRY JAM 284G,RM18.69,RM20.40,https://vgg.bites.com.my/collections/groceries/products/st-dalfour-strawberry-jam-284g
https://vgg.bites.com.my/collections/groceries,Groceries,SMUCKERS GOOBER GRAPE 18OZ,RM24.99,RM26.10,https://vgg.bites.com.my/collections/groceries/products/smuckers-goober-grape-18oz
https://vgg.bites.com.my/collections/groceries,Groceries,LKK SELECTED LIGHT SOY SAUCE 500ML,RM8.70,,https://vgg.bites.com.my/collections/groceries/products/lkk-selected-light-soy-sauce-500ml
https://vgg.bites.com.my/collections/groceries,Groceries,GHEE HIANG PURE SESAME OIL (RED LABEL) 300ML,RM18.15,,https://vgg.bites.com.my/collections/groceries/products/ghee-hiang-pure-sesame-oil-red-label-300ml
https://vgg.bites.com.my/collections/groceries,Groceries,KNIFE THAI FISH SAUCE 750ML,RM6.65,,https://vgg.bites.com.my/collections/groceries/products/knife-thai-fish-sauce-750ml
https://vgg.bites.com.my/collections/groceries,Groceries,MP THAI CHILI PASTE 114G,RM9.10,,https://vgg.bites.com.my/collections/groceries/products/mp-thai-chili-paste-114g
https://vgg.bites.com.my/collections/groceries,Groceries,BRAHIMS KUAH SATAY 180GM,RM7.20,,https://vgg.bites.com.my/collections/groceries/products/brahims-kuah-satay-180gm
https://vgg.bites.com.my/collections/groceries,Groceries,D/SWALLOW GARAM KASAR (BERIODIN) 350G,RM0.95,,https://vgg.bites.com.my/collections/groceries/products/d-swallow-garam-kasar-beriodin-350g
https://vgg.bites.com.my/collections/groceries,Groceries,M&S COCONUT LOW FAT 200ML,RM3.65,,https://vgg.bites.com.my/collections/groceries/products/m-s-coconut-low-fat-200ml
https://vgg.bites.com.my/collections/groceries,Groceries,D/SWALLOW GARAM PUTIH 350G,RM0.70,,https://vgg.bites.com.my/collections/groceries/products/dswallow-garam-putih-350g
https://vgg.bites.com.my/collections/groceries,Groceries,BRAHIMS FISH CURRY SAUCE 180GM,RM7.20,,https://vgg.bites.com.my/collections/groceries/products/brahims-fish-curry-sauce-180gm
https://vgg.bites.com.my/collections/groceries,Groceries,TAE PEE VEGE TOM YUM 227G,RM10.60,,https://vgg.bites.com.my/collections/groceries/products/tae-pee-vege-tom-yum-227g
https://vgg.bites.com.my/collections/groceries,Groceries,A1 BAK KUT TEH SPICES 35,RM11.40,,https://vgg.bites.com.my/collections/groceries/products/a1-bak-kut-teh-spices-35
https://vgg.bites.com.my/collections/groceries,Groceries,LKK PREMIUM OYSTER SAUCE 510G,RM19.60,,https://vgg.bites.com.my/collections/groceries/products/lkk-premium-oyster-sauce-510g
https://vgg.bites.com.my/collections/groceries,Groceries,KIMBALL CHILLI SAUCE 725GM,RM7.25,,https://vgg.bites.com.my/collections/groceries/products/kimball-chilli-sauce-725gm
https://vgg.bites.com.my/collections/groceries,Groceries,KIMBALL THAI CHILLI SAUCE 355G,RM4.95,,https://vgg.bites.com.my/collections/groceries/products/kimball-thai-chilli-sauce-355g
https://vgg.bites.com.my/collections/groceries,Groceries,VAN HOUTEN COCOA POWDER BOX 100G,RM11.85,,https://vgg.bites.com.my/collections/groceries/products/van-houten-cocoa-powder-box-100g
https://vgg.bites.com.my/collections/groceries,Groceries,MERIAH S L/HITAM KASAR40,RM6.15,,https://vgg.bites.com.my/collections/groceries/products/meriah-s-lhitam-kasar40
https://vgg.bites.com.my/collections/groceries,Groceries,BASSO PURE OLIVE OIL 1L,RM58.99,RM62.50,https://vgg.bites.com.my/collections/groceries/products/basso-pure-olive-oil-1l
https://vgg.bites.com.my/collections/groceries,Groceries,BABAS KETUMBAR 125G,RM3.00,,https://vgg.bites.com.my/collections/groceries/products/babas-ketumbar-125g
https://vgg.bites.com.my/collections/groceries,Groceries,ADABI TEPUNG CUCUR LEMAK MANIS 200G,RM3.99,RM4.60,https://vgg.bites.com.my/collections/groceries/products/adabi-tepung-cucur-lemak-manis-200g
https://vgg.bites.com.my/collections/groceries,Groceries,IDEAL EVAPORATED 390G,RM5.50,,https://vgg.bites.com.my/collections/groceries/products/ideal-evaporated-390g
https://vgg.bites.com.my/collections/groceries,Groceries,NEUVIDA OMEGA 9 COOKING OIL 1KG,RM21.90,,https://vgg.bites.com.my/collections/groceries/products/neuvida-omega-9-cooking-oil-1kg
https://vgg.bites.com.my/collections/groceries,Groceries,SERI MURNI COOKING OIL 3KG,RM19.60,,https://vgg.bites.com.my/collections/groceries/products/seri-murni-cooking-oil-3kg
https://vgg.bites.com.my/collections/groceries,Groceries,KNIFE COOKING OIL 1KG,RM8.50,,https://vgg.bites.com.my/collections/groceries/products/knife-cooking-oil-1kg
https://vgg.bites.com.my/collections/groceries,Groceries,RED EAGLE COOKING OIL 5KG,RM38.00,,https://vgg.bites.com.my/collections/groceries/products/red-eagle-cooking-oil-5kg
https://vgg.bites.com.my/collections/groceries,Groceries,SERI MURNI COOKING OIL 2KG,RM13.30,,https://vgg.bites.com.my/collections/groceries/products/seri-murni-cooking-oil-2kg
https://vgg.bites.com.my/collections/groceries,Groceries,JASMINE PEARL FRAGRANT 10KG,RM42.99,RM61.50,https://vgg.bites.com.my/collections/groceries/products/jasmine-pearl-fragrant-10kg
https://vgg.bites.com.my/collections/groceries,Groceries,MUNCHYS CRACKER SANDWICH BUTTER CREAM 270G,RM5.95,,https://vgg.bites.com.my/collections/groceries/products/munchys-cracker-sandwich-butter-cream-270g
https://vgg.bites.com.my/collections/groceries,Groceries,LOACKER QUADRATINI TIRAMISU 220G,RM16.99,RM19.45,https://vgg.bites.com.my/collections/groceries/products/loacker-quadratini-tiramisu-220g
https://vgg.bites.com.my/collections/groceries,Groceries,MUNCHYS MUZIC HAZELNUT WAFER BITES 180G,RM7.25,,https://vgg.bites.com.my/collections/groceries/products/munchys-muzic-hazelnut-wafer-bites-180g
https://vgg.bites.com.my/collections/groceries,Groceries,MUNCHYS MUZIC CHOCOLATE WAFER BITES 180G,RM7.25,,https://vgg.bites.com.my/collections/groceries/products/munchys-muzic-chocolate-wafer-bites-180g
https://vgg.bites.com.my/collections/groceries,Groceries,NATURE VALLEY OATS & HONEY 210G,RM14.00,,https://vgg.bites.com.my/collections/groceries/products/nature-valley-oats-honey-210g
https://vgg.bites.com.my/collections/groceries,Groceries,JULIE'S LOVE LETTER CHOCOLATE 705G,RM22.05,,https://vgg.bites.com.my/collections/groceries/products/julie-s-love-letter-chocolate-705g
https://vgg.bites.com.my/collections/groceries,Groceries,OREO CHOCOLATE 110.4G,RM3.35,,https://vgg.bites.com.my/collections/groceries/products/oreo-chocolate-110-4g
https://vgg.bites.com.my/collections/groceries,Groceries,OREO DOUBLE STUF 131.1G,RM3.35,,https://vgg.bites.com.my/collections/groceries/products/oreo-double-stuf-131-1g
https://vgg.bites.com.my/collections/groceries,Groceries,MUNCHYS SUGAR CRACKER 390GM,RM6.20,,https://vgg.bites.com.my/collections/groceries/products/munchys-sugar-cracker-390gm
https://vgg.bites.com.my/collections/groceries,Groceries,BIN BIN RICE CRACKER 150G,RM9.00,RM9.15,https://vgg.bites.com.my/collections/groceries/products/bin-bin-rice-cracker-150g
https://vgg.bites.com.my/collections/groceries,Groceries,MUNCHYS ORIGINAL CREAM CRACKERS 375G,RM6.20,,https://vgg.bites.com.my/collections/groceries/products/munchys-original-cream-crackers-375g
https://vgg.bites.com.my/collections/groceries,Groceries,MUNCHYS OAT KRUNCH S/BERRY&B/CURRANT 390G,RM11.75,,https://vgg.bites.com.my/collections/groceries/products/munchys-oat-krunch-s-berry-b-currant-390g
https://vgg.bites.com.my/collections/groceries,Groceries,MUNCHYS LEXUS PEANUT BUTTER 190G,RM6.80,,https://vgg.bites.com.my/collections/groceries/products/munchys-lexus-peanut-butter-190g
https://vgg.bites.com.my/collections/groceries,Groceries,MUNCHYS LEXUS VEGE CALCIUM 200GM,RM6.80,,https://vgg.bites.com.my/collections/groceries/products/munchys-lexus-vege-calcium-200gm
https://vgg.bites.com.my/collections/groceries,Groceries,JULIE'S BUTTER CRACKERS 200G,RM4.75,,https://vgg.bites.com.my/collections/groceries/products/julie-s-butter-crackers-200g
https://vgg.bites.com.my/collections/groceries,Groceries,MUNCHYS CREAM CRACKER 300G,RM5.95,,https://vgg.bites.com.my/collections/groceries/products/munchys-cream-cracker-300g
https://vgg.bites.com.my/collections/groceries,Groceries,TIGER MARIE 249.7G,RM4.85,,https://vgg.bites.com.my/collections/groceries/products/tiger-marie-2497g
https://vgg.bites.com.my/collections/groceries,Groceries,HUP SENG MARIE BISCUIT 298G,RM4.95,,https://vgg.bites.com.my/collections/groceries/products/hup-seng-marie-biscuit-298g
https://vgg.bites.com.my/collections/groceries,Groceries,MUNCHYS MARIE BISCUITS 300G,RM5.65,,https://vgg.bites.com.my/collections/groceries/products/munchys-marie-biscuits-300g
https://vgg.bites.com.my/collections/groceries,Groceries,MUNCHYS ORIGINAL VEGETABLE CRACKER 390GM,RM6.20,,https://vgg.bites.com.my/collections/groceries/products/munchys-original-vegetable-cracker-390gm
https://vgg.bites.com.my/collections/groceries,Groceries,HAI YONG PUCUK GORENG MINI 200GM,RM14.10,,https://vgg.bites.com.my/collections/groceries/products/hai-yong-pucuk-goreng-mini-200gm
https://vgg.bites.com.my/collections/groceries,Groceries,M&M'S MINIS TUBE 35G,RM5.05,,https://vgg.bites.com.my/collections/groceries/products/m-m-s-minis-tube-35g
https://vgg.bites.com.my/collections/groceries,Groceries,HERSHEY'S KISSES COOKIES'N'CREME 146G,RM14.89,RM16.15,https://vgg.bites.com.my/collections/groceries/products/hershey-s-kisses-cookies-n-creme-146g
https://vgg.bites.com.my/collections/groceries,Groceries,HERSHEY'S ICONIC KISSES MILK 146G,RM14.89,RM16.15,https://vgg.bites.com.my/collections/groceries/products/hershey-s-iconic-kisses-milk-146g
https://vgg.bites.com.my/collections/groceries,Groceries,WRIGLEY'S DOUBLEMINT MINTS SPEARMINT 20S,RM2.50,,https://vgg.bites.com.my/collections/groceries/products/wrigley-s-doublemint-mints-spearmint-20s
https://vgg.bites.com.my/collections/groceries,Groceries,EQUAL STEVIA STICK40SX60,RM13.50,,https://vgg.bites.com.my/collections/groceries/products/equal-stevia-stick40sx60
https://vgg.bites.com.my/collections/groceries,Groceries,EQUAL 300 TABLETS 25.5G,RM24.79,RM25.85,https://vgg.bites.com.my/collections/groceries/products/equal-300-tablets-25-5g
https://vgg.bites.com.my/collections/groceries,Groceries,TAO KAE NOI CRISPY SEAWEED ORIGINAL 28G,RM6.39,RM6.55,https://vgg.bites.com.my/collections/groceries/products/tao-kae-noi-crispy-seaweed-original-28g
https://vgg.bites.com.my/collections/groceries,Groceries,TAO KAE NOI CRISPY SEAWEED HOT&SPICY 28G,RM6.39,RM6.55,https://vgg.bites.com.my/collections/groceries/products/tao-kae-noi-crispy-seaweed-hot-spicy-28g
https://vgg.bites.com.my/collections/groceries,Groceries,TAO KAE NOI CRISPY SEAWEED WASABI 28G,RM6.39,RM6.55,https://vgg.bites.com.my/collections/groceries/products/tao-kae-noi-crispy-seaweed-wasabi-28g
https://vgg.bites.com.my/collections/groceries,Groceries,TAO KAE NOI BIG BANG HOT&SPICY 50G,RM12.29,RM12.75,https://vgg.bites.com.my/collections/groceries/products/tao-kae-noi-big-bang-hot-spicy-50g
https://vgg.bites.com.my/collections/groceries,Groceries,TAO KAE NOI BIG BANG GRILLED SQUID 50G,RM12.29,RM12.75,https://vgg.bites.com.my/collections/groceries/products/tao-kae-noi-big-bang-grilled-squid-50g
https://vgg.bites.com.my/collections/groceries,Groceries,TWISTIES CHIPSTER FLAMING BBQ 60G,RM4.15,,https://vgg.bites.com.my/collections/groceries/products/twisties-chipster-flaming-bbq-60g
https://vgg.bites.com.my/collections/groceries,Groceries,CHEEZELS ORIGINAL 140G,RM4.80,,https://vgg.bites.com.my/collections/groceries/products/cheezels-original-140g
https://vgg.bites.com.my/collections/groceries,Groceries,CHACHO'S CHEESY CHEESE 160G,RM6.80,,https://vgg.bites.com.my/collections/groceries/products/chacho-s-cheesy-cheese-160g
https://vgg.bites.com.my/collections/groceries,Groceries,MR POTATO TUBES SOUR CREAM 125G,RM4.09,RM5.60,https://vgg.bites.com.my/collections/groceries/products/mr-potato-tubes-sour-cream-125g
https://vgg.bites.com.my/collections/groceries,Groceries,SINGLONG GULA MELAKA 400G,RM4.75,,https://vgg.bites.com.my/collections/groceries/products/singlong-gula-melaka-400g
https://vgg.bites.com.my/collections/groceries,Groceries,SUGUS STRAWBERRY STICK 30GM,RM1.70,,https://vgg.bites.com.my/collections/groceries/products/sugus-strawberry-stick-30gm
https://vgg.bites.com.my/collections/groceries,Groceries,SUGUS ORANGE STICK 30GM,RM1.70,,https://vgg.bites.com.my/collections/groceries/products/sugus-orange-stick-30gm
https://vgg.bites.com.my/collections/groceries,Groceries,SUGUS BLACKCURRANT STICK 30GM,RM1.70,,https://vgg.bites.com.my/collections/groceries/products/sugus-blackcurrant-stick-30gm
https://vgg.bites.com.my/collections/groceries,Groceries,WISE COTTAGE FRIES SOUR CREAM & ONION 50G,RM3.09,RM3.55,https://vgg.bites.com.my/collections/groceries/products/wise-cottage-fries-sour-cream-onion-50g
https://vgg.bites.com.my/collections/groceries,Groceries,CHACHO'S BBQ BONANZA 70G,RM3.75,,https://vgg.bites.com.my/collections/groceries/products/chacho-s-bbq-bonanza-70g
https://vgg.bites.com.my/collections/groceries,Groceries,MENTOS PURE FRESH FB LIME MINT 57G,RM6.90,,https://vgg.bites.com.my/collections/groceries/products/mentos-pure-fresh-fb-lime-mint-57g
https://vgg.bites.com.my/collections/groceries,Groceries,SKITTLES BIGGIE BOTTLE 100GM,RM7.65,,https://vgg.bites.com.my/collections/groceries/products/skittles-biggie-bottle-100gm
https://vgg.bites.com.my/collections/groceries,Groceries,YUPI APPLE RINGS 110G,RM4.79,RM5.05,https://vgg.bites.com.my/collections/groceries/products/yupi-apple-rings-110g
https://vgg.bites.com.my/collections/groceries,Groceries,FERRERO ROCHER T5 62.5G,RM13.20,,https://vgg.bites.com.my/collections/groceries/products/ferrero-rocher-t5-62-5g
https://vgg.bites.com.my/collections/groceries,Groceries,MARS SINGLE 47G,RM4.05,,https://vgg.bites.com.my/collections/groceries/products/mars-single-47g
https://vgg.bites.com.my/collections/groceries,Groceries,CAMPBELL'S INST WILD MUSHRM SOUP 3X16.8G,RM5.39,RM5.80,https://vgg.bites.com.my/collections/groceries/products/campbell-s-inst-wild-mushrm-soup-3x16-8g
https://vgg.bites.com.my/collections/groceries,Groceries,CAMPBELL'S INST CRM OF MUSHRM SOUP 3X21.1G,RM5.39,RM5.80,https://vgg.bites.com.my/collections/groceries/products/campbell-s-inst-crm-of-mushrm-soup-3x21-1g
https://vgg.bites.com.my/collections/groceries,Groceries,CAMPBELL'S INST CRM OF CHICKEN SOUP 3X22G,RM5.39,RM5.80,https://vgg.bites.com.my/collections/groceries/products/campbell-s-inst-crm-of-chicken-soup-3x22g
https://vgg.bites.com.my/collections/groceries,Groceries,CAMPBELL'S COUNTRY MUSHRM CHICKEN SOUP 300G,RM6.79,RM6.95,https://vgg.bites.com.my/collections/groceries/products/campbell-s-country-mushrm-chicken-soup-300g
https://vgg.bites.com.my/collections/groceries,Groceries,CAMPBELL'S WILD MUSHROOM SOUP 295G,RM6.79,RM6.95,https://vgg.bites.com.my/collections/groceries/products/campbell-s-wild-mushroom-soup-295g
https://vgg.bites.com.my/collections/groceries,Groceries,CAMPBELL'S INST MUSH CHIC W CROUTONS 3X21G,RM5.39,RM5.80,https://vgg.bites.com.my/collections/groceries/products/campbell-s-inst-mush-chic-w-croutons-3x21g
https://vgg.bites.com.my/collections/groceries,Groceries,CAMPBELL'S INST MUSH CHEESE W CROUTONS 3X21G,RM5.39,RM5.80,https://vgg.bites.com.my/collections/groceries/products/campbell-s-inst-mush-cheese-w-croutons-3x21g
https://vgg.bites.com.my/collections/groceries,Groceries,PREGO TOMATO BASIL & GARLIC PASTA SAUCE 680GM,RM13.89,RM14.60,https://vgg.bites.com.my/collections/groceries/products/prego-tomato-basil-garlic-pasta-sauce-680gm
https://vgg.bites.com.my/collections/groceries,Groceries,CAMPBELL'S MUSHROOM POTTAGE 300G,RM6.19,RM6.40,https://vgg.bites.com.my/collections/groceries/products/campbell-s-mushroom-pottage-300g
https://vgg.bites.com.my/collections/groceries,Groceries,CAMPBELL'S CREAM OF MUSHROOM SOUP 290G,RM6.19,RM6.40,https://vgg.bites.com.my/collections/groceries/products/campbell-s-cream-of-mushroom-soup-290g
https://vgg.bites.com.my/collections/groceries,Groceries,CAMPBELL'S CREAM OF CHICKEN SOUP 300G,RM6.19,RM6.40,https://vgg.bites.com.my/collections/groceries/products/campbell-s-cream-of-chicken-soup-300g
https://vgg.bites.com.my/collections/groceries,Groceries,CAMPBELL'S CREAMY CHIC MUSHRM SOUP 300G,RM6.19,RM6.40,https://vgg.bites.com.my/collections/groceries/products/campbell-s-creamy-chic-mushrm-soup-300g
https://vgg.bites.com.my/collections/groceries,Groceries,AB BAKED BEANS CHEESE 230G,RM3.70,,https://vgg.bites.com.my/collections/groceries/products/ab-baked-beans-cheese-230g
https://vgg.bites.com.my/collections/groceries,Groceries,AB BAKED BEAN LIGHT 230G,RM3.50,,https://vgg.bites.com.my/collections/groceries/products/ab-baked-bean-light-230g
https://vgg.bites.com.my/collections/groceries,Groceries,DUCHEF TOMATO PUREE 100G,RM2.80,,https://vgg.bites.com.my/collections/groceries/products/duchef-tomato-puree-100g
https://vgg.bites.com.my/collections/groceries,Groceries,DUCHEF TOMATO PUREE 220G,RM4.05,,https://vgg.bites.com.my/collections/groceries/products/duchef-tomato-puree-220g
https://vgg.bites.com.my/collections/groceries,Groceries,AB PINEAPPLE CHUNKS IN SYRUP 565G,RM8.15,,https://vgg.bites.com.my/collections/groceries/products/ab-pineapple-chunks-in-syrup-565g
https://vgg.bites.com.my/collections/groceries,Groceries,AB PINEAPPLE CHUNKS IN SYRUP 425G,RM7.00,,https://vgg.bites.com.my/collections/groceries/products/ab-pineapple-chunks-in-syrup-425g
https://vgg.bites.com.my/collections/groceries,Groceries,AYAM BRAND CHILLI MACKEREL 425GM,RM11.95,,https://vgg.bites.com.my/collections/groceries/products/ayam-brand-chilli-mackerel-425gm
https://vgg.bites.com.my/collections/groceries,Groceries,AYAM BRAND DELI TUNA SPREAD 160G,RM7.70,,https://vgg.bites.com.my/collections/groceries/products/ayam-brand-deli-tuna-spread-160g
https://vgg.bites.com.my/collections/groceries,Groceries,MARINA SARDINE IN TOMOTA 155GM,RM4.20,,https://vgg.bites.com.my/collections/groceries/products/marina-sardine-in-tomota-155gm
https://vgg.bites.com.my/collections/groceries,Groceries,AYAM BRAND DELI TUNA MAYO 160G,RM7.70,,https://vgg.bites.com.my/collections/groceries/products/ayam-brand-deli-tuna-mayo-160g
https://vgg.bites.com.my/collections/groceries,Groceries,AYAM BRAND TOMATO PUREE 430G,RM5.85,,https://vgg.bites.com.my/collections/groceries/products/ayam-brand-tomato-puree-430g
https://vgg.bites.com.my/collections/groceries,Groceries,TONG GARDEN PEANUTS MIXED ANCHOVY 140G,RM8.00,,https://vgg.bites.com.my/collections/groceries/products/tong-garden-peanuts-mixed-anchovy-140g
https://vgg.bites.com.my/collections/groceries,Groceries,NATURE'S WONDERS MIGHTY MIX 130G,RM17.59,RM18.60,https://vgg.bites.com.my/collections/groceries/products/nature-s-wonders-mighty-mix-130g
https://vgg.bites.com.my/collections/groceries,Groceries,CAPTAIN INSTANT ROLLED OATS 800G,RM9.69,RM10.35,https://vgg.bites.com.my/collections/groceries/products/captain-instant-rolled-oats-800g
https://vgg.bites.com.my/collections/groceries,Groceries,MUNCHY'S LEXUS SALTED CHOC SANDWICH 190G,RM6.80,,https://vgg.bites.com.my/collections/groceries/products/munchys-lexus-salted-choc-sandwich-190g
https://vgg.bites.com.my/collections/groceries,Groceries,NUTRIONE BAKED NUTS & BERRY MIX 85G,RM9.50,,https://vgg.bites.com.my/collections/groceries/products/nutrione-baked-nuts-berry-mix-85g
https://vgg.bites.com.my/collections/groceries,Groceries,GARDENIA ROLL UP WRAPS WHOLEMEAL 5X45G,RM5.20,,https://vgg.bites.com.my/collections/groceries/products/gardenia-roll-up-wraps-wholemeal-5x45g
https://vgg.bites.com.my/collections/groceries,Groceries,TG UNSWEETENED PEANUT BUTTER 340G,RM8.90,,https://vgg.bites.com.my/collections/groceries/products/tg-unsweetened-peanut-butter-340g
https://vgg.bites.com.my/collections/groceries,Groceries,CHIPSMORE DOUBLE CHOC MEGA VP 14X28G,RM12.05,,https://vgg.bites.com.my/collections/groceries/products/chipsmore-double-choc-mega-vp-14x28g
https://vgg.bites.com.my/collections/groceries,Groceries,CHIPSMORE ORIGINAL MEGA VP 14X28G,RM12.05,,https://vgg.bites.com.my/collections/groceries/products/chipsmore-original-mega-vp-14x28g
https://vgg.bites.com.my/collections/groceries,Groceries,ALWAYS FRESH CUCUMBERS BABY CHILLI 350G,RM13.05,,https://vgg.bites.com.my/collections/groceries/products/always-fresh-cucumbers-baby-chilli-350g
https://vgg.bites.com.my/collections/groceries,Groceries,MAGGI BIG CHICKEN 5X103G,RM7.10,,https://vgg.bites.com.my/collections/groceries/products/maggi-big-chicken-5x103g
https://vgg.bites.com.my/collections/groceries,Groceries,MAGGI TOM YAM 5X80G,RM6.30,,https://vgg.bites.com.my/collections/groceries/products/maggi-tom-yam-5x80g
https://vgg.bites.com.my/collections/groceries,Groceries,NONGSHIM SHIN RAMYUN 5X120GM,RM22.90,,https://vgg.bites.com.my/collections/groceries/products/nongshim-shin-ramyun-5x120gm
https://vgg.bites.com.my/collections/groceries,Groceries,JACK LINK BEEF JERKY TERIYAKI 50G,RM20.90,,https://vgg.bites.com.my/collections/groceries/products/jack-link-beef-jerky-teriyaki-50g
https://vgg.bites.com.my/collections/groceries,Groceries,JACK LINK BEEF JERKY PEPPERED 50G,RM20.90,,https://vgg.bites.com.my/collections/groceries/products/jack-link-beef-jerky-peppered-50g
https://vgg.bites.com.my/collections/groceries,Groceries,JACK LINK BEEF JERKY SWEET & HOT 50G,RM20.90,,https://vgg.bites.com.my/collections/groceries/products/jack-link-beef-jerky-sweet-hot-50g
https://vgg.bites.com.my/collections/groceries,Groceries,NONGSHIM CHAPAGETTI CHAJANG MYUN 5X140GM,RM22.99,RM24.90,https://vgg.bites.com.my/collections/groceries/products/nongshim-chapagetti-chajang-myun-5x140gm
https://vgg.bites.com.my/collections/groceries,Groceries,ALCE NERO ORG SPAGHETTINI 500GM,RM7.99,RM9.00,https://vgg.bites.com.my/collections/groceries/products/alce-nero-org-spaghettini-500gm
https://vgg.bites.com.my/collections/groceries,Groceries,COCON NATA DECOCO PUDDING MIXED 12X80G,RM12.29,RM13.15,https://vgg.bites.com.my/collections/groceries/products/cocon-nata-decoco-pudding-mixed-12x80g
https://vgg.bites.com.my/collections/groceries,Groceries,MEGAH JAPANESE FRESH UDON NOODLE 600G,RM8.30,,https://vgg.bites.com.my/collections/groceries/products/megah-japanese-fresh-udon-noodle-600g
https://vgg.bites.com.my/collections/groceries,Groceries,OLD EL PASO TACO SHELLS UK 156G,RM17.99,RM20.20,https://vgg.bites.com.my/collections/groceries/products/old-el-paso-taco-shells-uk-156g
https://vgg.bites.com.my/collections/groceries,Groceries,DANCING CHEF TIKKA MASALA 100G,RM8.80,,https://vgg.bites.com.my/collections/groceries/products/dancing-chef-tikka-masala-100g
https://vgg.bites.com.my/collections/groceries,Groceries,MAMEE PREMIUM CURRY 5X75G,RM3.89,RM5.60,https://vgg.bites.com.my/collections/groceries/products/mamee-premium-curry-5x75g
https://vgg.bites.com.my/collections/groceries,Groceries,N&N ROASTED NUT BAR YOGHURT 192G,RM15.10,,https://vgg.bites.com.my/collections/groceries/products/n-n-roasted-nut-bar-yoghurt-192g
https://vgg.bites.com.my/collections/groceries,Groceries,ALCE NERO ORG NATAPOLENA TOMATO SAUCE 350GM,RM15.99,RM16.60,https://vgg.bites.com.my/collections/groceries/products/alce-nero-org-natapolena-tomato-sauce-350gm
https://vgg.bites.com.my/collections/groceries,Groceries,MARUTOMO SOBA TSUYU STRAIGHT 360ML,RM12.05,,https://vgg.bites.com.my/collections/groceries/products/marutomo-soba-tsuyu-straight-360ml
https://vgg.bites.com.my/collections/groceries,Groceries,LINDT EXCELLENCE DARK 99% COCOA 50GM,RM35.85,,https://vgg.bites.com.my/collections/groceries/products/lindt-excellence-dark-99-cocoa-50gm
https://vgg.bites.com.my/collections/groceries,Groceries,NESTLE VIOLET CRUMBLE 50G,RM10.05,,https://vgg.bites.com.my/collections/groceries/products/nestle-violet-crumble-50g
https://vgg.bites.com.my/collections/groceries,Groceries,ALWAYS FRESH ORIGINAL DILL CUCUMBER 680G,RM14.10,,https://vgg.bites.com.my/collections/groceries/products/always-fresh-original-dill-cucumber-680g
https://vgg.bites.com.my/collections/groceries,Groceries,BASSO PEANUT OIL 1L,RM24.50,,https://vgg.bites.com.my/collections/groceries/products/basso-peanut-oil-1l
https://vgg.bites.com.my/collections/groceries,Groceries,LA COSTENA NACHO SLICED JALAPENO PEPPER 440G,RM15.80,,https://vgg.bites.com.my/collections/groceries/products/la-costena-nacho-sliced-jalapeno-pepper-440g
https://vgg.bites.com.my/collections/groceries,Groceries,LA COSTENA WHOLE BLACK BEANS 540GM,RM11.00,,https://vgg.bites.com.my/collections/groceries/products/la-costena-whole-black-beans-540gm
https://vgg.bites.com.my/collections/groceries,Groceries,HL WALNUT 120G,RM10.95,,https://vgg.bites.com.my/collections/groceries/products/hl-walnut-120g
https://vgg.bites.com.my/collections/groceries,Groceries,HL ALMOND 150G,RM11.90,,https://vgg.bites.com.my/collections/groceries/products/hl-almond-150g
https://vgg.bites.com.my/collections/groceries,Groceries,JOHN WEST TUNA CHUNK IN SPRING WATER 425G,RM26.25,,https://vgg.bites.com.my/collections/groceries/products/john-west-tuna-chunk-in-spring-water-425g
https://vgg.bites.com.my/collections/groceries,Groceries,TONG GARDEN WASABI GREEN PEAS 50GM,RM1.60,,https://vgg.bites.com.my/collections/groceries/products/tong-garden-wasabi-green-peas-50gm
https://vgg.bites.com.my/collections/groceries,Groceries,JOHN WEST TUNA TEMP LIGHT SPRING WATER 95G,RM7.50,,https://vgg.bites.com.my/collections/groceries/products/john-west-tuna-temp-light-spring-water-95g
https://vgg.bites.com.my/collections/groceries,Groceries,BIRD OF PARADISE PHKARHNEI ORG 5KG,RM29.99,RM34.65,https://vgg.bites.com.my/collections/groceries/products/bird-of-paradise-phkarhnei-org-5kg
https://vgg.bites.com.my/collections/groceries,Groceries,RADIANT ORG MAPLE SYRUP 236ML,RM49.90,,https://vgg.bites.com.my/collections/groceries/products/radiant-org-maple-syrup-236ml
https://vgg.bites.com.my/collections/groceries,Groceries,COCON NATA DECOCO PUDDING MANGO 12X80G,RM12.29,RM13.00,https://vgg.bites.com.my/collections/groceries/products/cocon-nata-decoco-pudding-mango-12x80g
https://vgg.bites.com.my/collections/groceries,Groceries,LINDT SWISS CLASSIC DARK HAZELNUT CHOC 100GM,RM23.79,RM27.20,https://vgg.bites.com.my/collections/groceries/products/lindt-swiss-classic-dark-hazelnut-choc-100gm
https://vgg.bites.com.my/collections/groceries,Groceries,LINDT LINDOR CORNET ASSORTED 200GM,RM52.99,RM61.90,https://vgg.bites.com.my/collections/groceries/products/lindt-lindor-cornet-assorted-200gm
https://vgg.bites.com.my/collections/groceries,Groceries,LINDT LINDOR CORNET MILK 200GM,RM52.99,RM61.90,https://vgg.bites.com.my/collections/groceries/products/lindt-lindor-cornet-milk-200gm
https://vgg.bites.com.my/collections/groceries,Groceries,TWIX SINGLE TWIN BAR 50G,RM4.65,,https://vgg.bites.com.my/collections/groceries/products/twix-single-twin-bar-50g
https://vgg.bites.com.my/collections/groceries,Groceries,MEIJI GIANT HELLO PANDA CHOC 260G,RM20.90,,https://vgg.bites.com.my/collections/groceries/products/meiji-giant-hello-panda-choc-260g
https://vgg.bites.com.my/collections/groceries,Groceries,MF PAPRIKA GROUND 35GM,RM11.79,RM12.35,https://vgg.bites.com.my/collections/groceries/products/mf-paprika-ground-35gm
https://vgg.bites.com.my/collections/groceries,Groceries,MF GARAM MASALA 30GM,RM12.50,,https://vgg.bites.com.my/collections/groceries/products/mf-garam-masala-30gm
https://vgg.bites.com.my/collections/groceries,Groceries,BARILLA POMODOROE ELICOTTA 400G,RM14.99,RM18.65,https://vgg.bites.com.my/collections/groceries/products/barilla-pomodoroe-elicotta-400g
https://vgg.bites.com.my/collections/groceries,Groceries,HEINZ BBQ SAUCE ORIGINAL 570G,RM19.10,,https://vgg.bites.com.my/collections/groceries/products/heinz-bbq-sauce-original-570g
https://vgg.bites.com.my/collections/groceries,Groceries,TAE PEE INST TOM YUM 454G,RM13.50,,https://vgg.bites.com.my/collections/groceries/products/tae-pee-inst-tom-yum-454g
https://vgg.bites.com.my/collections/groceries,Groceries,S&W TOMATO PASTE 170GM,RM6.55,,https://vgg.bites.com.my/collections/groceries/products/s-w-tomato-paste-170gm
https://vgg.bites.com.my/collections/groceries,Groceries,DOUBLE PAGODA CHILLI OIL 140G,RM10.99,RM11.85,https://vgg.bites.com.my/collections/groceries/products/double-pagoda-chilli-oil-140g
https://vgg.bites.com.my/collections/groceries,Groceries,BASSO GRAPE SEED OIL 1L,RM37.55,,https://vgg.bites.com.my/collections/groceries/products/basso-grape-seed-oil-1l
https://vgg.bites.com.my/collections/groceries,Groceries,OLITALIA EXTRA VIRGIN OLIVE OIL 500ML,RM37.00,,https://vgg.bites.com.my/collections/groceries/products/olitalia-extra-virgin-olive-oil-500ml
https://vgg.bites.com.my/collections/groceries,Groceries,BORGES EXTRA LIGHT OLIVE OIL 2LTR,RM152.55,,https://vgg.bites.com.my/collections/groceries/products/borges-extra-light-olive-oil-2ltr
https://vgg.bites.com.my/collections/groceries,Groceries,FLORAL FRAGRANT RICE 5KG,RM28.30,,https://vgg.bites.com.my/collections/groceries/products/floral-fragrant-rice-5kg
https://vgg.bites.com.my/collections/groceries,Groceries,THAI KING FRAGRANT RICE 5KG,RM28.30,,https://vgg.bites.com.my/collections/groceries/products/thai-king-fragrant-rice-5kg
https://vgg.bites.com.my/collections/groceries,Groceries,TWISTIES TOMATO 140G,RM4.80,,https://vgg.bites.com.my/collections/groceries/products/twisties-tomato-140g
https://vgg.bites.com.my/collections/groceries,Groceries,TWISTIES CHICKEN 140G,RM4.80,,https://vgg.bites.com.my/collections/groceries/products/twisties-chicken-140g
https://vgg.bites.com.my/collections/groceries,Groceries,TWISTIES BIG CHEESE 140G,RM4.80,,https://vgg.bites.com.my/collections/groceries/products/twisties-big-cheese-140g
https://vgg.bites.com.my/collections/groceries,Groceries,TWISTIES BBQ CURRY 140G,RM4.80,,https://vgg.bites.com.my/collections/groceries/products/twisties-bbq-curry-140g
https://vgg.bites.com.my/collections/groceries,Groceries,LOTUS CARAMELISED BISCUITS 2SX8 124G,RM7.65,,https://vgg.bites.com.my/collections/groceries/products/lotus-caramelised-biscuits-2sx8-124g
https://vgg.bites.com.my/collections/groceries,Groceries,LOTUS CARAMELISED BISCUITS (2X12) 186GM,RM10.30,,https://vgg.bites.com.my/collections/groceries/products/lotus-caramelised-biscuits-2x12-186gm
https://vgg.bites.com.my/collections/groceries,Groceries,LOTUS CARAMELISED BISCUITS (25S) 250GM,RM12.80,,https://vgg.bites.com.my/collections/groceries/products/lotus-caramelised-biscuits-25s-250gm
https://vgg.bites.com.my/collections/groceries,Groceries,LOTUS CARAMELISED BISCUITS (25S) 156GM,RM10.45,,https://vgg.bites.com.my/collections/groceries/products/lotus-caramelised-biscuits-25s-156gm
https://vgg.bites.com.my/collections/groceries,Groceries,LOTUS CARAMELISED BISCUIT 125GM,RM5.05,,https://vgg.bites.com.my/collections/groceries/products/lotus-caramelised-biscuit-125gm
https://vgg.bites.com.my/collections/groceries,Groceries,GLICO PRETZ PIZZA 31GM,RM2.00,,https://vgg.bites.com.my/collections/groceries/products/glico-pretz-pizza-31gm
https://vgg.bites.com.my/collections/groceries,Groceries,GLICO PEJOY FAMILY PACK CHOCOLATE 112G,RM12.65,,https://vgg.bites.com.my/collections/groceries/products/glico-pejoy-family-pack-chocolate-112g
https://vgg.bites.com.my/collections/groceries,Groceries,KNOPPERS WAFER BISCUIT 25G,RM2.80,,https://vgg.bites.com.my/collections/groceries/products/knoppers-wafer-biscuit-25g
https://vgg.bites.com.my/collections/groceries,Groceries,GARDEN CREAM WAFFERS-STRAWBERRY 200G,RM11.00,,https://vgg.bites.com.my/collections/groceries/products/garden-cream-waffers-strawberry-200g
https://vgg.bites.com.my/collections/groceries,Groceries,GLICO POCKY COOKIES & CREAM 40GM,RM3.69,RM4.05,https://vgg.bites.com.my/collections/groceries/products/glico-pocky-cookies-cream-40gm
https://vgg.bites.com.my/collections/groceries,Groceries,GARDEN SAVOURY CRACKERS-SPRING ONION 150GM,RM11.89,RM12.65,https://vgg.bites.com.my/collections/groceries/products/garden-savoury-crackers-spring-onion-150gm
https://vgg.bites.com.my/collections/groceries,Groceries,GARDEN SAVOURY CRACKERS-GARLIC&HERB 150GM,RM11.89,RM12.65,https://vgg.bites.com.my/collections/groceries/products/garden-savoury-crackers-garlic-herb-150gm
https://vgg.bites.com.my/collections/groceries,Groceries,GARDEN WATER CRACKER 125G,RM11.59,RM12.40,https://vgg.bites.com.my/collections/groceries/products/garden-water-cracker-125g
https://vgg.bites.com.my/collections/groceries,Groceries,NABISCO RITZ TOASTED CHIPS CHEDDAR 8.1 OZ,RM15.90,,https://vgg.bites.com.my/collections/groceries/products/nabisco-ritz-toasted-chips-cheddar-8-1-oz
https://vgg.bites.com.my/collections/groceries,Groceries,FANTASTIC RICE CRACKER BBQ 100GM,RM5.80,,https://vgg.bites.com.my/collections/groceries/products/fantastic-rice-cracker-bbq-100gm
https://vgg.bites.com.my/collections/groceries,Groceries,JOHN WEST SALMON TEMP LEMON & C.PEPPER 95G,RM10.05,,https://vgg.bites.com.my/collections/groceries/products/john-west-salmon-temp-lemon-c-pepper-95g
https://vgg.bites.com.my/collections/groceries,Groceries,JOHN WEST SALMON TEMP IN SPRING WATER 95G,RM10.05,,https://vgg.bites.com.my/collections/groceries/products/john-west-salmon-temp-in-spring-water-95g
https://vgg.bites.com.my/collections/groceries,Groceries,JOHN WEST TUNA TEMP LEMON CRACKED PEPPER 95G,RM7.50,,https://vgg.bites.com.my/collections/groceries/products/john-west-tuna-temp-lemon-cracked-pepper-95g
https://vgg.bites.com.my/collections/groceries,Groceries,MAKNYONYA PORTUGEESE IKAN KUKUS200G,RM6.95,,https://vgg.bites.com.my/collections/groceries/products/maknyonya-portugeese-ikan-kukus200g
https://vgg.bites.com.my/collections/groceries,Groceries,MAKNYONYA INSTANT VEGETARIAN CURRY 200G,RM6.95,,https://vgg.bites.com.my/collections/groceries/products/maknyonya-instant-vegetarian-curry-200g
https://vgg.bites.com.my/collections/groceries,Groceries,MAKNYONYA TOM YAM PASTE 200G,RM6.95,,https://vgg.bites.com.my/collections/groceries/products/maknyonya-tom-yam-paste-200g
https://vgg.bites.com.my/collections/groceries,Groceries,MAKNYONYA RENDANG 200G,RM6.95,,https://vgg.bites.com.my/collections/groceries/products/maknyonya-rendang-200g
https://vgg.bites.com.my/collections/groceries,Groceries,MAKNYONYA INSTANT FISH CURRY SAUCE 200G,RM6.95,,https://vgg.bites.com.my/collections/groceries/products/maknyonya-instant-fish-curry-sauce-200g
https://vgg.bites.com.my/collections/groceries,Groceries,SAMYANG HOT CHICKEN RAMEN 5*140G,RM27.20,,https://vgg.bites.com.my/collections/groceries/products/samyang-hot-chicken-ramen-5-140g
https://vgg.bites.com.my/collections/groceries,Groceries,NATUREL CANOLA OIL 1KG,RM14.19,RM14.70,https://vgg.bites.com.my/collections/groceries/products/naturel-canola-oil-1kg
https://vgg.bites.com.my/collections/groceries,Groceries,MSM PRAI SOFT BROWN SUGAR 500G,RM2.80,,https://vgg.bites.com.my/collections/groceries/products/msm-prai-soft-brown-sugar-500g
https://vgg.bites.com.my/collections/groceries,Groceries,MSM PRAI ICING SUGAR 500G,RM3.00,,https://vgg.bites.com.my/collections/groceries/products/msm-prai-icing-sugar-500g
https://vgg.bites.com.my/collections/groceries,Groceries,MANJUN CRISPY SEAWEED SNACK WASABI 9*4.5G,RM22.90,,https://vgg.bites.com.my/collections/groceries/products/manjun-crispy-seaweed-snack-wasabi-9-4-5g
https://vgg.bites.com.my/collections/groceries,Groceries,MANJUN CRISPY SEAWEED SNACK HOT&SPICY 9*4.5G,RM22.90,,https://vgg.bites.com.my/collections/groceries/products/manjun-crispy-seaweed-snack-hot-spicy-9-4-5g
https://vgg.bites.com.my/collections/groceries,Groceries,MAKNYONYA INSTANT CHICKEN CURRY SAUCE 200G,RM6.95,,https://vgg.bites.com.my/collections/groceries/products/maknyonya-instant-chicken-curry-sauce-200g
https://vgg.bites.com.my/collections/groceries,Groceries,M&S COCONUT MILK 1LTR,RM15.10,,https://vgg.bites.com.my/collections/groceries/products/m-s-coconut-milk-1ltr
https://vgg.bites.com.my/collections/groceries,Groceries,KNIFE COOKING OIL 2KG,RM15.99,RM16.30,https://vgg.bites.com.my/collections/groceries/products/knife-cooking-oil-2kg
https://vgg.bites.com.my/collections/groceries,Groceries,GARDENIA TOAST'EM CHOCO RAISIN 360G,RM5.50,,https://vgg.bites.com.my/collections/groceries/products/gardenia-toast-em-choco-raisin-360g
https://vgg.bites.com.my/collections/groceries,Groceries,DAISHO ROASTED SUSHI SEAWEED 10S,RM12.50,,https://vgg.bites.com.my/collections/groceries/products/daisho-roasted-sushi-seaweed-10s
https://vgg.bites.com.my/collections/groceries,Groceries,BORGES PURE OLIVE OIL 1L,RM74.39,RM87.15,https://vgg.bites.com.my/collections/groceries/products/borges-pure-olive-oil-1l
https://vgg.bites.com.my/collections/groceries,Groceries,GULLON MINI CRACKER QUINOA & CHIA 250G,RM11.10,,https://vgg.bites.com.my/collections/groceries/products/gullon-mini-cracker-quinoa-chia-250g
https://vgg.bites.com.my/collections/groceries,Groceries,GULLON MINI CRACKER CHEDDAR 250G,RM11.10,,https://vgg.bites.com.my/collections/groceries/products/gullon-mini-cracker-cheddar-250g
https://vgg.bites.com.my/collections/groceries,Groceries,HL CASHEW NUT 150G,RM13.20,,https://vgg.bites.com.my/collections/groceries/products/hl-cashew-nut-150g
https://vgg.bites.com.my/collections/groceries,Groceries,RITTER SPORT STRAWBERRY YOGURT 100GM,RM17.10,,https://vgg.bites.com.my/collections/groceries/products/ritter-sport-strawberry-yogurt-100gm
https://vgg.bites.com.my/collections/groceries,Groceries,AYAM BRAND DELI TUNA MAYO LIGHT 160G,RM7.70,,https://vgg.bites.com.my/collections/groceries/products/ayam-brand-deli-tuna-mayo-light-160g
https://vgg.bites.com.my/collections/groceries,Groceries,SNYDERS PRETZELS STICKS 255.2G,RM18.90,,https://vgg.bites.com.my/collections/groceries/products/snyders-pretzels-sticks-255-2g
https://vgg.bites.com.my/collections/groceries,Groceries,(NON-HALAL) RITTER SPORT RUM RAISIN & HAZELNUT 100GM,RM16.90,,https://vgg.bites.com.my/collections/groceries/products/non-halal-ritter-sport-rum-raisin-hazelnut-100gm
https://vgg.bites.com.my/collections/groceries,Groceries,ALCE NERO ORG KIDS TRICOLOUR PASTA 250G,RM6.75,,https://vgg.bites.com.my/collections/groceries/products/alce-nero-org-kids-tricolour-pasta-250g
https://vgg.bites.com.my/collections/groceries,Groceries,BALDUCCI FETTUCCINE 400G,RM3.40,,https://vgg.bites.com.my/collections/groceries/products/balducci-fettuccine-400g
https://vgg.bites.com.my/collections/groceries,Groceries,BALDUCCI NO. 32 MACCHERONI 400G,RM3.40,,https://vgg.bites.com.my/collections/groceries/products/balducci-no-32-maccheroni-400g
https://vgg.bites.com.my/collections/groceries,Groceries,BALDUCCI NO. 55 SPIRALI 400G,RM3.40,,https://vgg.bites.com.my/collections/groceries/products/balducci-no-55-spirali-400g
https://vgg.bites.com.my/collections/groceries,Groceries,IBUMIE ALWAYS MI GORENG ASLI 5X80G,RM6.40,,https://vgg.bites.com.my/collections/groceries/products/ibumie-always-mi-goreng-asli-5x80g
https://vgg.bites.com.my/collections/groceries,Groceries,JASMINE SUPER 5 IMPORT 10KG,RM35.59,RM42.70,https://vgg.bites.com.my/collections/groceries/products/jasmine-super-5-import-10kg
https://vgg.bites.com.my/collections/groceries,Groceries,MAMEE BIHUN AYAM 5X55G,RM6.70,,https://vgg.bites.com.my/collections/groceries/products/mamee-bihun-ayam-5x55g
https://vgg.bites.com.my/collections/groceries,Groceries,MAMEE BIHUN SAYUR 5X55G,RM6.70,,https://vgg.bites.com.my/collections/groceries/products/mamee-bihun-sayur-5x55g
https://vgg.bites.com.my/collections/groceries,Groceries,MAMEE CHEF CUP CURRY LAKSA 72GM,RM3.10,,https://vgg.bites.com.my/collections/groceries/products/mamee-chef-cup-curry-laksa-72gm
https://vgg.bites.com.my/collections/groceries,Groceries,MAMEE CHEF LONTONG CUP 84G,RM3.10,,https://vgg.bites.com.my/collections/groceries/products/mamee-chef-lontong-cup-84g
https://vgg.bites.com.my/collections/groceries,Groceries,MAMEE EXPRESS CUP CURRY 60G,RM2.05,,https://vgg.bites.com.my/collections/groceries/products/mamee-express-cup-curry-60g
https://vgg.bites.com.my/collections/groceries,Groceries,MAMEE PREMIUM CHICKEN 5X73G,RM3.89,RM5.60,https://vgg.bites.com.my/collections/groceries/products/mamee-premium-chicken-5x73g
https://vgg.bites.com.my/collections/groceries,Groceries,MEWAH NATURAL SPINACH RAMEN 250G,RM7.50,,https://vgg.bites.com.my/collections/groceries/products/mewah-natural-spinach-ramen-250g
https://vgg.bites.com.my/collections/groceries,Groceries,MYOJO BOWL THAI TOM YAM 79G,RM4.20,,https://vgg.bites.com.my/collections/groceries/products/myojo-bowl-thai-tom-yam-79g
https://vgg.bites.com.my/collections/groceries,Groceries,MYOJO DRY BOWL MEE GORENG 94G,RM6.35,,https://vgg.bites.com.my/collections/groceries/products/myojo-dry-bowl-mee-goreng-94g
https://vgg.bites.com.my/collections/groceries,Groceries,NISSIN JAPANESE RAMEN HOKKAIDO MISO 5X106G,RM16.95,,https://vgg.bites.com.my/collections/groceries/products/nissin-japanese-ramen-hokkaido-miso-5x106g
https://vgg.bites.com.my/collections/groceries,Groceries,NISSIN JAPANESE RAMEN TOKYO SHOYU 5X106G,RM16.95,,https://vgg.bites.com.my/collections/groceries/products/nissin-japanese-ramen-tokyo-shoyu-5x106g
https://vgg.bites.com.my/collections/groceries,Groceries,ROYAL UMBRELLA THAI FRAGRANT RICE 5KG,RM28.99,RM37.90,https://vgg.bites.com.my/collections/groceries/products/royal-umbrella-thai-fragrant-rice-5kg
https://vgg.bites.com.my/collections/groceries,Groceries,SAN REMO VERMICELLI NO.2 500GM,RM5.30,,https://vgg.bites.com.my/collections/groceries/products/san-remo-vermicelli-no-2-500gm
https://vgg.bites.com.my/collections/groceries,Groceries,SAN REMO WAGON WHEELS 500GM,RM5.45,,https://vgg.bites.com.my/collections/groceries/products/san-remo-wagon-wheels-500gm
https://vgg.bites.com.my/collections/groceries,Groceries,SEDAAP MIE GORENG ASLI 5X90G,RM5.29,RM5.90,https://vgg.bites.com.my/collections/groceries/products/sedaap-mie-goreng-asli-5x90g
https://vgg.bites.com.my/collections/groceries,Groceries,WERTHERS ORIGINAL SUGAR FREE BAG 70G,RM9.85,,https://vgg.bites.com.my/collections/groceries/products/werthers-original-sugar-free-bag-70g
https://vgg.bites.com.my/collections/groceries,Groceries,HL MIXED NUTS 150G,RM11.90,,https://vgg.bites.com.my/collections/groceries/products/hl-mixed-nuts-150g
https://vgg.bites.com.my/collections/groceries,Groceries,AYAM BRAND DELI TUNA SPICY 160G,RM7.70,,https://vgg.bites.com.my/collections/groceries/products/ayam-brand-deli-tuna-spicy-160g
https://vgg.bites.com.my/collections/groceries,Groceries,AYAM BRAND CHILLI TUNA LIGHT 160G,RM7.70,,https://vgg.bites.com.my/collections/groceries/products/ayam-brand-chilli-tuna-light-160g
https://vgg.bites.com.my/collections/groceries,Groceries,DUCHEF TOMATO PUREE 430G,RM5.75,,https://vgg.bites.com.my/collections/groceries/products/duchef-tomato-puree-430g
https://vgg.bites.com.my/collections/groceries,Groceries,JULIE'S OAT 25 HAZELNUT CHOC CHIPS 300G,RM8.75,,https://vgg.bites.com.my/collections/groceries/products/julie-s-oat-25-hazelnut-choc-chips-300g
https://vgg.bites.com.my/collections/groceries,Groceries,OREO VANILLA 110.4G,RM3.30,,https://vgg.bites.com.my/collections/groceries/products/oreo-vanilla-110-4g
https://vgg.bites.com.my/collections/groceries,Groceries,GLICO POCKY FAMILY PACK STRAWBERRY 168GM,RM12.50,,https://vgg.bites.com.my/collections/groceries/products/glico-pocky-family-pack-strawberry-168gm
https://vgg.bites.com.my/collections/groceries,Groceries,OREO CHOCOLATE MP 9X27.6G,RM8.05,,https://vgg.bites.com.my/collections/groceries/products/oreo-chocolate-mp-9x27-6g
https://vgg.bites.com.my/collections/groceries,Groceries,AYAM BRAND CHILLI TUNA 160G,RM7.70,,https://vgg.bites.com.my/collections/groceries/products/ayam-brand-chilli-tuna-160g
https://vgg.bites.com.my/collections/groceries,Groceries,GLICO POCKY FAMILY PACK CHOCOLATE 176GM,RM12.50,,https://vgg.bites.com.my/collections/groceries/products/glico-pocky-family-pack-chocolate-176gm
https://vgg.bites.com.my/collections/groceries,Groceries,GARDENIA BUN SAMBAL BILIS 60G,RM1.60,,https://vgg.bites.com.my/collections/groceries/products/gardenia-bun-sambal-bilis-60g
https://vgg.bites.com.my/collections/groceries,Groceries,GARDENIA TOAST'EM BUTTERSCOTCH 360G,RM5.50,,https://vgg.bites.com.my/collections/groceries/products/gardenia-toast-em-butterscotch-360g
https://vgg.bites.com.my/collections/groceries,Groceries,FERRERO ROCHER T24 300G,RM61.30,,https://vgg.bites.com.my/collections/groceries/products/ferrero-rocher-t24-300g
https://vgg.bites.com.my/collections/groceries,Groceries,NESTLE MILO BREAKFAST CEREAL 150G,RM7.75,,https://vgg.bites.com.my/collections/groceries/products/nestle-milo-breakfast-cereal-150g
https://vgg.bites.com.my/collections/groceries,Groceries,NESTLE MILO CEREAL 300G,RM12.90,,https://vgg.bites.com.my/collections/groceries/products/nestle-milo-cereal-300g
https://vgg.bites.com.my/collections/groceries,Groceries,NESTLE MILO CEREAL BAR 23.5G,RM3.10,,https://vgg.bites.com.my/collections/groceries/products/nestle-milo-cereal-bar-23-5g
https://vgg.bites.com.my/collections/groceries,Groceries,BARILLA SALSA NAPOLETANA 400GM,RM14.99,RM18.65,https://vgg.bites.com.my/collections/groceries/products/barilla-salsa-napoletana-400gm
https://vgg.bites.com.my/collections/groceries,Groceries,BARILLA ANGEL HAIR NO.1 500G,RM6.99,RM8.15,https://vgg.bites.com.my/collections/groceries/products/barilla-angel-hair-no-1-500g
https://vgg.bites.com.my/collections/groceries,Groceries,MEWAH THAI WHITE RICE 2KG,RM11.60,,https://vgg.bites.com.my/collections/groceries/products/mewah-thai-white-rice-2kg
https://vgg.bites.com.my/collections/groceries,Groceries,MEWAH BARIO WHITE RICE 1KG,RM20.00,,https://vgg.bites.com.my/collections/groceries/products/mewah-bario-white-rice-1kg
https://vgg.bites.com.my/collections/groceries,Groceries,MAGGI HOT CUP TOM YAM 60G,RM2.50,,https://vgg.bites.com.my/collections/groceries/products/maggi-hot-cup-tom-yam-60g
https://vgg.bites.com.my/collections/groceries,Groceries,MAGGI HOT CUP CURRY 58G,RM2.50,,https://vgg.bites.com.my/collections/groceries/products/maggi-hot-cup-curry-58g
https://vgg.bites.com.my/collections/groceries,Groceries,MAGGI BIG CURRY 5X106G,RM7.10,,https://vgg.bites.com.my/collections/groceries/products/maggi-big-curry-5x106g
https://vgg.bites.com.my/collections/groceries,Groceries,NISSIN JAPANESE RAMEN KYUSHU BLACK 5X106G,RM16.95,,https://vgg.bites.com.my/collections/groceries/products/nissin-japanese-ramen-kyushu-black-5x106g
https://vgg.bites.com.my/collections/groceries,Groceries,PREGO TRADITIONAL PASTA SAUCE 680G,RM13.89,RM14.60,https://vgg.bites.com.my/collections/groceries/products/prego-traditional-pasta-sauce-680g
https://vgg.bites.com.my/collections/groceries,Groceries,PREGO BASIL & GARLIC SAUCE 300G,RM5.95,,https://vgg.bites.com.my/collections/groceries/products/prego-basil-garlic-sauce-300g
https://vgg.bites.com.my/collections/groceries,Groceries,PREGO CHEESE/HERBS CREAMY 290G,RM5.95,,https://vgg.bites.com.my/collections/groceries/products/prego-cheese-herbs-creamy-290g
https://vgg.bites.com.my/collections/groceries,Groceries,PREGO CARBONARA MUSHROOM 350G,RM9.45,,https://vgg.bites.com.my/collections/groceries/products/prego-carbonara-mushroom-350g
https://vgg.bites.com.my/collections/groceries,Groceries,PREGO CARBONARA MUSHROOM 665G,RM15.59,RM16.35,https://vgg.bites.com.my/collections/groceries/products/prego-carbonara-mushroom-665g
https://vgg.bites.com.my/collections/groceries,Groceries,PREGO CHICKEN MUSHROOM 290G,RM5.95,,https://vgg.bites.com.my/collections/groceries/products/prego-chicken-mushroom-290g
https://vgg.bites.com.my/collections/groceries,Groceries,AYAM BRAND BAKED BEANS IN T/S 230GM,RM3.50,,https://vgg.bites.com.my/collections/groceries/products/ayam-brand-baked-beans-in-t-s-230gm
https://vgg.bites.com.my/collections/groceries,Groceries,AYAM BRAND BAKED BEANS 425GM,RM4.85,,https://vgg.bites.com.my/collections/groceries/products/ayam-brand-baked-beans-425gm
https://vgg.bites.com.my/collections/groceries,Groceries,AYAM BRAND BAKED BEAN LIGHT 425GM,RM4.85,,https://vgg.bites.com.my/collections/groceries/products/ayam-brand-baked-bean-light-425gm
https://vgg.bites.com.my/collections/groceries,Groceries,AYAM BRAND BAKED BEANS CHEESE 425GM,RM5.15,,https://vgg.bites.com.my/collections/groceries/products/ayam-brand-baked-beans-cheese-425gm
https://vgg.bites.com.my/collections/groceries,Groceries,AYAM BRAND TOMATO PUREE 160G,RM3.60,,https://vgg.bites.com.my/collections/groceries/products/ayam-brand-tomato-puree-160g
https://vgg.bites.com.my/collections/groceries,Groceries,AYAM BRAND MACKEREL JITNEY 155G,RM5.70,,https://vgg.bites.com.my/collections/groceries/products/ayam-brand-mackerel-jitney-155g
https://vgg.bites.com.my/collections/groceries,Groceries,AYAM BRAND SARDINE JITNEY 155G,RM5.70,,https://vgg.bites.com.my/collections/groceries/products/ayam-brand-sardine-jitney-155g
https://vgg.bites.com.my/collections/groceries,Groceries,AYAM BRAND MACKERELS TALLS 425G,RM11.55,,https://vgg.bites.com.my/collections/groceries/products/ayam-brand-mackerels-talls-425g
https://vgg.bites.com.my/collections/groceries,Groceries,AYAM BRAND SARDINES OVAL 425G,RM13.90,,https://vgg.bites.com.my/collections/groceries/products/ayam-brand-sardines-oval-425g
https://vgg.bites.com.my/collections/groceries,Groceries,AYAM BRAND MACKEREL BUFFET 230GM,RM7.90,,https://vgg.bites.com.my/collections/groceries/products/ayam-brand-mackerel-buffet-230gm
https://vgg.bites.com.my/collections/groceries,Groceries,AYAM BRAND MACKEREL FILLETS IN EVOO 125G,RM15.15,,https://vgg.bites.com.my/collections/groceries/products/ayam-brand-mackerel-fillets-in-evoo-125g
https://vgg.bites.com.my/collections/groceries,Groceries,AYAM BRAND SWEET CORN 200G,RM3.80,,https://vgg.bites.com.my/collections/groceries/products/ayam-brand-sweet-corn-200g
https://vgg.bites.com.my/collections/groceries,Groceries,FAIZA KASHMIR BASMATHI RICE 5KG,RM33.50,RM33.60,https://vgg.bites.com.my/collections/groceries/products/faiza-kashmir-basmathi-rice-5kg
https://vgg.bites.com.my/collections/groceries,Groceries,FAIZA MOGHUL BASMATHI RICE 5KG,RM51.90,,https://vgg.bites.com.my/collections/groceries/products/faiza-moghul-basmathi-rice-5kg
https://vgg.bites.com.my/collections/groceries,Groceries,FAIZA MOGHUL BASMATHI RICE 1KG,RM11.50,,https://vgg.bites.com.my/collections/groceries/products/faiza-moghul-basmathi-rice-1kg
https://vgg.bites.com.my/collections/groceries,Groceries,NONA KETUPAT 780GM,RM8.40,,https://vgg.bites.com.my/collections/groceries/products/nona-ketupat-780gm
https://vgg.bites.com.my/collections/groceries,Groceries,HEINZ QUARTS APPLE CIDER VINEGAR 32OZ HALAL,RM25.65,,https://vgg.bites.com.my/collections/groceries/products/heinz-quarts-apple-cider-vinegar-32oz-halal
https://vgg.bites.com.my/collections/groceries,Groceries,HEINZ YELLOW SQZ MUSTARD 9OZ,RM15.10,,https://vgg.bites.com.my/collections/groceries/products/heinz-yellow-sqz-mustard-9oz
https://vgg.bites.com.my/collections/groceries,Groceries,NATUREL SUNFLOWER OIL 3KG,RM30.39,RM36.80,https://vgg.bites.com.my/collections/groceries/products/naturel-sunflower-oil-3kg
https://vgg.bites.com.my/collections/groceries,Groceries,NATUREL CANOLA OIL 3KG,RM30.39,RM36.80,https://vgg.bites.com.my/collections/groceries/products/naturel-canola-oil-3kg
https://vgg.bites.com.my/collections/groceries,Groceries,NATUREL EXTRA VIRGIN OLIVE OIL 500ML,RM30.89,RM37.55,https://vgg.bites.com.my/collections/groceries/products/naturel-extra-virgin-olive-oil-500ml
https://vgg.bites.com.my/collections/groceries,Groceries,NATUREL PURE OLIVE OIL 250ML,RM18.49,RM20.55,https://vgg.bites.com.my/collections/groceries/products/naturel-pure-olive-oil-250ml
https://vgg.bites.com.my/collections/groceries,Groceries,NATUREL EXTRA VIRGIN OLIVE OIL 250ML,RM18.49,RM21.50,https://vgg.bites.com.my/collections/groceries/products/naturel-extra-virgin-olive-oil-250ml
https://vgg.bites.com.my/collections/groceries,Groceries,NATUREL ORGANIC SPHAGHETTI 500GM,RM8.50,,https://vgg.bites.com.my/collections/groceries/products/naturel-organic-sphaghetti-500gm
https://vgg.bites.com.my/collections/groceries,Groceries,KNIFE SESAME OIL 315ML,RM12.65,,https://vgg.bites.com.my/collections/groceries/products/knife-sesame-oil-315ml
https://vgg.bites.com.my/collections/groceries,Groceries,KNIFE PURE SESAME OIL 140ML,RM8.15,,https://vgg.bites.com.my/collections/groceries/products/knife-pure-sesame-oil-140ml
https://vgg.bites.com.my/collections/groceries,Groceries,MCCORMICK GRILL MATES BBQ V/SMKHSE 500G,RM14.95,,https://vgg.bites.com.my/collections/groceries/products/mccormick-grill-mates-bbq-v-smkhse-500g
https://vgg.bites.com.my/collections/groceries,Groceries,MCCORMICK BLACK PEPPERCORN GRINDER 28G,RM12.29,RM13.30,https://vgg.bites.com.my/collections/groceries/products/mccormick-black-peppercorn-grinder-28g
https://vgg.bites.com.my/collections/groceries,Groceries,KELLOGG'S COCO POPS 350G,RM14.29,RM14.90,https://vgg.bites.com.my/collections/groceries/products/kellogg-s-coco-pops-350g
https://vgg.bites.com.my/collections/groceries,Groceries,KELLOGG'S COCO POPS 190G,RM9.90,,https://vgg.bites.com.my/collections/groceries/products/kelloggs-coco-pops-190g
https://vgg.bites.com.my/collections/groceries,Groceries,KELLOGG'S FROSTIES 175G,RM9.90,,https://vgg.bites.com.my/collections/groceries/products/kelloggs-frosties-175g
https://vgg.bites.com.my/collections/groceries,Groceries,KELLOGG'S FROOT LOOPS 150G,RM9.90,,https://vgg.bites.com.my/collections/groceries/products/kelloggs-froot-loops-150g
https://vgg.bites.com.my/collections/groceries,Groceries,KELLOGG'S CORN FLAKES 500G,RM14.39,RM16.05,https://vgg.bites.com.my/collections/groceries/products/kellogg-s-corn-flakes-500g
https://vgg.bites.com.my/collections/groceries,Groceries,KELLOGG'S FROOT LOOPS 285G,RM14.29,RM14.90,https://vgg.bites.com.my/collections/groceries/products/kellogg-s-froot-loops-285g
https://vgg.bites.com.my/collections/groceries,Groceries,SANITARIUM WEET BIX FRUITY APRICOT 500G,RM26.89,RM28.35,https://vgg.bites.com.my/collections/groceries/products/sanitarium-weet-bix-fruity-apricot-500g
https://vgg.bites.com.my/collections/groceries,Groceries,SANITARIUM WEET BIX 575G,RM15.99,RM17.00,https://vgg.bites.com.my/collections/groceries/products/sanitarium-weet-bix-575g
https://vgg.bites.com.my/collections/groceries,Groceries,NUTELLA T350G,RM24.50,,https://vgg.bites.com.my/collections/groceries/products/nutella-t350g
https://vgg.bites.com.my/collections/groceries,Groceries,NUTELLA T680G,RM44.90,,https://vgg.bites.com.my/collections/groceries/products/nutella-t680g
https://vgg.bites.com.my/collections/groceries,Groceries,PRINGLES SOUR CREAM & ONION 134G,RM9.70,,https://vgg.bites.com.my/collections/groceries/products/pringles-sour-cream-onion-134g
https://vgg.bites.com.my/collections/groceries,Groceries,PRINGLES ORIGINAL 102G,RM6.99,RM7.80,https://vgg.bites.com.my/collections/groceries/products/pringles-original-102g
https://vgg.bites.com.my/collections/groceries,Groceries,PRINGLES SOUR CREAM & ONION 102G,RM6.99,RM7.80,https://vgg.bites.com.my/collections/groceries/products/pringles-sour-cream-onion-102g
https://vgg.bites.com.my/collections/groceries,Groceries,PRINGLES CHEEZY CHEESE 102G,RM6.99,RM7.80,https://vgg.bites.com.my/collections/groceries/products/pringles-cheezy-cheese-102g
https://vgg.bites.com.my/collections/groceries,Groceries,TONG GARDEN SALTED CASHEW NUTS 160G,RM17.00,,https://vgg.bites.com.my/collections/groceries/products/tong-garden-salted-cashew-nuts-160g
https://vgg.bites.com.my/collections/groceries,Groceries,TONG GARDEN PARTY SNACK 365G,RM10.90,,https://vgg.bites.com.my/collections/groceries/products/tong-garden-party-snack-365g
https://vgg.bites.com.my/collections/groceries,Groceries,TONG GARDEN SALTED PEANUTS 40G,RM1.60,,https://vgg.bites.com.my/collections/groceries/products/tong-garden-salted-peanuts-40g
https://vgg.bites.com.my/collections/groceries,Groceries,TONG GARDEN HONEY CASHEWNUT 40G,RM4.20,,https://vgg.bites.com.my/collections/groceries/products/tong-garden-honey-cashewnut-40g
https://vgg.bites.com.my/collections/groceries,Groceries,TONG GARDEN SALTED PISTACHIOS 35G,RM4.20,,https://vgg.bites.com.my/collections/groceries/products/tong-garden-salted-pistachios-35g
https://vgg.bites.com.my/collections/groceries,Groceries,TONG GARDEN COATED GREEN PEAS 40GM,RM1.60,,https://vgg.bites.com.my/collections/groceries/products/tong-garden-coated-green-peas-40gm
https://vgg.bites.com.my/collections/groceries,Groceries,TONG GARDEN COCONUT COATED PEANUT 50G,RM1.60,,https://vgg.bites.com.my/collections/groceries/products/tong-garden-coconut-coated-peanut-50g
https://vgg.bites.com.my/collections/groceries,Groceries,TONG GARDEN MASALA BROAD BEANS 180GM,RM9.90,,https://vgg.bites.com.my/collections/groceries/products/tong-garden-masala-broad-beans-180gm
https://vgg.bites.com.my/collections/groceries,Groceries,TONG GARDEN POPCORN CARAMEL 60G,RM3.40,,https://vgg.bites.com.my/collections/groceries/products/tong-garden-popcorn-caramel-60g
https://vgg.bites.com.my/collections/groceries,Groceries,CAMEL ROASTED SALTED CASHEWS 135G,RM21.89,RM23.85,https://vgg.bites.com.my/collections/groceries/products/camel-roasted-salted-cashews-135g
https://vgg.bites.com.my/collections/groceries,Groceries,CAMEL NATURAL BAKED ALMOND 135G,RM21.89,RM23.85,https://vgg.bites.com.my/collections/groceries/products/camel-natural-baked-almond-135g
https://vgg.bites.com.my/collections/groceries,Groceries,CAMEL NATURAL BAKED RUBY MIX 150G,RM21.89,RM23.35,https://vgg.bites.com.my/collections/groceries/products/camel-natural-baked-ruby-mix-150g
https://vgg.bites.com.my/collections/groceries,Groceries,BERYL'S ALMOND COATED MILK CHOC 360G,RM29.80,,https://vgg.bites.com.my/collections/groceries/products/beryl-s-almond-coated-milk-choc-360g
https://vgg.bites.com.my/collections/groceries,Groceries,BERYL'S ASSORTMENT MILK CHOC 360G,RM29.80,,https://vgg.bites.com.my/collections/groceries/products/beryl-s-assortment-milk-choc-360g
https://vgg.bites.com.my/collections/groceries,Groceries,KINDER JOY LUI 20G,RM5.95,,https://vgg.bites.com.my/collections/groceries/products/kinder-joy-lui-20g
https://vgg.bites.com.my/collections/groceries,Groceries,KITKAT 4F F/RAP 35G,RM2.99,RM3.60,https://vgg.bites.com.my/collections/groceries/products/kitkat-4f-f-rap-35g
https://vgg.bites.com.my/collections/groceries,Groceries,NESTLE KITKAT 4F FWP 3PK 3X35G,RM9.65,,https://vgg.bites.com.my/collections/groceries/products/nestle-kitkat-4f-fwp-3pk-3x35g
https://vgg.bites.com.my/collections/groceries,Groceries,KITKAT MILK CHOCOLATE BLOCK 170G,RM10.05,,https://vgg.bites.com.my/collections/groceries/products/kitkat-milk-chocolate-block-170g
https://vgg.bites.com.my/collections/groceries,Groceries,PEPPERIDGE FARM CAPTIVA DARK CHOC BROWNIE 8.6 OZ,RM25.25,,https://vgg.bites.com.my/collections/groceries/products/pepperidge-farm-captiva-dark-choc-brownie-8-6-oz
https://vgg.bites.com.my/collections/groceries,Groceries,JULIE'S OAT 25 TEN GRAINS 300G,RM8.75,,https://vgg.bites.com.my/collections/groceries/products/julie-s-oat-25-ten-grains-300g
https://vgg.bites.com.my/collections/groceries,Groceries,JULIE'S OAT 25 STRAWBERRY 300G,RM8.75,,https://vgg.bites.com.my/collections/groceries/products/julie-s-oat-25-strawberry-300g
https://vgg.bites.com.my/collections/groceries,Groceries,JULIE'S GOLDEN CRACKERS 331G,RM4.40,,https://vgg.bites.com.my/collections/groceries/products/julie-s-golden-crackers-331g
https://vgg.bites.com.my/collections/groceries,Groceries,JULIE'S BUTTER WAFFLES 100G,RM5.80,,https://vgg.bites.com.my/collections/groceries/products/julie-s-butter-waffles-100g
https://vgg.bites.com.my/collections/groceries,Groceries,ARNOTTS LEMON CRISP 250G,RM14.45,,https://vgg.bites.com.my/collections/groceries/products/arnotts-lemon-crisp-250g
https://vgg.bites.com.my/collections/groceries,Groceries,ARNOTTS MILK ARROWROOT 250G,RM11.79,RM12.30,https://vgg.bites.com.my/collections/groceries/products/arnotts-milk-arrowroot-250g
https://vgg.bites.com.my/collections/groceries,Groceries,ARNOTTS SHORTBREAD CREAM 250G,RM13.75,,https://vgg.bites.com.my/collections/groceries/products/arnotts-shortbread-cream-250g
https://vgg.bites.com.my/collections/groceries,Groceries,ARNOTTS CHOC SCOTCH FINGER 250G,RM15.95,,https://vgg.bites.com.my/collections/groceries/products/arnotts-choc-scotch-finger-250g
https://vgg.bites.com.my/collections/groceries,Groceries,ARNOTTS CHOC TIM TAM CLASSIC DARK 200G,RM12.99,RM15.50,https://vgg.bites.com.my/collections/groceries/products/arnotts-choc-tim-tam-classic-dark-200g
https://vgg.bites.com.my/collections/groceries,Groceries,ARNOTTS MINT SLICE CHOC BISCUITS 200G,RM15.75,,https://vgg.bites.com.my/collections/groceries/products/arnotts-mint-slice-choc-biscuits-200g
https://vgg.bites.com.my/collections/groceries,Groceries,ARNOTTS SCOTCH FINGER 250G,RM15.95,,https://vgg.bites.com.my/collections/groceries/products/arnotts-scotch-finger-250g
https://vgg.bites.com.my/collections/groceries,Groceries,ARNOTTS SHAPES PIZZA 190G,RM13.35,,https://vgg.bites.com.my/collections/groceries/products/arnotts-shapes-pizza-190g
https://vgg.bites.com.my/collections/groceries,Groceries,ARNOTTS SHAPES CHEDDAR 175G,RM13.20,,https://vgg.bites.com.my/collections/groceries/products/arnotts-shapes-cheddar-175g
https://vgg.bites.com.my/collections/groceries,Groceries,ST.DALFOUR BLACKCURANT JAM 284G,RM18.69,RM20.40,https://vgg.bites.com.my/collections/groceries/products/st-dalfour-blackcurant-jam-284g
https://vgg.bites.com.my/collections/groceries,Groceries,ST.DALFOUR ORANGE MARMALADE 284G,RM18.69,RM20.40,https://vgg.bites.com.my/collections/groceries/products/st-dalfour-orange-marmalade-284g
https://vgg.bites.com.my/collections/groceries,Groceries,ST.DALFOUR APRICOT JAM 284G,RM18.69,RM20.40,https://vgg.bites.com.my/collections/groceries/products/st-dalfour-apricot-jam-284g
https://vgg.bites.com.my/collections/groceries,Groceries,ST.DALFOUR BLACKBERRY JAM 284G,RM18.69,RM20.40,https://vgg.bites.com.my/collections/groceries/products/st-dalfour-blackberry-jam-284g
https://vgg.bites.com.my/collections/groceries,Groceries,ST.DALFOUR RASPBERRY/POMEGRANATE 284GM,RM18.69,RM20.40,https://vgg.bites.com.my/collections/groceries/products/st-dalfour-raspberry-pomegranate-284gm
https://vgg.bites.com.my/collections/groceries,Groceries,ST.DALFOUR PEACH JAM 284G,RM18.69,RM20.40,https://vgg.bites.com.my/collections/groceries/products/st-dalfour-peach-jam-284g
https://vgg.bites.com.my/collections/groceries,Groceries,ST.DALFOUR BLACK CHERRY JAM 284G,RM18.69,RM20.40,https://vgg.bites.com.my/collections/groceries/products/st-dalfour-black-cherry-jam-284g
https://vgg.bites.com.my/collections/groceries,Groceries,ST.DALFOUR PINEAPPLE & MANGO JAM 284G,RM18.69,RM20.40,https://vgg.bites.com.my/collections/groceries/products/st-dalfour-pineapple-mango-jam-284g
https://vgg.bites.com.my/collections/groceries,Groceries,SAN REMO SPAGHETTI NO.5 500GM,RM5.30,,https://vgg.bites.com.my/collections/groceries/products/san-remo-spaghetti-no-5-500gm
https://vgg.bites.com.my/collections/groceries,Groceries,AYAM BRAND TUNA MAYO MILD 160G,RM7.70,,https://vgg.bites.com.my/collections/groceries/products/ayam-brand-tuna-mayo-mild-160g
https://vgg.bites.com.my/collections/groceries,Groceries,AYAM BRAND TUNA CHUNK IN WATER 150G,RM7.70,,https://vgg.bites.com.my/collections/groceries/products/ayam-brand-tuna-chunk-in-water-150g
https://vgg.bites.com.my/collections/groceries,Groceries,AYAM BRAND TUNA FLAKES IN SUNFLOWER OIL 150G,RM7.70,,https://vgg.bites.com.my/collections/groceries/products/ayam-brand-tuna-flakes-in-sunflower-oil-150g
https://vgg.bites.com.my/collections/groceries,Groceries,AYAM BRAND TUNA CHUNKS IN OLIVE OIL LIGHT 150G,RM7.70,,https://vgg.bites.com.my/collections/groceries/products/ayam-brand-tuna-chunks-in-olive-oil-light-150g
https://vgg.bites.com.my/collections/groceries,Groceries,FLORAL FRAGRANT RICE 1KG,RM7.50,,https://vgg.bites.com.my/collections/groceries/products/floral-fragrant-rice-1kg
https://vgg.bites.com.my/collections/groceries,Groceries,FLORAL PREMIUM IMPORTED TAIWAN RICE 5KG,RM37.90,,https://vgg.bites.com.my/collections/groceries/products/floral-premium-imported-taiwan-rice-5kg
https://vgg.bites.com.my/collections/groceries,Groceries,FAIZA MOGHUL PARBOILED 5KG,RM53.15,,https://vgg.bites.com.my/collections/groceries/products/faiza-moghul-parboiled-5kg
https://vgg.bites.com.my/collections/groceries,Groceries,MAHARAJA BASMATHI RICE 1KG,RM8.85,,https://vgg.bites.com.my/collections/groceries/products/maharaja-basmathi-rice-1kg
https://vgg.bites.com.my/collections/groceries,Groceries,WISE COTTAGE FRIES BBQ 50G,RM3.09,RM3.55,https://vgg.bites.com.my/collections/groceries/products/wise-cottage-fries-bbq-50g
https://vgg.bites.com.my/collections/groceries,Groceries,WISE COTTAGE FRIES BBQ 90G,RM6.90,,https://vgg.bites.com.my/collections/groceries/products/wise-cottage-fries-bbq-90g
https://vgg.bites.com.my/collections/groceries,Groceries,WISE COTTAGE FRIES ONION GARLIC 50G,RM3.09,RM3.55,https://vgg.bites.com.my/collections/groceries/products/wise-cottage-fries-onion-garlic-50g
https://vgg.bites.com.my/collections/groceries,Groceries,WISE COTTAGE FRIES SWEET THAI CHILLI 50G,RM3.09,RM3.55,https://vgg.bites.com.my/collections/groceries/products/wise-cottage-fries-sweet-thai-chilli-50g
https://vgg.bites.com.my/collections/groceries,Groceries,WISE COTTAGE FRIES HOT & SPICY 50G,RM3.09,RM3.55,https://vgg.bites.com.my/collections/groceries/products/wise-cottage-fries-hot-spicy-50g
https://vgg.bites.com.my/collections/groceries,Groceries,THINS POTATO CHIPS LIGHT&TANGY 175G,RM13.69,RM15.90,https://vgg.bites.com.my/collections/groceries/products/thins-potato-chips-light-tangy-175g
https://vgg.bites.com.my/collections/groceries,Groceries,MISSION TORTILLA CHIPS ORIGINAL 170G,RM7.80,,https://vgg.bites.com.my/collections/groceries/products/mission-tortilla-chips-original-170g
https://vgg.bites.com.my/collections/groceries,Groceries,MISSION TORTILLA CHIPS CHEESE 170G,RM7.80,,https://vgg.bites.com.my/collections/groceries/products/mission-tortilla-chips-cheese-170g
https://vgg.bites.com.my/collections/groceries,Groceries,MISSION TORTILLA CHIPS HOT&SPICY 170G,RM7.80,,https://vgg.bites.com.my/collections/groceries/products/mission-tortilla-chips-hot-spicy-170g
https://vgg.bites.com.my/collections/groceries,Groceries,MISSION TORTILLA CHIPS TOMATO 170G,RM7.80,,https://vgg.bites.com.my/collections/groceries/products/mission-tortilla-chips-tomato-170g
https://vgg.bites.com.my/collections/groceries,Groceries,BABAS KARI AYAM/DAGING PEDAS 250G,RM6.70,,https://vgg.bites.com.my/collections/groceries/products/babas-kari-ayam-daging-pedas-250g
https://vgg.bites.com.my/collections/groceries,Groceries,GARDENIA ORIGINAL CLASSIC  WHITE 400G,RM3.00,,https://vgg.bites.com.my/collections/groceries/products/gardenia-original-classic-white-400g
https://vgg.bites.com.my/collections/groceries,Groceries,BABAS SERBUK KARI IKAN 250G,RM6.80,,https://vgg.bites.com.my/collections/groceries/products/babas-serbuk-kari-ikan-250g
https://vgg.bites.com.my/collections/groceries,Groceries,KELLOGG'S MUESLIX  RAISIN & ALMOND 355G,RM19.30,,https://vgg.bites.com.my/collections/groceries/products/kelloggs-mueslix-raisin-almond-355g
https://vgg.bites.com.my/collections/groceries,Groceries,LOACKER CLASSIC MINI NAPOLITANER 200GM,RM22.25,,https://vgg.bites.com.my/collections/groceries/products/loacker-classic-mini-napolitaner-200gm
https://vgg.bites.com.my/collections/groceries,Groceries,LOACKER QUADRATINI NAPOLITANER 250G,RM16.99,RM19.45,https://vgg.bites.com.my/collections/groceries/products/loacker-quadratini-napolitaner-250g
https://vgg.bites.com.my/collections/groceries,Groceries,LOACKER QUADRATINI KAKAO 250G,RM16.99,RM19.45,https://vgg.bites.com.my/collections/groceries/products/loacker-quadratini-kakao-250g
https://vgg.bites.com.my/collections/groceries,Groceries,LOACKER QUADRATINI MILK VANILLE 200G,RM16.99,RM19.45,https://vgg.bites.com.my/collections/groceries/products/loacker-quadratini-milk-vanille-200g
https://vgg.bites.com.my/collections/groceries,Groceries,LOACKER QUADRATINI DARK CHOC 250G,RM16.99,RM19.45,https://vgg.bites.com.my/collections/groceries/products/loacker-quadratini-dark-choc-250g
https://vgg.bites.com.my/collections/groceries,Groceries,LOACKER CREAMKAKAO 175G,RM12.55,,https://vgg.bites.com.my/collections/groceries/products/loacker-creamkakao-175g
https://vgg.bites.com.my/collections/groceries,Groceries,LOACKER QUADRATINI RASPBERRY YOGHURT 220G,RM16.99,RM19.45,https://vgg.bites.com.my/collections/groceries/products/loacker-quadratini-raspberry-yoghurt-220g
https://vgg.bites.com.my/collections/groceries,Groceries,CARMANS SUPER BERRY MUESLI BARS 270G,RM24.59,RM27.00,https://vgg.bites.com.my/collections/groceries/products/carmans-super-berry-muesli-bars-270g
https://vgg.bites.com.my/collections/groceries,Groceries,MORNFLAKES HAWAIIAN OAT GRANOLA 500G,RM18.55,,https://vgg.bites.com.my/collections/groceries/products/mornflakes-hawaiian-oat-granola-500g
https://vgg.bites.com.my/collections/groceries,Groceries,CARMAN'S ORIGINAL FRUIT FREE MUESLI BARS 270G,RM24.59,RM27.00,https://vgg.bites.com.my/collections/groceries/products/carman-s-original-fruit-free-muesli-bars-270g
https://vgg.bites.com.my/collections/groceries,Groceries,CARMANS NUT BARS-ALMD CASHEW&CRANBERRY 175G,RM24.59,RM27.00,https://vgg.bites.com.my/collections/groceries/products/carmans-nut-bars-almd-cashew-cranberry-175g
https://vgg.bites.com.my/collections/groceries,Groceries,NESTLE KOKO KRUNCH 300G,RM12.90,,https://vgg.bites.com.my/collections/groceries/products/nestle-koko-krunch-300g
https://vgg.bites.com.my/collections/groceries,Groceries,NESTLE KOKO KRUNCH 150G,RM7.35,,https://vgg.bites.com.my/collections/groceries/products/nestle-koko-krunch-150g
https://vgg.bites.com.my/collections/groceries,Groceries,NESTLE HONEY STARS 150G,RM7.75,,https://vgg.bites.com.my/collections/groceries/products/nestle-honey-stars-150g
https://vgg.bites.com.my/collections/groceries,Groceries,NESTLE KOKO KRUNCH 450G,RM17.50,,https://vgg.bites.com.my/collections/groceries/products/nestle-koko-krunch-450g
https://vgg.bites.com.my/collections/groceries,Groceries,NESTLE KOKO KRUNCH DUO 300G,RM13.20,RM13.55,https://vgg.bites.com.my/collections/groceries/products/nestle-koko-krunch-duo-300g
https://vgg.bites.com.my/collections/groceries,Groceries,MILO CEREAL 450G,RM17.50,,https://vgg.bites.com.my/collections/groceries/products/milo-cereal-450g
https://vgg.bites.com.my/collections/groceries,Groceries,NESTLE HONEY GOLD 370G,RM11.95,,https://vgg.bites.com.my/collections/groceries/products/nestle-honey-gold-370g
https://vgg.bites.com.my/collections/groceries,Groceries,CARMANS GREEK STYLE YOG&BERRY PROTEIN BARS 200G,RM24.59,RM27.00,https://vgg.bites.com.my/collections/groceries/products/carmans-greek-style-yog-berry-protein-bars-200g
https://vgg.bites.com.my/collections/groceries,Groceries,YOGOOD CRISP & CRUNCH WILDBERRIES 280G,RM13.59,RM14.55,https://vgg.bites.com.my/collections/groceries/products/yogood-crisp-crunch-wildberries-280g
https://vgg.bites.com.my/collections/groceries,Groceries,NICE&NATURAL NUT BAR CHOCOLATE 192G,RM15.10,,https://vgg.bites.com.my/collections/groceries/products/nice-natural-nut-bar-chocolate-192g
https://vgg.bites.com.my/collections/groceries,Groceries,TG CREAMY PEANUT BUTTER 340G,RM8.90,,https://vgg.bites.com.my/collections/groceries/products/tg-creamy-peanut-butter-340g
https://vgg.bites.com.my/collections/groceries,Groceries,TG CRUNCHY PEANUT BUTTER 340G,RM8.90,,https://vgg.bites.com.my/collections/groceries/products/tg-crunchy-peanut-butter-340g
https://vgg.bites.com.my/collections/groceries,Groceries,SANTE MUSLI TRADITIONAL 350G,RM11.70,,https://vgg.bites.com.my/collections/groceries/products/sante-musli-traditional-350g
https://vgg.bites.com.my/collections/groceries,Groceries,SANTE MUSLI FRUIT 350G,RM11.70,,https://vgg.bites.com.my/collections/groceries/products/sante-musli-fruit-350g
https://vgg.bites.com.my/collections/groceries,Groceries,SANTE CRUNCHY MUESLI NUT&ALMOND W/CHOC 5X40GM,RM12.99,RM15.10,https://vgg.bites.com.my/collections/groceries/products/sante-crunchy-muesli-nut-almond-w-choc-5x40gm
https://vgg.bites.com.my/collections/groceries,Groceries,QUAKER 3IN1 MATCHA GREEN TEA 12SX28G,RM11.69,RM12.75,https://vgg.bites.com.my/collections/groceries/products/quaker-3in1-matcha-green-tea-12sx28g
https://vgg.bites.com.my/collections/groceries,Groceries,STAR COLOUR APPLE GREEN 25ML,RM3.05,,https://vgg.bites.com.my/collections/groceries/products/star-colour-apple-green-25ml
https://vgg.bites.com.my/collections/groceries,Groceries,STAR FLAVOUR BANANA 25ML,RM3.05,,https://vgg.bites.com.my/collections/groceries/products/star-flavour-banana-25ml
https://vgg.bites.com.my/collections/groceries,Groceries,MAMAMI ORGANIC WAVE INSTANT BABY OAT  500G,RM8.60,,https://vgg.bites.com.my/collections/groceries/products/mamami-organic-wave-instant-baby-oat-500g
https://vgg.bites.com.my/collections/groceries,Groceries,JIF PEANUT BUTTER CREAMY 16OZ,RM19.80,,https://vgg.bites.com.my/collections/groceries/products/jif-peanut-butter-creamy-16oz
https://vgg.bites.com.my/collections/groceries,Groceries,JIF PEANUT BUTTER CRUNCHY 16OZ,RM19.80,,https://vgg.bites.com.my/collections/groceries/products/jif-peanut-butter-crunchy-16oz
https://vgg.bites.com.my/collections/groceries,Groceries,GARDENIA KAYA PANDAN 200G,RM3.90,,https://vgg.bites.com.my/collections/groceries/products/gardenia-kaya-pandan-200g
https://vgg.bites.com.my/collections/groceries,Groceries,MERIAH KAYU MANIS 50GM,RM3.95,,https://vgg.bites.com.my/collections/groceries/products/meriah-kayu-manis-50gm
https://vgg.bites.com.my/collections/groceries,Groceries,DOLLEE TRADITIONAL KAYA 330GM,RM12.49,RM12.80,https://vgg.bites.com.my/collections/groceries/products/dollee-traditional-kaya-330gm
https://vgg.bites.com.my/collections/groceries,Groceries,DOLLEE PANDAN KAYA 330GM,RM12.49,RM12.80,https://vgg.bites.com.my/collections/groceries/products/dollee-pandan-kaya-330gm
https://vgg.bites.com.my/collections/groceries,Groceries,MAYVERS PEANUT BUTTER CRUNCHY 375GM,RM27.50,,https://vgg.bites.com.my/collections/groceries/products/mayvers-peanut-butter-crunchy-375gm
https://vgg.bites.com.my/collections/groceries,Groceries,MAYVER'S DARK ROAST PEANUT BUTTER SMOOTH 375G,RM27.85,,https://vgg.bites.com.my/collections/groceries/products/mayver-s-dark-roast-peanut-butter-smooth-375g
https://vgg.bites.com.my/collections/groceries,Groceries,MAYVER'S DARK ROAST PEANUT BUTTER CRUNCHY 375G,RM27.50,,https://vgg.bites.com.my/collections/groceries/products/mayver-s-dark-roast-peanut-butter-crunchy-375g
https://vgg.bites.com.my/collections/groceries,Groceries,MAYVER'S PEANUT BUTTER PROTEIN 375G,RM30.00,,https://vgg.bites.com.my/collections/groceries/products/mayver-s-peanut-butter-protein-375g
https://vgg.bites.com.my/collections/groceries,Groceries,HERSHEY'S BAKING CHIPS SEMI SWEET 285G,RM20.29,RM22.80,https://vgg.bites.com.my/collections/groceries/products/hershey-s-baking-chips-semi-sweet-285g
https://vgg.bites.com.my/collections/groceries,Groceries,APPLE CHAR KOAY TEOW SOYA SAUCE 700G,RM14.45,,https://vgg.bites.com.my/collections/groceries/products/apple-char-koay-teow-soya-sauce-700g
https://vgg.bites.com.my/collections/groceries,Groceries,COPPOLA ARRABIATA PASTA SAUCE CHILLI 350G,RM13.05,,https://vgg.bites.com.my/collections/groceries/products/coppola-arrabiata-pasta-sauce-chilli-350g
https://vgg.bites.com.my/collections/groceries,Groceries,HEINZ BBQ SAUCE HONEY & GARLIC 600G,RM19.10,,https://vgg.bites.com.my/collections/groceries/products/heinz-bbq-sauce-honey-garlic-600g
https://vgg.bites.com.my/collections/groceries,Groceries,HEINZ TOMATO KETCHUP 300G,RM5.70,,https://vgg.bites.com.my/collections/groceries/products/heinz-tomato-ketchup-300g
https://vgg.bites.com.my/collections/groceries,Groceries,KIKKOMAN TERIYAKI BBQ&GRILL 250ML,RM17.95,,https://vgg.bites.com.my/collections/groceries/products/kikkoman-teriyaki-bbq-grill-250ml
https://vgg.bites.com.my/collections/groceries,Groceries,KIKKOMAN TERIYAKI HONEY&SOY 250ML,RM18.20,,https://vgg.bites.com.my/collections/groceries/products/kikkoman-teriyaki-honey-soy-250ml
https://vgg.bites.com.my/collections/groceries,Groceries,MAILLE MUSTURD WHOLE GRAIN 210G,RM16.75,,https://vgg.bites.com.my/collections/groceries/products/maille-musturd-whole-grain-210g
https://vgg.bites.com.my/collections/groceries,Groceries,SINGLONG SAMBAL CHILI 230G,RM11.00,,https://vgg.bites.com.my/collections/groceries/products/singlong-sambal-chili-230g
https://vgg.bites.com.my/collections/groceries,Groceries,TAE PEE SWEET CHILLI SAUCE 360G,RM8.40,,https://vgg.bites.com.my/collections/groceries/products/tae-pee-sweet-chilli-sauce-360g
https://vgg.bites.com.my/collections/groceries,Groceries,CAP TIAN NU KICAP CAIR 750ML,RM15.00,,https://vgg.bites.com.my/collections/groceries/products/cap-tian-nu-kicap-cair-750ml
https://vgg.bites.com.my/collections/groceries,Groceries,DEL MONTE TOMATO KETCHUP 340G,RM5.20,,https://vgg.bites.com.my/collections/groceries/products/del-monte-tomato-ketchup-340g
https://vgg.bites.com.my/collections/groceries,Groceries,KIMBALL CHILLI SAUCE 340GM,RM4.20,,https://vgg.bites.com.my/collections/groceries/products/kimball-chilli-sauce-340gm
https://vgg.bites.com.my/collections/groceries,Groceries,KNIFE LIGHT SOY SAUCE 500ML,RM6.25,,https://vgg.bites.com.my/collections/groceries/products/knife-light-soy-sauce-500ml
https://vgg.bites.com.my/collections/groceries,Groceries,LA COSTENA DIP SAUCE-HOT 453G,RM17.59,RM18.90,https://vgg.bites.com.my/collections/groceries/products/la-costena-dip-sauce-hot-453g
https://vgg.bites.com.my/collections/groceries,Groceries,LA COSTENA WHOLE JALAPENO PEPPERS GLASS 440G,RM15.10,,https://vgg.bites.com.my/collections/groceries/products/la-costena-whole-jalapeno-peppers-glass-440g
https://vgg.bites.com.my/collections/groceries,Groceries,LEA & PERRINS WORCESTERSHIRE SAUCE 290ML,RM18.75,,https://vgg.bites.com.my/collections/groceries/products/lea-perrins-worcestershire-sauce-290ml
https://vgg.bites.com.my/collections/groceries,Groceries,LKK GOLDEN VEGE OYSTER MUSHROOM 510G,RM8.15,,https://vgg.bites.com.my/collections/groceries/products/lkk-golden-vege-oyster-mushroom-510g
https://vgg.bites.com.my/collections/groceries,Groceries,LKK HOISIN SAUCE 240G,RM8.55,,https://vgg.bites.com.my/collections/groceries/products/lkk-hoisin-sauce-240g
https://vgg.bites.com.my/collections/groceries,Groceries,MAHSURI KICAP LEMAK MANIS 410ML,RM7.45,,https://vgg.bites.com.my/collections/groceries/products/mahsuri-kicap-lemak-manis-410ml
https://vgg.bites.com.my/collections/groceries,Groceries,MAHSURI SOS LADA HITAM 490G,RM8.55,,https://vgg.bites.com.my/collections/groceries/products/mahsuri-sos-lada-hitam-490g
https://vgg.bites.com.my/collections/groceries,Groceries,LKK SWEET SOY SAUCE 410G,RM8.80,,https://vgg.bites.com.my/collections/groceries/products/lkk-sweet-soy-sauce-410g
https://vgg.bites.com.my/collections/groceries,Groceries,LKK VEGE OYSTER SAUCE 770G,RM8.85,,https://vgg.bites.com.my/collections/groceries/products/lkk-vege-oyster-sauce-770g
https://vgg.bites.com.my/collections/groceries,Groceries,LKK WHITE VINEGAR 473ML,RM8.55,,https://vgg.bites.com.my/collections/groceries/products/lkk-white-vinegar-473ml
https://vgg.bites.com.my/collections/groceries,Groceries,LSH PREMIUM OYSTER SAUCE 765GM,RM10.50,,https://vgg.bites.com.my/collections/groceries/products/lsh-premium-oyster-sauce-765gm
https://vgg.bites.com.my/collections/groceries,Groceries,LIFE CHILLI SAUCE LIME 340GM,RM6.00,,https://vgg.bites.com.my/collections/groceries/products/life-chilli-sauce-lime-340gm
https://vgg.bites.com.my/collections/groceries,Groceries,LINGHAM CHILI SAUCE EXTRA HOT 358G,RM6.15,,https://vgg.bites.com.my/collections/groceries/products/lingham-chili-sauce-extra-hot-358g
https://vgg.bites.com.my/collections/groceries,Groceries,LINGHAM CHILLI SAUCE 340G,RM5.70,,https://vgg.bites.com.my/collections/groceries/products/lingham-chilli-sauce-340g
https://vgg.bites.com.my/collections/groceries,Groceries,MAE PRANOM DIPPING FOR CHIC 390GM,RM8.15,,https://vgg.bites.com.my/collections/groceries/products/mae-pranom-dipping-for-chic-390gm
https://vgg.bites.com.my/collections/groceries,Groceries,MAHSURI KICAP MANIS 410ML,RM7.45,,https://vgg.bites.com.my/collections/groceries/products/mahsuri-kicap-manis-410ml
https://vgg.bites.com.my/collections/groceries,Groceries,NANDOS EXTRA EXTRA HOT PERI-PERI SAUCE 250GM,RM19.05,,https://vgg.bites.com.my/collections/groceries/products/nandos-extra-extra-hot-peri-peri-sauce-250gm
https://vgg.bites.com.my/collections/groceries,Groceries,NANDOS EXTRA HOT PERI-PERI SAUCE 125GM,RM13.35,,https://vgg.bites.com.my/collections/groceries/products/nandos-extra-hot-peri-peri-sauce-125gm
https://vgg.bites.com.my/collections/groceries,Groceries,NANDOS EXTRA HOT PERI-PERI SAUCE 250GM,RM19.05,,https://vgg.bites.com.my/collections/groceries/products/nandos-extra-hot-peri-peri-sauce-250gm
https://vgg.bites.com.my/collections/groceries,Groceries,NANDOS GARLIC PERI-PERI SAUCE 125GM,RM13.35,,https://vgg.bites.com.my/collections/groceries/products/nandos-garlic-peri-peri-sauce-125gm
https://vgg.bites.com.my/collections/groceries,Groceries,NANDOS GARLIC PERI-PERI SAUCE 250GM,RM19.05,,https://vgg.bites.com.my/collections/groceries/products/nandos-garlic-peri-peri-sauce-250gm
https://vgg.bites.com.my/collections/groceries,Groceries,NANDOS LEMON & HERB PERI-PERI SAUCE 250GM,RM19.05,,https://vgg.bites.com.my/collections/groceries/products/nandos-lemon-herb-peri-peri-sauce-250gm
https://vgg.bites.com.my/collections/groceries,Groceries,NANDOS MEDIUM PERI-PERI SAUCE 250GM,RM19.30,,https://vgg.bites.com.my/collections/groceries/products/nandos-medium-peri-peri-sauce-250gm
https://vgg.bites.com.my/collections/groceries,Groceries,NANDOS MEDUIM PERI-PERI SAUCE 125GM,RM13.35,,https://vgg.bites.com.my/collections/groceries/products/nandos-meduim-peri-peri-sauce-125gm
https://vgg.bites.com.my/collections/groceries,Groceries,TABASCO GARLIC PEPPER SAUCE 60ML,RM10.45,,https://vgg.bites.com.my/collections/groceries/products/tabasco-garlic-pepper-sauce-60ml
https://vgg.bites.com.my/collections/groceries,Groceries,TABASCO HABANERO SAUCE 60ML,RM16.95,,https://vgg.bites.com.my/collections/groceries/products/tabasco-habanero-sauce-60ml
https://vgg.bites.com.my/collections/groceries,Groceries,TELLY MAYO ALL P.DRES 230ML,RM5.75,,https://vgg.bites.com.my/collections/groceries/products/telly-mayo-all-pdres-230ml
https://vgg.bites.com.my/collections/groceries,Groceries,TELLY MAYO ALL P.DRES 470ML,RM9.20,,https://vgg.bites.com.my/collections/groceries/products/telly-mayo-all-p-dres-470ml
https://vgg.bites.com.my/collections/groceries,Groceries,EVIAN MINERAL WATER 6X500ML,RM32.85,,https://vgg.bites.com.my/collections/groceries/products/evian-mineral-water-6x500ml
https://vgg.bites.com.my/collections/groceries,Groceries,DUTCH LADY UHT FULL CREAM 1L,RM7.40,RM7.90,https://vgg.bites.com.my/collections/groceries/products/dutch-lady-uht-full-cream-1l
https://vgg.bites.com.my/collections/groceries,Groceries,EVIAN NATURAL MINERAL WATER 1.5L,RM10.39,RM11.20,https://vgg.bites.com.my/collections/groceries/products/evian-natural-mineral-water-1-5l
https://vgg.bites.com.my/collections/groceries,Groceries,V-SOY MULTIGRAIN NO SUGAR ADDED UHT 1L,RM6.95,,https://vgg.bites.com.my/collections/groceries/products/v-soy-multigrain-no-sugar-added-uht-1l
https://vgg.bites.com.my/collections/groceries,Groceries,TIGER CRYSTAL CAN 320ML,RM9.10,,https://vgg.bites.com.my/collections/groceries/products/tiger-crystal-can-320ml
https://vgg.bites.com.my/collections/groceries,Groceries,TIGER CRYSTAL CAN 24X320ML,RM181.60,,https://vgg.bites.com.my/collections/groceries/products/tiger-crystal-can-24x320ml
https://vgg.bites.com.my/collections/groceries,Groceries,CONNOR'S 24X320ML,RM192.00,RM214.40,https://vgg.bites.com.my/collections/groceries/products/connor-s-24x320ml
https://vgg.bites.com.my/collections/groceries,Groceries,PODISTA CHOCOLATE SUGAR FREE 100G,RM23.90,,https://vgg.bites.com.my/collections/groceries/products/podista-chocolate-sugar-free-100g
https://vgg.bites.com.my/collections/groceries,Groceries,NAKED S/FOOD CO. GRANOLA GULA MELAKA 288G,RM13.80,,https://vgg.bites.com.my/collections/groceries/products/naked-sfood-co-granola-gula-melaka-288g
https://vgg.bites.com.my/collections/groceries,Groceries,POKKA JASMINE GREEN TEA 1.5L,RM5.99,RM6.50,https://vgg.bites.com.my/collections/groceries/products/pokka-jasmine-green-tea-1-5l
https://vgg.bites.com.my/collections/groceries,Groceries,CHEKHUP 3IN1 IWC RICH 12SX36G,RM20.99,RM22.50,https://vgg.bites.com.my/collections/groceries/products/chekhup-3in1-iwc-rich-12sx36g
https://vgg.bites.com.my/collections/groceries,Groceries,OATSIDE ORIGINAL BARISTA 1L,RM9.90,,https://vgg.bites.com.my/collections/groceries/products/oatside-original-barista-1l
https://vgg.bites.com.my/collections/groceries,Groceries,OATSIDE CHOCOLATE 1L,RM9.90,,https://vgg.bites.com.my/collections/groceries/products/oatside-chocolate-1l
https://vgg.bites.com.my/collections/groceries,Groceries,L'OR ESSENSO 2IN1 MICROGRD COFFEE&CREAMER 20SX16G,RM18.79,RM20.90,https://vgg.bites.com.my/collections/groceries/products/l-or-essenso-2in1-microgrd-coffee-creamer-20sx16g
https://vgg.bites.com.my/collections/groceries,Groceries,MOCCONA DARK ROAST FD COFFEE 200G,RM43.99,RM50.60,https://vgg.bites.com.my/collections/groceries/products/moccona-dark-roast-fd-coffee-200g
https://vgg.bites.com.my/collections/groceries,Groceries,HANSUNG CITRON HONEY TEA 1150G,RM45.45,,https://vgg.bites.com.my/collections/groceries/products/hansung-citron-honey-tea-1150g
https://vgg.bites.com.my/collections/groceries,Groceries,AUSTRALIA'S OWN ORG BARISTA ALMOND MILK 1L,RM15.90,RM18.15,https://vgg.bites.com.my/collections/groceries/products/australia-s-own-org-barista-almond-milk-1l
https://vgg.bites.com.my/collections/groceries,Groceries,COCA COLA RASA ASLI 500ML,RM2.40,,https://vgg.bites.com.my/collections/groceries/products/coca-cola-rasa-asli-500ml
https://vgg.bites.com.my/collections/groceries,Groceries,HANSUNG HANRABONG HONEY TEA 1150G,RM45.45,,https://vgg.bites.com.my/collections/groceries/products/hansung-hanrabong-honey-tea-1150g
https://vgg.bites.com.my/collections/groceries,Groceries,NESCAFE GOLD CREAMY LATTE 12*31G,RM17.90,,https://vgg.bites.com.my/collections/groceries/products/nescafe-gold-creamy-latte-12-31g
https://vgg.bites.com.my/collections/groceries,Groceries,NESCAFE 3IN1 ORIGINAL 25SX18G,RM16.90,RM17.40,https://vgg.bites.com.my/collections/groceries/products/nescafe-3in1-original-25sx18g
https://vgg.bites.com.my/collections/groceries,Groceries,V-SOY ORIGINAL SOYA BEAN 1L,RM6.95,,https://vgg.bites.com.my/collections/groceries/products/v-soy-original-soya-bean-1l
https://vgg.bites.com.my/collections/groceries,Groceries,SCHWEPPES SODA WATER 4X320ML,RM9.65,,https://vgg.bites.com.my/collections/groceries/products/schweppes-soda-water-4x320ml
https://vgg.bites.com.my/collections/groceries,Groceries,EVIAN NATURAL MINERAL WATER MP 6X1.5L,RM62.60,,https://vgg.bites.com.my/collections/groceries/products/evian-natural-mineral-water-mp-6x15l
https://vgg.bites.com.my/collections/groceries,Groceries,COKE CLASSIC 6X180ML,RM9.99,RM12.90,https://vgg.bites.com.my/collections/groceries/products/coke-classic-6x180ml
https://vgg.bites.com.my/collections/groceries,Groceries,CADBURY DRINKING CHOCOLATE NEAPOLITAN 250G,RM23.90,,https://vgg.bites.com.my/collections/groceries/products/cadbury-drinking-chocolate-neapolitan-250g
https://vgg.bites.com.my/collections/groceries,Groceries,OSK JASMINE GREEN TEA 50SX1.5G,RM27.90,,https://vgg.bites.com.my/collections/groceries/products/osk-jasmine-green-tea-50sx1-5g
https://vgg.bites.com.my/collections/groceries,Groceries,THE TAPPING TAPIR LIGHT SIGNATURE 4X250ML,RM16.90,,https://vgg.bites.com.my/collections/groceries/products/the-tapping-tapir-light-signature-4x250ml
https://vgg.bites.com.my/collections/groceries,Groceries,EDELWEISS WHEAT BEER 320ML,RM12.75,,https://vgg.bites.com.my/collections/groceries/products/edelweiss-wheat-beer-320ml
https://vgg.bites.com.my/collections/groceries,Groceries,CHEKHUP 3IN1 IWC ORIGINAL 12SX36G,RM20.99,RM22.50,https://vgg.bites.com.my/collections/groceries/products/chekhup-3in1-iwc-original-12sx36g
https://vgg.bites.com.my/collections/groceries,Groceries,CHEKHUP 2IN1 IWC COFFEE&CREAMER 12SX27G,RM20.99,RM22.50,https://vgg.bites.com.my/collections/groceries/products/chekhup-2in1-iwc-coffee-creamer-12sx27g
https://vgg.bites.com.my/collections/groceries,Groceries,HORLICKS ORIGINAL 440G,RM20.10,,https://vgg.bites.com.my/collections/groceries/products/horlicks-original-440g
https://vgg.bites.com.my/collections/groceries,Groceries,100 PLUS ORIGINAL ZERO 500ML,RM2.30,,https://vgg.bites.com.my/collections/groceries/products/100-plus-original-zero-500ml
https://vgg.bites.com.my/collections/groceries,Groceries,100 PLUS ZERO 1.5L,RM3.69,RM4.45,https://vgg.bites.com.my/collections/groceries/products/100-plus-zero-1-5l
https://vgg.bites.com.my/collections/groceries,Groceries,SPRITE 6X180ML,RM9.99,RM12.90,https://vgg.bites.com.my/collections/groceries/products/sprite-6x180ml
https://vgg.bites.com.my/collections/groceries,Groceries,LAVAZZA CREME E GUSTO GROUND 250G TIN,RM35.89,RM38.75,https://vgg.bites.com.my/collections/groceries/products/lavazza-creme-e-gusto-ground-250g-tin
https://vgg.bites.com.my/collections/groceries,Groceries,KIRKS GINGER BEER ORIGINALS 375ML,RM8.90,,https://vgg.bites.com.my/collections/groceries/products/kirks-ginger-beer-originals-375ml
https://vgg.bites.com.my/collections/groceries,Groceries,PODISTA COFFEE SUPREMO 50G,RM17.90,RM20.15,https://vgg.bites.com.my/collections/groceries/products/podista-coffee-supremo-50g
https://vgg.bites.com.my/collections/groceries,Groceries,PODISTA SMOOTH & CREAMY CHOCOLATE 100G,RM23.90,,https://vgg.bites.com.my/collections/groceries/products/podista-smooth-creamy-chocolate-100g
https://vgg.bites.com.my/collections/groceries,Groceries,PERRIER MINERAL WATER 4X330ML,RM34.00,,https://vgg.bites.com.my/collections/groceries/products/perrier-mineral-water-4x330ml
https://vgg.bites.com.my/collections/groceries,Groceries,THE BERRY COMPANY SUPERBERRY PURPLE 1L,RM12.25,,https://vgg.bites.com.my/collections/groceries/products/the-berry-company-superberry-purple-1l
https://vgg.bites.com.my/collections/groceries,Groceries,THE BERRY COMPANY SUPERBERRY RED 1L,RM12.25,,https://vgg.bites.com.my/collections/groceries/products/the-berry-company-superberry-red-1l
https://vgg.bites.com.my/collections/groceries,Groceries,THE BERRY COMPANY POMEGRANATE 1L,RM12.25,,https://vgg.bites.com.my/collections/groceries/products/the-berry-company-pomegranate-1l
https://vgg.bites.com.my/collections/groceries,Groceries,PERRIER MINERAL WATER 330ML,RM8.65,,https://vgg.bites.com.my/collections/groceries/products/perrier-mineral-water-330ml
https://vgg.bites.com.my/collections/groceries,Groceries,MARIGOLD PEEL FRESH APPLE A/V 1L,RM6.90,,https://vgg.bites.com.my/collections/groceries/products/marigold-peel-fresh-apple-a-v-1l
https://vgg.bites.com.my/collections/groceries,Groceries,MARIGOLD 100% JUICE PEAR & MIXED BERRIES 1L,RM7.35,,https://vgg.bites.com.my/collections/groceries/products/marigold-100-juice-pear-mixed-berries-1l
https://vgg.bites.com.my/collections/groceries,Groceries,MARIGOLD 100% JUICE CARROT MIX FRUIT 1L,RM7.35,,https://vgg.bites.com.my/collections/groceries/products/marigold-100-juice-carrot-mix-fruit-1l
https://vgg.bites.com.my/collections/groceries,Groceries,DILMAH GREEN TEA JASMINE PETALS 20'S,RM9.95,,https://vgg.bites.com.my/collections/groceries/products/dilmah-green-tea-jasmine-petals-20-s
https://vgg.bites.com.my/collections/groceries,Groceries,DILMAH EXCPT ROSE WITH FRENCH VANILLA 20'S,RM14.85,,https://vgg.bites.com.my/collections/groceries/products/dilmah-excpt-rose-with-french-vanilla-20-s
https://vgg.bites.com.my/collections/groceries,Groceries,DILMAH EXCPT LIVELY LIME&ORANGE FUSION 20'S,RM14.85,,https://vgg.bites.com.my/collections/groceries/products/dilmah-excpt-lively-lime-orange-fusion-20-s
https://vgg.bites.com.my/collections/groceries,Groceries,DILMAH EXCPT FRAGRANT JASMINE GREEN TEA 20'S,RM14.85,,https://vgg.bites.com.my/collections/groceries/products/dilmah-excpt-fragrant-jasmine-green-tea-20-s
https://vgg.bites.com.my/collections/groceries,Groceries,DILMAH DARJEELING TEABAGS 20'S,RM12.20,,https://vgg.bites.com.my/collections/groceries/products/dilmah-darjeeling-teabags-20-s
https://vgg.bites.com.my/collections/groceries,Groceries,DILMAH CEYLON GT CHAMOMILE 20'SX2G,RM15.10,,https://vgg.bites.com.my/collections/groceries/products/dilmah-ceylon-gt-chamomile-20sx2g
https://vgg.bites.com.my/collections/groceries,Groceries,VITAGEN ASST TWIN PACK 2X5X125ML,RM11.30,RM11.40,https://vgg.bites.com.my/collections/groceries/products/vitagen-asst-twin-pack-2x5x125ml
https://vgg.bites.com.my/collections/groceries,Groceries,SPRITZER MINERAL WATER 250ML,RM0.85,,https://vgg.bites.com.my/collections/groceries/products/spritzer-mineral-water-250ml
https://vgg.bites.com.my/collections/groceries,Groceries,POKKA JASMINE GREEN TEA NO SUGAR 1.5L,RM5.99,RM6.50,https://vgg.bites.com.my/collections/groceries/products/pokka-jasmine-green-tea-no-sugar-1-5l
https://vgg.bites.com.my/collections/groceries,Groceries,POKKA JASMINE GREEN TEA NO SUGAR 500ML,RM3.00,,https://vgg.bites.com.my/collections/groceries/products/pokka-jasmine-green-tea-no-sugar-500ml
https://vgg.bites.com.my/collections/groceries,Groceries,ILLY CLASSIC ROAST FILTER COFFEE 250G,RM66.05,,https://vgg.bites.com.my/collections/groceries/products/illy-classic-roast-filter-coffee-250g
https://vgg.bites.com.my/collections/groceries,Groceries,EAU CLAIRE MINERAL WATER 1.5L,RM2.00,,https://vgg.bites.com.my/collections/groceries/products/eau-claire-mineral-water-1-5l
https://vgg.bites.com.my/collections/groceries,Groceries,COCA COLA ZERO SUGAR CAN 320ML,RM2.10,,https://vgg.bites.com.my/collections/groceries/products/coca-cola-zero-sugar-can-320ml
https://vgg.bites.com.my/collections/groceries,Groceries,CADBURY 3IN1 HOT CHOCOLATE 390G,RM21.20,RM21.45,https://vgg.bites.com.my/collections/groceries/products/cadbury-3in1-hot-chocolate-390g
https://vgg.bites.com.my/collections/groceries,Groceries,100 PLUS ORIGINAL RS 500ML,RM2.30,,https://vgg.bites.com.my/collections/groceries/products/100-plus-original-rs-500ml
https://vgg.bites.com.my/collections/groceries,Groceries,100 PLUS ORIGINAL RS 1.5L,RM3.69,RM4.45,https://vgg.bites.com.my/collections/groceries/products/100-plus-original-rs-1-5l
https://vgg.bites.com.my/collections/groceries,Groceries,100 PLUS ORIGINAL 1.5L,RM3.69,RM4.45,https://vgg.bites.com.my/collections/groceries/products/100-plus-original-1-5l
https://vgg.bites.com.my/collections/groceries,Groceries,100 PLUS LEMON LIME 500ML,RM2.30,,https://vgg.bites.com.my/collections/groceries/products/100-plus-lemon-lime-500ml
https://vgg.bites.com.my/collections/groceries,Groceries,100 PLUS ACTIVE ASP 500ML,RM2.30,,https://vgg.bites.com.my/collections/groceries/products/100-plus-active-asp-500ml
https://vgg.bites.com.my/collections/groceries,Groceries,100 PLUS ACTIVE ASP 1L,RM3.30,,https://vgg.bites.com.my/collections/groceries/products/100-plus-active-asp-1l
https://vgg.bites.com.my/collections/groceries,Groceries,SPRITZER SPARKLING MINERAL WATER 12X1L,RM44.69,RM46.80,https://vgg.bites.com.my/collections/groceries/products/spritzer-sparkling-mineral-water-12x1l
https://vgg.bites.com.my/collections/groceries,Groceries,SAN BENEDETTO STILL B4F2 1.5L,RM42.45,,https://vgg.bites.com.my/collections/groceries/products/san-benedetto-still-b4f2-1-5l
https://vgg.bites.com.my/collections/groceries,Groceries,KIRKS LEMON SQUASH 375ML,RM8.90,,https://vgg.bites.com.my/collections/groceries/products/kirks-lemon-squash-375ml
https://vgg.bites.com.my/collections/groceries,Groceries,SKOL BEER CAN 4X320ML,RM29.50,,https://vgg.bites.com.my/collections/groceries/products/skol-beer-can-4x320ml
https://vgg.bites.com.my/collections/groceries,Groceries,CARLSBERG SMOOTH DRAUGHT CANS 24*320ML,RM184.20,,https://vgg.bites.com.my/collections/groceries/products/carlsberg-smooth-draught-cans-24-320ml
https://vgg.bites.com.my/collections/groceries,Groceries,PODISTA CHOCOLATE CARAMEL INFUSION 100G,RM23.90,,https://vgg.bites.com.my/collections/groceries/products/podista-chocolate-caramel-infusion-100g
https://vgg.bites.com.my/collections/groceries,Groceries,PODISTA CHOCOLATE MINT INFUSION 100G,RM23.90,,https://vgg.bites.com.my/collections/groceries/products/podista-chocolate-mint-infusion-100g
https://vgg.bites.com.my/collections/groceries,Groceries,PODISTA DOUBLE SHOT 55G,RM17.90,RM20.15,https://vgg.bites.com.my/collections/groceries/products/podista-double-shot-55g
https://vgg.bites.com.my/collections/groceries,Groceries,CHEK HUP MICROGROUND COLOMBIAN CAPPUCCINO 5SX23G,RM20.89,RM21.95,https://vgg.bites.com.my/collections/groceries/products/chek-hup-microground-colombian-cappuccino-5sx23g
https://vgg.bites.com.my/collections/groceries,Groceries,CHEK HUP MICROGROUND COLOMBIAN LATTE 5SX23G,RM20.89,RM21.95,https://vgg.bites.com.my/collections/groceries/products/chek-hup-microground-colombian-latte-5sx23g
https://vgg.bites.com.my/collections/groceries,Groceries,L'OR ESSENSO 3IN1 MICROGROUND COFFEE 20X25G,RM18.79,RM20.90,https://vgg.bites.com.my/collections/groceries/products/l-or-essenso-3in1-microground-coffee-20x25g
https://vgg.bites.com.my/collections/groceries,Groceries,3 LEGS COOLTOPIA COOLING WATER GUAVA 320ML,RM3.25,,https://vgg.bites.com.my/collections/groceries/products/3-legs-cooltopia-cooling-water-guava-320ml
https://vgg.bites.com.my/collections/groceries,Groceries,AUTHENTIC TEA HOUSE OOLONG TEA 1.5L,RM5.69,RM6.10,https://vgg.bites.com.my/collections/groceries/products/authentic-tea-house-oolong-tea-1-5l
https://vgg.bites.com.my/collections/groceries,Groceries,AUTHENTIC TEA HOUSE OOLONG TEA 300ML,RM1.75,,https://vgg.bites.com.my/collections/groceries/products/authentic-tea-house-oolong-tea-300ml
https://vgg.bites.com.my/collections/groceries,Groceries,ARIZONA PEACH TEA 22FL OZ,RM7.00,,https://vgg.bites.com.my/collections/groceries/products/arizona-peach-tea-22fl-oz
https://vgg.bites.com.my/collections/groceries,Groceries,ARIZONA TEA KIWI STRAWBERRY 22FL OZ,RM7.00,,https://vgg.bites.com.my/collections/groceries/products/arizona-tea-kiwi-strawberry-22fl-oz
https://vgg.bites.com.my/collections/groceries,Groceries,AUTHENTIC TEA HSE AYATAKA 500ML,RM3.00,,https://vgg.bites.com.my/collections/groceries/products/authentic-tea-hse-ayataka-500ml
https://vgg.bites.com.my/collections/groceries,Groceries,AUTHENTIC TEA HOUSE AYATAKA 300ML,RM1.75,,https://vgg.bites.com.my/collections/groceries/products/authentic-tea-house-ayataka-300ml
https://vgg.bites.com.my/collections/groceries,Groceries,POKKA RICH COFFEE CAN 240ML,RM2.59,RM2.80,https://vgg.bites.com.my/collections/groceries/products/pokka-rich-coffee-can-240ml
https://vgg.bites.com.my/collections/groceries,Groceries,POKKA CAPPUCINO COFFEE 240ML,RM2.59,RM2.80,https://vgg.bites.com.my/collections/groceries/products/pokka-cappucino-coffee-240ml
https://vgg.bites.com.my/collections/groceries,Groceries,PEPSI BLACK 1.5L,RM3.19,RM4.70,https://vgg.bites.com.my/collections/groceries/products/pepsi-black-1-5l
https://vgg.bites.com.my/collections/groceries,Groceries,GATORADE FIERCE BLUE BOLT 500ML,RM3.15,,https://vgg.bites.com.my/collections/groceries/products/gatorade-fierce-blue-bolt-500ml
https://vgg.bites.com.my/collections/groceries,Groceries,FEVER TREE NATURALLY LIGHT TONIC WATER 500ML,RM16.90,,https://vgg.bites.com.my/collections/groceries/products/fever-tree-naturally-light-tonic-water-500ml
https://vgg.bites.com.my/collections/groceries,Groceries,RIBENA SPARKLING REG CAN 325ML,RM3.15,,https://vgg.bites.com.my/collections/groceries/products/ribena-sparkling-reg-can-325ml
https://vgg.bites.com.my/collections/groceries,Groceries,HONG CHO BLACKBERRY VINAIGRETTE DRINK 900ML,RM31.10,,https://vgg.bites.com.my/collections/groceries/products/hong-cho-blackberry-vinaigrette-drink-900ml
https://vgg.bites.com.my/collections/groceries,Groceries,HANSUNG JUJUBE HONEY TEA 1150G,RM45.45,,https://vgg.bites.com.my/collections/groceries/products/hansung-jujube-honey-tea-1150g
https://vgg.bites.com.my/collections/groceries,Groceries,WONDA COFFEE LATTE 240ML,RM2.65,,https://vgg.bites.com.my/collections/groceries/products/wonda-coffee-latte-240ml
https://vgg.bites.com.my/collections/groceries,Groceries,WONDA COFFEE ORIGINAL 240ML,RM2.65,,https://vgg.bites.com.my/collections/groceries/products/wonda-coffee-original-240ml
https://vgg.bites.com.my/collections/groceries,Groceries,SEASONS GRASS JELLY 300ML,RM1.70,,https://vgg.bites.com.my/collections/groceries/products/seasons-grass-jelly-300ml
https://vgg.bites.com.my/collections/groceries,Groceries,F&N GINGER ADE CAN 325ML,RM1.70,,https://vgg.bites.com.my/collections/groceries/products/f-n-ginger-ade-can-325ml
https://vgg.bites.com.my/collections/groceries,Groceries,F&N ICE CREAM SODA 325ML,RM1.70,,https://vgg.bites.com.my/collections/groceries/products/fn-ice-cream-soda-325ml
https://vgg.bites.com.my/collections/groceries,Groceries,A&W SARSAPARILLA 320ML,RM2.10,,https://vgg.bites.com.my/collections/groceries/products/aw-sarsaparilla-320ml
https://vgg.bites.com.my/collections/groceries,Groceries,CACTUS MINERAL WATER 2X9.5L,RM21.10,,https://vgg.bites.com.my/collections/groceries/products/cactus-mineral-water-2x95l
https://vgg.bites.com.my/collections/groceries,Groceries,ICE MOUNTAIN MINERAL WATER 1.5L,RM1.55,,https://vgg.bites.com.my/collections/groceries/products/ice-mountain-mineral-water-15l
https://vgg.bites.com.my/collections/groceries,Groceries,CACTUS MINERAL WATER 2X5.5L,RM15.05,,https://vgg.bites.com.my/collections/groceries/products/cactus-mineral-water-2x55l
https://vgg.bites.com.my/collections/groceries,Groceries,SPRITZER MINERAL WATER 24X550ML,RM32.45,,https://vgg.bites.com.my/collections/groceries/products/spritzer-mineral-water-24x550ml
https://vgg.bites.com.my/collections/groceries,Groceries,FANTA GRAPE 1.5L,RM3.60,,https://vgg.bites.com.my/collections/groceries/products/fanta-grape-1-5l
https://vgg.bites.com.my/collections/groceries,Groceries,A&W SARSAPARILLA 1.5L,RM4.19,RM4.50,https://vgg.bites.com.my/collections/groceries/products/a-w-sarsaparilla-1-5l
https://vgg.bites.com.my/collections/groceries,Groceries,A&W SARSAPARILLA 500ML,RM2.40,,https://vgg.bites.com.my/collections/groceries/products/aw-sarsaparilla-500ml
https://vgg.bites.com.my/collections/groceries,Groceries,7UP REVIVE 1.5L,RM2.29,RM4.70,https://vgg.bites.com.my/collections/groceries/products/7up-revive-1-5l
https://vgg.bites.com.my/collections/groceries,Groceries,F&N ORANGE 500ML,RM2.20,,https://vgg.bites.com.my/collections/groceries/products/fn-orange-500ml
https://vgg.bites.com.my/collections/groceries,Groceries,KICKAPOO 1.5L,RM3.19,RM4.70,https://vgg.bites.com.my/collections/groceries/products/kickapoo-1-5l
https://vgg.bites.com.my/collections/groceries,Groceries,SEASONS ICE LEMON TEA 6X250ML,RM7.10,,https://vgg.bites.com.my/collections/groceries/products/seasons-ice-lemon-tea-6x250ml
https://vgg.bites.com.my/collections/groceries,Groceries,SEASONS CHRYSANTHEMUM 1L,RM3.00,,https://vgg.bites.com.my/collections/groceries/products/seasons-chrysanthemum-1l
https://vgg.bites.com.my/collections/groceries,Groceries,OVALTINE MALTED MILK 400,RM14.90,,https://vgg.bites.com.my/collections/groceries/products/ovaltine-malted-milk-400
https://vgg.bites.com.my/collections/groceries,Groceries,CHEKHUP 3IN1 IWC LESS SWEET 12SX33G,RM20.99,RM22.50,https://vgg.bites.com.my/collections/groceries/products/chekhup-3in1-iwc-less-sweet-12sx33g
https://vgg.bites.com.my/collections/groceries,Groceries,NESCAFE ICE CAN 240ML,RM2.70,,https://vgg.bites.com.my/collections/groceries/products/nescafe-ice-can-240ml
https://vgg.bites.com.my/collections/groceries,Groceries,AH HUAT WHITE COFFEE LOW FAT N/SUGAR 15X20GM,RM22.60,,https://vgg.bites.com.my/collections/groceries/products/ah-huat-white-coffee-low-fat-nsugar-15x20gm
https://vgg.bites.com.my/collections/groceries,Groceries,ALICAFE T/A GINSENG 5IN1 ORIGINAL 30G,RM19.70,,https://vgg.bites.com.my/collections/groceries/products/alicafe-t-a-ginseng-5in1-original-30g
https://vgg.bites.com.my/collections/groceries,Groceries,SKOL BEER CAN 24X320ML,RM171.00,,https://vgg.bites.com.my/collections/groceries/products/skol-beer-can-24x320ml
https://vgg.bites.com.my/collections/groceries,Groceries,SKOL BEER CAN 320ML,RM7.95,,https://vgg.bites.com.my/collections/groceries/products/skol-beer-can-320ml
https://vgg.bites.com.my/collections/groceries,Groceries,CARLSBERG SPECIAL BREW CAN 4X320ML,RM38.50,,https://vgg.bites.com.my/collections/groceries/products/carlsberg-special-brew-can-4x320ml
https://vgg.bites.com.my/collections/groceries,Groceries,ROYAL STOUT CAN 4X320ML,RM33.05,,https://vgg.bites.com.my/collections/groceries/products/royal-stout-can-4x320ml
https://vgg.bites.com.my/collections/groceries,Groceries,CARLSBERG BEER CAN (GL) 24X320ML,RM184.40,,https://vgg.bites.com.my/collections/groceries/products/carlsberg-beer-can-gl-24x320ml
https://vgg.bites.com.my/collections/groceries,Groceries,MARIGOLD EVAPORATED FILLED MILK 390GM,RM4.10,,https://vgg.bites.com.my/collections/groceries/products/marigold-evaporated-filled-milk-390gm
https://vgg.bites.com.my/collections/groceries,Groceries,MARIGOLD KOPI&TEH TARIK 500G,RM3.75,,https://vgg.bites.com.my/collections/groceries/products/marigold-kopiteh-tarik-500g
https://vgg.bites.com.my/collections/groceries,Groceries,NESTLE COFMATE NDC 50X5G,RM10.40,,https://vgg.bites.com.my/collections/groceries/products/nestle-cofmate-ndc-50x5g
https://vgg.bites.com.my/collections/groceries,Groceries,FRENCHE ROAST SIGNATURE BLEND 25S,RM13.99,RM14.90,https://vgg.bites.com.my/collections/groceries/products/frenche-roast-signature-blend-25s
https://vgg.bites.com.my/collections/groceries,Groceries,STARBUCKS MED RST PIKE PLACE BEAN 200G,RM30.10,,https://vgg.bites.com.my/collections/groceries/products/starbucks-med-rst-pike-place-bean-200g
https://vgg.bites.com.my/collections/groceries,Groceries,STARBUCKS DARK ROAST CAFE VERONA GROUND 200G,RM30.10,,https://vgg.bites.com.my/collections/groceries/products/starbucks-dark-roast-cafe-verona-ground-200g
https://vgg.bites.com.my/collections/groceries,Groceries,KIRKS CREAMING SODA ORIGINALS 375ML,RM8.90,,https://vgg.bites.com.my/collections/groceries/products/kirks-creaming-soda-originals-375ml
https://vgg.bites.com.my/collections/groceries,Groceries,SEASONS SOYA BEAN 1L,RM3.00,,https://vgg.bites.com.my/collections/groceries/products/seasons-soya-bean-1l
https://vgg.bites.com.my/collections/groceries,Groceries,MOCCONA ESPRESSO STYLE FD COFFEE 100G,RM26.99,RM28.75,https://vgg.bites.com.my/collections/groceries/products/moccona-espresso-style-fd-coffee-100g
https://vgg.bites.com.my/collections/groceries,Groceries,MONJAVA COFFEE BEANS COSMOPOLITAN 1KG,RM126.99,RM129.80,https://vgg.bites.com.my/collections/groceries/products/monjava-coffee-beans-cosmopolitan-1kg
https://vgg.bites.com.my/collections/groceries,Groceries,MOCCONA ESPRESSO STYLE FD COFFEE 200G,RM43.99,RM50.60,https://vgg.bites.com.my/collections/groceries/products/moccona-espresso-style-fd-coffee-200g
https://vgg.bites.com.my/collections/groceries,Groceries,ARIZONA GREEN TEA GINSENG HONEY 22FL OZ,RM7.00,,https://vgg.bites.com.my/collections/groceries/products/arizona-green-tea-ginseng-honey-22fl-oz
https://vgg.bites.com.my/collections/groceries,Groceries,ARIZONA FRUIT PUNCH 22FL OZ,RM7.00,,https://vgg.bites.com.my/collections/groceries/products/arizona-fruit-punch-22fl-oz
https://vgg.bites.com.my/collections/groceries,Groceries,POKKA CHRYSANTHEMUM WHITE TEA 1.5L,RM5.99,RM6.50,https://vgg.bites.com.my/collections/groceries/products/pokka-chrysanthemum-white-tea-1-5l
https://vgg.bites.com.my/collections/groceries,Groceries,ENGLISH TEA SHOP OG ROOIBOS 20TB,RM20.70,,https://vgg.bites.com.my/collections/groceries/products/english-tea-shop-og-rooibos-20tb
https://vgg.bites.com.my/collections/groceries,Groceries,ENGLISH TEA SHOP OG ENGLISH BREAKFAST 20TB,RM20.70,,https://vgg.bites.com.my/collections/groceries/products/english-tea-shop-og-english-breakfast-20tb
https://vgg.bites.com.my/collections/groceries,Groceries,ILLY BOLD ROAST GROUND 250G,RM57.99,RM66.05,https://vgg.bites.com.my/collections/groceries/products/illy-bold-roast-ground-250g
https://vgg.bites.com.my/collections/groceries,Groceries,BONCAFE MOCCA COFFEE BEANS 200G,RM25.89,RM28.40,https://vgg.bites.com.my/collections/groceries/products/boncafe-mocca-coffee-beans-200g
https://vgg.bites.com.my/collections/groceries,Groceries,POKKA OOLONG TEA 1.5L,RM5.99,RM6.50,https://vgg.bites.com.my/collections/groceries/products/pokka-oolong-tea-1-5l
https://vgg.bites.com.my/collections/groceries,Groceries,YOU.C1000 LEMON DRINK 140ML,RM3.25,,https://vgg.bites.com.my/collections/groceries/products/youc1000-lemon-drink-140ml
https://vgg.bites.com.my/collections/groceries,Groceries,ROBINSONS SQUASH ORANGE NAS 1L,RM13.90,,https://vgg.bites.com.my/collections/groceries/products/robinsons-squash-orange-nas-1l
https://vgg.bites.com.my/collections/groceries,Groceries,ROBINSONS SQUASH LEMON NAS 1L,RM13.90,,https://vgg.bites.com.my/collections/groceries/products/robinsons-squash-lemon-nas-1l
https://vgg.bites.com.my/collections/groceries,Groceries,POCARI SWEAT BOTTLE 500ML,RM2.99,RM3.65,https://vgg.bites.com.my/collections/groceries/products/pocari-sweat-bottle-500ml
https://vgg.bites.com.my/collections/groceries,Groceries,PAULS UHT SKIMMED MILK 1L,RM9.95,,https://vgg.bites.com.my/collections/groceries/products/pauls-uht-skimmed-milk-1l
https://vgg.bites.com.my/collections/groceries,Groceries,KIRKS ORIGINAL LEMONADE 375ML,RM8.90,,https://vgg.bites.com.my/collections/groceries/products/kirks-original-lemonade-375ml
https://vgg.bites.com.my/collections/groceries,Groceries,NESTLE COFFEE-MATE NDC POUCH 200G,RM5.10,,https://vgg.bites.com.my/collections/groceries/products/nestle-coffee-mate-ndc-pouch-200g
https://vgg.bites.com.my/collections/groceries,Groceries,ARABUS RSTD & GROUND COFFEE CRML MACCHI 230ML,RM6.49,RM7.00,https://vgg.bites.com.my/collections/groceries/products/arabus-rstd-ground-coffee-crml-macchi-230ml
https://vgg.bites.com.my/collections/groceries,Groceries,MONSTER ENERGY LEWIS HAMILTON 500ML,RM12.05,,https://vgg.bites.com.my/collections/groceries/products/monster-energy-lewis-hamilton-500ml
https://vgg.bites.com.my/collections/groceries,Groceries,ARIZONA MUCHO MANGO 22FL OZ,RM7.00,,https://vgg.bites.com.my/collections/groceries/products/arizona-mucho-mango-22fl-oz
https://vgg.bites.com.my/collections/groceries,Groceries,ARIZONA TEA WATERMELON 22FL OZ,RM7.00,,https://vgg.bites.com.my/collections/groceries/products/arizona-tea-watermelon-22fl-oz
https://vgg.bites.com.my/collections/groceries,Groceries,BOH S/S EARL GREY W TANGERINE 20X2G,RM10.70,,https://vgg.bites.com.my/collections/groceries/products/boh-s-s-earl-grey-w-tangerine-20x2g
https://vgg.bites.com.my/collections/groceries,Groceries,BOH T.TARIK KURANG MANIS ORI 12'SX24GM,RM16.99,RM18.20,https://vgg.bites.com.my/collections/groceries/products/boh-t-tarik-kurang-manis-ori-12-sx24gm
https://vgg.bites.com.my/collections/groceries,Groceries,BOH T.TARIK KURANG MANIS HALI12X26,RM16.99,RM18.20,https://vgg.bites.com.my/collections/groceries/products/boh-t-tarik-kurang-manis-hali12x26
https://vgg.bites.com.my/collections/groceries,Groceries,BOH S/S PASSION FRUIT 20'SX2GM,RM10.70,,https://vgg.bites.com.my/collections/groceries/products/boh-s-s-passion-fruit-20-sx2gm
https://vgg.bites.com.my/collections/groceries,Groceries,BOH GREEN TEA LATTE 12'S*27GM,RM16.99,RM18.20,https://vgg.bites.com.my/collections/groceries/products/boh-green-tea-latte-12-s-27gm
https://vgg.bites.com.my/collections/groceries,Groceries,HARADA GREEN TEA-YABUKITA B.TOKUYO RYOKU 50'SX2G,RM21.99,RM22.90,https://vgg.bites.com.my/collections/groceries/products/harada-green-tea-yabukita-b-tokuyo-ryoku-50-sx2g
https://vgg.bites.com.my/collections/groceries,Groceries,PEPSI 500ML,RM2.70,,https://vgg.bites.com.my/collections/groceries/products/pepsi-500ml
https://vgg.bites.com.my/collections/groceries,Groceries,FUZE TEA ICE LEMON TEA 500ML,RM2.75,,https://vgg.bites.com.my/collections/groceries/products/fuze-tea-ice-lemon-tea-500ml
https://vgg.bites.com.my/collections/groceries,Groceries,FUZE TEA ICE PASSION FRUIT 1.5L,RM4.99,RM6.00,https://vgg.bites.com.my/collections/groceries/products/fuze-tea-ice-passion-fruit-1-5l
https://vgg.bites.com.my/collections/groceries,Groceries,FUZE TEA ICE LEMON TEA 1.5L,RM4.99,RM6.00,https://vgg.bites.com.my/collections/groceries/products/fuze-tea-ice-lemon-tea-1-5l
https://vgg.bites.com.my/collections/groceries,Groceries,FUZE TEA JASMINE GREEN TEA 500ML,RM2.75,,https://vgg.bites.com.my/collections/groceries/products/fuze-tea-jasmine-green-tea-500ml
https://vgg.bites.com.my/collections/groceries,Groceries,TROPICANA TWISTER APPLE 355ML,RM2.50,,https://vgg.bites.com.my/collections/groceries/products/tropicana-twister-apple-355ml
https://vgg.bites.com.my/collections/groceries,Groceries,TROPICANA TWISTER ORANGE 355ML,RM2.40,,https://vgg.bites.com.my/collections/groceries/products/tropicana-twister-orange-355ml
https://vgg.bites.com.my/collections/groceries,Groceries,FLORIDA'S NATURAL ORIGINAL ORANGE JUICE 1.5L,RM32.99,RM35.30,https://vgg.bites.com.my/collections/groceries/products/florida-s-natural-original-orange-juice-1-5l
https://vgg.bites.com.my/collections/groceries,Groceries,MARIGOLD PEEL FRESH N/SGR ORANGE 300ML,RM2.95,,https://vgg.bites.com.my/collections/groceries/products/marigold-peel-fresh-n-sgr-orange-300ml
https://vgg.bites.com.my/collections/groceries,Groceries,TIGER BEER CAN 6X320ML,RM48.95,,https://vgg.bites.com.my/collections/groceries/products/tiger-beer-can-6x320ml
https://vgg.bites.com.my/collections/groceries,Groceries,ILLY BOLD ROAST BEAN 250G,RM57.99,RM66.05,https://vgg.bites.com.my/collections/groceries/products/illy-bold-roast-bean-250g
https://vgg.bites.com.my/collections/groceries,Groceries,MARIGOLD PEEL FRESH N/SGR P.VEGE&FRUITS 1L,RM7.79,,https://vgg.bites.com.my/collections/groceries/products/marigold-peel-fresh-n-sgr-p-vege-fruits-1l
https://vgg.bites.com.my/collections/groceries,Groceries,RIBENA BLACKCURRANT 2L,RM28.55,,https://vgg.bites.com.my/collections/groceries/products/ribena-blackcurrant-2l
https://vgg.bites.com.my/collections/groceries,Groceries,BOH S/S LYCHEE WITH ROSE 20'SX2GM,RM10.70,,https://vgg.bites.com.my/collections/groceries/products/boh-s-s-lychee-with-rose-20-sx2gm
https://vgg.bites.com.my/collections/groceries,Groceries,NESCAFE LATTE CAN 240ML,RM2.70,,https://vgg.bites.com.my/collections/groceries/products/nescafe-latte-can-240ml
https://vgg.bites.com.my/collections/groceries,Groceries,AUTHENTIC TEA HOUSE AYATAKA 1.5L,RM5.69,RM6.10,https://vgg.bites.com.my/collections/groceries/products/authentic-tea-house-ayataka-1-5l
https://vgg.bites.com.my/collections/groceries,Groceries,F&N EVAP FILLED MILK 390GM,RM4.75,,https://vgg.bites.com.my/collections/groceries/products/fn-evap-filled-milk-390gm
https://vgg.bites.com.my/collections/groceries,Groceries,CHEKHUP INSTANT TEH TARIK 12X40G,RM21.20,,https://vgg.bites.com.my/collections/groceries/products/chekhup-instant-teh-tarik-12x40g
https://vgg.bites.com.my/collections/groceries,Groceries,POKKA NATSBEE HONEY LEMON 1.5L,RM7.19,RM7.85,https://vgg.bites.com.my/collections/groceries/products/pokka-natsbee-honey-lemon-1-5l
https://vgg.bites.com.my/collections/groceries,Groceries,NESTLE COFFEEMATE POUCH 450G,RM10.20,,https://vgg.bites.com.my/collections/groceries/products/nestle-coffeemate-pouch-450g
https://vgg.bites.com.my/collections/groceries,Groceries,HACO SUISS FUSION ARABICA 100G,RM41.99,RM47.65,https://vgg.bites.com.my/collections/groceries/products/haco-suiss-fusion-arabica-100g
https://vgg.bites.com.my/collections/groceries,Groceries,HACO SUISS SPECIAL BLEND MEDIUM ROAST 100G,RM41.99,RM47.65,https://vgg.bites.com.my/collections/groceries/products/haco-suiss-special-blend-medium-roast-100g
https://vgg.bites.com.my/collections/groceries,Groceries,SPRITZER MINERAL WATER 550ML,RM1.50,,https://vgg.bites.com.my/collections/groceries/products/spritzer-mineral-water-550ml
https://vgg.bites.com.my/collections/groceries,Groceries,CACTUS MINERAL WATER 6IN1 6X1.5L,RM7.70,,https://vgg.bites.com.my/collections/groceries/products/cactus-mineral-water-6in1-6x15l
https://vgg.bites.com.my/collections/groceries,Groceries,CACTUS MINERAL WATER 5.5L,RM7.55,,https://vgg.bites.com.my/collections/groceries/products/cactus-mineral-water-55l
https://vgg.bites.com.my/collections/groceries,Groceries,SPRITZER SPARKLING MINERAL WATER 400ML,RM1.99,RM2.06,https://vgg.bites.com.my/collections/groceries/products/spritzer-sparkling-mineral-water-400ml
https://vgg.bites.com.my/collections/groceries,Groceries,OLD TOWN 3IN1 W/CAFE CLASSIC 15SX35G,RM18.99,RM21.00,https://vgg.bites.com.my/collections/groceries/products/old-town-3in1-w-cafe-classic-15sx35g
https://vgg.bites.com.my/collections/groceries,Groceries,OLD TOWN 3IN1 W/CAFE HAZELNUT 15SX35G,RM18.99,RM21.00,https://vgg.bites.com.my/collections/groceries/products/old-town-3in1-w-cafe-hazelnut-15sx35g
https://vgg.bites.com.my/collections/groceries,Groceries,OLD TOWN W/CAFE 2IN1 COFFEE&CREAMER 15SX25G,RM18.99,RM21.00,https://vgg.bites.com.my/collections/groceries/products/old-town-w-cafe-2in1-coffee-creamer-15sx25g
https://vgg.bites.com.my/collections/groceries,Groceries,OLD TOWN 3IN1 W/CAFE CANE SUGAR 15SX36G,RM18.99,RM21.00,https://vgg.bites.com.my/collections/groceries/products/old-town-3in1-w-cafe-cane-sugar-15sx36g
https://vgg.bites.com.my/collections/groceries,Groceries,CACTUS MINERAL WATER 9.5L,RM10.55,,https://vgg.bites.com.my/collections/groceries/products/cactus-mineral-water-95l
https://vgg.bites.com.my/collections/groceries,Groceries,SPRITZER DRINKING WATER 12X1.25L,RM32.90,,https://vgg.bites.com.my/collections/groceries/products/spritzer-drinking-water-12x125l
https://vgg.bites.com.my/collections/groceries,Groceries,SPRITZER MINERAL WATER 9.5L,RM11.65,,https://vgg.bites.com.my/collections/groceries/products/spritzer-mineral-water-95l
https://vgg.bites.com.my/collections/groceries,Groceries,SPRITZER DRINKING WATER 9.5L,RM11.40,,https://vgg.bites.com.my/collections/groceries/products/spritzer-drinking-water-9-5l
https://vgg.bites.com.my/collections/groceries,Groceries,MILO ACTIV-GO KAW CAN 240ML,RM3.00,,https://vgg.bites.com.my/collections/groceries/products/milo-activ-go-kaw-can-240ml
https://vgg.bites.com.my/collections/groceries,Groceries,MILO ACTIV-GO WHOLE CEREAL 10X36G,RM14.95,,https://vgg.bites.com.my/collections/groceries/products/milo-activ-go-whole-cereal-10x36g
https://vgg.bites.com.my/collections/groceries,Groceries,MILO ACTIV-GO LESS SUGAR 10X27G,RM14.15,,https://vgg.bites.com.my/collections/groceries/products/milo-activ-go-less-sugar-10x27g
https://vgg.bites.com.my/collections/groceries,Groceries,MILO ACTIV-GO UHT 5+1X200ML,RM10.45,,https://vgg.bites.com.my/collections/groceries/products/milo-activ-go-uht-5-1x200ml
https://vgg.bites.com.my/collections/groceries,Groceries,DUTCH LADY UHT CHOCOLATE 1L,RM7.40,RM7.90,https://vgg.bites.com.my/collections/groceries/products/dutch-lady-uht-chocolate-1l
https://vgg.bites.com.my/collections/groceries,Groceries,DUTCH LADY UHT MILKY FROZEN F/CREAM 4X125ML,RM5.75,,https://vgg.bites.com.my/collections/groceries/products/dutch-lady-uht-milky-frozen-f-cream-4x125ml
https://vgg.bites.com.my/collections/groceries,Groceries,DUTCH LADY UHT MILKY MARVEL CHOC 4X125ML,RM5.75,,https://vgg.bites.com.my/collections/groceries/products/dutch-lady-uht-milky-marvel-choc-4x125ml
https://vgg.bites.com.my/collections/groceries,Groceries,DUTCH LADY UHT MILKY MARVEL STRAW 4X125ML,RM5.75,,https://vgg.bites.com.my/collections/groceries/products/dutch-lady-uht-milky-marvel-straw-4x125ml
https://vgg.bites.com.my/collections/groceries,Groceries,DUTCH LADY UHT FULL CREAM 6X200ML,RM10.20,RM11.20,https://vgg.bites.com.my/collections/groceries/products/dutch-lady-uht-full-cream-6x200ml
https://vgg.bites.com.my/collections/groceries,Groceries,DUTCH LADY UHT CHOC 6X200ML,RM10.20,RM11.20,https://vgg.bites.com.my/collections/groceries/products/dutch-lady-uht-choc-6x200ml
https://vgg.bites.com.my/collections/groceries,Groceries,EVIAN MINERAL WATER 500ML,RM6.20,,https://vgg.bites.com.my/collections/groceries/products/evian-mineral-water-500ml
https://vgg.bites.com.my/collections/groceries,Groceries,EVIAN MINERAL WATER 1LTR,RM10.65,,https://vgg.bites.com.my/collections/groceries/products/evian-mineral-water-1ltr
https://vgg.bites.com.my/collections/groceries,Groceries,VITAGEN ASST LESS SUGAR 5X125ML,RM6.25,,https://vgg.bites.com.my/collections/groceries/products/vitagen-asst-less-sugar-5x125ml
https://vgg.bites.com.my/collections/groceries,Groceries,VITAGEN LESS SUGAR ASST TWIN PACK 2X5X125ML,RM12.30,,https://vgg.bites.com.my/collections/groceries/products/vitagen-less-sugar-asst-twin-pack-2x5x125ml
https://vgg.bites.com.my/collections/groceries,Groceries,MARIGOLD PEEL FRESH N/SGR MANGOSTEEN 300ML,RM2.95,,https://vgg.bites.com.my/collections/groceries/products/marigold-peel-fresh-n-sgr-mangosteen-300ml
https://vgg.bites.com.my/collections/groceries,Groceries,MARIGOLD UHT MILK CHOCOLATE 1L,RM8.20,,https://vgg.bites.com.my/collections/groceries/products/marigold-uht-milk-chocolate-1l
https://vgg.bites.com.my/collections/groceries,Groceries,NESCAFE DOLCE GUSTO FLAT WHITE 16S,RM29.99,RM33.10,https://vgg.bites.com.my/collections/groceries/products/nescafe-dolce-gusto-flat-white-16s
https://vgg.bites.com.my/collections/groceries,Groceries,NESCAFE CLASSIC 50G BTL,RM10.30,,https://vgg.bites.com.my/collections/groceries/products/nescafe-classic-50g-btl
https://vgg.bites.com.my/collections/groceries,Groceries,NESCAFE 3IN1 MILD 25SX18G,RM17.40,,https://vgg.bites.com.my/collections/groceries/products/nescafe-3in1-mild-25sx18g
https://vgg.bites.com.my/collections/groceries,Groceries,NESCAFE 3IN1 RICH 25SX18G,RM17.40,,https://vgg.bites.com.my/collections/groceries/products/nescafe-3in1-rich-25sx18g
https://vgg.bites.com.my/collections/groceries,Groceries,NESCAFE GOLD DARK LATTE 12*31G,RM17.65,,https://vgg.bites.com.my/collections/groceries/products/nescafe-gold-dark-latte-12-31g
https://vgg.bites.com.my/collections/groceries,Groceries,NESCAFE KOPI O 15'SX16G,RM10.75,,https://vgg.bites.com.my/collections/groceries/products/nescafe-kopi-o-15sx16g
https://vgg.bites.com.my/collections/groceries,Groceries,COCA-COLA ZERO SUGAR 1.5L,RM4.19,RM4.50,https://vgg.bites.com.my/collections/groceries/products/coca-cola-zero-sugar-1-5l
https://vgg.bites.com.my/collections/groceries,Groceries,COCA-COLA ZERO SUGAR 500ML,RM2.40,,https://vgg.bites.com.my/collections/groceries/products/coca-cola-zero-sugar-500ml
https://vgg.bites.com.my/collections/groceries,Groceries,COCA-COLA RASA ASLI 320ML,RM2.10,,https://vgg.bites.com.my/collections/groceries/products/coca-cola-rasa-asli-320ml
https://vgg.bites.com.my/collections/groceries,Groceries,COCA COLA RASA ASLI 1.5L,RM4.19,RM4.50,https://vgg.bites.com.my/collections/groceries/products/coca-cola-rasa-asli-15l
https://vgg.bites.com.my/collections/groceries,Groceries,COCA COLA VANILLA 500ML,RM2.60,,https://vgg.bites.com.my/collections/groceries/products/coca-cola-vanilla-500ml
https://vgg.bites.com.my/collections/groceries,Groceries,COCA COLA VANILLA 1.5L,RM4.19,RM4.50,https://vgg.bites.com.my/collections/groceries/products/coca-cola-vanilla-15l
https://vgg.bites.com.my/collections/groceries,Groceries,COCA COLA VANILLA 320ML,RM2.25,,https://vgg.bites.com.my/collections/groceries/products/coca-cola-vanilla-320ml
https://vgg.bites.com.my/collections/groceries,Groceries,AHMAD TEA PEACH&PASSION 20X40G,RM13.29,RM14.15,https://vgg.bites.com.my/collections/groceries/products/ahmad-tea-peach-passion-20x40g
https://vgg.bites.com.my/collections/groceries,Groceries,AHMAD TEA LEMON&LIME 20X40G,RM13.29,RM14.15,https://vgg.bites.com.my/collections/groceries/products/ahmad-tea-lemon-lime-20x40g
https://vgg.bites.com.my/collections/groceries,Groceries,AHMAD TEA ENG BREAKFAST 25TB,RM7.00,,https://vgg.bites.com.my/collections/groceries/products/ahmad-tea-eng-breakfast-25tb
https://vgg.bites.com.my/collections/groceries,Groceries,AHMAD TEA CEYLON 20TB,RM12.10,,https://vgg.bites.com.my/collections/groceries/products/ahmad-tea-ceylon-20tb
https://vgg.bites.com.my/collections/groceries,Groceries,AHMAD TEA CAMOMILE&LEMONGRASS 20S,RM11.99,RM13.00,https://vgg.bites.com.my/collections/groceries/products/ahmad-tea-camomile-lemongrass-20s
https://vgg.bites.com.my/collections/groceries,Groceries,AHMAD TEA LEMON&GINGER 20S,RM11.99,RM13.00,https://vgg.bites.com.my/collections/groceries/products/ahmad-tea-lemon-ginger-20s
https://vgg.bites.com.my/collections/groceries,Groceries,AHMAD TEA PEPPERMINT&LEMON 20S,RM11.99,RM13.00,https://vgg.bites.com.my/collections/groceries/products/ahmad-tea-peppermint-lemon-20s
https://vgg.bites.com.my/collections/groceries,Groceries,AHMAD TEA ROOIBOS&CINNAMON 20S,RM11.99,RM13.00,https://vgg.bites.com.my/collections/groceries/products/ahmad-tea-rooibos-cinnamon-20s
https://vgg.bites.com.my/collections/groceries,Groceries,100 PLUS LEMON LIME 325ML,RM1.75,,https://vgg.bites.com.my/collections/groceries/products/100-plus-lemon-lime-325ml
https://vgg.bites.com.my/collections/groceries,Groceries,F&N STRAWBERRY 1.5L,RM3.79,RM4.25,https://vgg.bites.com.my/collections/groceries/products/f-n-strawberry-1-5l
https://vgg.bites.com.my/collections/groceries,Groceries,F&N ICE CREAM SODA 1.5L,RM3.79,RM4.25,https://vgg.bites.com.my/collections/groceries/products/f-n-ice-cream-soda-1-5l
https://vgg.bites.com.my/collections/groceries,Groceries,F&N SARSI 1.5L,RM3.79,RM4.25,https://vgg.bites.com.my/collections/groceries/products/f-n-sarsi-1-5l
https://vgg.bites.com.my/collections/groceries,Groceries,F&N GRAPE 1.5LTR,RM3.79,RM4.25,https://vgg.bites.com.my/collections/groceries/products/f-n-grape-1-5ltr
https://vgg.bites.com.my/collections/groceries,Groceries,F&N ORANGE 1.5LTR,RM3.79,RM4.25,https://vgg.bites.com.my/collections/groceries/products/f-n-orange-1-5ltr
https://vgg.bites.com.my/collections/groceries,Groceries,F&N STRAWBERRY 500ML,RM2.20,,https://vgg.bites.com.my/collections/groceries/products/f-n-strawberry-500ml
https://vgg.bites.com.my/collections/groceries,Groceries,F&N GINGER ADE 1.5L,RM3.79,RM4.25,https://vgg.bites.com.my/collections/groceries/products/f-n-ginger-ade-1-5l
https://vgg.bites.com.my/collections/groceries,Groceries,F&N FRUITADE 325ML,RM1.70,,https://vgg.bites.com.my/collections/groceries/products/f-n-fruitade-325ml
https://vgg.bites.com.my/collections/groceries,Groceries,OYOSHI HONEY LEMON GREEN TEA PET 380ML,RM2.00,,https://vgg.bites.com.my/collections/groceries/products/oyoshi-honey-lemon-green-tea-pet-380ml
https://vgg.bites.com.my/collections/groceries,Groceries,OYOSHI GREEN TEA HONEY LEMON 1L,RM3.80,,https://vgg.bites.com.my/collections/groceries/products/oyoshi-green-tea-honey-lemon-1l
https://vgg.bites.com.my/collections/groceries,Groceries,HOMESOY ORIGINAL 1L,RM3.79,RM4.00,https://vgg.bites.com.my/collections/groceries/products/homesoy-original-1l
https://vgg.bites.com.my/collections/groceries,Groceries,HOMESOY BROWN SUGAR 1L,RM3.79,RM4.00,https://vgg.bites.com.my/collections/groceries/products/homesoy-brown-sugar-1l
https://vgg.bites.com.my/collections/groceries,Groceries,HOMESOY BROWN SUGAR 6X250ML,RM8.20,,https://vgg.bites.com.my/collections/groceries/products/homesoy-brown-sugar-6x250ml
https://vgg.bites.com.my/collections/groceries,Groceries,HOMESOY NO SUGAR ADDED 1L,RM3.79,RM4.00,https://vgg.bites.com.my/collections/groceries/products/homesoy-no-sugar-added-1l
https://vgg.bites.com.my/collections/groceries,Groceries,MINUTE MAID ORANGE 300ML,RM2.40,,https://vgg.bites.com.my/collections/groceries/products/minute-maid-orange-300ml
https://vgg.bites.com.my/collections/groceries,Groceries,MINUTE MAID REFRESH ORANGE 300ML,RM1.75,,https://vgg.bites.com.my/collections/groceries/products/minute-maid-refresh-orange-300ml
https://vgg.bites.com.my/collections/groceries,Groceries,MINUTE MAID PLUS TROPICAL 1.5L,RM5.60,,https://vgg.bites.com.my/collections/groceries/products/minute-maid-plus-tropical-1-5l
https://vgg.bites.com.my/collections/groceries,Groceries,SCHWEPPES DRY GINGER ALE 4X320ML,RM9.65,,https://vgg.bites.com.my/collections/groceries/products/schweppes-dry-ginger-ale-4x320ml
https://vgg.bites.com.my/collections/groceries,Groceries,SCHWEPPES TONIC WATER 4X320ML,RM9.65,,https://vgg.bites.com.my/collections/groceries/products/schweppes-tonic-water-4x320ml
https://vgg.bites.com.my/collections/groceries,Groceries,FANTA STRAWBERRY 500ML,RM1.90,,https://vgg.bites.com.my/collections/groceries/products/fanta-strawberry-500ml
https://vgg.bites.com.my/collections/groceries,Groceries,SPRITE CAN 320ML,RM2.10,,https://vgg.bites.com.my/collections/groceries/products/sprite-can-320ml
https://vgg.bites.com.my/collections/groceries,Groceries,LIPTON POTBAG EXTRA STRONG 80S FOC 20S,RM9.99,RM12.05,https://vgg.bites.com.my/collections/groceries/products/lipton-potbag-extra-strong-80s-foc-20s
https://vgg.bites.com.my/collections/groceries,Groceries,LIPTON YELLOW POTBAGS 80S,RM9.99,RM11.25,https://vgg.bites.com.my/collections/groceries/products/lipton-yellow-potbags-80s
https://vgg.bites.com.my/collections/groceries,Groceries,LIPTON POTBAGS 20S,RM3.75,,https://vgg.bites.com.my/collections/groceries/products/lipton-potbags-20s
https://vgg.bites.com.my/collections/groceries,Groceries,V-SOY GOLDEN GRAIN UHT 1L,RM6.95,,https://vgg.bites.com.my/collections/groceries/products/v-soy-golden-grain-uht-1l
https://vgg.bites.com.my/collections/groceries,Groceries,F&N SARSI CORDIAL 2L,RM12.45,,https://vgg.bites.com.my/collections/groceries/products/f-n-sarsi-cordial-2l
https://vgg.bites.com.my/collections/groceries,Groceries,F&N ROSE SYRUP CORDIAL 2L,RM12.45,,https://vgg.bites.com.my/collections/groceries/products/f-n-rose-syrup-cordial-2l
https://vgg.bites.com.my/collections/groceries,Groceries,F&N RUTBIR CORDIAL 2L,RM12.45,,https://vgg.bites.com.my/collections/groceries/products/f-n-rutbir-cordial-2l
https://vgg.bites.com.my/collections/groceries,Groceries,F&N VITAMIN CREAMER 500G,RM4.50,,https://vgg.bites.com.my/collections/groceries/products/f-n-vitamin-creamer-500g
https://vgg.bites.com.my/collections/groceries,Groceries,MARIGOLD EVAPORATED CREAMER 390GM,RM3.90,,https://vgg.bites.com.my/collections/groceries/products/marigold-evaporated-creamer-390gm
https://vgg.bites.com.my/collections/groceries,Groceries,DAVIDOFF INST COFFEE FINE AROMA 90G,RM33.99,RM35.10,https://vgg.bites.com.my/collections/groceries/products/davidoff-inst-coffee-fine-aroma-90g
https://vgg.bites.com.my/collections/groceries,Groceries,DAVIDOFF INST COFFEE ESPRESSO 90G,RM33.99,RM35.10,https://vgg.bites.com.my/collections/groceries/products/davidoff-inst-coffee-espresso-90g
https://vgg.bites.com.my/collections/groceries,Groceries,OSK JAPANESE ROASTED RICE GREEN TEA 50X2G,RM27.90,,https://vgg.bites.com.my/collections/groceries/products/osk-japanese-roasted-rice-green-tea-50x2g
https://vgg.bites.com.my/collections/groceries,Groceries,HOMESOY INSTANT BREAKFAST SOYA ORIGINAL 10X32G,RM10.89,RM11.35,https://vgg.bites.com.my/collections/groceries/products/homesoy-instant-breakfast-soya-original-10x32g
https://vgg.bites.com.my/collections/groceries,Groceries,TIGER BEER CAN 320ML,RM9.10,,https://vgg.bites.com.my/collections/groceries/products/tiger-beer-can-320ml
https://vgg.bites.com.my/collections/groceries,Groceries,CARLSBERG BEER CAN (GL) 6X320ML,RM47.75,,https://vgg.bites.com.my/collections/groceries/products/carlsberg-beer-can-gl-6x320ml
https://vgg.bites.com.my/collections/groceries,Groceries,CARLSBERG SMOOTH DRAUGHT CANS 320ML,RM9.10,,https://vgg.bites.com.my/collections/groceries/products/carlsberg-smooth-draught-cans-320ml
https://vgg.bites.com.my/collections/groceries,Groceries,CARLSBERG SMOOTH DRAUGHT CANS 6*320ML,RM47.70,,https://vgg.bites.com.my/collections/groceries/products/carlsberg-smooth-draught-cans-6-320ml
https://vgg.bites.com.my/collections/groceries,Groceries,ARABUS ROASTED & GROUND COFFEE LATTE 230ML,RM6.49,RM7.00,https://vgg.bites.com.my/collections/groceries/products/arabus-roasted-ground-coffee-latte-230ml
https://vgg.bites.com.my/collections/groceries,Groceries,SOMERSBY APPLE CAN 320ML,RM9.05,,https://vgg.bites.com.my/collections/groceries/products/somersby-apple-can-320ml
https://vgg.bites.com.my/collections/groceries,Groceries,LOVE EARTH ORG LIGHTLY ROASTED CASHEW TP 320GX2,RM67.90,,https://vgg.bites.com.my/collections/groceries/products/love-earth-org-lightly-roasted-cashew-tp-320gx2
https://vgg.bites.com.my/collections/groceries,Groceries,AUST OWN ORG UNSWEETENED ALMOND MILK 1 L,RM14.90,RM17.10,https://vgg.bites.com.my/collections/groceries/products/aust-own-org-unsweetened-almond-milk-1-l
https://vgg.bites.com.my/collections/groceries,Groceries,AUST OWN ORG UNSWT SOY MILK LACTOSE FREE 1L,RM10.50,RM12.05,https://vgg.bites.com.my/collections/groceries/products/aust-own-org-unswt-soy-milk-lactose-free-1l
https://vgg.bites.com.my/collections/groceries,Groceries,GERBER GRD YOGURT MELTS STRAWBERRY 1 OZ,RM26.90,,https://vgg.bites.com.my/collections/groceries/products/gerber-grd-yogurt-melts-strawberry-1-oz
https://vgg.bites.com.my/collections/groceries,Groceries,AUST OWN ORGANIC ALMOND MILK 1L,RM14.90,RM17.10,https://vgg.bites.com.my/collections/groceries/products/aust-own-organic-almond-milk-1l
https://vgg.bites.com.my/collections/groceries,Groceries,RADIANT ORGANIC QUINOA 500G,RM26.90,,https://vgg.bites.com.my/collections/groceries/products/radiant-organic-quinoa-500g
https://vgg.bites.com.my/collections/groceries,Groceries,RADIANT ORG BROWN SUGAR 1KG,RM10.99,RM13.00,https://vgg.bites.com.my/collections/groceries/products/radiant-org-brown-sugar-1kg
https://vgg.bites.com.my/collections/groceries,Groceries,LOVE EARTH ORG LIGHTLY ROASTED ALMOND 2SX350G,RM67.90,,https://vgg.bites.com.my/collections/groceries/products/love-earth-org-lightly-roasted-almond-2sx350g
https://vgg.bites.com.my/collections/groceries,Groceries,LOVE EARTH ORG CHIA SEED 3*202GM,RM56.99,RM59.90,https://vgg.bites.com.my/collections/groceries/products/love-earth-org-chia-seed-3-202gm
https://vgg.bites.com.my/collections/groceries,Groceries,ALCE NERO ORG FUSILLI 500GM,RM7.99,RM9.00,https://vgg.bites.com.my/collections/groceries/products/alce-nero-org-fusilli-500gm
https://vgg.bites.com.my/collections/groceries,Groceries,ALCE NERO ORG MACARONI 500GM,RM7.99,RM8.95,https://vgg.bites.com.my/collections/groceries/products/alce-nero-org-macaroni-500gm
https://vgg.bites.com.my/collections/groceries,Groceries,ALCE NERO ORG OLIO EXTRA VERGINE DI OLIV 250ML,RM34.50,,https://vgg.bites.com.my/collections/groceries/products/alce-nero-org-olio-extra-vergine-di-oliv-250ml
https://vgg.bites.com.my/collections/groceries,Groceries,ALCE NERO ORG PENNE RIGATE 500GM,RM7.99,RM9.00,https://vgg.bites.com.my/collections/groceries/products/alce-nero-org-penne-rigate-500gm
https://vgg.bites.com.my/collections/groceries,Groceries,ALCE NERO ORG UNFILTER APPLE CIDER VINEGAR 500ML,RM16.55,,https://vgg.bites.com.my/collections/groceries/products/alce-nero-org-unfilter-apple-cider-vinegar-500ml
https://vgg.bites.com.my/collections/groceries,Groceries,HP ORGANIC INSTANT BABY OAT 500G,RM9.40,,https://vgg.bites.com.my/collections/groceries/products/hp-organic-instant-baby-oat-500g
https://vgg.bites.com.my/collections/groceries,Groceries,LKK PANDA OYSTER SAUCE LESS SALTY 500G,RM10.65,,https://vgg.bites.com.my/collections/groceries/products/lkk-panda-oyster-sauce-less-salty-500g
https://vgg.bites.com.my/collections/groceries,Groceries,LKK COOKING CARAMEL 350ML,RM5.90,,https://vgg.bites.com.my/collections/groceries/products/lkk-cooking-caramel-350ml
https://vgg.bites.com.my/collections/groceries,Groceries,LKK KUM LIGHT SOY 500ML,RM9.20,,https://vgg.bites.com.my/collections/groceries/products/lkk-kum-light-soy-500ml
https://vgg.bites.com.my/collections/groceries,Groceries,LKK KUM THICK DARK SAUCE 500ML,RM9.20,,https://vgg.bites.com.my/collections/groceries/products/lkk-kum-thick-dark-sauce-500ml
https://vgg.bites.com.my/collections/groceries,Groceries,LKK PURE SESAME OIL 207ML,RM10.40,,https://vgg.bites.com.my/collections/groceries/products/lkk-pure-sesame-oil-207ml
https://vgg.bites.com.my/collections/groceries,Groceries,LKK SICHUAN HOT & SPICY 230G,RM9.25,,https://vgg.bites.com.my/collections/groceries/products/lkk-sichuan-hot-spicy-230g
https://vgg.bites.com.my/collections/groceries,Groceries,PREGO FETTUCCINE 500G,RM4.89,RM5.20,https://vgg.bites.com.my/collections/groceries/products/prego-fettuccine-500g
https://vgg.bites.com.my/collections/groceries,Groceries,AYAM BRAND COCONUT MILK 200ML,RM4.15,,https://vgg.bites.com.my/collections/groceries/products/ayam-brand-coconut-milk-200ml
https://vgg.bites.com.my/collections/groceries,Groceries,BARILLA SPAGHETTI 500G,RM6.99,RM8.15,https://vgg.bites.com.my/collections/groceries/products/barilla-spaghetti-500g
https://vgg.bites.com.my/collections/groceries,Groceries,BARILLA BAVETTE (LINGUINE) N13 500G,RM6.99,RM8.15,https://vgg.bites.com.my/collections/groceries/products/barilla-bavette-linguine-n13-500g
https://vgg.bites.com.my/collections/groceries,Groceries,MAGGI CHILI SAUCE 340G,RM4.35,,https://vgg.bites.com.my/collections/groceries/products/maggi-chili-sauce-340g
https://vgg.bites.com.my/collections/groceries,Groceries,PREGO ANGEL HAIR 500G,RM4.89,RM5.20,https://vgg.bites.com.my/collections/groceries/products/prego-angel-hair-500g
https://vgg.bites.com.my/collections/groceries,Groceries,BARILLA SPAGHETTINI N3 500G,RM6.99,RM8.15,https://vgg.bites.com.my/collections/groceries/products/barilla-spaghettini-n3-500g
https://vgg.bites.com.my/collections/groceries,Groceries,MAGGI SAMBAL TUMIS 60G,RM3.10,,https://vgg.bites.com.my/collections/groceries/products/maggi-sambal-tumis-60g
https://vgg.bites.com.my/collections/groceries,Groceries,KINDER BUENO T2 43G,RM6.20,,https://vgg.bites.com.my/collections/groceries/products/kinder-bueno-t2-43g
https://vgg.bites.com.my/collections/groceries,Groceries,KJELDSENS BUTTER COOKIES 454G,RM36.99,RM42.45,https://vgg.bites.com.my/collections/groceries/products/kjeldsens-butter-cookies-454g
https://vgg.bites.com.my/collections/groceries,Groceries,MAGGI CHICKEN STOCK CUBE 60G,RM3.40,,https://vgg.bites.com.my/collections/groceries/products/maggi-chicken-stock-cube-60g
https://vgg.bites.com.my/collections/groceries,Groceries,PREGO MAC & CHEESE 290G,RM7.20,,https://vgg.bites.com.my/collections/groceries/products/prego-mac-cheese-290g
https://vgg.bites.com.my/collections/groceries,Groceries,MAGGI CHICKEN 5X77G,RM4.99,RM6.25,https://vgg.bites.com.my/collections/groceries/products/maggi-chicken-5x77g
https://vgg.bites.com.my/collections/groceries,Groceries,KIMBALL CHILLI SAUCE 500G,RM5.39,RM5.60,https://vgg.bites.com.my/collections/groceries/products/kimball-chilli-sauce-500g
https://vgg.bites.com.my/collections/groceries,Groceries,PREGO CARBONARA MUSHROOM 290G,RM5.95,,https://vgg.bites.com.my/collections/groceries/products/prego-carbonara-mushroom-290g
https://vgg.bites.com.my/collections/groceries,Groceries,GLICO POCKY CHOCOLATE 40G,RM3.69,RM4.05,https://vgg.bites.com.my/collections/groceries/products/glico-pocky-chocolate-40g
https://vgg.bites.com.my/collections/groceries,Groceries,BARILLA PESTO ALLA GENOVESE 190G,RM19.99,RM25.15,https://vgg.bites.com.my/collections/groceries/products/barilla-pesto-alla-genovese-190g
https://vgg.bites.com.my/collections/groceries,Groceries,SNICKERS PEANUT SINGLE 51GM,RM3.85,,https://vgg.bites.com.my/collections/groceries/products/snickers-peanut-single-51gm
https://vgg.bites.com.my/collections/groceries,Groceries,NUTELLA B READY 132G,RM17.40,,https://vgg.bites.com.my/collections/groceries/products/nutella-b-ready-132g
https://vgg.bites.com.my/collections/groceries,Groceries,MILO NUGGETS 75G,RM7.40,,https://vgg.bites.com.my/collections/groceries/products/milo-nuggets-75g
https://vgg.bites.com.my/collections/groceries,Groceries,MAGGI HOT CUP CHICKEN 57G,RM2.50,,https://vgg.bites.com.my/collections/groceries/products/maggi-hot-cup-chicken-57g
https://vgg.bites.com.my/collections/groceries,Groceries,MAGGI HOT CUP ASAM LAKSA 59G,RM2.50,,https://vgg.bites.com.my/collections/groceries/products/maggi-hot-cup-asam-laksa-59g
https://vgg.bites.com.my/collections/groceries,Groceries,PREGO SPIRAL 500G,RM4.89,RM5.20,https://vgg.bites.com.my/collections/groceries/products/prego-spiral-500g
https://vgg.bites.com.my/collections/groceries,Groceries,HOSEN LYCHEE 565G,RM8.40,,https://vgg.bites.com.my/collections/groceries/products/hosen-lychee-565g
https://vgg.bites.com.my/collections/groceries,Groceries,ARNOTTS TIM TAM DOUBLE CHOCOLATE 200G,RM12.99,RM15.50,https://vgg.bites.com.my/collections/groceries/products/arnotts-tim-tam-double-chocolate-200g
https://vgg.bites.com.my/collections/groceries,Groceries,KIMBALL FETTUCCINE 400G,RM3.89,RM4.05,https://vgg.bites.com.my/collections/groceries/products/kimball-fettuccine-400g
https://vgg.bites.com.my/collections/groceries,Groceries,KIMBALL PENNE 400G,RM3.89,RM4.05,https://vgg.bites.com.my/collections/groceries/products/kimball-penne-400g
https://vgg.bites.com.my/collections/groceries,Groceries,SUMO CALROSE RICE 1KG,RM10.50,,https://vgg.bites.com.my/collections/groceries/products/sumo-calrose-rice-1kg
https://vgg.bites.com.my/collections/groceries,Groceries,GLICO POCKY STRAWBERRY 38G,RM3.69,RM4.05,https://vgg.bites.com.my/collections/groceries/products/glico-pocky-strawberry-38g
https://vgg.bites.com.my/collections/groceries,Groceries,ADABI PERENCAH SUP 24G,RM1.80,,https://vgg.bites.com.my/collections/groceries/products/adabi-perencah-sup-24g
https://vgg.bites.com.my/collections/groceries,Groceries,MISSION WRAPS WHOLEGRAIN 8'S 360GM,RM8.60,,https://vgg.bites.com.my/collections/groceries/products/mission-wraps-wholegrain-8-s-360gm
https://vgg.bites.com.my/collections/groceries,Groceries,AH HUAT WHITE COFFEE GOLD MEDAL 15X38G,RM19.90,,https://vgg.bites.com.my/collections/groceries/products/ah-huat-white-coffee-gold-medal-15x38g
https://vgg.bites.com.my/collections/groceries,Groceries,7UP CAN 320ML,RM1.95,,https://vgg.bites.com.my/collections/groceries/products/7up-can-320ml
https://vgg.bites.com.my/collections/groceries,Groceries,AH HUAT WHITE COFFEE EXTRA RICH 15X36G,RM22.60,,https://vgg.bites.com.my/collections/groceries/products/ah-huat-white-coffee-extra-rich-15x36g
https://vgg.bites.com.my/collections/groceries,Groceries,ACQUA PANNA STILL WATER (PET) 100CL,RM10.29,RM11.65,https://vgg.bites.com.my/collections/groceries/products/acqua-panna-still-water-pet-100cl
https://vgg.bites.com.my/collections/groceries,Groceries,AH HUAT WHITE COFFEE LOW FAT N/SUGAR 15X20G,RM22.60,,https://vgg.bites.com.my/collections/groceries/products/ah-huat-white-coffee-low-fat-n-sugar-15x20g
https://vgg.bites.com.my/collections/groceries,Groceries,100 PLUS ORIGINAL 325ML,RM1.75,,https://vgg.bites.com.my/collections/groceries/products/100-plus-original-325ml
https://vgg.bites.com.my/collections/groceries,Groceries,100 PLUS ORIGINAL 500ML,RM2.30,,https://vgg.bites.com.my/collections/groceries/products/100-plus-original-500ml
https://vgg.bites.com.my/collections/groceries,Groceries,DASANI DRINKING WATER 600ML,RM0.85,,https://vgg.bites.com.my/collections/groceries/products/dasani-drinking-water-600ml
https://vgg.bites.com.my/collections/groceries,Groceries,DASANI DRINKING WATER 1.5L,RM1.50,,https://vgg.bites.com.my/collections/groceries/products/dasani-drinking-water-1-5l
https://vgg.bites.com.my/collections/groceries,Groceries,DASANI MINERAL WATER 600ML,RM0.95,,https://vgg.bites.com.my/collections/groceries/products/dasani-mineral-water-600ml
https://vgg.bites.com.my/collections/groceries,Groceries,DASANI MINERAL WATER 1.5L,RM2.00,,https://vgg.bites.com.my/collections/groceries/products/dasani-mineral-water-1-5l
https://vgg.bites.com.my/collections/groceries,Groceries,DILMAH EXCPT BERRY SENSATION 20'S,RM14.85,,https://vgg.bites.com.my/collections/groceries/products/dilmah-excpt-berry-sensation-20-s
https://vgg.bites.com.my/collections/groceries,Groceries,DILMAH ORGANIC ENGLISH BREAKFAST 20X2G,RM24.00,,https://vgg.bites.com.my/collections/groceries/products/dilmah-organic-english-breakfast-20x2g
https://vgg.bites.com.my/collections/groceries,Groceries,MASSIMO WHITE S.LOAF 400G,RM3.00,,https://vgg.bites.com.my/collections/groceries/products/massimo-white-s-loaf-400g
https://vgg.bites.com.my/collections/groceries,Groceries,MASSIMO WHITE S.LOAF 600G,RM4.30,,https://vgg.bites.com.my/collections/groceries/products/massimo-white-s-loaf-600g
https://vgg.bites.com.my/collections/groceries,Groceries,MASSIMO RICCO CHOCOLATO LOAF 400G,RM6.00,,https://vgg.bites.com.my/collections/groceries/products/massimo-ricco-chocolato-loaf-400g
https://vgg.bites.com.my/collections/groceries,Groceries,MASSIMO SANDWICH LOAF W.WHEAT GERM 400G,RM3.50,,https://vgg.bites.com.my/collections/groceries/products/massimo-sandwich-loaf-w-wheat-germ-400g
https://vgg.bites.com.my/collections/groceries,Groceries,MISSION QUINOA WRAPS 360G,RM9.00,,https://vgg.bites.com.my/collections/groceries/products/mission-quinoa-wraps-360g
https://vgg.bites.com.my/collections/groceries,Groceries,LE ALMOND FLOUR 200G,RM18.90,,https://vgg.bites.com.my/collections/groceries/products/le-almond-flour-200g
https://vgg.bites.com.my/collections/groceries,Groceries,CED ORGANIC SUGAR 850G,RM12.70,,https://vgg.bites.com.my/collections/groceries/products/ced-organic-sugar-850g
https://vgg.bites.com.my/collections/groceries,Groceries,CED NATURAL HIMALAYAN SALT 500GM,RM3.05,,https://vgg.bites.com.my/collections/groceries/products/ced-natural-himalayan-salt-500gm
https://vgg.bites.com.my/collections/groceries,Groceries,CED PURE HONEY 380GM,RM10.50,,https://vgg.bites.com.my/collections/groceries/products/ced-pure-honey-380gm
https://vgg.bites.com.my/collections/groceries,Groceries,CED PURE HONEY 500GM,RM12.79,RM14.00,https://vgg.bites.com.my/collections/groceries/products/ced-pure-honey-500gm
https://vgg.bites.com.my/collections/groceries,Groceries,NATUREL ORGANIC EXTRA VIRGIN OLIVE OIL 500ML,RM53.50,,https://vgg.bites.com.my/collections/groceries/products/naturel-organic-extra-virgin-olive-oil-500ml
https://vgg.bites.com.my/collections/groceries,Groceries,NATUREL ORGANIC MARCARONI 500GM,RM8.50,,https://vgg.bites.com.my/collections/groceries/products/naturel-organic-marcaroni-500gm
https://vgg.bites.com.my/collections/groceries,Groceries,LOVE EARTH NATURAL ALMOND 350G,RM38.79,RM40.70,https://vgg.bites.com.my/collections/groceries/products/love-earth-natural-almond-350g
https://vgg.bites.com.my/collections/groceries,Groceries,LOVE EARTH ORG WHITE RICE 1KG,RM22.90,,https://vgg.bites.com.my/collections/groceries/products/love-earth-org-white-rice-1kg
https://vgg.bites.com.my/collections/groceries,Groceries,LOVE EARTH ORGANIC MOLASSES SUGAR 550GM,RM12.90,,https://vgg.bites.com.my/collections/groceries/products/love-earth-organic-molasses-sugar-550gm
https://vgg.bites.com.my/collections/groceries,Groceries,LOVE EARTH ORG WHOLEMEAL FLOUR 900G,RM18.90,,https://vgg.bites.com.my/collections/groceries/products/love-earth-org-wholemeal-flour-900g
https://vgg.bites.com.my/collections/groceries,Groceries,LOVE EARTH ORG CHIA SEEDS 168G,RM19.99,,https://vgg.bites.com.my/collections/groceries/products/love-earth-org-chia-seeds-168g
https://vgg.bites.com.my/collections/groceries,Groceries,CED NATURAL HIMALAYAN PINK ROCK SALT 3X500G,RM6.85,,https://vgg.bites.com.my/collections/groceries/products/ced-natural-himalayan-pink-rock-salt-3x500g
https://vgg.bites.com.my/collections/groceries,Groceries,AYAM BRAND SARDINE OVAL 215G,RM9.45,,https://vgg.bites.com.my/collections/groceries/products/ayam-brand-sardine-oval-215g
https://vgg.bites.com.my/collections/groceries,Groceries,AYAM BRAND TUNA FLAKES OMEGA 3 OLIVE OIL 150G,RM7.70,,https://vgg.bites.com.my/collections/groceries/products/ayam-brand-tuna-flakes-omega-3-olive-oil-150g
https://vgg.bites.com.my/collections/groceries,Groceries,AYAM BRAND CHILI TUNA FIRE HOT 160G,RM7.70,,https://vgg.bites.com.my/collections/groceries/products/ayam-brand-chili-tuna-fire-hot-160g
https://vgg.bites.com.my/collections/groceries,Groceries,AYAM BRAND COCONUT MILK 1L,RM17.00,,https://vgg.bites.com.my/collections/groceries/products/ayam-brand-coconut-milk-1l
https://vgg.bites.com.my/collections/groceries,Groceries,AYAM BRAND TUNA CHUNK IN SUNFLOWER OIL 150G,RM7.70,,https://vgg.bites.com.my/collections/groceries/products/ayam-brand-tuna-chunk-in-sunflower-oil-150g
https://vgg.bites.com.my/collections/groceries,Groceries,ADABI KICAP LEMAK MANIS 340ML,RM5.75,,https://vgg.bites.com.my/collections/groceries/products/adabi-kicap-lemak-manis-340ml
https://vgg.bites.com.my/collections/groceries,Groceries,ADABI SEAFOOD SAUCE 340G,RM6.65,,https://vgg.bites.com.my/collections/groceries/products/adabi-seafood-sauce-340g
https://vgg.bites.com.my/collections/groceries,Groceries,ADABI KETUPAT MINI 30X20G,RM10.75,,https://vgg.bites.com.my/collections/groceries/products/adabi-ketupat-mini-30x20g
https://vgg.bites.com.my/collections/groceries,Groceries,ADABI PERENCAH MEE GORENG 60G,RM3.00,,https://vgg.bites.com.my/collections/groceries/products/adabi-perencah-mee-goreng-60g
https://vgg.bites.com.my/collections/groceries,Groceries,ADABI TEPUNG CUCUR IKAN BILIS 200G,RM3.99,RM4.60,https://vgg.bites.com.my/collections/groceries/products/adabi-tepung-cucur-ikan-bilis-200g
https://vgg.bites.com.my/collections/groceries,Groceries,ADABI KETUPAT NASI EKONOMI 780G,RM10.30,,https://vgg.bites.com.my/collections/groceries/products/adabi-ketupat-nasi-ekonomi-780g
https://vgg.bites.com.my/collections/groceries,Groceries,ADABI KARI DAGING 250G,RM7.25,,https://vgg.bites.com.my/collections/groceries/products/adabi-kari-daging-250g
https://vgg.bites.com.my/collections/groceries,Groceries,ADABI TEPUNG CUCUR UDANG 200G,RM3.99,RM4.60,https://vgg.bites.com.my/collections/groceries/products/adabi-tepung-cucur-udang-200g
https://vgg.bites.com.my/collections/groceries,Groceries,ADABI ASAM JAWA XTRA 200G,RM5.10,,https://vgg.bites.com.my/collections/groceries/products/adabi-asam-jawa-xtra-200g
https://vgg.bites.com.my/collections/groceries,Groceries,ADABI JAGUNG KERNEL 425G,RM4.70,,https://vgg.bites.com.my/collections/groceries/products/adabi-jagung-kernel-425g
https://vgg.bites.com.my/collections/groceries,Groceries,ADABI JAGUNG MANIS 425G,RM4.70,,https://vgg.bites.com.my/collections/groceries/products/adabi-jagung-manis-425g
https://vgg.bites.com.my/collections/groceries,Groceries,ADABI KURMA DAGING 250G,RM9.85,,https://vgg.bites.com.my/collections/groceries/products/adabi-kurma-daging-250g
https://vgg.bites.com.my/collections/groceries,Groceries,ADABI PERENCAH TOMYAM 40G,RM2.45,,https://vgg.bites.com.my/collections/groceries/products/adabi-perencah-tomyam-40g
https://vgg.bites.com.my/collections/groceries,Groceries,ADABI KICAP MANIS 340ML,RM5.50,,https://vgg.bites.com.my/collections/groceries/products/adabi-kicap-manis-340ml
https://vgg.bites.com.my/collections/groceries,Groceries,ADABI SERBUK KUNYIT 30G,RM1.65,,https://vgg.bites.com.my/collections/groceries/products/adabi-serbuk-kunyit-30g
https://vgg.bites.com.my/collections/groceries,Groceries,ADABI PERENCAH NASI GORENG 30G,RM2.45,,https://vgg.bites.com.my/collections/groceries/products/adabi-perencah-nasi-goreng-30g
https://vgg.bites.com.my/collections/groceries,Groceries,BERTOLLI EXTRA LIGHT OLIVE OIL 1000ML,RM74.60,,https://vgg.bites.com.my/collections/groceries/products/bertolli-extra-light-olive-oil-1000ml
https://vgg.bites.com.my/collections/groceries,Groceries,BERTOLLI EXTRA VIRGIN OLIVE OIL 1000ML,RM82.65,,https://vgg.bites.com.my/collections/groceries/products/bertolli-extra-virgin-olive-oil-1000ml
https://vgg.bites.com.my/collections/groceries,Groceries,YEOS SOYA BEAN 6X250ML,RM6.49,RM6.80,https://vgg.bites.com.my/collections/groceries/products/yeos-soya-bean-6x250ml
https://vgg.bites.com.my/collections/groceries,Groceries,MUNCHYS LEXUS CHOCOLATE SANDWICH 190G,RM6.80,,https://vgg.bites.com.my/collections/groceries/products/munchys-lexus-chocolate-sandwich-190g
https://vgg.bites.com.my/collections/groceries,Groceries,DUTCH LADY UHT LOW FAT 6X200ML,RM10.20,RM11.20,https://vgg.bites.com.my/collections/groceries/products/dutch-lady-uht-low-fat-6x200ml
https://vgg.bites.com.my/collections/groceries,Groceries,DUTCH LADY UHT STRAWBERRY 6X200ML,RM10.20,RM11.20,https://vgg.bites.com.my/collections/groceries/products/dutch-lady-uht-strawberry-6x200ml
https://vgg.bites.com.my/collections/groceries,Groceries,KELLOGG'S FUN PACK 170G,RM12.05,,https://vgg.bites.com.my/collections/groceries/products/kellogg-s-fun-pack-170g
https://vgg.bites.com.my/collections/groceries,Groceries,THALIA BEEF LASAGNA 300G,RM11.95,,https://vgg.bites.com.my/collections/groceries/products/thalia-beef-lasagna-300g
https://vgg.bites.com.my/collections/groceries,Groceries,LINDT SWISS CLASSIC WHITE CHOC 100GM,RM20.49,RM24.00,https://vgg.bites.com.my/collections/groceries/products/lindt-swiss-classic-white-choc-100gm
https://vgg.bites.com.my/collections/groceries,Groceries,LINDT SWISS CLASSIC MILK HAZELNUT CHOC 100GM,RM24.29,RM27.55,https://vgg.bites.com.my/collections/groceries/products/lindt-swiss-classic-milk-hazelnut-choc-100gm
https://vgg.bites.com.my/collections/groceries,Groceries,CADBURY BLACK FOREST BLOCK 180G,RM20.30,,https://vgg.bites.com.my/collections/groceries/products/cadbury-black-forest-block-180g
https://vgg.bites.com.my/collections/groceries,Groceries,BRASILIA BEANS ITALIAN ESPRESSO 500G,RM67.49,RM68.95,https://vgg.bites.com.my/collections/groceries/products/brasilia-beans-italian-espresso-500g
https://vgg.bites.com.my/collections/groceries,Groceries,AHMAD TEA EARL GREY 100S,RM20.99,RM22.95,https://vgg.bites.com.my/collections/groceries/products/ahmad-tea-earl-grey-100s
https://vgg.bites.com.my/collections/groceries,Groceries,ARNOTTS TIM TAM CARAMEL CHEW BISCUITS 175G,RM12.99,RM15.50,https://vgg.bites.com.my/collections/groceries/products/arnotts-tim-tam-caramel-chew-biscuits-175g
https://vgg.bites.com.my/collections/groceries,Groceries,ARNOTTS TIM TAM ORIGINAL 200G,RM12.99,RM15.50,https://vgg.bites.com.my/collections/groceries/products/arnotts-tim-tam-original-200g
https://vgg.bites.com.my/collections/groceries,Groceries,BARILLA BASE PER BOLOGNESE 400G,RM14.99,RM18.65,https://vgg.bites.com.my/collections/groceries/products/barilla-base-per-bolognese-400g
https://vgg.bites.com.my/collections/groceries,Groceries,BARILLA SUGO AL BASILICO 400G,RM14.99,RM18.65,https://vgg.bites.com.my/collections/groceries/products/barilla-sugo-al-basilico-400g
https://vgg.bites.com.my/collections/groceries,Groceries,BARILLA SUGO ARRABBIATA 400G,RM14.99,RM18.65,https://vgg.bites.com.my/collections/groceries/products/barilla-sugo-arrabbiata-400g
https://vgg.bites.com.my/collections/groceries,Groceries,BERYL'S ALMOND COATED DARK CHOC 330G,RM29.80,,https://vgg.bites.com.my/collections/groceries/products/beryl-s-almond-coated-dark-choc-330g
https://vgg.bites.com.my/collections/groceries,Groceries,BINGGRAE MELON MILK 6X200ML,RM33.65,,https://vgg.bites.com.my/collections/groceries/products/binggrae-melon-milk-6x200ml
https://vgg.bites.com.my/collections/groceries,Groceries,BLUE KEY PAU FLOUR 1KG,RM5.95,,https://vgg.bites.com.my/collections/groceries/products/blue-key-pau-flour-1kg
https://vgg.bites.com.my/collections/groceries,Groceries,BLUE KEY SELF RAISING FLOUR 1KG,RM5.35,,https://vgg.bites.com.my/collections/groceries/products/blue-key-self-raising-flour-1kg
https://vgg.bites.com.my/collections/groceries,Groceries,BLUE KEY SUPER FINE FLOUR 1KG,RM4.95,,https://vgg.bites.com.my/collections/groceries/products/blue-key-super-fine-flour-1kg
https://vgg.bites.com.my/collections/groceries,Groceries,BONCAFE ESPRESSO COFFEE POWDER 200GM,RM25.89,RM28.40,https://vgg.bites.com.my/collections/groceries/products/boncafe-espresso-coffee-powder-200gm
https://vgg.bites.com.my/collections/groceries,Groceries,BONNE MAMAN FOREST BERRIES PRESERVES 370G,RM24.70,,https://vgg.bites.com.my/collections/groceries/products/bonne-maman-forest-berries-preserves-370g
https://vgg.bites.com.my/collections/groceries,Groceries,CADBURY DAIRY MILK PLAIN 135G,RM9.59,RM10.25,https://vgg.bites.com.my/collections/groceries/products/cadbury-dairy-milk-plain-135g
https://vgg.bites.com.my/collections/groceries,Groceries,CAMEL NATURAL BAKED WALNUTS 130G,RM22.99,RM25.60,https://vgg.bites.com.my/collections/groceries/products/camel-natural-baked-walnuts-130g
https://vgg.bites.com.my/collections/groceries,Groceries,CAMEL NATURAL BAKED NUTTY BERRIES 150G,RM21.89,RM23.65,https://vgg.bites.com.my/collections/groceries/products/camel-natural-baked-nutty-berries-150g
https://vgg.bites.com.my/collections/groceries,Groceries,CAPILANO UPSIDE DOWN SQUEEZE 340GM,RM22.60,,https://vgg.bites.com.my/collections/groceries/products/capilano-upside-down-squeeze-340gm
https://vgg.bites.com.my/collections/groceries,Groceries,CED ORGANIC ROLLED OAT REGULAR 450G,RM9.50,,https://vgg.bites.com.my/collections/groceries/products/ced-organic-rolled-oat-regular-450g
https://vgg.bites.com.my/collections/groceries,Groceries,CAMEL FANCY MIXED NUTS 135G,RM21.89,RM23.65,https://vgg.bites.com.my/collections/groceries/products/camel-fancy-mixed-nuts-135g
https://vgg.bites.com.my/collections/groceries,Groceries,CIRIO POLPA FINE CHOPPED TOMATOES BASIL 390G,RM7.05,,https://vgg.bites.com.my/collections/groceries/products/cirio-polpa-fine-chopped-tomatoes-basil-390g
https://vgg.bites.com.my/collections/groceries,Groceries,DOLMIO ITALIAN HERBS SAUCE 500G,RM16.55,,https://vgg.bites.com.my/collections/groceries/products/dolmio-italian-herbs-sauce-500g
https://vgg.bites.com.my/collections/groceries,Groceries,HOMESOY HONEY MELON 1L,RM3.79,RM4.00,https://vgg.bites.com.my/collections/groceries/products/homesoy-honey-melon-1l
https://vgg.bites.com.my/collections/groceries,Groceries,HOMESOY MULTIGRAIN 1L,RM5.29,RM5.50,https://vgg.bites.com.my/collections/groceries/products/homesoy-multigrain-1l
https://vgg.bites.com.my/collections/groceries,Groceries,JASMINE BASMATHI KING IMPORT 5KG,RM33.99,RM51.30,https://vgg.bites.com.my/collections/groceries/products/jasmine-basmathi-king-import-5kg
https://vgg.bites.com.my/collections/groceries,Groceries,JOHN WEST SARDINES IN SPRING WATER 110G,RM11.65,,https://vgg.bites.com.my/collections/groceries/products/john-west-sardines-in-spring-water-110g
https://vgg.bites.com.my/collections/groceries,Groceries,ANZEN ORG REGULAR ROLLED OAT 1KG,RM16.29,RM17.20,https://vgg.bites.com.my/collections/groceries/products/anzen-org-regular-rolled-oat-1kg
https://vgg.bites.com.my/collections/groceries,Groceries,CONNOR'S 320ML,RM9.90,RM10.60,https://vgg.bites.com.my/collections/groceries/products/connor-s-320ml
https://vgg.bites.com.my/collections/groceries,Groceries,CARLSBERG SMOOTH DRAUGHT BEER CAN 500ML,RM13.35,,https://vgg.bites.com.my/collections/groceries/products/carlsberg-smooth-draught-beer-can-500ml
https://vgg.bites.com.my/collections/groceries,Groceries,ROYAL STOUT CAN 320ML,RM9.30,,https://vgg.bites.com.my/collections/groceries/products/royal-stout-can-320ml
https://vgg.bites.com.my/collections/groceries,Groceries,CARLSBERG BEER CAN (GL) 500ML,RM13.35,,https://vgg.bites.com.my/collections/groceries/products/carlsberg-beer-can-gl-500ml
https://vgg.bites.com.my/collections/groceries,Groceries,CARLSBERG BEER CAN (GL) 320ML,RM9.10,,https://vgg.bites.com.my/collections/groceries/products/carlsberg-beer-can-gl-320ml
https://vgg.bites.com.my/collections/groceries,Groceries,TIGER BEER CAN 4X6X320ML,RM186.80,,https://vgg.bites.com.my/collections/groceries/products/tiger-beer-can-4x6x320ml
https://vgg.bites.com.my/collections/groceries,Groceries,APPLE FOX CIDER CAN 320ML,RM8.35,,https://vgg.bites.com.my/collections/groceries/products/apple-fox-cider-can-320ml
https://vgg.bites.com.my/collections/groceries,Groceries,SOMERSBY BLACK BERRY CAN 320ML,RM9.05,,https://vgg.bites.com.my/collections/groceries/products/somersby-black-berry-can-320ml
https://vgg.bites.com.my/collections/groceries,Groceries,BARILLA FETTUCCINE N.166 500G,RM19.90,,https://vgg.bites.com.my/collections/groceries/products/barilla-fettuccine-n-166-500g
https://vgg.bites.com.my/collections/groceries,Groceries,BARILLA LASAGNA SEMOLA 500G,RM18.00,,https://vgg.bites.com.my/collections/groceries/products/barilla-lasagna-semola-500g
https://vgg.bites.com.my/collections/groceries,Groceries,BARILLA CHIFFERI 500G,RM6.99,RM8.50,https://vgg.bites.com.my/collections/groceries/products/barilla-chifferi-500g
https://vgg.bites.com.my/collections/groceries,Groceries,BARILLA FARFELLE 500G,RM6.99,RM8.50,https://vgg.bites.com.my/collections/groceries/products/barilla-farfelle-500g
https://vgg.bites.com.my/collections/groceries,Groceries,BARILLA PENNE RIGATE 500G,RM6.99,RM8.40,https://vgg.bites.com.my/collections/groceries/products/barilla-penne-rigate-500g
https://vgg.bites.com.my/collections/groceries,Groceries,BARILLA MACCHERONI 44 500G,RM6.99,RM8.50,https://vgg.bites.com.my/collections/groceries/products/barilla-maccheroni-44-500g
https://vgg.bites.com.my/collections/groceries,Groceries,BARILLA FUSILLI 98 500G,RM6.99,RM8.40,https://vgg.bites.com.my/collections/groceries/products/barilla-fusilli-98-500g
https://vgg.bites.com.my/collections/groceries,Groceries,BARILLA SPAGHETTI NO.5 INTEGRALI 500G,RM11.65,,https://vgg.bites.com.my/collections/groceries/products/barilla-spaghetti-no-5-integrali-500g
https://vgg.bites.com.my/collections/groceries,Groceries,BALDUCCI NO. 4 SPAGHETTI 400G,RM3.40,,https://vgg.bites.com.my/collections/groceries/products/balducci-no-4-spaghetti-400g
https://vgg.bites.com.my/collections/groceries,Groceries,BARILLA OLIVE SAUCE 400G,RM14.99,RM18.65,https://vgg.bites.com.my/collections/groceries/products/barilla-olive-sauce-400g
https://vgg.bites.com.my/collections/groceries,Groceries,ALCE NERO ORGANIC TRICOLORE SPAGHETTI 500G,RM8.29,RM9.30,https://vgg.bites.com.my/collections/groceries/products/alce-nero-organic-tricolore-spaghetti-500g
https://vgg.bites.com.my/collections/groceries,Groceries,DRAGON FRAGRANT RICE 1KG,RM7.90,,https://vgg.bites.com.my/collections/groceries/products/dragon-fragrant-rice-1kg
https://vgg.bites.com.my/collections/groceries,Groceries,CINTAN ASAM LAKSA 5X76GM,RM6.45,,https://vgg.bites.com.my/collections/groceries/products/cintan-asam-laksa-5x76gm
https://vgg.bites.com.my/collections/groceries,Groceries,DRAGON FRAGRANT RICE 5KG,RM32.10,,https://vgg.bites.com.my/collections/groceries/products/dragon-fragrant-rice-5kg
https://vgg.bites.com.my/collections/groceries,Groceries,DRAGON FRAGRANT RICE 10KG,RM57.05,,https://vgg.bites.com.my/collections/groceries/products/dragon-fragrant-rice-10kg
https://vgg.bites.com.my/collections/groceries,Groceries,KIMBALL ANGEL HAIR 400G,RM3.89,RM4.05,https://vgg.bites.com.my/collections/groceries/products/kimball-angel-hair-400g
https://vgg.bites.com.my/collections/groceries,Groceries,INDOMIE MI GORENG ASLI 5X80G,RM5.89,,https://vgg.bites.com.my/collections/groceries/products/indomie-mi-goreng-asli-5x80g
https://vgg.bites.com.my/collections/groceries,Groceries,MAMEE BIHUN TOMYAM 5X55G,RM6.70,,https://vgg.bites.com.my/collections/groceries/products/mamee-bihun-tomyam-5x55g
https://vgg.bites.com.my/collections/groceries,Groceries,MAMEE CHEF CUP SPICY CHIC SHIITAKE 62G,RM3.10,,https://vgg.bites.com.my/collections/groceries/products/mamee-chef-cup-spicy-chic-shiitake-62g
https://vgg.bites.com.my/collections/groceries,Groceries,MAMEE EXPRESS CUP CHICKEN 60G,RM2.05,,https://vgg.bites.com.my/collections/groceries/products/mamee-express-cup-chicken-60g
https://vgg.bites.com.my/collections/groceries,Groceries,PREGO BUDDIES OCEAN DRY PASTA 200G,RM3.05,,https://vgg.bites.com.my/collections/groceries/products/prego-buddies-ocean-dry-pasta-200g
https://vgg.bites.com.my/collections/groceries,Groceries,MYOJO DRY BOWL MALA XIANG GUO 100G,RM6.35,,https://vgg.bites.com.my/collections/groceries/products/myojo-dry-bowl-mala-xiang-guo-100g
https://vgg.bites.com.my/collections/groceries,Groceries,MYOJO MI POH DRY 5X80G,RM9.65,,https://vgg.bites.com.my/collections/groceries/products/myojo-mi-poh-dry-5x80g
https://vgg.bites.com.my/collections/groceries,Groceries,PAMA BIHUN SEGERA 5X55G,RM7.85,,https://vgg.bites.com.my/collections/groceries/products/pama-bihun-segera-5x55g
https://vgg.bites.com.my/collections/groceries,Groceries,PAMA KUA TEOW 5X55G,RM7.95,,https://vgg.bites.com.my/collections/groceries/products/pama-kua-teow-5x55g
https://vgg.bites.com.my/collections/groceries,Groceries,PAMA TOMYAM MI 5X55G,RM7.90,,https://vgg.bites.com.my/collections/groceries/products/pama-tomyam-mi-5x55g
https://vgg.bites.com.my/collections/groceries,Groceries,MYOJO CHAR MEE 100 5X75G,RM9.65,,https://vgg.bites.com.my/collections/groceries/products/myojo-char-mee-100-5x75g
https://vgg.bites.com.my/collections/groceries,Groceries,MYOJO CHICKEN ABALONE 5X79G,RM9.65,,https://vgg.bites.com.my/collections/groceries/products/1000019428
https://vgg.bites.com.my/collections/groceries,Groceries,PREGO BUDDIES ANIMAL DRY PASTA 200G,RM3.05,,https://vgg.bites.com.my/collections/groceries/products/prego-buddies-animal-dry-pasta-200g
https://vgg.bites.com.my/collections/groceries,Groceries,PAMA BIHUN TOMYAM 5X55G,RM7.95,,https://vgg.bites.com.my/collections/groceries/products/pama-bihun-tomyam-5x55g
https://vgg.bites.com.my/collections/groceries,Groceries,PREGO TRADITIONAL PASTA SAUCE 300G,RM5.95,,https://vgg.bites.com.my/collections/groceries/products/prego-traditional-pasta-sauce-300g
https://vgg.bites.com.my/collections/groceries,Groceries,PREGO TRADITIONAL PASTA SAUCE 350G,RM8.60,,https://vgg.bites.com.my/collections/groceries/products/prego-traditional-pasta-sauce-350g
https://vgg.bites.com.my/collections/groceries,Groceries,PREGO MUSHROOM PASTA SAUCE 350G,RM8.60,,https://vgg.bites.com.my/collections/groceries/products/prego-mushroom-pasta-sauce-350g
https://vgg.bites.com.my/collections/groceries,Groceries,SAN REMO LA PASTA MACARONI&CHEESE 120G,RM4.80,,https://vgg.bites.com.my/collections/groceries/products/san-remo-la-pasta-macaroni-cheese-120g
https://vgg.bites.com.my/collections/groceries,Groceries,ROYAL UMBRELLA THAI HOM MALI RICE 5KG,RM40.99,RM48.05,https://vgg.bites.com.my/collections/groceries/products/royal-umbrella-thai-hom-mali-rice-5kg
https://vgg.bites.com.my/collections/groceries,Groceries,SAN REMO LA PASTA SOUR CREAM & CHIVES 120G,RM4.80,,https://vgg.bites.com.my/collections/groceries/products/san-remo-la-pasta-sour-cream-chives-120g
https://vgg.bites.com.my/collections/groceries,Groceries,SAN REMO SPIRALS NO 16 500G,RM5.30,,https://vgg.bites.com.my/collections/groceries/products/san-remo-spirals-no-16-500g
https://vgg.bites.com.my/collections/groceries,Groceries,SAN REMO WHOLEMEAL SPAGHETTI 500G,RM7.05,,https://vgg.bites.com.my/collections/groceries/products/san-remo-wholemeal-spaghetti-500g
https://vgg.bites.com.my/collections/groceries,Groceries,SAN REMO SOUP PASTA 500G,RM5.45,,https://vgg.bites.com.my/collections/groceries/products/san-remo-soup-pasta-500g
https://vgg.bites.com.my/collections/groceries,Groceries,VIT INSTANT NOODLE 700G,RM7.60,,https://vgg.bites.com.my/collections/groceries/products/vit-instant-noodle-700g
https://vgg.bites.com.my/collections/groceries,Groceries,SAN REMO VEGERONI SPIRALS 375G,RM5.30,,https://vgg.bites.com.my/collections/groceries/products/san-remo-vegeroni-spirals-375g
https://vgg.bites.com.my/collections/groceries,Groceries,SINGLONG MISOYA 250G,RM5.10,,https://vgg.bites.com.my/collections/groceries/products/singlong-misoya-250g
https://vgg.bites.com.my/collections/groceries,Groceries,SAN REMO PENNE RIGATI 500G,RM5.30,,https://vgg.bites.com.my/collections/groceries/products/san-remo-penne-rigati-500g
https://vgg.bites.com.my/collections/groceries,Groceries,NESTLE NESTUM HONEY SOFT PACK 450G,RM11.30,,https://vgg.bites.com.my/collections/groceries/products/nestle-nestum-honey-soft-pack-450g
https://vgg.bites.com.my/collections/groceries,Groceries,MORNFLAKE CRUNCHY GRANOLA ORIGINAL 500G,RM18.80,,https://vgg.bites.com.my/collections/groceries/products/mornflake-crunchy-granola-original-500g
https://vgg.bites.com.my/collections/groceries,Groceries,NESTLE NESTUM 3IN1 ORIGINAL 14SX28G,RM13.90,,https://vgg.bites.com.my/collections/groceries/products/nestle-nestum-3in1-original-14sx28g
https://vgg.bites.com.my/collections/groceries,Groceries,NESTLE HONEY STAR 300G,RM12.90,,https://vgg.bites.com.my/collections/groceries/products/nestle-honey-star-300g
https://vgg.bites.com.my/collections/groceries,Groceries,MORNFLAKE CHOCOLATEY SQUARES CEREAL PILLOWS 375G,RM18.95,,https://vgg.bites.com.my/collections/groceries/products/mornflake-chocolatey-squares-cereal-pillows-375g
https://vgg.bites.com.my/collections/groceries,Groceries,MORNFLAKE ORCHARD OAT GRANOLA 500G,RM18.80,,https://vgg.bites.com.my/collections/groceries/products/mornflake-orchard-oat-granola-500g
https://vgg.bites.com.my/collections/groceries,Groceries,KELLOGG'S NUTRI GRAIN 290G,RM30.30,,https://vgg.bites.com.my/collections/groceries/products/kellogg-s-nutri-grain-290g
https://vgg.bites.com.my/collections/groceries,Groceries,NESTLE FITNESSE GRANOLA HONEY CEREAL 300G,RM16.89,RM19.20,https://vgg.bites.com.my/collections/groceries/products/nestle-fitnesse-granola-honey-cereal-300g
https://vgg.bites.com.my/collections/groceries,Groceries,NESTLE CORNFLAKES CEREAL 500G,RM16.35,,https://vgg.bites.com.my/collections/groceries/products/nestle-cornflakes-cereal-500g
https://vgg.bites.com.my/collections/groceries,Groceries,NESTLE FITNESSE GRANOLA CRANBERRY CEREAL 300G,RM16.89,RM19.20,https://vgg.bites.com.my/collections/groceries/products/nestle-fitnesse-granola-cranberry-cereal-300g
https://vgg.bites.com.my/collections/groceries,Groceries,NESTLE HONEY GOLD 220G,RM7.90,,https://vgg.bites.com.my/collections/groceries/products/nestle-honey-gold-220g
https://vgg.bites.com.my/collections/groceries,Groceries,NUTELLA HAZELNUT SPREAD 200GM,RM13.80,,https://vgg.bites.com.my/collections/groceries/products/nutella-hazelnut-spread-200gm
https://vgg.bites.com.my/collections/groceries,Groceries,QUAKER INSTANT OATMEAL 1.2KG,RM13.99,RM15.15,https://vgg.bites.com.my/collections/groceries/products/quaker-instant-oatmeal-12kg
https://vgg.bites.com.my/collections/groceries,Groceries,QUAKER QUICK COOK OATMEAL 300G,RM4.95,,https://vgg.bites.com.my/collections/groceries/products/quaker-quick-cook-oatmeal-300g
https://vgg.bites.com.my/collections/groceries,Groceries,SMUCKERS BLUEBERRY PRESERVES JAM 12OZ,RM14.49,RM15.00,https://vgg.bites.com.my/collections/groceries/products/smuckers-blueberry-preserves-jam-12oz
https://vgg.bites.com.my/collections/groceries,Groceries,CAPILANO TWIST&SQUEEZE HONEY 400GM,RM24.35,,https://vgg.bites.com.my/collections/groceries/products/capilano-twist-squeeze-honey-400gm
https://vgg.bites.com.my/collections/groceries,Groceries,DELFI DOUBLE HAZELNUT SPREAD 350G,RM18.60,,https://vgg.bites.com.my/collections/groceries/products/delfi-double-hazelnut-spread-350g
https://vgg.bites.com.my/collections/groceries,Groceries,DELFI RICH CHOCO SPREAD 350G,RM18.60,,https://vgg.bites.com.my/collections/groceries/products/delfi-rich-choco-spread-350g
https://vgg.bites.com.my/collections/groceries,Groceries,DELFI CHOCO HAZELNUT SPREAD 350G,RM18.60,,https://vgg.bites.com.my/collections/groceries/products/delfi-choco-hazelnut-spread-350g
https://vgg.bites.com.my/collections/groceries,Groceries,M&M'S PEANUT 90G,RM7.30,,https://vgg.bites.com.my/collections/groceries/products/m-m-s-peanut-90g
https://vgg.bites.com.my/collections/groceries,Groceries,M&M'S PEANUT 180G,RM13.80,,https://vgg.bites.com.my/collections/groceries/products/m-m-s-peanut-180g
https://vgg.bites.com.my/collections/groceries,Groceries,CHACHEER SUNFLOWER SEEDS 220G,RM6.90,,https://vgg.bites.com.my/collections/groceries/products/chacheer-sunflower-seeds-220g
https://vgg.bites.com.my/collections/groceries,Groceries,KINDER BUENO CHOCOLATE T8 100G,RM10.30,,https://vgg.bites.com.my/collections/groceries/products/kinder-bueno-chocolate-t8-100g
https://vgg.bites.com.my/collections/groceries,Groceries,TONG GARDEN CASHEW NUT MIX MACADAMIA SALTED 140G,RM17.00,,https://vgg.bites.com.my/collections/groceries/products/tong-garden-cashew-nut-mix-macadamia-salted-140g
https://vgg.bites.com.my/collections/groceries,Groceries,TONG GARDEN SALTED PISTACHIOS 150G,RM16.00,,https://vgg.bites.com.my/collections/groceries/products/tong-garden-salted-pistachios-150g
https://vgg.bites.com.my/collections/groceries,Groceries,TONG GARDEN ALL NATURAL COCKTAIL SNACK 140G,RM16.00,,https://vgg.bites.com.my/collections/groceries/products/tong-garden-all-natural-cocktail-snack-140g
https://vgg.bites.com.my/collections/groceries,Groceries,GLICO POCKY DOUBLE CHOCOLATE 39G,RM3.69,RM4.05,https://vgg.bites.com.my/collections/groceries/products/glico-pocky-double-chocolate-39g
https://vgg.bites.com.my/collections/groceries,Groceries,GLICO PRETZ SWEET CORN 31G,RM2.00,,https://vgg.bites.com.my/collections/groceries/products/glico-pretz-sweet-corn-31g
https://vgg.bites.com.my/collections/groceries,Groceries,TONG GARDEN CASHEW NUT MIX MACADAMIA HONEY 140G,RM17.00,,https://vgg.bites.com.my/collections/groceries/products/tong-garden-cashew-nut-mix-macadamia-honey-140g
https://vgg.bites.com.my/collections/groceries,Groceries,TONG GARDEN MENGLEMBU GROUNDNUTS 120GM,RM4.00,,https://vgg.bites.com.my/collections/groceries/products/tong-garden-menglembu-groundnuts-120gm
https://vgg.bites.com.my/collections/groceries,Groceries,SUNSWEET PITTED PRUNE 340G,RM25.95,,https://vgg.bites.com.my/collections/groceries/products/sunsweet-pitted-prune-340g
https://vgg.bites.com.my/collections/groceries,Groceries,SKITTLES LITTLE SOUR 40GM,RM2.39,RM2.60,https://vgg.bites.com.my/collections/groceries/products/skittles-little-sour-40gm
https://vgg.bites.com.my/collections/groceries,Groceries,LINDT EXCELLENCE MINT INTENSE 100G,RM29.19,RM34.30,https://vgg.bites.com.my/collections/groceries/products/lindt-excellence-mint-intense-100g
https://vgg.bites.com.my/collections/groceries,Groceries,HARIBO WORMS 80G,RM4.50,,https://vgg.bites.com.my/collections/groceries/products/haribo-worms-80g
https://vgg.bites.com.my/collections/groceries,Groceries,RITTER SPORT WHOLE HAZELNUT 100GM,RM16.90,,https://vgg.bites.com.my/collections/groceries/products/ritter-sport-whole-hazelnut-100gm
https://vgg.bites.com.my/collections/groceries,Groceries,RITTER SPORT PLAIN CHOCOLATE 100GM,RM17.10,,https://vgg.bites.com.my/collections/groceries/products/ritter-sport-plain-chocolate-100gm
https://vgg.bites.com.my/collections/groceries,Groceries,RITTER SPORT WHITE WHOLE HAZELNUT 100GM,RM16.90,,https://vgg.bites.com.my/collections/groceries/products/ritter-sport-white-whole-hazelnut-100gm
https://vgg.bites.com.my/collections/groceries,Groceries,TONG GARDEN SALTED PUMPKIN SEEDS 30GM,RM2.35,,https://vgg.bites.com.my/collections/groceries/products/tong-garden-salted-pumpkin-seeds-30gm
https://vgg.bites.com.my/collections/groceries,Groceries,TONG GARDEN OVEN ROASTED SALTED ALMOND 145G,RM15.90,,https://vgg.bites.com.my/collections/groceries/products/tong-garden-oven-roasted-salted-almond-145g
https://vgg.bites.com.my/collections/groceries,Groceries,TONG GARDEN SALTED COCKTAIL NUTS 160G,RM16.00,,https://vgg.bites.com.my/collections/groceries/products/tong-garden-salted-cocktail-nuts-160g
https://vgg.bites.com.my/collections/groceries,Groceries,TONG GARDEN SALTED PEANUTS 365G,RM10.90,,https://vgg.bites.com.my/collections/groceries/products/tong-garden-salted-peanuts-365g
https://vgg.bites.com.my/collections/groceries,Groceries,TONG GARDEN CASHEW MIX ALMONDS SMOKED 140G,RM16.00,,https://vgg.bites.com.my/collections/groceries/products/tong-garden-cashew-mix-almonds-smoked-140g
https://vgg.bites.com.my/collections/groceries,Groceries,TONG GARDEN ALMONDS MIXED ANCHOVY 140G,RM18.00,,https://vgg.bites.com.my/collections/groceries/products/tong-garden-almonds-mixed-anchovy-140g
https://vgg.bites.com.my/collections/groceries,Groceries,TONG GARDEN SALTED CASHEWNUT 40G,RM4.20,,https://vgg.bites.com.my/collections/groceries/products/tong-garden-salted-cashewnut-40g
https://vgg.bites.com.my/collections/groceries,Groceries,MALTESERS 150G,RM13.49,RM15.10,https://vgg.bites.com.my/collections/groceries/products/maltesers-150g
https://vgg.bites.com.my/collections/groceries,Groceries,NUTELLA GO 52GM,RM9.00,,https://vgg.bites.com.my/collections/groceries/products/nutella-go-52gm
https://vgg.bites.com.my/collections/groceries,Groceries,MALTESERS 37G,RM4.90,,https://vgg.bites.com.my/collections/groceries/products/maltesers-37g
https://vgg.bites.com.my/collections/groceries,Groceries,TONG GARDEN HONEY ALMOND 35G,RM4.20,,https://vgg.bites.com.my/collections/groceries/products/tong-garden-honey-almond-35g
https://vgg.bites.com.my/collections/groceries,Groceries,FANTASTIC RICE CRACKER WOOD OVEN PIZZA 100G,RM5.80,,https://vgg.bites.com.my/collections/groceries/products/fantastic-rice-cracker-wood-oven-pizza-100g
https://vgg.bites.com.my/collections/groceries,Groceries,GLICO POCKY FAMILY PACK COOKIES & CREAM 160G,RM12.50,,https://vgg.bites.com.my/collections/groceries/products/glico-pocky-family-pack-cookies-cream-160g
https://vgg.bites.com.my/collections/groceries,Groceries,TONG GARDEN CASHEW NUTS MIXED ALMONDS SMOKE 33GM,RM4.20,,https://vgg.bites.com.my/collections/groceries/products/tong-garden-cashew-nuts-mixed-almonds-smoke-33gm
https://vgg.bites.com.my/collections/groceries,Groceries,SNICKERS 5 PACK SNACK BAR 175G,RM12.30,,https://vgg.bites.com.my/collections/groceries/products/snickers-5-pack-snack-bar-175g
https://vgg.bites.com.my/collections/groceries,Groceries,RITTER SPORT RAISIN & HAZELNUT 100GM,RM17.10,,https://vgg.bites.com.my/collections/groceries/products/ritter-sport-raisin-hazelnut-100gm
https://vgg.bites.com.my/collections/groceries,Groceries,TONG GARDEN HONEY PEANUT 40G,RM1.60,,https://vgg.bites.com.my/collections/groceries/products/tong-garden-honey-peanut-40g
https://vgg.bites.com.my/collections/groceries,Groceries,TONG GARDEN SHANDONG GROUNDNUTS 120GM,RM3.30,,https://vgg.bites.com.my/collections/groceries/products/tong-garden-shandong-groundnuts-120gm
https://vgg.bites.com.my/collections/groceries,Groceries,TONG GARDEN HONEY SUNFLOWER KERNEL 35GM,RM1.85,,https://vgg.bites.com.my/collections/groceries/products/tong-garden-honey-sunflower-kernel-35gm
https://vgg.bites.com.my/collections/groceries,Groceries,TONG GARDEN CHESTNUTS WITHOUT SHELL 120G,RM5.65,,https://vgg.bites.com.my/collections/groceries/products/tong-garden-chestnuts-without-shell-120g
https://vgg.bites.com.my/collections/groceries,Groceries,LOACKER CLASSIC DOUBLE CHOC 45G,RM4.05,,https://vgg.bites.com.my/collections/groceries/products/loacker-classic-double-choc-45g
https://vgg.bites.com.my/collections/groceries,Groceries,HARIBO GOLD BEARS 80G,RM4.45,,https://vgg.bites.com.my/collections/groceries/products/haribo-gold-bears-80g
https://vgg.bites.com.my/collections/groceries,Groceries,SKITTLES LITTLE ORIGINAL 45GM,RM2.39,RM2.60,https://vgg.bites.com.my/collections/groceries/products/skittles-little-original-45gm
https://vgg.bites.com.my/collections/groceries,Groceries,TONG GARDEN MACADAMIAS HONEY 35G,RM6.50,,https://vgg.bites.com.my/collections/groceries/products/tong-garden-macadamias-honey-35g
https://vgg.bites.com.my/collections/groceries,Groceries,TONG GARDEN SALTED ALMOND 35G,RM4.20,,https://vgg.bites.com.my/collections/groceries/products/tong-garden-salted-almond-35g
https://vgg.bites.com.my/collections/groceries,Groceries,TONG GARDEN SALTED MACADAMIAS 35G,RM6.50,,https://vgg.bites.com.my/collections/groceries/products/tong-garden-salted-macadamias-35g
https://vgg.bites.com.my/collections/groceries,Groceries,TONG GARDEN CASHEW NUTS MIXED MACADAMIA HONEY 35GM,RM4.20,,https://vgg.bites.com.my/collections/groceries/products/tong-garden-cashew-nuts-mixed-macadamia-honey-35gm
https://vgg.bites.com.my/collections/groceries,Groceries,NATURAL CHIP CO NAT POTATO CHIP SEA SALT 175G,RM13.69,RM15.90,https://vgg.bites.com.my/collections/groceries/products/natural-chip-co-nat-potato-chip-sea-salt-175g
https://vgg.bites.com.my/collections/groceries,Groceries,LINDT EXCELLENCE DARK 70% CACAO 100GM,RM33.85,,https://vgg.bites.com.my/collections/groceries/products/lindt-excellence-dark-70-cacao-100gm
https://vgg.bites.com.my/collections/groceries,Groceries,LINDT EXCELLENCE DARK 85% COCOA 100GM,RM34.30,,https://vgg.bites.com.my/collections/groceries/products/lindt-excellence-dark-85-cocoa-100gm
https://vgg.bites.com.my/collections/groceries,Groceries,FERRERO ROCHER T16 200G,RM39.55,,https://vgg.bites.com.my/collections/groceries/products/ferrero-rocher-t16-200g
https://vgg.bites.com.my/collections/groceries,Groceries,TONG GARDEN SALTED BROAD BEAN W/O SKIN 180G,RM5.90,,https://vgg.bites.com.my/collections/groceries/products/tong-garden-salted-broad-bean-w-o-skin-180g
https://vgg.bites.com.my/collections/groceries,Groceries,WHITTAKERS BLOCKS FRUIT & NUT 200G,RM27.39,RM30.55,https://vgg.bites.com.my/collections/groceries/products/whittakers-blocks-fruit-nut-200g
https://vgg.bites.com.my/collections/groceries,Groceries,NUTRIONE BAKED ALMONDS 85G,RM9.50,,https://vgg.bites.com.my/collections/groceries/products/nutrione-baked-almonds-85g
https://vgg.bites.com.my/collections/groceries,Groceries,SUNSWEET PRUNE JUICE 32OZ,RM24.89,RM28.85,https://vgg.bites.com.my/collections/groceries/products/sunsweet-prune-juice-32oz
https://vgg.bites.com.my/collections/groceries,Groceries,WRIGLEY SKITTLES SHARE BAG 150G,RM9.59,RM10.05,https://vgg.bites.com.my/collections/groceries/products/wrigley-skittles-share-bag-150g
https://vgg.bites.com.my/collections/groceries,Groceries,TONG GARDEN SALTED SUNFLOWER 30GM,RM1.80,,https://vgg.bites.com.my/collections/groceries/products/tong-garden-salted-sunflower-30gm
https://vgg.bites.com.my/collections/groceries,Groceries,TONG GARDEN BROAD BEAN CHILLI 120GM,RM3.80,,https://vgg.bites.com.my/collections/groceries/products/tong-garden-broad-bean-chilli-120gm
https://vgg.bites.com.my/collections/groceries,Groceries,BIN BIN RICE CRACKER SEAWEED 150G,RM9.50,,https://vgg.bites.com.my/collections/groceries/products/bin-bin-rice-cracker-seaweed-150g
https://vgg.bites.com.my/collections/groceries,Groceries,GARDEN CREAM WAFFERS-CHOCOLATE 200G,RM11.00,,https://vgg.bites.com.my/collections/groceries/products/garden-cream-waffers-chocolate-200g
https://vgg.bites.com.my/collections/groceries,Groceries,NUTELLA BISCUITS 304G,RM26.90,,https://vgg.bites.com.my/collections/groceries/products/nutella-biscuits-304g
https://vgg.bites.com.my/collections/groceries,Groceries,TONG GARDEN COATED GREEN PEAS 180G,RM5.80,,https://vgg.bites.com.my/collections/groceries/products/tong-garden-coated-green-peas-180g
https://vgg.bites.com.my/collections/groceries,Groceries,TONG GARDEN SALTED MACADAMIAS 150G,RM27.90,,https://vgg.bites.com.my/collections/groceries/products/tong-garden-salted-macadamias-150g
https://vgg.bites.com.my/collections/groceries,Groceries,BIN BIN RICE CRACKER SPICY SEAWEED 135GM,RM9.55,,https://vgg.bites.com.my/collections/groceries/products/bin-bin-rice-cracker-spicy-seaweed-135gm
https://vgg.bites.com.my/collections/groceries,Groceries,SKITTLES FRUIT SHARING POUCH 200G,RM16.10,,https://vgg.bites.com.my/collections/groceries/products/skittles-fruit-sharing-pouch-200g
https://vgg.bites.com.my/collections/groceries,Groceries,NUTRIONE BAKED PISTACHIO 80G,RM9.50,,https://vgg.bites.com.my/collections/groceries/products/nutrione-baked-pistachio-80g
https://vgg.bites.com.my/collections/groceries,Groceries,TONG GARDEN ALMONDS MIXED CRANBERRIES 140G,RM16.00,,https://vgg.bites.com.my/collections/groceries/products/tong-garden-almonds-mixed-cranberries-140g
https://vgg.bites.com.my/collections/groceries,Groceries,TONG GARDEN PARTY SNACK 40G,RM1.60,,https://vgg.bites.com.my/collections/groceries/products/tong-garden-party-snack-40g
https://vgg.bites.com.my/collections/groceries,Groceries,HARIBO HAPPY COLA 80G,RM4.50,,https://vgg.bites.com.my/collections/groceries/products/haribo-happy-cola-80g
https://vgg.bites.com.my/collections/groceries,Groceries,CORNICHES MINI MARSHMALLOW 200G,RM10.30,,https://vgg.bites.com.my/collections/groceries/products/corniches-mini-marshmallow-200g
https://vgg.bites.com.my/collections/groceries,Groceries,MAJANS BHUJA BEER MIX 160G,RM13.05,,https://vgg.bites.com.my/collections/groceries/products/majans-bhuja-beer-mix-160g
https://vgg.bites.com.my/collections/groceries,Groceries,TONG GARDEN SALTED PEANUTS 180G,RM5.80,,https://vgg.bites.com.my/collections/groceries/products/tong-garden-salted-peanuts-180g
https://vgg.bites.com.my/collections/groceries,Groceries,SKY FLAKES SINGLES ONION & CHIVES 8X25G,RM10.40,,https://vgg.bites.com.my/collections/groceries/products/sky-flakes-singles-onion-chives-8x25g
https://vgg.bites.com.my/collections/groceries,Groceries,NUTRIONE BAKED MACADAMIA 75G,RM13.90,,https://vgg.bites.com.my/collections/groceries/products/nutrione-baked-macadamia-75g
https://vgg.bites.com.my/collections/groceries,Groceries,TONG GARDEN WASABI COATED GREEN PEAS 180GM,RM9.90,,https://vgg.bites.com.my/collections/groceries/products/tong-garden-wasabi-coated-green-peas-180gm
https://vgg.bites.com.my/collections/groceries,Groceries,THINS POTATO CHIPS ORIGINAL 175G,RM13.69,RM15.90,https://vgg.bites.com.my/collections/groceries/products/thins-potato-chips-original-175g
https://vgg.bites.com.my/collections/groceries,Groceries,TONG GARDEN HONEY SUNFLOWER KERNEL 30G,RM1.80,,https://vgg.bites.com.my/collections/groceries/products/tong-garden-honey-sunflower-kernel-30g
https://vgg.bites.com.my/collections/groceries,Groceries,LORENZ SALTLETTS CLASSIC 150G,RM8.49,RM10.00,https://vgg.bites.com.my/collections/groceries/products/lorenz-saltletts-classic-150g
https://vgg.bites.com.my/collections/groceries,Groceries,CADBURY FREDDO MILK CHOCOLATE SHARE PACK 144G,RM25.90,,https://vgg.bites.com.my/collections/groceries/products/cadbury-freddo-milk-chocolate-share-pack-144g
https://vgg.bites.com.my/collections/groceries,Groceries,TONG GARDEN SALTED SUNFLOWER 110G,RM7.60,,https://vgg.bites.com.my/collections/groceries/products/tong-garden-salted-sunflower-110g
https://vgg.bites.com.my/collections/groceries,Groceries,HARIBO GUMMY HAPPY COLA 160G,RM7.65,,https://vgg.bites.com.my/collections/groceries/products/haribo-gummy-happy-cola-160g
https://vgg.bites.com.my/collections/groceries,Groceries,ARNOTTS WATER CRACKER ORIGINAL 125G,RM10.50,,https://vgg.bites.com.my/collections/groceries/products/arnotts-water-cracker-original-125g
https://vgg.bites.com.my/collections/groceries,Groceries,CAMEL SHANDONG GARLIC 120G,RM5.69,RM5.90,https://vgg.bites.com.my/collections/groceries/products/camel-shandong-garlic-120g
https://vgg.bites.com.my/collections/groceries,Groceries,JACK LINK BEEF JERKY ORIGINAL 50G,RM20.90,,https://vgg.bites.com.my/collections/groceries/products/jack-link-beef-jerky-original-50g
https://vgg.bites.com.my/collections/groceries,Groceries,HARIBO GUMMY GOLD BEARS PARTY PACK 200G,RM12.10,,https://vgg.bites.com.my/collections/groceries/products/haribo-gummy-gold-bears-party-pack-200g
https://vgg.bites.com.my/collections/groceries,Groceries,HARIBO HAPPY GRAPES 80G,RM4.50,,https://vgg.bites.com.my/collections/groceries/products/haribo-happy-grapes-80g
https://vgg.bites.com.my/collections/groceries,Groceries,FANTASTIC RICE CRACKER ORIGINAL 100GM,RM5.80,,https://vgg.bites.com.my/collections/groceries/products/fantastic-rice-cracker-original-100gm
https://vgg.bites.com.my/collections/groceries,Groceries,WHITTAKER'S BLOCK COCONUT 200G,RM27.39,RM30.55,https://vgg.bites.com.my/collections/groceries/products/whittaker-s-block-coconut-200g
https://vgg.bites.com.my/collections/groceries,Groceries,DJ&A VEGGIE CRISPS ORIGINAL MIXED VEGETABLE 90G,RM16.90,,https://vgg.bites.com.my/collections/groceries/products/dj-a-veggie-crisps-original-mixed-vegetable-90g
https://vgg.bites.com.my/collections/groceries,Groceries,MARIGOLD PEEL FRESH ORANGE 1L,RM6.90,,https://vgg.bites.com.my/collections/groceries/products/marigold-peel-fresh-orange-1l
https://vgg.bites.com.my/collections/groceries,Groceries,KARA COCONUT CREAM 500ML,RM9.60,,https://vgg.bites.com.my/collections/groceries/products/kara-coconut-cream-500ml
https://vgg.bites.com.my/collections/groceries,Groceries,STAR COLOUR EGG YELLOW 25ML,RM3.05,,https://vgg.bites.com.my/collections/groceries/products/star-colour-egg-yellow-25ml
https://vgg.bites.com.my/collections/groceries,Groceries,NESCAFE GOLD 200G,RM49.65,,https://vgg.bites.com.my/collections/groceries/products/nescafe-gold-200g
https://vgg.bites.com.my/collections/groceries,Groceries,AHMAD TEA JASMINE ROMANCE 20X40G,RM11.99,RM13.20,https://vgg.bites.com.my/collections/groceries/products/ahmad-tea-jasmine-romance-20x40g
https://vgg.bites.com.my/collections/groceries,Groceries,COCONANO ORG EXTRA VIRGIN COCONUT OIL 250ML,RM30.00,,https://vgg.bites.com.my/collections/groceries/products/coconano-org-extra-virgin-coconut-oil-250ml
https://vgg.bites.com.my/collections/groceries,Groceries,CADBURY BAKING MILK CHOCOLATE CHIPS 200G,RM23.90,,https://vgg.bites.com.my/collections/groceries/products/cadbury-baking-milk-chocolate-chips-200g
https://vgg.bites.com.my/collections/groceries,Groceries,CIRIO CANNELLINI (BOX) 380G,RM6.25,,https://vgg.bites.com.my/collections/groceries/products/cirio-cannellini-box-380g
https://vgg.bites.com.my/collections/groceries,Groceries,DANCING CHEF INDIAN CURRY PASTE 100G,RM8.80,,https://vgg.bites.com.my/collections/groceries/products/dancing-chef-indian-curry-paste-100g
https://vgg.bites.com.my/collections/groceries,Groceries,STAR COLOUR COCHINEAL 25ML,RM3.05,,https://vgg.bites.com.my/collections/groceries/products/star-colour-cochineal-25ml
https://vgg.bites.com.my/collections/groceries,Groceries,STAR COLOUR ROSE PINK 25ML,RM3.05,,https://vgg.bites.com.my/collections/groceries/products/star-colour-rose-pink-25ml
https://vgg.bites.com.my/collections/groceries,Groceries,A-OK STRONG WHITE BREAD FLOUR 900G,RM9.75,,https://vgg.bites.com.my/collections/groceries/products/a-ok-strong-white-bread-flour-900g
https://vgg.bites.com.my/collections/groceries,Groceries,BOH 3IN1 INS TEA MIX 600,RM17.60,,https://vgg.bites.com.my/collections/groceries/products/boh-3in1-ins-tea-mix-600
https://vgg.bites.com.my/collections/groceries,Groceries,BOH ICE TEA LEMON LIME 20'SX14.5GM,RM15.75,,https://vgg.bites.com.my/collections/groceries/products/boh-ice-tea-lemon-lime-20-sx14-5gm
https://vgg.bites.com.my/collections/groceries,Groceries,BORGES GRAPESEED OIL 500ML,RM24.45,,https://vgg.bites.com.my/collections/groceries/products/borges-grapeseed-oil-500ml
https://vgg.bites.com.my/collections/groceries,Groceries,MERIAH BREAD CRUMBS 300G,RM5.65,,https://vgg.bites.com.my/collections/groceries/products/meriah-bread-crumbs-300g
https://vgg.bites.com.my/collections/groceries,Groceries,DANCING CHEF HAINAESE CHICKEN RICE 100GM,RM8.80,,https://vgg.bites.com.my/collections/groceries/products/dancing-chef-hainaese-chicken-rice-100gm
https://vgg.bites.com.my/collections/groceries,Groceries,BORGES EXTRA LIGHT OLIVE OIL 500ML,RM44.99,RM46.55,https://vgg.bites.com.my/collections/groceries/products/borges-extra-light-olive-oil-500ml
https://vgg.bites.com.my/collections/groceries,Groceries,SWALLOW GLOBE AGAR-AGAR CLEAR 10G,RM5.25,,https://vgg.bites.com.my/collections/groceries/products/swallow-globe-agar-agar-clear-10g
https://vgg.bites.com.my/collections/groceries,Groceries,VITAGEN LESS SUGAR LB 5X125ML,RM6.10,,https://vgg.bites.com.my/collections/groceries/products/vitagen-less-sugar-lb-5x125ml
https://vgg.bites.com.my/collections/groceries,Groceries,MARIGOLD PEEL FRESH MANGO 1L,RM6.90,,https://vgg.bites.com.my/collections/groceries/products/marigold-peel-fresh-mango-1l
https://vgg.bites.com.my/collections/groceries,Groceries,RED BULL EUROPE 4X250ML,RM23.79,RM26.60,https://vgg.bites.com.my/collections/groceries/products/red-bull-europe-4x250ml
https://vgg.bites.com.my/collections/groceries,Groceries,VITAGEN LESS SUGAR GRAPE 5X125ML,RM6.10,,https://vgg.bites.com.my/collections/groceries/products/vitagen-less-sugar-grape-5x125ml
https://vgg.bites.com.my/collections/groceries,Groceries,HERSHEY'S SPECIAL DARK 40G,RM3.69,RM4.00,https://vgg.bites.com.my/collections/groceries/products/hershey-s-special-dark-40g
https://vgg.bites.com.my/collections/groceries,Groceries,VAN HOUTEN COCOA POWDER BOX 350G,RM34.75,,https://vgg.bites.com.my/collections/groceries/products/van-houten-cocoa-powder-box-350g
https://vgg.bites.com.my/collections/groceries,Groceries,CIRIO CHICK PEAS (BOX) 380G,RM6.25,,https://vgg.bites.com.my/collections/groceries/products/cirio-chick-peas-box-380g
https://vgg.bites.com.my/collections/groceries,Groceries,HEXA PAPRIKA POWDER 30G,RM4.55,,https://vgg.bites.com.my/collections/groceries/products/hexa-paprika-powder-30g
https://vgg.bites.com.my/collections/groceries,Groceries,APPLE DOUBLE DELUXE LIGHT SOYA SAUCE 700G,RM15.20,,https://vgg.bites.com.my/collections/groceries/products/apple-double-deluxe-light-soya-sauce-700g
https://vgg.bites.com.my/collections/groceries,Groceries,ANGEL KICAP CAIR 750ML,RM12.80,,https://vgg.bites.com.my/collections/groceries/products/angel-kicap-cair-750ml
https://vgg.bites.com.my/collections/groceries,Groceries,BABAS SERBUK KUNYIT 125G,RM3.80,,https://vgg.bites.com.my/collections/groceries/products/babas-serbuk-kunyit-125g
https://vgg.bites.com.my/collections/groceries,Groceries,BASSO EXTRA VIRGIN OLIVE OIL 1L,RM58.99,RM65.00,https://vgg.bites.com.my/collections/groceries/products/basso-extra-virgin-olive-oil-1l
https://vgg.bites.com.my/collections/groceries,Groceries,BABAS JINTAN MANIS 70G,RM3.30,,https://vgg.bites.com.my/collections/groceries/products/babas-jintan-manis-70g
https://vgg.bites.com.my/collections/groceries,Groceries,BABAS KARI DAGING 250G,RM6.80,,https://vgg.bites.com.my/collections/groceries/products/babas-kari-daging-250g
https://vgg.bites.com.my/collections/groceries,Groceries,BASSO POMACE OLIVE OIL 1L,RM34.99,RM41.25,https://vgg.bites.com.my/collections/groceries/products/basso-pomace-olive-oil-1l
https://vgg.bites.com.my/collections/groceries,Groceries,BASSO POMACE OLIVE OIL 250ML,RM14.40,,https://vgg.bites.com.my/collections/groceries/products/basso-pomace-olive-oil-250ml
https://vgg.bites.com.my/collections/groceries,Groceries,BASSO PURE OLIVE OIL 500ML,RM34.25,,https://vgg.bites.com.my/collections/groceries/products/basso-pure-olive-oil-500ml
https://vgg.bites.com.my/collections/groceries,Groceries,BERTOLLI CLASSICO OLIVE OIL 1000ML,RM74.60,,https://vgg.bites.com.my/collections/groceries/products/bertolli-classico-olive-oil-1000ml
https://vgg.bites.com.my/collections/groceries,Groceries,BERTOLLI CLASSICO OLIVE OIL 100ML,RM13.35,,https://vgg.bites.com.my/collections/groceries/products/bertolli-classico-olive-oil-100ml
https://vgg.bites.com.my/collections/groceries,Groceries,BABAS SERBUK KUNYIT 250G,RM7.60,,https://vgg.bites.com.my/collections/groceries/products/babas-serbuk-kunyit-250g
https://vgg.bites.com.my/collections/groceries,Groceries,BERTOLLI EXTRA LIGHT OLIVE OIL 500ML,RM34.49,RM40.90,https://vgg.bites.com.my/collections/groceries/products/bertolli-extra-light-olive-oil-500ml
https://vgg.bites.com.my/collections/groceries,Groceries,BERTOLLI CLASSICO OLIVE OIL 500ML,RM34.49,RM40.90,https://vgg.bites.com.my/collections/groceries/products/bertolli-classico-olive-oil-500ml
https://vgg.bites.com.my/collections/groceries,Groceries,BERTOLLI EXTRA VIRGIN OLIVE OIL 250ML,RM24.40,,https://vgg.bites.com.my/collections/groceries/products/bertolli-extra-virgin-olive-oil-250ml
https://vgg.bites.com.my/collections/groceries,Groceries,CAMPBELL'S REAL STOCK BEEF 1L,RM17.10,,https://vgg.bites.com.my/collections/groceries/products/campbell-s-real-stock-beef-1l
https://vgg.bites.com.my/collections/groceries,Groceries,CAMPBELL'S REAL STOCK CHICKEN 1L,RM17.10,,https://vgg.bites.com.my/collections/groceries/products/campbell-s-real-stock-chicken-1l
https://vgg.bites.com.my/collections/groceries,Groceries,CAMPBELL'S REAL STOCK VEGE SALT REDUCED 1L,RM17.10,,https://vgg.bites.com.my/collections/groceries/products/campbell-s-real-stock-vege-salt-reduced-1l
https://vgg.bites.com.my/collections/groceries,Groceries,CAMPBELL'S REAL STOCK VEGETABLE 1L,RM17.10,,https://vgg.bites.com.my/collections/groceries/products/campbell-s-real-stock-vegetable-1l
https://vgg.bites.com.my/collections/groceries,Groceries,CAMPBELL'S REAL STOCK CHIC SALT REDUCED 1L,RM17.10,,https://vgg.bites.com.my/collections/groceries/products/campbells-real-stock-chic-salt-reduced-1l
https://vgg.bites.com.my/collections/groceries,Groceries,DAISY CORN OIL 2KG,RM30.19,RM31.25,https://vgg.bites.com.my/collections/groceries/products/daisy-corn-oil-2kg
https://vgg.bites.com.my/collections/groceries,Groceries,DAISY CORN OIL 1KG,RM15.89,RM16.55,https://vgg.bites.com.my/collections/groceries/products/daisy-corn-oil-1kg
https://vgg.bites.com.my/collections/groceries,Groceries,DAISY CORN OIL 500G,RM7.69,RM8.95,https://vgg.bites.com.my/collections/groceries/products/daisy-corn-oil-500g
https://vgg.bites.com.my/collections/groceries,Groceries,DORITOS MILD SALSA DIP 300G,RM16.10,,https://vgg.bites.com.my/collections/groceries/products/doritos-mild-salsa-dip-300g
https://vgg.bites.com.my/collections/groceries,Groceries,DORITOS HOT SALSA DIP 300G,RM16.10,,https://vgg.bites.com.my/collections/groceries/products/doritos-hot-salsa-dip-300g
https://vgg.bites.com.my/collections/groceries,Groceries,DORITOS MEDIUM SALSA DIP 300G,RM16.10,,https://vgg.bites.com.my/collections/groceries/products/doritos-medium-salsa-dip-300g
https://vgg.bites.com.my/collections/groceries,Groceries,HELLMANNS CHUNKY BURGER SAUCE 256GM,RM15.90,,https://vgg.bites.com.my/collections/groceries/products/hellmanns-chunky-burger-sauce-256gm
https://vgg.bites.com.my/collections/groceries,Groceries,HEINZ CHICKEN BROTH 1L,RM21.55,,https://vgg.bites.com.my/collections/groceries/products/heinz-chicken-broth-1l
https://vgg.bites.com.my/collections/groceries,Groceries,HEXA CHILI FLAKES 30G,RM4.80,,https://vgg.bites.com.my/collections/groceries/products/hexa-chili-flakes-30g
https://vgg.bites.com.my/collections/groceries,Groceries,HEXA STAR ANISE 25G,RM5.65,,https://vgg.bites.com.my/collections/groceries/products/hexa-star-anise-25g
https://vgg.bites.com.my/collections/groceries,Groceries,KEWPIE CAESAR DRESSING 210ML,RM9.29,,https://vgg.bites.com.my/collections/groceries/products/kewpie-caesar-dressing-210ml
https://vgg.bites.com.my/collections/groceries,Groceries,KEWPIE HOT SPICY DRESSING 210ML,RM9.40,,https://vgg.bites.com.my/collections/groceries/products/kewpie-hot-spicy-dressing-210ml
https://vgg.bites.com.my/collections/groceries,Groceries,KIKKOMAN JAPANESE GRILL TERIYAKI 250ML,RM18.35,,https://vgg.bites.com.my/collections/groceries/products/kikkoman-japanese-grill-teriyaki-250ml
https://vgg.bites.com.my/collections/groceries,Groceries,KIKKOMAN SOY SAUCE 250ML,RM14.65,,https://vgg.bites.com.my/collections/groceries/products/kikkoman-soy-sauce-250ml
https://vgg.bites.com.my/collections/groceries,Groceries,KEWPIE DRESSING THOUSAND ISLAND 210ML,RM9.29,,https://vgg.bites.com.my/collections/groceries/products/kewpie-dressing-thousand-island-210ml
https://vgg.bites.com.my/collections/groceries,Groceries,KEWPIE YUZU ROASTED SESAME 210ML,RM9.29,,https://vgg.bites.com.my/collections/groceries/products/kewpie-yuzu-roasted-sesame-210ml
https://vgg.bites.com.my/collections/groceries,Groceries,KNIFE CLASSIC LIGHT SOY SAUCE 500ML,RM6.49,RM7.25,https://vgg.bites.com.my/collections/groceries/products/knife-classic-light-soy-sauce-500ml
https://vgg.bites.com.my/collections/groceries,Groceries,KIKKOMAN SPE FRAGRANCE SOY SAUCE 600ML,RM15.00,,https://vgg.bites.com.my/collections/groceries/products/kikkoman-spe-fragrance-soy-sauce-600ml
https://vgg.bites.com.my/collections/groceries,Groceries,LKK FIRST DRAW SOY SAUCE 500ML,RM11.70,,https://vgg.bites.com.my/collections/groceries/products/lkk-first-draw-soy-sauce-500ml
https://vgg.bites.com.my/collections/groceries,Groceries,KING RICE BRAN OIL 500ML,RM13.75,,https://vgg.bites.com.my/collections/groceries/products/king-rice-bran-oil-500ml
https://vgg.bites.com.my/collections/groceries,Groceries,KNIFE COOKING OIL 5KG,RM34.99,RM36.95,https://vgg.bites.com.my/collections/groceries/products/knife-cooking-oil-5kg
https://vgg.bites.com.my/collections/groceries,Groceries,LKK PANDA OYSTER SAUCE 510G,RM9.25,,https://vgg.bites.com.my/collections/groceries/products/lkk-panda-oyster-sauce-510g
https://vgg.bites.com.my/collections/groceries,Groceries,LKK PANDA OYSTER SAUCE 770G,RM10.85,,https://vgg.bites.com.my/collections/groceries/products/lkk-panda-oyster-sauce-770g
https://vgg.bites.com.my/collections/groceries,Groceries,MAGGI CUKUP RASA ALL IN 1 SEASONING 100G,RM3.70,,https://vgg.bites.com.my/collections/groceries/products/maggi-cukup-rasa-all-in-1-seasoning-100g
https://vgg.bites.com.my/collections/groceries,Groceries,MAGGI OYSTER SAUCE 340G,RM6.00,,https://vgg.bites.com.my/collections/groceries/products/maggi-oyster-sauce-340g
https://vgg.bites.com.my/collections/groceries,Groceries,MAGGI THAI CHILLI SAUCE 350G,RM6.10,,https://vgg.bites.com.my/collections/groceries/products/maggi-thai-chilli-sauce-350g
https://vgg.bites.com.my/collections/groceries,Groceries,MAGGI THAI CHILLI SAUCE 525G,RM8.45,,https://vgg.bites.com.my/collections/groceries/products/maggi-thai-chilli-sauce-525g
https://vgg.bites.com.my/collections/groceries,Groceries,LKK SEASONED SEAFOOD SOY SAUCE 410ML,RM8.80,,https://vgg.bites.com.my/collections/groceries/products/lkk-seasoned-seafood-soy-sauce-410ml
https://vgg.bites.com.my/collections/groceries,Groceries,MAK NYONYA ASAM PEDAS 200G,RM6.95,,https://vgg.bites.com.my/collections/groceries/products/mak-nyonya-asam-pedas-200g
https://vgg.bites.com.my/collections/groceries,Groceries,MAGGI TOMATO SAUCE 325G,RM4.45,,https://vgg.bites.com.my/collections/groceries/products/maggi-tomato-sauce-325g
https://vgg.bites.com.my/collections/groceries,Groceries,MASTERFOODS MUSTARD HONEY 250G,RM15.39,RM16.20,https://vgg.bites.com.my/collections/groceries/products/masterfoods-mustard-honey-250g
https://vgg.bites.com.my/collections/groceries,Groceries,NATUREL EXTRA VIRGIN OLIVE OIL 750ML,RM42.69,RM54.50,https://vgg.bites.com.my/collections/groceries/products/naturel-extra-virgin-olive-oil-750ml
https://vgg.bites.com.my/collections/groceries,Groceries,NATUREL BLEND COOKING OIL 1KG,RM14.19,RM14.90,https://vgg.bites.com.my/collections/groceries/products/naturel-blend-cooking-oil-1kg
https://vgg.bites.com.my/collections/groceries,Groceries,RED ISLAND EXTRA VIRGIN OLIVE OIL 1L,RM94.60,,https://vgg.bites.com.my/collections/groceries/products/red-island-extra-virgin-olive-oil-1l
https://vgg.bites.com.my/collections/groceries,Groceries,SAMYANG HOT CHICKEN FLAV SAUCE 200G,RM15.90,,https://vgg.bites.com.my/collections/groceries/products/samyang-hot-chicken-flav-sauce-200g
https://vgg.bites.com.my/collections/groceries,Groceries,NEUVIDA HIGH OLEIC ACID COOKING OIL 2KG,RM38.20,,https://vgg.bites.com.my/collections/groceries/products/neuvida-high-oleic-acid-cooking-oil-2kg
https://vgg.bites.com.my/collections/groceries,Groceries,SMART BALANCE COOKING OIL 1KG,RM13.70,,https://vgg.bites.com.my/collections/groceries/products/smart-balance-cooking-oil-1kg
https://vgg.bites.com.my/collections/groceries,Groceries,JASMINE PUSA CREAM BASMATHI SELLA PARBOI 5KG,RM33.99,RM49.90,https://vgg.bites.com.my/collections/groceries/products/jasmine-pusa-cream-basmathi-sella-parboi-5kg
https://vgg.bites.com.my/collections/groceries,Groceries,JASMINE SUNWHITE FRAGRANT RICE 10KG,RM60.29,RM71.00,https://vgg.bites.com.my/collections/groceries/products/jasmine-sunwhite-fragrant-rice-10kg
https://vgg.bites.com.my/collections/groceries,Groceries,ECOBROWNS SELLA CREAM PREMIUM BASMATHI 5KG,RM44.70,,https://vgg.bites.com.my/collections/groceries/products/ecobrowns-sella-cream-premium-basmathi-5kg
https://vgg.bites.com.my/collections/groceries,Groceries,JASMINE SUPER 5 IMPORT 5KG,RM18.39,RM21.80,https://vgg.bites.com.my/collections/groceries/products/jasmine-super-5-import-5kg
https://vgg.bites.com.my/collections/groceries,Groceries,SAMYANG HOT CHICKEN JJAJANG 5X140G,RM28.95,,https://vgg.bites.com.my/collections/groceries/products/samyang-hot-chicken-jjajang-5x140g
https://vgg.bites.com.my/collections/groceries,Groceries,SAMYANG HOT CHICKEN RAMEN CARBONARA 5SX130G,RM28.95,,https://vgg.bites.com.my/collections/groceries/products/samyang-hot-chicken-ramen-carbonara-5sx130g
https://vgg.bites.com.my/collections/groceries,Groceries,CHINA NONG SHIM CLAY POT CUP 70G,RM4.99,RM5.55,https://vgg.bites.com.my/collections/groceries/products/china-nong-shim-clay-pot-cup-70g
https://vgg.bites.com.my/collections/groceries,Groceries,NONG SHIM SHIN SOON VEGE RAMYUN 5X112G,RM17.99,RM19.90,https://vgg.bites.com.my/collections/groceries/products/nong-shim-shin-soon-vege-ramyun-5x112g
https://vgg.bites.com.my/collections/groceries,Groceries,SAMYANG HOT CHICKEN CHEESE RAMEN 5X140GM,RM28.90,,https://vgg.bites.com.my/collections/groceries/products/samyang-hot-chicken-cheese-ramen-5x140gm
https://vgg.bites.com.my/collections/groceries,Groceries,PAMA PLAIN BIHUN PREMIUM 350G,RM5.80,,https://vgg.bites.com.my/collections/groceries/products/pama-plain-bihun-premium-350g
https://vgg.bites.com.my/collections/groceries,Groceries,PAMA PLAIN BIHUN GOLD INSTANT 350G,RM6.45,,https://vgg.bites.com.my/collections/groceries/products/pama-plain-bihun-gold-instant-350g
https://vgg.bites.com.my/collections/groceries,Groceries,JOHN WEST PINK SALMON 105G,RM15.10,,https://vgg.bites.com.my/collections/groceries/products/john-west-pink-salmon-105g
https://vgg.bites.com.my/collections/groceries,Groceries,JOHN WEST TUNA TEMP ONION & TOMATO 95G,RM7.50,,https://vgg.bites.com.my/collections/groceries/products/john-west-tuna-temp-onion-tomato-95g
https://vgg.bites.com.my/collections/groceries,Groceries,JOHN WEST TUNA TEMPTERS SWEET CHILLI 95G,RM7.50,,https://vgg.bites.com.my/collections/groceries/products/john-west-tuna-tempters-sweet-chilli-95g
https://vgg.bites.com.my/collections/groceries,Groceries,CIRIO WHOLE PEELED TOMATO 400GM,RM7.85,,https://vgg.bites.com.my/collections/groceries/products/cirio-whole-peeled-tomato-400gm
https://vgg.bites.com.my/collections/groceries,Groceries,CIRIO POLPA FINE CHOPPED TOMATOES CHILI 390G,RM7.05,,https://vgg.bites.com.my/collections/groceries/products/cirio-polpa-fine-chopped-tomatoes-chili-390g
https://vgg.bites.com.my/collections/groceries,Groceries,HEINZ BEANZ NO ADDED SUGAR 415G,RM8.50,,https://vgg.bites.com.my/collections/groceries/products/heinz-beanz-no-added-sugar-415g
https://vgg.bites.com.my/collections/groceries,Groceries,JOHN WEST TUNA TEMPTERS CHILLI 95G,RM7.50,,https://vgg.bites.com.my/collections/groceries/products/john-west-tuna-tempters-chilli-95g
https://vgg.bites.com.my/collections/groceries,Groceries,CIRIO CHERRY TOMATOES-POMODORINI 400GM,RM10.30,,https://vgg.bites.com.my/collections/groceries/products/cirio-cherry-tomatoes-pomodorini-400gm
https://vgg.bites.com.my/collections/groceries,Groceries,CAMPBELLS COUNTRY LADLE CREAMY CHIC 500G,RM20.15,,https://vgg.bites.com.my/collections/groceries/products/campbells-country-ladle-creamy-chic-500g
https://vgg.bites.com.my/collections/groceries,Groceries,HOSEN PEACHES HALVES 825G,RM12.70,,https://vgg.bites.com.my/collections/groceries/products/hosen-peaches-halves-825g
https://vgg.bites.com.my/collections/groceries,Groceries,CIRIO PASSATA-SIEVED TOMATOES 700G,RM11.99,RM12.85,https://vgg.bites.com.my/collections/groceries/products/cirio-passata-sieved-tomatoes-700g
https://vgg.bites.com.my/collections/groceries,Groceries,HOSEN STRAW MUSHROOM 425G,RM5.05,,https://vgg.bites.com.my/collections/groceries/products/hosen-straw-mushroom-425g
https://vgg.bites.com.my/collections/groceries,Groceries,CIRIO PASSATA RUSTICA-CRUSHED TOMATOES 680G,RM12.99,RM14.15,https://vgg.bites.com.my/collections/groceries/products/cirio-passata-rustica-crushed-tomatoes-680g
https://vgg.bites.com.my/collections/groceries,Groceries,HOSEN RAMBUTAN 565G,RM11.50,,https://vgg.bites.com.my/collections/groceries/products/hosen-rambutan-565g
https://vgg.bites.com.my/collections/groceries,Groceries,JOHN WEST SMOKED SALMON SLICES 125G,RM16.10,,https://vgg.bites.com.my/collections/groceries/products/john-west-smoked-salmon-slices-125g
https://vgg.bites.com.my/collections/groceries,Groceries,BAXTERS MINESTRONE SOUP 400G,RM13.90,,https://vgg.bites.com.my/collections/groceries/products/baxters-minestrone-soup-400g
https://vgg.bites.com.my/collections/groceries,Groceries,SPRITZER DRINKING WATER 550ML,RM1.35,,https://vgg.bites.com.my/collections/groceries/products/spritzer-drinking-water-550ml
https://vgg.bites.com.my/collections/groceries,Groceries,SPRITZER SPARKLING MINERAL WATER 1L,RM3.79,RM3.90,https://vgg.bites.com.my/collections/groceries/products/spritzer-sparkling-mineral-water-1l
https://vgg.bites.com.my/collections/groceries,Groceries,NESCAFE GOLD JAR 50G,RM15.80,,https://vgg.bites.com.my/collections/groceries/products/nescafe-gold-jar-50g
https://vgg.bites.com.my/collections/groceries,Groceries,EVIAN MINERAL WATER 330ML,RM5.70,,https://vgg.bites.com.my/collections/groceries/products/evian-mineral-water-330ml
https://vgg.bites.com.my/collections/groceries,Groceries,CARNATION EVAPORATED CREAMER 390G,RM4.25,,https://vgg.bites.com.my/collections/groceries/products/carnation-evaporated-creamer-390g
https://vgg.bites.com.my/collections/groceries,Groceries,VITAGEN ASSORTED 5X125ML,RM5.85,,https://vgg.bites.com.my/collections/groceries/products/vitagen-assorted-5x125ml
https://vgg.bites.com.my/collections/groceries,Groceries,RIBENA CORDIAL BLACKCURRANT 850ML,RM15.89,RM16.85,https://vgg.bites.com.my/collections/groceries/products/ribena-cordial-blackcurrant-850ml
https://vgg.bites.com.my/collections/groceries,Groceries,SPRITZER MINERAL WATER 6L,RM9.40,,https://vgg.bites.com.my/collections/groceries/products/spritzer-mineral-water-6l
https://vgg.bites.com.my/collections/groceries,Groceries,DUTCH LADY UHT MILKY FROZEN CHOC 4X125ML,RM5.75,,https://vgg.bites.com.my/collections/groceries/products/dutch-lady-uht-milky-frozen-choc-4x125ml
https://vgg.bites.com.my/collections/groceries,Groceries,UFC REFRESH COCONUT WATER 1L,RM8.49,RM9.00,https://vgg.bites.com.my/collections/groceries/products/ufc-refresh-coconut-water-1l
https://vgg.bites.com.my/collections/groceries,Groceries,3 LEGS COOLING WATER 200ML,RM1.85,,https://vgg.bites.com.my/collections/groceries/products/3-legs-cooling-water-200ml
https://vgg.bites.com.my/collections/groceries,Groceries,DR PEPPER REG MINI CAN 150ML,RM4.95,,https://vgg.bites.com.my/collections/groceries/products/dr-pepper-reg-mini-can-150ml
https://vgg.bites.com.my/collections/groceries,Groceries,SPRITZER DRINKING WATER 6L,RM9.40,,https://vgg.bites.com.my/collections/groceries/products/spritzer-drinking-water-6l
https://vgg.bites.com.my/collections/groceries,Groceries,VITAGEN LB 5X125ML,RM5.60,,https://vgg.bites.com.my/collections/groceries/products/vitagen-lb-5x125ml
https://vgg.bites.com.my/collections/groceries,Groceries,SOLO ORIGINAL LEMON 375ML,RM7.90,,https://vgg.bites.com.my/collections/groceries/products/solo-original-lemon-375ml
https://vgg.bites.com.my/collections/groceries,Groceries,NESCAFE GOLD STICKBOX 20X2G,RM13.80,,https://vgg.bites.com.my/collections/groceries/products/nescafe-gold-stickbox-20x2g
https://vgg.bites.com.my/collections/groceries,Groceries,AH HUAT WHITE COFFEE LOW FAT NO SUGAR 15X20G,RM18.00,,https://vgg.bites.com.my/collections/groceries/products/ah-huat-white-coffee-low-fat-no-sugar-15x20g
https://vgg.bites.com.my/collections/groceries,Groceries,DILMAH GREEN TEA MOROCCAN MINT 20'S,RM9.95,,https://vgg.bites.com.my/collections/groceries/products/dilmah-green-tea-moroccan-mint-20-s
https://vgg.bites.com.my/collections/groceries,Groceries,PEPSI REGULAR 320ML,RM1.95,,https://vgg.bites.com.my/collections/groceries/products/pepsi-regular-320ml
https://vgg.bites.com.my/collections/groceries,Groceries,SPRITZER MINERAL WATER 2X9.5L,RM22.10,,https://vgg.bites.com.my/collections/groceries/products/spritzer-mineral-water-2x95l
https://vgg.bites.com.my/collections/groceries,Groceries,MARIGOLD PEEL FRESH ORANGE 2L,RM13.40,,https://vgg.bites.com.my/collections/groceries/products/marigold-peel-fresh-orange-2l
https://vgg.bites.com.my/collections/groceries,Groceries,SPRITZER TINGE LEMON 500ML,RM1.65,,https://vgg.bites.com.my/collections/groceries/products/spritzer-tinge-lemon-500ml
https://vgg.bites.com.my/collections/groceries,Groceries,STARBUCKS PREMIUM INSTANT MOCHA 4S,RM15.10,,https://vgg.bites.com.my/collections/groceries/products/starbucks-premium-instant-mocha-4s
https://vgg.bites.com.my/collections/groceries,Groceries,REMEDY ORGANIC KOMBUCHA GINGER LEMON 330ML,RM13.05,,https://vgg.bites.com.my/collections/groceries/products/remedy-organic-kombucha-ginger-lemon-330ml
https://vgg.bites.com.my/collections/groceries,Groceries,SPRITZER DRINKING WATER 2X6L,RM18.80,,https://vgg.bites.com.my/collections/groceries/products/spritzer-drinking-water-2x6l
https://vgg.bites.com.my/collections/groceries,Groceries,BOH TEA POTBAGS 80'S,RM9.60,,https://vgg.bites.com.my/collections/groceries/products/boh-tea-potbags-80-s
https://vgg.bites.com.my/collections/groceries,Groceries,ARIZONA LEMONADE 22FL OZ,RM7.00,,https://vgg.bites.com.my/collections/groceries/products/arizona-lemonade-22fl-oz
https://vgg.bites.com.my/collections/groceries,Groceries,SPRITZER DRINKING WATER 2X9.5L,RM22.10,,https://vgg.bites.com.my/collections/groceries/products/spritzer-drinking-water-2x95l
https://vgg.bites.com.my/collections/groceries,Groceries,RED BULL EUROPE 250ML,RM6.90,,https://vgg.bites.com.my/collections/groceries/products/red-bull-europe-250ml
https://vgg.bites.com.my/collections/groceries,Groceries,AHMAD TEA FRUIT TEA SELECTION 20TB,RM13.29,RM15.60,https://vgg.bites.com.my/collections/groceries/products/ahmad-tea-fruit-tea-selection-20tb
https://vgg.bites.com.my/collections/groceries,Groceries,MONSTER ENERGY ULTRA 355ML,RM4.99,RM5.50,https://vgg.bites.com.my/collections/groceries/products/monster-energy-ultra-355ml
https://vgg.bites.com.my/collections/groceries,Groceries,DRINHO SUGARCANE 6X250ML,RM6.70,,https://vgg.bites.com.my/collections/groceries/products/drinho-sugarcane-6x250ml
https://vgg.bites.com.my/collections/groceries,Groceries,F&N ICE CREAM SODA 500ML,RM2.20,,https://vgg.bites.com.my/collections/groceries/products/fn-ice-cream-soda-500ml
https://vgg.bites.com.my/collections/groceries,Groceries,NESCAFE DOLCE GUSTO CAPPUCINO 16S,RM29.99,RM33.10,https://vgg.bites.com.my/collections/groceries/products/nescafe-dolce-gusto-cappucino-16s
https://vgg.bites.com.my/collections/groceries,Groceries,SEASONS ICE LEMON TEA 300ML,RM1.70,,https://vgg.bites.com.my/collections/groceries/products/seasons-ice-lemon-tea-300ml
https://vgg.bites.com.my/collections/groceries,Groceries,ARIZONA DIET GREEN TEA 22FL OZ,RM7.00,,https://vgg.bites.com.my/collections/groceries/products/arizona-diet-green-tea-22fl-oz
https://vgg.bites.com.my/collections/groceries,Groceries,MARIGOLD PEEL FRESH ORANGE 300ML,RM2.75,,https://vgg.bites.com.my/collections/groceries/products/marigold-peel-fresh-orange-300ml
https://vgg.bites.com.my/collections/groceries,Groceries,NESCAFE DOLCE GUSTO CAFE AU LAIT 16S,RM29.99,RM33.10,https://vgg.bites.com.my/collections/groceries/products/nescafe-dolce-gusto-cafe-au-lait-16s
https://vgg.bites.com.my/collections/groceries,Groceries,DRINHO SOYA BEAN 1L,RM3.75,,https://vgg.bites.com.my/collections/groceries/products/drinho-soya-bean-1l
https://vgg.bites.com.my/collections/groceries,Groceries,FRUIT TREE FRESH MANGOSTEEN & POMEGRANATE NSA 1L,RM7.55,,https://vgg.bites.com.my/collections/groceries/products/fruit-tree-fresh-mangosteen-pomegranate-nsa-1l
https://vgg.bites.com.my/collections/groceries,Groceries,BOH DOUBLE CHAMBER GREEN TEA 50S,RM10.79,RM11.45,https://vgg.bites.com.my/collections/groceries/products/boh-double-chamber-green-tea-50s
https://vgg.bites.com.my/collections/groceries,Groceries,BOH TEA POTBAGS 120'S,RM14.50,,https://vgg.bites.com.my/collections/groceries/products/boh-tea-potbags-120-s
https://vgg.bites.com.my/collections/groceries,Groceries,SUNKIST APPLE JUICE 1L,RM5.80,,https://vgg.bites.com.my/collections/groceries/products/15010200
https://vgg.bites.com.my/collections/groceries,Groceries,POKKA PREMIUM MILK COFFEE 240ML,RM2.59,RM2.80,https://vgg.bites.com.my/collections/groceries/products/pokka-premium-milk-coffee-240ml
https://vgg.bites.com.my/collections/groceries,Groceries,POKKA LEMON TEA 500ML,RM3.00,,https://vgg.bites.com.my/collections/groceries/products/pokka-lemon-tea-500ml
https://vgg.bites.com.my/collections/groceries,Groceries,STARBUCKS PREMIUM INSTANT CAPPUCCINO 4S,RM15.10,,https://vgg.bites.com.my/collections/groceries/products/starbucks-premium-instant-cappuccino-4s
https://vgg.bites.com.my/collections/groceries,Groceries,STARBUCKS PREMIUM INSTANT LATTE 4S,RM15.10,,https://vgg.bites.com.my/collections/groceries/products/starbucks-premium-instant-latte-4s
https://vgg.bites.com.my/collections/groceries,Groceries,NESCAFE ORIGINAL CAN 240ML,RM2.70,,https://vgg.bites.com.my/collections/groceries/products/nescafe-original-can-240ml
https://vgg.bites.com.my/collections/groceries,Groceries,NESCAFE DOLCE GUSTO CHOCOCINO 16S,RM29.99,RM33.10,https://vgg.bites.com.my/collections/groceries/products/nescafe-dolce-gusto-chococino-16s
https://vgg.bites.com.my/collections/groceries,Groceries,POKKA PREMIUM MOCHA COFFEE 240ML,RM2.59,RM2.80,https://vgg.bites.com.my/collections/groceries/products/pokka-premium-mocha-coffee-240ml
https://vgg.bites.com.my/collections/groceries,Groceries,HACO SUISS ESPRESSO DARK ROAST 100G,RM41.99,RM47.65,https://vgg.bites.com.my/collections/groceries/products/haco-suiss-espresso-dark-roast-100g
https://vgg.bites.com.my/collections/groceries,Groceries,HOMESOY SOYA 750ML,RM5.35,,https://vgg.bites.com.my/collections/groceries/products/homesoy-soya-750ml
https://vgg.bites.com.my/collections/groceries,Groceries,AHMAD TEA DETOX 20S,RM11.99,RM13.00,https://vgg.bites.com.my/collections/groceries/products/ahmad-tea-detox-20s
https://vgg.bites.com.my/collections/groceries,Groceries,OSK JAPANESE GREEN TEA 50X2G,RM27.90,,https://vgg.bites.com.my/collections/groceries/products/osk-japanese-green-tea-50x2g
https://vgg.bites.com.my/collections/groceries,Groceries,NESCAFE CLASSIC JAR 100G,RM18.80,,https://vgg.bites.com.my/collections/groceries/products/nescafe-classic-jar-100g
https://vgg.bites.com.my/collections/groceries,Groceries,SPRITE 1.5L,RM4.19,RM4.50,https://vgg.bites.com.my/collections/groceries/products/sprite-1-5l
https://vgg.bites.com.my/collections/groceries,Groceries,MARIGOLD PEEL FRESH PINK GUAVA 2L,RM13.40,,https://vgg.bites.com.my/collections/groceries/products/marigold-peel-fresh-pink-guava-2l
https://vgg.bites.com.my/collections/groceries,Groceries,AHMAD TEA GREEN TEA 100S,RM20.99,RM22.50,https://vgg.bites.com.my/collections/groceries/products/ahmad-tea-green-tea-100s
https://vgg.bites.com.my/collections/groceries,Groceries,BOH DOUBLE CHAMBER 25'S,RM4.80,,https://vgg.bites.com.my/collections/groceries/products/boh-double-chamber-25s
https://vgg.bites.com.my/collections/groceries,Groceries,NESCAFE ICED CAPPUCCINO 500ML,RM4.85,,https://vgg.bites.com.my/collections/groceries/products/nescafe-iced-cappuccino-500ml
https://vgg.bites.com.my/collections/groceries,Groceries,CED ORGANIC INSTANT ROLLED OAT 450G,RM9.50,,https://vgg.bites.com.my/collections/groceries/products/ced-organic-instant-rolled-oat-450g
https://vgg.bites.com.my/collections/groceries,Groceries,CED PEANUT BUTTER CRUNCH 500G,RM14.79,RM15.80,https://vgg.bites.com.my/collections/groceries/products/ced-peanut-butter-crunch-500g
https://vgg.bites.com.my/collections/groceries,Groceries,RADIANT ORGANIC ROLLED OAT 500G,RM10.90,,https://vgg.bites.com.my/collections/groceries/products/radiant-organic-rolled-oat-500g
https://vgg.bites.com.my/collections/groceries,Groceries,LOVE EARTH DARK BROWN SOFT SUGAR 500GM,RM16.80,,https://vgg.bites.com.my/collections/groceries/products/love-earth-dark-brown-soft-sugar-500gm
https://vgg.bites.com.my/collections/groceries,Groceries,ALCE NERO ORG ACETO BALSAMICO DI MODENA 250ML,RM16.50,,https://vgg.bites.com.my/collections/groceries/products/alce-nero-org-aceto-balsamico-di-modena-250ml
https://vgg.bites.com.my/collections/groceries,Groceries,MAMAMI ORGANIC QUINOA MIX 500G,RM26.29,RM26.80,https://vgg.bites.com.my/collections/groceries/products/mamami-organic-quinoa-mix-500g
https://vgg.bites.com.my/collections/groceries,Groceries,GARDENIA ROLL UP WRAPS CLASSIC 5X45G,RM5.20,,https://vgg.bites.com.my/collections/groceries/products/gardenia-roll-up-wraps-classic-5x45g
https://vgg.bites.com.my/collections/groceries,Groceries,7DAYS BUTTER CROISSANT 60G,RM1.90,,https://vgg.bites.com.my/collections/groceries/products/7days-butter-croissant-60g
https://vgg.bites.com.my/collections/groceries,Groceries,JULIE'S WAFER CUBE HAZELNUT 150G,RM6.25,,https://vgg.bites.com.my/collections/groceries/products/julie-s-wafer-cube-hazelnut-150g
https://vgg.bites.com.my/collections/groceries,Groceries,OLD TOWN 3IN1 W/CAFE LESS SUGAR 15SX35G,RM18.99,RM21.00,https://vgg.bites.com.my/collections/groceries/products/old-town-3in1-w-cafe-less-sugar-15sx35g
https://vgg.bites.com.my/collections/groceries,Groceries,POP FICTION POPCORN BUTTER 100G,RM16.10,,https://vgg.bites.com.my/collections/groceries/products/pop-fiction-popcorn-butter-100g
https://vgg.bites.com.my/collections/groceries,Groceries,REMEDY ORGANIC KOMBUCHA MANGO PASSION 330ML,RM11.99,RM13.05,https://vgg.bites.com.my/collections/groceries/products/remedy-organic-kombucha-mango-passion-330ml
https://vgg.bites.com.my/collections/groceries,Groceries,DJ&A SHIITAKE MUSHROOM CRISPS 65G,RM16.50,,https://vgg.bites.com.my/collections/groceries/products/dj-a-shiitake-mushroom-crisps-65g
https://vgg.bites.com.my/collections/groceries,Groceries,DJ&A SUGAR SNAP PEA CRISPS 30G,RM11.50,,https://vgg.bites.com.my/collections/groceries/products/dj-a-sugar-snap-pea-crisps-30g
https://vgg.bites.com.my/collections/groceries,Groceries,POP FICTION POPCORN SEA SALT 80G,RM16.10,,https://vgg.bites.com.my/collections/groceries/products/pop-fiction-popcorn-sea-salt-80g
https://vgg.bites.com.my/collections/groceries,Groceries,POP FICTION POPCORN CHEDDAR CHEESE 100G,RM16.10,,https://vgg.bites.com.my/collections/groceries/products/pop-fiction-popcorn-cheddar-cheese-100g
https://vgg.bites.com.my/collections/groceries,Groceries,POP FICTION POPCORN SWEET N SALTY 120G,RM16.10,,https://vgg.bites.com.my/collections/groceries/products/pop-fiction-popcorn-sweet-n-salty-120g
https://vgg.bites.com.my/collections/groceries,Groceries,LIPTON YELLOW LABEL TEABAG 100SX2G,RM16.69,RM19.35,https://vgg.bites.com.my/collections/groceries/products/lipton-yellow-label-teabag-100sx2g
https://vgg.bites.com.my/collections/groceries,Groceries,MAGGI CURRY 5X79G,RM4.99,RM6.25,https://vgg.bites.com.my/collections/groceries/products/maggi-curry-5x79g
https://vgg.bites.com.my/collections/groceries,Groceries,KINDER BUENO T6 FP 3X43G,RM15.80,,https://vgg.bites.com.my/collections/groceries/products/kinder-bueno-t6-fp-3x43g
https://vgg.bites.com.my/collections/groceries,Groceries,MARIGOLD 100% JUICE TROPICAL FRUIT 1L,RM7.35,,https://vgg.bites.com.my/collections/groceries/products/marigold-100-juice-tropical-fruit-1l
https://vgg.bites.com.my/collections/groceries,Groceries,MAGGI IKAN BILIS CUBE 6X10G,RM3.40,,https://vgg.bites.com.my/collections/groceries/products/maggi-ikan-bilis-cube-6x10g
https://vgg.bites.com.my/collections/groceries,Groceries,MILO ACTIV-GO UHT 1L,RM8.25,,https://vgg.bites.com.my/collections/groceries/products/milo-activ-go-uht-1l
https://vgg.bites.com.my/collections/groceries,Groceries,MARIGOLD 100% JUICE APPLE 1L,RM7.35,,https://vgg.bites.com.my/collections/groceries/products/marigold-100-juice-apple-1l
https://vgg.bites.com.my/collections/groceries,Groceries,MARIGOLD 100% JUICE ORANGE 1L,RM7.35,,https://vgg.bites.com.my/collections/groceries/products/marigold-100-juice-orange-1l
https://vgg.bites.com.my/collections/groceries,Groceries,MILO SOFT PACK 200G,RM5.45,,https://vgg.bites.com.my/collections/groceries/products/milo-soft-pack-200g
https://vgg.bites.com.my/collections/groceries,Groceries,MILO SOFTPACK 400G,RM10.25,,https://vgg.bites.com.my/collections/groceries/products/milo-softpack-400g
https://vgg.bites.com.my/collections/groceries,Groceries,KELLOGG'S FROSTIES 300G,RM14.29,RM14.90,https://vgg.bites.com.my/collections/groceries/products/kellogg-s-frosties-300g
https://vgg.bites.com.my/collections/groceries,Groceries,KETTLE CHIPS SEA SALT 141G,RM15.50,,https://vgg.bites.com.my/collections/groceries/products/kettle-chips-sea-salt-141g
https://vgg.bites.com.my/collections/groceries,Groceries,KETTLE CHIPS SALT N VINEGAR 141G,RM15.50,,https://vgg.bites.com.my/collections/groceries/products/kettle-chips-salt-n-vinegar-141g
https://vgg.bites.com.my/collections/groceries,Groceries,NESTLE KITKAT 2F 6PK 6X17G,RM9.39,RM9.65,https://vgg.bites.com.my/collections/groceries/products/nestle-kitkat-2f-6pk-6x17g
https://vgg.bites.com.my/collections/groceries,Groceries,KEWPIE SANDWICH SPREAD SPICY BLCK PEPPER 310ML,RM11.85,,https://vgg.bites.com.my/collections/groceries/products/kewpie-sandwich-spread-spicy-blck-pepper-310ml
https://vgg.bites.com.my/collections/groceries,Groceries,KNORR CHICKEN CUBE NO MSG 60G,RM4.20,,https://vgg.bites.com.my/collections/groceries/products/knorr-chicken-cube-no-msg-60g
https://vgg.bites.com.my/collections/groceries,Groceries,KNORR CHICKEN POWDER 120G,RM6.10,,https://vgg.bites.com.my/collections/groceries/products/knorr-chicken-powder-120g
https://vgg.bites.com.my/collections/groceries,Groceries,KNORR CUBE CHICKEN 60G,RM3.70,,https://vgg.bites.com.my/collections/groceries/products/knorr-cube-chicken-60g
https://vgg.bites.com.my/collections/groceries,Groceries,KNORR CUBE TOM YAM 6PCS 60G,RM3.70,,https://vgg.bites.com.my/collections/groceries/products/knorr-cube-tom-yam-6pcs-60g
https://vgg.bites.com.my/collections/groceries,Groceries,KOH-KAE PEANUT WASABI 180G,RM9.99,RM11.10,https://vgg.bites.com.my/collections/groceries/products/koh-kae-peanut-wasabi-180g
https://vgg.bites.com.my/collections/groceries,Groceries,KITKAT DARK CHOCOLATE BLOCK 170G,RM11.05,,https://vgg.bites.com.my/collections/groceries/products/kitkat-dark-chocolate-block-170g
https://vgg.bites.com.my/collections/groceries,Groceries,LA COSTENA CHIPOTLE SAUCE 145G,RM6.90,,https://vgg.bites.com.my/collections/groceries/products/la-costena-chipotle-sauce-145g
https://vgg.bites.com.my/collections/groceries,Groceries,LINGHAM CHILLI SAUCE-SQUEEZE 340G,RM6.10,,https://vgg.bites.com.my/collections/groceries/products/lingham-chilli-sauce-squeeze-340g
https://vgg.bites.com.my/collections/groceries,Groceries,LAVAZZA QUALITA ROSSA TIN 250G,RM38.39,RM41.50,https://vgg.bites.com.my/collections/groceries/products/lavazza-qualita-rossa-tin-250g
https://vgg.bites.com.my/collections/groceries,Groceries,LEGGO'S ALFREDO 490G,RM13.55,,https://vgg.bites.com.my/collections/groceries/products/leggo-s-alfredo-490g
https://vgg.bites.com.my/collections/groceries,Groceries,LOACKER GARDENA FINGERS COCONUT 125G,RM17.89,RM19.20,https://vgg.bites.com.my/collections/groceries/products/loacker-gardena-fingers-coconut-125g
https://vgg.bites.com.my/collections/groceries,Groceries,LOACKER MILK 175G,RM12.55,,https://vgg.bites.com.my/collections/groceries/products/loacker-milk-175g
https://vgg.bites.com.my/collections/groceries,Groceries,LOACKER TORTINA ORIGINAL 3S 63G,RM14.99,RM16.10,https://vgg.bites.com.my/collections/groceries/products/loacker-tortina-original-3s-63g
https://vgg.bites.com.my/collections/groceries,Groceries,LOACKER NAPOLITANER 175G,RM12.55,,https://vgg.bites.com.my/collections/groceries/products/loacker-napolitaner-175g
https://vgg.bites.com.my/collections/groceries,Groceries,MAGGI SEASONING 200ML,RM6.90,,https://vgg.bites.com.my/collections/groceries/products/maggi-seasoning-200ml
https://vgg.bites.com.my/collections/groceries,Groceries,MAGGI SEASONING 390ML,RM11.95,,https://vgg.bites.com.my/collections/groceries/products/maggi-seasoning-390ml
https://vgg.bites.com.my/collections/groceries,Groceries,MANJUN LAVERLAND SEASALT 30P 135G,RM66.90,,https://vgg.bites.com.my/collections/groceries/products/manjun-laverland-seasalt-30p-135g
https://vgg.bites.com.my/collections/groceries,Groceries,MAGGI SEASONING NO MSG 100ML,RM5.05,,https://vgg.bites.com.my/collections/groceries/products/maggi-seasoning-no-msg-100ml
https://vgg.bites.com.my/collections/groceries,Groceries,MARIGOLD 100% JUICE APPLE 3X200ML,RM6.20,,https://vgg.bites.com.my/collections/groceries/products/marigold-100-juice-apple-3x200ml
https://vgg.bites.com.my/collections/groceries,Groceries,MARIGOLD 100% JUICE ORANGE 3X200ML,RM6.20,,https://vgg.bites.com.my/collections/groceries/products/marigold-100-juice-orange-3x200ml
https://vgg.bites.com.my/collections/groceries,Groceries,MARIGOLD 100% JUICE MIX SUMMER F&V 3X200ML,RM6.20,,https://vgg.bites.com.my/collections/groceries/products/marigold-100-juice-mix-summer-f-v-3x200ml
https://vgg.bites.com.my/collections/groceries,Groceries,MARINA SARDIN TOM 425G T,RM8.10,,https://vgg.bites.com.my/collections/groceries/products/marina-sardin-tom-425g-t
https://vgg.bites.com.my/collections/groceries,Groceries,MARKENBURG LARGE ASST MARSHMALLOW 283G,RM13.65,,https://vgg.bites.com.my/collections/groceries/products/markenburg-large-asst-marshmallow-283g
https://vgg.bites.com.my/collections/groceries,Groceries,MARIGOLD UHT MILK FULL CREAM 1L,RM8.20,,https://vgg.bites.com.my/collections/groceries/products/marigold-uht-milk-full-cream-1l
https://vgg.bites.com.my/collections/groceries,Groceries,MARINA CHUNKS IN BRINE TUNA 185G,RM6.60,,https://vgg.bites.com.my/collections/groceries/products/marina-chunks-in-brine-tuna-185g
https://vgg.bites.com.my/collections/groceries,Groceries,MASTERFOODS SQUEEZY BBQ SAUCES 500ML,RM15.69,RM16.50,https://vgg.bites.com.my/collections/groceries/products/masterfoods-squeezy-bbq-sauces-500ml
https://vgg.bites.com.my/collections/groceries,Groceries,MAURI-PAN INSTANT YEAST 11G,RM1.10,,https://vgg.bites.com.my/collections/groceries/products/mauri-pan-instant-yeast-11g
https://vgg.bites.com.my/collections/groceries,Groceries,MERBA PATISSERIE NOUGATELLI COOKIES 200G,RM19.30,,https://vgg.bites.com.my/collections/groceries/products/merba-patisserie-nougatelli-cookies-200g
https://vgg.bites.com.my/collections/groceries,Groceries,MEWAH BROWN RICE 1KG,RM6.75,,https://vgg.bites.com.my/collections/groceries/products/mewah-brown-rice-1kg
https://vgg.bites.com.my/collections/groceries,Groceries,MEWAH BLACK RICE 1KG,RM18.25,,https://vgg.bites.com.my/collections/groceries/products/mewah-black-rice-1kg
https://vgg.bites.com.my/collections/groceries,Groceries,MEWAH CINNAMON STICK 20G,RM2.50,,https://vgg.bites.com.my/collections/groceries/products/mewah-cinnamon-stick-20g
https://vgg.bites.com.my/collections/groceries,Groceries,MEWAH NATURAL BLACK PEPPER COARSE 50G,RM6.30,,https://vgg.bites.com.my/collections/groceries/products/mewah-natural-black-pepper-coarse-50g
https://vgg.bites.com.my/collections/groceries,Groceries,MEWAH NATURAL FIVE SPICES POWDER 60G,RM9.90,,https://vgg.bites.com.my/collections/groceries/products/mewah-natural-five-spices-powder-60g
https://vgg.bites.com.my/collections/groceries,Groceries,TIPAROS DISTILLED VINEGAR 700ML,RM7.65,,https://vgg.bites.com.my/collections/groceries/products/tiparos-distilled-vinegar-700ml
https://vgg.bites.com.my/collections/groceries,Groceries,TAE PEE TOMYAM 227GM-EXTRA 50%,RM10.60,,https://vgg.bites.com.my/collections/groceries/products/tae-pee-tomyam-227gm-extra-50
https://vgg.bites.com.my/collections/groceries,Groceries,ELEPHANT THICK SAUCE 375ML,RM7.85,,https://vgg.bites.com.my/collections/groceries/products/elephant-thick-sauce-375ml
https://vgg.bites.com.my/collections/groceries,Groceries,EL SABOR NACHO CHIPS CHILI 225GM,RM11.45,,https://vgg.bites.com.my/collections/groceries/products/el-sabor-nacho-chips-chili-225gm
https://vgg.bites.com.my/collections/groceries,Groceries,ECOBROWNS GOLD WHOLEGRAIN MIX 5KG,RM29.79,RM37.00,https://vgg.bites.com.my/collections/groceries/products/ecobrowns-gold-wholegrain-mix-5kg
https://vgg.bites.com.my/collections/groceries,Groceries,UNIIQ KOMBUCHA CLASSIC 315ML,RM13.90,,https://vgg.bites.com.my/collections/groceries/products/uniiq-kombucha-classic-315ml
https://vgg.bites.com.my/collections/groceries,Groceries,UNIIQ KOMBUCHA CALAMANSI 315ML,RM13.90,,https://vgg.bites.com.my/collections/groceries/products/uniiq-kombucha-calamansi-315ml
https://vgg.bites.com.my/collections/groceries,Groceries,UNIIQ KOMBUCHA PASSION FRUIT 315ML,RM13.90,,https://vgg.bites.com.my/collections/groceries/products/uniiq-kombucha-passion-fruit-315ml
https://vgg.bites.com.my/collections/groceries,Groceries,UNIIQ KOMBUCHA ROSE 315ML,RM13.90,,https://vgg.bites.com.my/collections/groceries/products/uniiq-kombucha-rose-315ml
https://vgg.bites.com.my/collections/groceries,Groceries,SPRITZER DRINKING WATER 1.25L,RM2.75,,https://vgg.bites.com.my/collections/groceries/products/spritzer-drinking-water-1-25l
https://vgg.bites.com.my/collections/groceries,Groceries,NESTLE KITKAT 2F SHARE BAG 10X17G,RM10.99,RM13.30,https://vgg.bites.com.my/collections/groceries/products/nestle-kitkat-2f-share-bag-10x17g
https://vgg.bites.com.my/collections/groceries,Groceries,MILO AUSTRALIA 1KG,RM51.55,,https://vgg.bites.com.my/collections/groceries/products/milo-australia-1kg
https://vgg.bites.com.my/collections/groceries,Groceries,KIMBALL TOMATO KETCHUP 325G,RM3.65,,https://vgg.bites.com.my/collections/groceries/products/kimball-tomato-ketchup-325g
https://vgg.bites.com.my/collections/groceries,Groceries,RED BULL ENERGY DRINK 355ML,RM9.00,,https://vgg.bites.com.my/collections/groceries/products/red-bull-energy-drink-355ml
https://vgg.bites.com.my/collections/groceries,Groceries,HEXA ROSEMARY 20G,RM4.00,,https://vgg.bites.com.my/collections/groceries/products/hexa-rosemary-20g
https://vgg.bites.com.my/collections/groceries,Groceries,CYPRINA APPLE JUICE 1L,RM9.00,,https://vgg.bites.com.my/collections/groceries/products/cyprina-apple-juice-1l
https://vgg.bites.com.my/collections/groceries,Groceries,TWISTIES BBQ CURRY 60G,RM2.19,RM2.40,https://vgg.bites.com.my/collections/groceries/products/twisties-bbq-curry-60g
https://vgg.bites.com.my/collections/groceries,Groceries,JOHN WEST TUNA TEMPTERS MANGO CHILLI 95G,RM7.50,,https://vgg.bites.com.my/collections/groceries/products/john-west-tuna-tempters-mango-chilli-95g
https://vgg.bites.com.my/collections/groceries,Groceries,HEXA CUMMIN POWDER 50G,RM4.05,,https://vgg.bites.com.my/collections/groceries/products/hexa-cummin-powder-50g
https://vgg.bites.com.my/collections/groceries,Groceries,TWISTIES CHIPSTER ORIGINAL 60G,RM4.15,,https://vgg.bites.com.my/collections/groceries/products/twisties-chipster-original-60g
https://vgg.bites.com.my/collections/groceries,Groceries,TWISTIES CHIPSTER HOT & SPICY 60G,RM4.15,,https://vgg.bites.com.my/collections/groceries/products/twisties-chipster-hot-spicy-60g
https://vgg.bites.com.my/collections/groceries,Groceries,KIPAS UDANG KICAP LEMAK MANIS 345GM,RM7.30,,https://vgg.bites.com.my/collections/groceries/products/kipas-udang-kicap-lemak-manis-345gm
https://vgg.bites.com.my/collections/groceries,Groceries,7DAYS VANILA CROISSANT 60G,RM1.90,,https://vgg.bites.com.my/collections/groceries/products/7days-vanila-croissant-60g
https://vgg.bites.com.my/collections/groceries,Groceries,MISSION WRAPS 6 GRAINS 8'S 360G,RM8.60,,https://vgg.bites.com.my/collections/groceries/products/mission-wraps-6-grains-8-s-360g
https://vgg.bites.com.my/collections/groceries,Groceries,TWISTIES CHIPSTER SOUR & CREAM 60G,RM4.15,,https://vgg.bites.com.my/collections/groceries/products/twisties-chipster-sour-cream-60g
https://vgg.bites.com.my/collections/groceries,Groceries,PEPSI BLACK 320ML,RM1.95,,https://vgg.bites.com.my/collections/groceries/products/pepsi-black-320ml
https://vgg.bites.com.my/collections/groceries,Groceries,KNIFE COOKING OIL 3KG,RM24.10,,https://vgg.bites.com.my/collections/groceries/products/knife-cooking-oil-3kg
https://vgg.bites.com.my/collections/groceries,Groceries,WISE COTTAGE FRIES TOMATO KETCHUP 90G,RM6.90,,https://vgg.bites.com.my/collections/groceries/products/wise-cottage-fries-tomato-ketchup-90g
https://vgg.bites.com.my/collections/groceries,Groceries,WWONKA NERDS WATERMELON WILD CHERRY 1.65OZ,RM10.05,,https://vgg.bites.com.my/collections/groceries/products/wwonka-nerds-watermelon-wild-cherry-1-65oz
https://vgg.bites.com.my/collections/groceries,Groceries,TIGER BISKUAT ORIGINAL 144.4G,RM3.05,,https://vgg.bites.com.my/collections/groceries/products/tiger-biskuat-original-144-4g
https://vgg.bites.com.my/collections/groceries,Groceries,THINS POTATO CHIPS CHEESE & ONION 175G,RM13.69,RM15.90,https://vgg.bites.com.my/collections/groceries/products/thins-potato-chips-cheese-onion-175g
https://vgg.bites.com.my/collections/groceries,Groceries,RITTER SPORT DARK WHOLE HAZELNUTS 100GM,RM16.90,,https://vgg.bites.com.my/collections/groceries/products/ritter-sport-dark-whole-hazelnuts-100gm
https://vgg.bites.com.my/collections/groceries,Groceries,RITTER SPORT CORN CRISP 100GM,RM16.90,,https://vgg.bites.com.my/collections/groceries/products/ritter-sport-corn-crisp-100gm
https://vgg.bites.com.my/collections/groceries,Groceries,RITTER SPORT WHOLE ALMOND 100GM,RM16.90,,https://vgg.bites.com.my/collections/groceries/products/ritter-sport-whole-almond-100gm
https://vgg.bites.com.my/collections/groceries,Groceries,LAVAZZA CAFE ESPRESSO (BLACK) TIN 250G,RM41.99,RM47.25,https://vgg.bites.com.my/collections/groceries/products/lavazza-cafe-espresso-black-tin-250g
https://vgg.bites.com.my/collections/groceries,Groceries,LAVAZZA CREMA E AROMA BEANS 1KG,RM98.99,RM147.70,https://vgg.bites.com.my/collections/groceries/products/lavazza-crema-e-aroma-beans-1kg
https://vgg.bites.com.my/collections/groceries,Groceries,V-SOY MULTIGRAIN SOYA BEAN 300ML,RM2.70,,https://vgg.bites.com.my/collections/groceries/products/v-soy-multigrain-soya-bean-300ml
https://vgg.bites.com.my/collections/groceries,Groceries,SNICKERS MINIS POUCH 80G,RM8.10,,https://vgg.bites.com.my/collections/groceries/products/snickers-minis-pouch-80g
https://vgg.bites.com.my/collections/groceries,Groceries,HEXA BASIL LEAVES 20G,RM4.30,,https://vgg.bites.com.my/collections/groceries/products/hexa-basil-leaves-20g
https://vgg.bites.com.my/collections/groceries,Groceries,HEXA BAY LEAVES 10G,RM3.70,,https://vgg.bites.com.my/collections/groceries/products/hexa-bay-leaves-10g
https://vgg.bites.com.my/collections/groceries,Groceries,HEXA BLACK PEPPERCORN 40G,RM6.25,,https://vgg.bites.com.my/collections/groceries/products/hexa-black-peppercorn-40g
https://vgg.bites.com.my/collections/groceries,Groceries,HEXA CAYENNE PEPPER POWDER 40G,RM5.85,,https://vgg.bites.com.my/collections/groceries/products/hexa-cayenne-pepper-powder-40g
https://vgg.bites.com.my/collections/groceries,Groceries,HEXA COARSE BLACK PEPPER 30G,RM7.55,,https://vgg.bites.com.my/collections/groceries/products/hexa-coarse-black-pepper-30g
https://vgg.bites.com.my/collections/groceries,Groceries,HEXA CORRIANDER POWDER 50G,RM3.10,,https://vgg.bites.com.my/collections/groceries/products/hexa-corriander-powder-50g
https://vgg.bites.com.my/collections/groceries,Groceries,HEXA GARAM MASALA 50G,RM5.90,,https://vgg.bites.com.my/collections/groceries/products/hexa-garam-masala-50g
https://vgg.bites.com.my/collections/groceries,Groceries,HEXA MIXED HERBS 20G,RM4.30,,https://vgg.bites.com.my/collections/groceries/products/hexa-mixed-herbs-20g
https://vgg.bites.com.my/collections/groceries,Groceries,HEXA 5 SPICE POWDER 50G,RM5.65,,https://vgg.bites.com.my/collections/groceries/products/hexa-5-spice-powder-50g
https://vgg.bites.com.my/collections/groceries,Groceries,HEXA CHILLY POWDER 40G,RM3.75,,https://vgg.bites.com.my/collections/groceries/products/hexa-chilly-powder-40g
https://vgg.bites.com.my/collections/groceries,Groceries,HEXA GARLIC POWDER 40G,RM7.60,,https://vgg.bites.com.my/collections/groceries/products/hexa-garlic-powder-40g
https://vgg.bites.com.my/collections/groceries,Groceries,HEXA GINGER POWDER 40G,RM3.95,,https://vgg.bites.com.my/collections/groceries/products/hexa-ginger-powder-40g
https://vgg.bites.com.my/collections/groceries,Groceries,SUGUS ASSORTED POUCH 100G,RM4.55,,https://vgg.bites.com.my/collections/groceries/products/sugus-assorted-pouch-100g
https://vgg.bites.com.my/collections/groceries,Groceries,MENTOS CARAMEL ORIGINAL 37G,RM3.15,,https://vgg.bites.com.my/collections/groceries/products/mentos-caramel-original-37g
https://vgg.bites.com.my/collections/groceries,Groceries,MENTOS BOTTLE SOUR MIX 120G,RM5.60,,https://vgg.bites.com.my/collections/groceries/products/mentos-bottle-sour-mix-120g
https://vgg.bites.com.my/collections/groceries,Groceries,MENTOS BOTTLE MIX GRAPE 120G,RM5.60,,https://vgg.bites.com.my/collections/groceries/products/mentos-bottle-mix-grape-120g
https://vgg.bites.com.my/collections/groceries,Groceries,MENTOS FRUIT 37G,RM1.59,RM1.70,https://vgg.bites.com.my/collections/groceries/products/mentos-fruit-37g
https://vgg.bites.com.my/collections/groceries,Groceries,MENTOS PURE FRESH LIME MINT 29G,RM4.00,,https://vgg.bites.com.my/collections/groceries/products/mentos-pure-fresh-lime-mint-29g
https://vgg.bites.com.my/collections/groceries,Groceries,MERIAH BAY LEAVES 10GM,RM2.50,,https://vgg.bites.com.my/collections/groceries/products/meriah-bay-leaves-10gm
https://vgg.bites.com.my/collections/groceries,Groceries,MERIAH BLACK PEPPER COARSE 50G,RM6.60,,https://vgg.bites.com.my/collections/groceries/products/meriah-black-pepper-coarse-50g
https://vgg.bites.com.my/collections/groceries,Groceries,MERIAH BLACK PEPPER GROUND 50G,RM6.60,,https://vgg.bites.com.my/collections/groceries/products/meriah-black-pepper-ground-50g
https://vgg.bites.com.my/collections/groceries,Groceries,MERIAH BREAD CRUMBS ITALIAN HERBS 250G,RM8.90,,https://vgg.bites.com.my/collections/groceries/products/meriah-bread-crumbs-italian-herbs-250g
https://vgg.bites.com.my/collections/groceries,Groceries,MERIAH CHEESE SAUCE 330G,RM16.80,,https://vgg.bites.com.my/collections/groceries/products/meriah-cheese-sauce-330g
https://vgg.bites.com.my/collections/groceries,Groceries,MERIAH GARLIC PWDR 40G,RM6.60,,https://vgg.bites.com.my/collections/groceries/products/meriah-garlic-pwdr-40g
https://vgg.bites.com.my/collections/groceries,Groceries,MERIAH ITALIAN HERBS 20G,RM4.10,,https://vgg.bites.com.my/collections/groceries/products/meriah-italian-herbs-20g
https://vgg.bites.com.my/collections/groceries,Groceries,MERIAH LADA PUTIH 40GM,RM7.05,,https://vgg.bites.com.my/collections/groceries/products/meriah-lada-putih-40gm
https://vgg.bites.com.my/collections/groceries,Groceries,MERIAH ONION POWDER 50G,RM3.80,,https://vgg.bites.com.my/collections/groceries/products/meriah-onion-powder-50g
https://vgg.bites.com.my/collections/groceries,Groceries,MERIAH REMPAH TUMIS 35GM,RM3.50,,https://vgg.bites.com.my/collections/groceries/products/meriah-rempah-tumis-35gm
https://vgg.bites.com.my/collections/groceries,Groceries,ANLENE GOLD SP 950G,RM43.50,,https://vgg.bites.com.my/collections/groceries/products/anlene-gold-sp-950g
https://vgg.bites.com.my/collections/groceries,Groceries,REMEDY ORGANIC KOMBUCHA RASPBERRY LEMONADE 330ML,RM13.05,,https://vgg.bites.com.my/collections/groceries/products/remedy-organic-kombucha-raspberry-lemonade-330ml
https://vgg.bites.com.my/collections/groceries,Groceries,REMEDY ORGANIC KOMBUCHA PASSIONFRUIT 330ML,RM11.99,RM13.05,https://vgg.bites.com.my/collections/groceries/products/remedy-organic-kombucha-passionfruit-330ml
https://vgg.bites.com.my/collections/groceries,Groceries,CADBURY DAIRY MILK FRUIT & NUT BLOCK 180G,RM20.30,,https://vgg.bites.com.my/collections/groceries/products/cadbury-dairy-milk-fruit-nut-block-180g
https://vgg.bites.com.my/collections/groceries,Groceries,CADBURY SHAREPACK CRUNCHIE 180G,RM25.90,,https://vgg.bites.com.my/collections/groceries/products/cadbury-sharepack-crunchie-180g
https://vgg.bites.com.my/collections/groceries,Groceries,CADBURY SHAREPACK PICNIC 180G,RM25.90,,https://vgg.bites.com.my/collections/groceries/products/cadbury-sharepack-picnic-180g
https://vgg.bites.com.my/collections/groceries,Groceries,CADBURY SHAREPACK TWIRL 168G,RM25.90,,https://vgg.bites.com.my/collections/groceries/products/cadbury-sharepack-twirl-168g
https://vgg.bites.com.my/collections/groceries,Groceries,CADBURY SHARE PACK BAR FLAKE 168G,RM25.90,,https://vgg.bites.com.my/collections/groceries/products/cadbury-share-pack-bar-flake-168g
https://vgg.bites.com.my/collections/groceries,Groceries,CADBURY SHAREPACK CARAMELLO KOALA 180G,RM25.90,,https://vgg.bites.com.my/collections/groceries/products/cadbury-sharepack-caramello-koala-180g
https://vgg.bites.com.my/collections/groceries,Groceries,CADBURY DAIRY MILK ROAST ALMOND BLOCK 180G,RM20.30,,https://vgg.bites.com.my/collections/groceries/products/cadbury-dairy-milk-roast-almond-block-180g
https://vgg.bites.com.my/collections/groceries,Groceries,CADBURY DAIRY MILK PEPPERMINT BLOCK 180G,RM20.30,,https://vgg.bites.com.my/collections/groceries/products/cadbury-dairy-milk-peppermint-block-180g
https://vgg.bites.com.my/collections/groceries,Groceries,NATURAL CHIP CO HONEY SOY CHICKEN 175G,RM13.69,RM15.90,https://vgg.bites.com.my/collections/groceries/products/natural-chip-co-honey-soy-chicken-175g
https://vgg.bites.com.my/collections/groceries,Groceries,NATURAL CHIP CO SEA SALT & VINEGAR 175G,RM13.69,RM15.90,https://vgg.bites.com.my/collections/groceries/products/natural-chip-co-sea-salt-vinegar-175g
https://vgg.bites.com.my/collections/groceries,Groceries,MONJAVA COFFEE BEANS COSMOPOLITAN 500G,RM67.39,RM68.90,https://vgg.bites.com.my/collections/groceries/products/monjava-coffee-beans-cosmopolitan-500g
https://vgg.bites.com.my/collections/groceries,Groceries,NESTLE MILO 30 LESS ADDED SUGAR 395G,RM37.40,,https://vgg.bites.com.my/collections/groceries/products/nestle-milo-30-less-added-sugar-395g
https://vgg.bites.com.my/collections/groceries,Groceries,KEWPIE MAYONNAISE MILD TYPE 130ML,RM6.20,,https://vgg.bites.com.my/collections/groceries/products/kewpie-mayonnaise-mild-type-130ml
https://vgg.bites.com.my/collections/groceries,Groceries,KICKAPOO 500ML,RM2.90,,https://vgg.bites.com.my/collections/groceries/products/kickapoo-500ml
https://vgg.bites.com.my/collections/groceries,Groceries,KICKAPOO CAN 320ML,RM1.95,,https://vgg.bites.com.my/collections/groceries/products/kickapoo-can-320ml
https://vgg.bites.com.my/collections/groceries,Groceries,NATURAL HIMALAYAN SALT GRINDER 100G,RM12.05,,https://vgg.bites.com.my/collections/groceries/products/natural-himalayan-salt-grinder-100g
https://vgg.bites.com.my/collections/groceries,Groceries,MEWAH TRI-MIX RICE 1KG,RM9.10,,https://vgg.bites.com.my/collections/groceries/products/mewah-tri-mix-rice-1kg
https://vgg.bites.com.my/collections/groceries,Groceries,SEASONS SOYA BEAN 6X250ML,RM7.10,,https://vgg.bites.com.my/collections/groceries/products/seasons-soya-bean-6x250ml
https://vgg.bites.com.my/collections/groceries,Groceries,WONDA COFFEE MOCHA 240ML,RM2.65,,https://vgg.bites.com.my/collections/groceries/products/wonda-coffee-mocha-240ml
https://vgg.bites.com.my/collections/groceries,Groceries,UFC COCONUT WATER 500ML,RM4.39,RM4.95,https://vgg.bites.com.my/collections/groceries/products/ufc-coconut-water-500ml
https://vgg.bites.com.my/collections/groceries,Groceries,STARBUCKS PREMIUM INSTANT CARAMEL LATTE 4S,RM15.10,,https://vgg.bites.com.my/collections/groceries/products/starbucks-premium-instant-caramel-latte-4s
https://vgg.bites.com.my/collections/groceries,Groceries,MILO CAN 240ML,RM3.00,,https://vgg.bites.com.my/collections/groceries/products/milo-can-240ml
https://vgg.bites.com.my/collections/groceries,Groceries,MARIGOLD PEEL FRESH APPLE 2L,RM13.40,,https://vgg.bites.com.my/collections/groceries/products/marigold-peel-fresh-apple-2l
https://vgg.bites.com.my/collections/groceries,Groceries,LIPTON 3IN1 MILK TEA TEH TARIK 12S,RM16.99,RM19.15,https://vgg.bites.com.my/collections/groceries/products/lipton-3in1-milk-tea-teh-tarik-12s
https://vgg.bites.com.my/collections/groceries,Groceries,NESCAFE DOLCE GUSTO GRANDE INTENSO 16S,RM29.99,RM33.10,https://vgg.bites.com.my/collections/groceries/products/nescafe-dolce-gusto-grande-intenso-16s
https://vgg.bites.com.my/collections/groceries,Groceries,PEPSI BLACK 400ML,RM2.90,,https://vgg.bites.com.my/collections/groceries/products/pepsi-black-400ml
https://vgg.bites.com.my/collections/groceries,Groceries,KELLOGG'S CORN FLAKES 150G,RM6.20,,https://vgg.bites.com.my/collections/groceries/products/kelloggs-corn-flakes-150g
https://vgg.bites.com.my/collections/groceries,Groceries,KELLOGG'S COCO CHEX 330G,RM14.29,RM14.90,https://vgg.bites.com.my/collections/groceries/products/kellogg-s-coco-chex-330g
https://vgg.bites.com.my/collections/groceries,Groceries,BONNE MAMAN RASPBERRY JAM 370G,RM24.70,,https://vgg.bites.com.my/collections/groceries/products/bonne-maman-raspberry-jam-370g
https://vgg.bites.com.my/collections/groceries,Groceries,BONNE MAMAN ORANGE MARMALADE JAM 370G,RM24.70,,https://vgg.bites.com.my/collections/groceries/products/bonne-maman-orange-marmalade-jam-370g
https://vgg.bites.com.my/collections/groceries,Groceries,BONNE MAMAN BLUEBERRY JAM 370G,RM24.70,,https://vgg.bites.com.my/collections/groceries/products/bonne-maman-blueberry-jam-370g
https://vgg.bites.com.my/collections/groceries,Groceries,BONNE MAMAN STRAWBERRY JAM 370G,RM24.70,,https://vgg.bites.com.my/collections/groceries/products/bonne-maman-strawberry-jam-370g
https://vgg.bites.com.my/collections/groceries,Groceries,CHEEZELS ORIGINAL 60G,RM2.45,,https://vgg.bites.com.my/collections/groceries/products/cheezels-original-60g
https://vgg.bites.com.my/collections/groceries,Groceries,CADBURY HAZEL NUT 37G,RM3.55,,https://vgg.bites.com.my/collections/groceries/products/cadbury-hazel-nut-37g
https://vgg.bites.com.my/collections/groceries,Groceries,HERSHEY'S EC MILK CHOCOLATE 40G,RM3.69,RM4.00,https://vgg.bites.com.my/collections/groceries/products/hershey-s-ec-milk-chocolate-40g
https://vgg.bites.com.my/collections/groceries,Groceries,PEPPERIDGE FARM GOLDFISH ORIGINAL 187G,RM13.29,RM14.50,https://vgg.bites.com.my/collections/groceries/products/pepperidge-farm-goldfish-original-187g
https://vgg.bites.com.my/collections/groceries,Groceries,NUTRIONE BAKED NUTS & FRUITS MEDLEY 85G,RM9.50,,https://vgg.bites.com.my/collections/groceries/products/nutrione-baked-nuts-fruits-medley-85g
https://vgg.bites.com.my/collections/groceries,Groceries,IKAN BILIS KOPEK BELAH PUTIH TEMPATAN +/-100G,RM10.75,,https://vgg.bites.com.my/collections/groceries/products/ikan-bilis-kopek-belah-putih-tempatan-100g
https://vgg.bites.com.my/collections/groceries,Groceries,KINDER BUENO WHITE T2 39G,RM6.20,,https://vgg.bites.com.my/collections/groceries/products/kinder-bueno-white-t2-39g
https://vgg.bites.com.my/collections/groceries,Groceries,7UP 1.5L,RM3.19,RM4.70,https://vgg.bites.com.my/collections/groceries/products/7up-1-5l
https://vgg.bites.com.my/collections/groceries,Groceries,7UP 500ML,RM2.70,,https://vgg.bites.com.my/collections/groceries/products/7up-500ml
https://vgg.bites.com.my/collections/groceries,Groceries,ANCHOR WHEAT FLOUR 1KG,RM3.90,,https://vgg.bites.com.my/collections/groceries/products/anchor-wheat-flour-1kg
https://vgg.bites.com.my/collections/groceries,Groceries,DORITOS SMOKIN BBQ 190G,RM13.80,,https://vgg.bites.com.my/collections/groceries/products/doritos-smokin-bbq-190g
https://vgg.bites.com.my/collections/groceries,Groceries,LAY'S ROCK EXTRA BBQ 50G,RM4.10,,https://vgg.bites.com.my/collections/groceries/products/lay-s-rock-extra-bbq-50g
https://vgg.bites.com.my/collections/groceries,Groceries,CAMPBELL'S COUNTRY LADLE BEEF & VEGE 500G,RM18.15,,https://vgg.bites.com.my/collections/groceries/products/campbells-country-ladle-beef-vege-500g
https://vgg.bites.com.my/collections/groceries,Groceries,MILO ACTIV-GO UHT 4X125ML,RM5.60,RM5.65,https://vgg.bites.com.my/collections/groceries/products/milo-activ-go-uht-4x125ml
https://vgg.bites.com.my/collections/groceries,Groceries,JULIE'S PEANUT BUTTER SANDWICH 120G,RM4.40,,https://vgg.bites.com.my/collections/groceries/products/julie-s-peanut-butter-sandwich-120g
https://vgg.bites.com.my/collections/groceries,Groceries,JULIE'S BIG MARIE MILK 189G,RM5.10,,https://vgg.bites.com.my/collections/groceries/products/julie-s-big-marie-milk-189g
https://vgg.bites.com.my/collections/groceries,Groceries,JULIE'S LE-MOND PUFF LEMON SANDWICH 170G,RM6.15,,https://vgg.bites.com.my/collections/groceries/products/julie-s-le-mond-puff-lemon-sandwich-170g
https://vgg.bites.com.my/collections/groceries,Groceries,WONDA EXTRA PRESSO ORIGINAL 240ML,RM2.65,,https://vgg.bites.com.my/collections/groceries/products/wonda-extra-presso-original-240ml
https://vgg.bites.com.my/collections/groceries,Groceries,HIMALAYA SALT SPORTS CANDY EXTRA COOL LEMON 15G,RM2.05,,https://vgg.bites.com.my/collections/groceries/products/himalaya-salt-sports-candy-extra-cool-lemon-15g
https://vgg.bites.com.my/collections/groceries,Groceries,WERNLI CHOC PETIT BEURRE ASSORTI MINI 125G,RM24.90,,https://vgg.bites.com.my/collections/groceries/products/wernli-choc-petit-beurre-assorti-mini-125g
https://vgg.bites.com.my/collections/groceries,Groceries,ARIZONA ORANGEADE 22FL OZ,RM7.00,,https://vgg.bites.com.my/collections/groceries/products/arizona-orangeade-22fl-oz
https://vgg.bites.com.my/collections/groceries,Groceries,ARIZONA TEA GRAPEADE 22FL OZ,RM7.00,,https://vgg.bites.com.my/collections/groceries/products/arizona-tea-grapeade-22fl-oz
https://vgg.bites.com.my/collections/groceries,Groceries,HOSEN PEACH HALVES 420G,RM7.75,,https://vgg.bites.com.my/collections/groceries/products/hosen-peach-halves-420g
https://vgg.bites.com.my/collections/groceries,Groceries,GAR'S DRIED GUAVA 120G,RM11.90,,https://vgg.bites.com.my/collections/groceries/products/gar-s-dried-guava-120g
https://vgg.bites.com.my/collections/groceries,Groceries,RIBENA MOBILE BLACKCURANT 330ML,RM3.50,,https://vgg.bites.com.my/collections/groceries/products/ribena-mobile-blackcurant-330ml
https://vgg.bites.com.my/collections/groceries,Groceries,RIBENA RTD BLACKCURRANT 6X200ML,RM10.99,RM12.50,https://vgg.bites.com.my/collections/groceries/products/ribena-rtd-blackcurrant-6x200ml
https://vgg.bites.com.my/collections/groceries,Groceries,OCEAN SPRAY CRAISINS 50% LESS SUGAR 142G,RM11.29,RM13.20,https://vgg.bites.com.my/collections/groceries/products/ocean-spray-craisins-50-less-sugar-142g
https://vgg.bites.com.my/collections/groceries,Groceries,HOSEN PINEAPPLE SLICE 565GM,RM7.80,,https://vgg.bites.com.my/collections/groceries/products/hosen-pineapple-slice-565gm
https://vgg.bites.com.my/collections/groceries,Groceries,OCEAN SPRAY CRAISINS ORI CRANBERRIES 142GM,RM11.29,RM13.20,https://vgg.bites.com.my/collections/groceries/products/ocean-spray-craisins-ori-cranberries-142gm
https://vgg.bites.com.my/collections/groceries,Groceries,HOSEN PINEAPPLE CUBES 565G,RM7.80,,https://vgg.bites.com.my/collections/groceries/products/hosen-pineapple-cubes-565g
https://vgg.bites.com.my/collections/groceries,Groceries,HOSEN HONEY SEA COCONUT 565G,RM11.90,,https://vgg.bites.com.my/collections/groceries/products/hosen-honey-sea-coconut-565g
https://vgg.bites.com.my/collections/groceries,Groceries,HOSEN PEACHES SLICES 820G,RM12.20,,https://vgg.bites.com.my/collections/groceries/products/hosen-peaches-slices-820g
https://vgg.bites.com.my/collections/groceries,Groceries,WERTHER'S ORIGINAL CARAMEL POPCORN CLASSIC 140G,RM22.90,,https://vgg.bites.com.my/collections/groceries/products/werther-s-original-caramel-popcorn-classic-140g
https://vgg.bites.com.my/collections/groceries,Groceries,SNICKERS MINIATURES 220G,RM26.90,,https://vgg.bites.com.my/collections/groceries/products/snickers-miniatures-220g
https://vgg.bites.com.my/collections/groceries,Groceries,MARS MINIATURES 220G,RM26.90,,https://vgg.bites.com.my/collections/groceries/products/mars-miniatures-220g
https://vgg.bites.com.my/collections/groceries,Groceries,MILKA CHOCO WAFER MILK 180G,RM19.90,,https://vgg.bites.com.my/collections/groceries/products/milka-choco-wafer-milk-180g
https://vgg.bites.com.my/collections/groceries,Groceries,FERRERO HANUTA 10PK 220G,RM24.90,,https://vgg.bites.com.my/collections/groceries/products/ferrero-hanuta-10pk-220g
https://vgg.bites.com.my/collections/groceries,Groceries,NESTLE CRUNCH MILK 100G,RM11.90,,https://vgg.bites.com.my/collections/groceries/products/nestle-crunch-milk-100g
https://vgg.bites.com.my/collections/groceries,Groceries,STARBRST ORIGINAL FRUIT CHEWS 138G,RM11.90,,https://vgg.bites.com.my/collections/groceries/products/starbrst-original-fruit-chews-138g
https://vgg.bites.com.my/collections/groceries,Groceries,FERRERO ROCHER WHITE CHOCOLATE BAR W/HAZELNUT 90G,RM17.10,,https://vgg.bites.com.my/collections/groceries/products/ferrero-rocher-white-chocolate-bar-w-hazelnut-90g
https://vgg.bites.com.my/collections/groceries,Groceries,FERRERO ROCHER ORIGINAL MILK CHOCOLATE BAR 90G,RM17.10,,https://vgg.bites.com.my/collections/groceries/products/ferrero-rocher-original-milk-chocolate-bar-90g
https://vgg.bites.com.my/collections/groceries,Groceries,MAGGI HOT CUP CURRY 6X58G,RM14.30,,https://vgg.bites.com.my/collections/groceries/products/maggi-hot-cup-curry-6x58g
https://vgg.bites.com.my/collections/groceries,Groceries,MAGGI HOT CUP TOM YAM 6X60G,RM14.30,,https://vgg.bites.com.my/collections/groceries/products/maggi-hot-cup-tom-yam-6x60g
https://vgg.bites.com.my/collections/groceries,Groceries,MAGGI SYIOK KARI KAW 90G,RM4.60,,https://vgg.bites.com.my/collections/groceries/products/maggi-syiok-kari-kaw-90g
https://vgg.bites.com.my/collections/groceries,Groceries,ANTONELLI CROISSANT STRAWBERRY FILLING X5 250G,RM12.05,,https://vgg.bites.com.my/collections/groceries/products/antonelli-croissant-strawberry-filling-x5-250g
https://vgg.bites.com.my/collections/groceries,Groceries,ANTONELLI CROISSANT WHOLEMEAL & BERRIES X6 300G,RM15.10,,https://vgg.bites.com.my/collections/groceries/products/antonelli-croissant-wholemeal-berries-x6-300g
https://vgg.bites.com.my/collections/groceries,Groceries,MR POTATO TUBES ORIGINAL 125G,RM4.09,RM5.60,https://vgg.bites.com.my/collections/groceries/products/mr-potato-tubes-original-125g
https://vgg.bites.com.my/collections/groceries,Groceries,HUP SENG SPECIAL CREAM CRACKER 225G,RM5.70,,https://vgg.bites.com.my/collections/groceries/products/hup-seng-special-cream-cracker-225g
https://vgg.bites.com.my/collections/groceries,Groceries,BELGIAN NO SUGAR ADDED BAR MILK HAZELNUT 100G,RM30.30,,https://vgg.bites.com.my/collections/groceries/products/belgian-no-sugar-added-bar-milk-hazelnut-100g
https://vgg.bites.com.my/collections/groceries,Groceries,MSM PRAI FINE SUGAR 1KG,RM2.95,,https://vgg.bites.com.my/collections/groceries/products/msm-prai-fine-sugar-1kg
https://vgg.bites.com.my/collections/groceries,Groceries,MSM PRAI COARSE SUGAR 1KG,RM2.85,,https://vgg.bites.com.my/collections/groceries/products/msm-prai-coarse-sugar-1kg
https://vgg.bites.com.my/collections/groceries,Groceries,SKITTLES CRAZY SOUR 136G,RM11.90,,https://vgg.bites.com.my/collections/groceries/products/skittles-crazy-sour-136g
https://vgg.bites.com.my/collections/groceries,Groceries,QUAKER QUICK COOK OATMEAL 800G,RM11.00,,https://vgg.bites.com.my/collections/groceries/products/quaker-quick-cook-oatmeal-800g
https://vgg.bites.com.my/collections/groceries,Groceries,QUAKER 3 IN 1 BERRY BURST 14'S X 28G,RM11.69,RM12.75,https://vgg.bites.com.my/collections/groceries/products/quaker-3-in-1-berry-burst-14-s-x-28g
https://vgg.bites.com.my/collections/groceries,Groceries,QUAKER 3 IN 1 ORIGINAL 14'S X 28G,RM11.69,RM12.75,https://vgg.bites.com.my/collections/groceries/products/quaker-3-in-1-original-14-s-x-28g
https://vgg.bites.com.my/collections/groceries,Groceries,KELLOGG'S SUPER BERRY GRANOLA 220G,RM22.69,RM23.80,https://vgg.bites.com.my/collections/groceries/products/kellogg-s-super-berry-granola-220g
https://vgg.bites.com.my/collections/groceries,Groceries,KELLOGG'S DARK CHOCOLATE GRANOLA 220G,RM22.69,RM23.80,https://vgg.bites.com.my/collections/groceries/products/kellogg-s-dark-chocolate-granola-220g
https://vgg.bites.com.my/collections/groceries,Groceries,MUNCHY'S OAT KRUNCH BREAKFAST CRANBERRY 384G,RM11.75,,https://vgg.bites.com.my/collections/groceries/products/munchy-s-oat-krunch-breakfast-cranberry-384g
https://vgg.bites.com.my/collections/groceries,Groceries,COZZO KONNYAKU JELLY PASSION FRUIT 160G,RM4.00,,https://vgg.bites.com.my/collections/groceries/products/cozzo-konnyaku-jelly-passion-fruit-160g
https://vgg.bites.com.my/collections/groceries,Groceries,KEWPIE BLACK VINEGAR ONION DRESSING 210ML,RM9.50,,https://vgg.bites.com.my/collections/groceries/products/kewpie-black-vinegar-onion-dressing-210ml
https://vgg.bites.com.my/collections/groceries,Groceries,LKK KUNG PO PASTE 90G,RM5.25,,https://vgg.bites.com.my/collections/groceries/products/lkk-kung-po-paste-90g
https://vgg.bites.com.my/collections/groceries,Groceries,HUP SENG CHOC TEDDY BEAR 120G,RM2.95,,https://vgg.bites.com.my/collections/groceries/products/hup-seng-choc-teddy-bear-120g
https://vgg.bites.com.my/collections/groceries,Groceries,SAN REMO DRY PASTA QUICK COOK SPAGHETTI 500G,RM5.45,,https://vgg.bites.com.my/collections/groceries/products/san-remo-dry-pasta-quick-cook-spaghetti-500g
https://vgg.bites.com.my/collections/groceries,Groceries,RUFFLES CN SOUR CREAM 170G,RM12.99,RM14.50,https://vgg.bites.com.my/collections/groceries/products/ruffles-cn-sour-cream-170g
https://vgg.bites.com.my/collections/groceries,Groceries,MAGGI SYIOK TOM YAM KAW 96G,RM4.60,,https://vgg.bites.com.my/collections/groceries/products/maggi-syiok-tom-yam-kaw-96g
https://vgg.bites.com.my/collections/groceries,Groceries,NATURE VALLEY ROASTED ALMOND 210G,RM14.20,,https://vgg.bites.com.my/collections/groceries/products/nature-valley-roasted-almond-210g
https://vgg.bites.com.my/collections/groceries,Groceries,OREO VANILLA MP 9X27.6G,RM8.05,,https://vgg.bites.com.my/collections/groceries/products/oreo-vanilla-mp-9x27-6g
https://vgg.bites.com.my/collections/groceries,Groceries,OREO B&W CHOCOLATE 119.6G,RM3.35,,https://vgg.bites.com.my/collections/groceries/products/oreo-b-w-chocolate-119-6g
https://vgg.bites.com.my/collections/groceries,Groceries,AMAZIN' GRAZE HAZELNUT B/FOREST GRANOLA 250G,RM21.20,,https://vgg.bites.com.my/collections/groceries/products/amazin-graze-hazelnut-b-forest-granola-250g
https://vgg.bites.com.my/collections/groceries,Groceries,PREGO SPICY SEAFOOD ARRABBIATA SPIRAL 70G,RM4.49,RM4.85,https://vgg.bites.com.my/collections/groceries/products/prego-spicy-seafood-arrabbiata-spiral-70g
https://vgg.bites.com.my/collections/groceries,Groceries,AMAZIN' GRAZE SALTED GULA MELAKA GRANOLA 250G,RM21.20,,https://vgg.bites.com.my/collections/groceries/products/amazin-graze-salted-gula-melaka-granola-250g
https://vgg.bites.com.my/collections/groceries,Groceries,NAKED S/FOOD CO. GRANOLA CHOCOLATE 288G,RM13.80,,https://vgg.bites.com.my/collections/groceries/products/naked-sfood-co-granola-chocolate-288g
https://vgg.bites.com.my/collections/groceries,Groceries,LINDT EXCELLENCE ORANGE INTENSE 100GM,RM28.79,RM33.85,https://vgg.bites.com.my/collections/groceries/products/lindt-excellence-orange-intense-100gm
https://vgg.bites.com.my/collections/groceries,Groceries,AMAZIN' GRAZE BANANA BREAD GRANOLA 250G,RM21.20,,https://vgg.bites.com.my/collections/groceries/products/amazin-graze-banana-bread-granola-250g
https://vgg.bites.com.my/collections/groceries,Groceries,CAP LILY SELAKING BASMATHI CREAM 5KG,RM29.99,RM41.05,https://vgg.bites.com.my/collections/groceries/products/cap-lily-selaking-basmathi-cream-5kg
https://vgg.bites.com.my/collections/groceries,Groceries,OREO SANDWICH COOKIES VANILLA 128G,RM10.90,,https://vgg.bites.com.my/collections/groceries/products/oreo-sandwich-cookies-vanilla-128g
https://vgg.bites.com.my/collections/groceries,Groceries,PREGO MAC & CHEESE 70G,RM4.49,RM4.85,https://vgg.bites.com.my/collections/groceries/products/prego-mac-cheese-70g
https://vgg.bites.com.my/collections/groceries,Groceries,CIRIO POPPAPIU CHOPPED 390GM,RM7.25,,https://vgg.bites.com.my/collections/groceries/products/cirio-poppapiu-chopped-390gm
https://vgg.bites.com.my/collections/groceries,Groceries,SAN CARLO WAVY POTATO CHIPS 180G,RM14.10,,https://vgg.bites.com.my/collections/groceries/products/san-carlo-wavy-potato-chips-180g
https://vgg.bites.com.my/collections/groceries,Groceries,NONGSHIM SHIN RAMYUN STIR FRY 5X135G,RM23.10,,https://vgg.bites.com.my/collections/groceries/products/nongshim-shin-ramyun-stir-fry-5x135g
https://vgg.bites.com.my/collections/groceries,Groceries,LABOUR COOKING OIL 5KG,RM30.90,,https://vgg.bites.com.my/collections/groceries/products/labour-cooking-oil-5kg
https://vgg.bites.com.my/collections/groceries,Groceries,LINDT- EXCELLENCE DARK 100% 50G,RM38.50,,https://vgg.bites.com.my/collections/groceries/products/lindt-excellence-dark-100-50g
https://vgg.bites.com.my/collections/groceries,Groceries,VOORTMAN SF OATMEAL COOKIES 227G,RM13.90,,https://vgg.bites.com.my/collections/groceries/products/voortman-sf-oatmeal-cookies-227g
https://vgg.bites.com.my/collections/groceries,Groceries,VOORTMAN SF CHOC CHIP COOKIES 227G,RM13.90,,https://vgg.bites.com.my/collections/groceries/products/voortman-sf-choc-chip-cookies-227g
https://vgg.bites.com.my/collections/groceries,Groceries,VOORTMAN SUGAR FREE SHORTBREAD 227G,RM13.90,,https://vgg.bites.com.my/collections/groceries/products/voortman-sugar-free-shortbread-227g
https://vgg.bites.com.my/collections/groceries,Groceries,MUNCHY'S LEXUS ORIGINAL COOKIES 189G,RM6.20,,https://vgg.bites.com.my/collections/groceries/products/munchys-lexus-original-cookies-189g
https://vgg.bites.com.my/collections/groceries,Groceries,HEINZ BAKED BEANS IN RICH TOMATO SAUCE 3X220G,RM20.90,,https://vgg.bites.com.my/collections/groceries/products/heinz-baked-beans-in-rich-tomato-sauce-3x220g
https://vgg.bites.com.my/collections/groceries,Groceries,ARNOTT'S TIM TAM DELUXE DARK CHOC MINT 175G,RM18.05,,https://vgg.bites.com.my/collections/groceries/products/arnott-s-tim-tam-deluxe-dark-choc-mint-175g
https://vgg.bites.com.my/collections/groceries,Groceries,CAMEL NATURAL BAKED COCKTAIL MIX 150G,RM21.89,RM23.85,https://vgg.bites.com.my/collections/groceries/products/camel-natural-baked-cocktail-mix-150g
https://vgg.bites.com.my/collections/groceries,Groceries,SAN CARLO LIME POTATO CHIPS 150G,RM14.10,,https://vgg.bites.com.my/collections/groceries/products/san-carlo-lime-potato-chips-150g
https://vgg.bites.com.my/collections/groceries,Groceries,SAN CARLO PESTO POTATO CHIPS 150G,RM14.10,,https://vgg.bites.com.my/collections/groceries/products/san-carlo-pesto-potato-chips-150g
https://vgg.bites.com.my/collections/groceries,Groceries,TNCC VEGAN FRUITY FLAVOURED JELLIES 180G,RM14.10,,https://vgg.bites.com.my/collections/groceries/products/tncc-vegan-fruity-flavoured-jellies-180g
https://vgg.bites.com.my/collections/groceries,Groceries,SOUR PATCH KIDS BERRY 190G,RM13.90,,https://vgg.bites.com.my/collections/groceries/products/sour-patch-kids-berry-190g
https://vgg.bites.com.my/collections/groceries,Groceries,TAO KAE NOI BIG BANG CLASSIC 50G,RM12.29,RM12.75,https://vgg.bites.com.my/collections/groceries/products/tao-kae-noi-big-bang-classic-50g
https://vgg.bites.com.my/collections/groceries,Groceries,WONDERFUL CLASSIC RSTD SALTED PISTACHIOS 168G,RM19.99,RM24.30,https://vgg.bites.com.my/collections/groceries/products/wonderful-classic-rstd-salted-pistachios-168g
https://vgg.bites.com.my/collections/groceries,Groceries,TONG GARDEN SALTED BROAD BEAN W/O SKIN 365G,RM10.90,,https://vgg.bites.com.my/collections/groceries/products/tong-garden-salted-broad-bean-w-o-skin-365g
https://vgg.bites.com.my/collections/groceries,Groceries,NONGSHIM SHIN SUPER SPICY RAMYUN CUP 68G,RM5.50,,https://vgg.bites.com.my/collections/groceries/products/nongshim-shin-super-spicy-ramyun-cup-68g
https://vgg.bites.com.my/collections/groceries,Groceries,NONGSHIM SHIN SUPER SPICY RAMYUN 5X120G,RM22.90,,https://vgg.bites.com.my/collections/groceries/products/nongshim-shin-super-spicy-ramyun-5x120g
https://vgg.bites.com.my/collections/groceries,Groceries,BETTY CROCKER PANCAKE MIX ORIGINAL 400G,RM8.49,RM10.05,https://vgg.bites.com.my/collections/groceries/products/betty-crocker-pancake-mix-original-400g
https://vgg.bites.com.my/collections/groceries,Groceries,LABOUR COOKING OIL 3KG,RM19.60,,https://vgg.bites.com.my/collections/groceries/products/labour-cooking-oil-3kg
https://vgg.bites.com.my/collections/groceries,Groceries,LABOUR COOKING OIL 2KG,RM13.20,,https://vgg.bites.com.my/collections/groceries/products/labour-cooking-oil-2kg
https://vgg.bites.com.my/collections/groceries,Groceries,M&M'S MILK 180G,RM13.80,,https://vgg.bites.com.my/collections/groceries/products/m-m-s-milk-180g
https://vgg.bites.com.my/collections/groceries,Groceries,MUNCHY'S LEXUS SALTED VANILLA SANDWICH 190G,RM6.80,,https://vgg.bites.com.my/collections/groceries/products/munchys-lexus-salted-vanilla-sandwich-190g
https://vgg.bites.com.my/collections/groceries,Groceries,KING RICE BRAN OIL 1L,RM20.99,RM22.95,https://vgg.bites.com.my/collections/groceries/products/king-rice-bran-oil-1l
https://vgg.bites.com.my/collections/groceries,Groceries,VOORTMAN SUGAR FREE STRAWBERRY WAFERS 255G,RM13.05,,https://vgg.bites.com.my/collections/groceries/products/voortman-sugar-free-strawberry-wafers-255g
https://vgg.bites.com.my/collections/groceries,Groceries,VOORTMAN SUGAR FREE VANILLA WAFERS 255G,RM13.05,,https://vgg.bites.com.my/collections/groceries/products/voortman-sugar-free-vanilla-wafers-255g
https://vgg.bites.com.my/collections/groceries,Groceries,SAMYANG HOT CHICKEN CREAMY CARBONARA RAMEN 5X140G,RM29.30,,https://vgg.bites.com.my/collections/groceries/products/samyang-hot-chicken-creamy-carbonara-ramen-5x140g
https://vgg.bites.com.my/collections/groceries,Groceries,BRAHIMS TANDOORI PASTE 150GM,RM6.60,,https://vgg.bites.com.my/collections/groceries/products/brahims-tandoori-paste-150gm
https://vgg.bites.com.my/collections/groceries,Groceries,DORITOS TACO 190G,RM13.80,,https://vgg.bites.com.my/collections/groceries/products/doritos-taco-190g
https://vgg.bites.com.my/collections/groceries,Groceries,A1 VEGETARIAN SPICE SOUP 40GM,RM12.10,,https://vgg.bites.com.my/collections/groceries/products/a1-vegetarian-spice-soup-40gm
https://vgg.bites.com.my/collections/groceries,Groceries,MI SEDAAP CUP NOODLE GORENG 81G,RM2.75,,https://vgg.bites.com.my/collections/groceries/products/mi-sedaap-cup-noodle-goreng-81g
https://vgg.bites.com.my/collections/groceries,Groceries,JATI PUSA FINEST BASMATHI 1121 5KG,RM31.99,RM45.70,https://vgg.bites.com.my/collections/groceries/products/jati-pusa-finest-basmathi-1121-5kg
https://vgg.bites.com.my/collections/groceries,Groceries,DJ&A SHIITAKE MUSHROOM CRISPS SMK GARLIC&CHILI 65G,RM16.50,,https://vgg.bites.com.my/collections/groceries/products/dj-a-shiitake-mushroom-crisps-smk-garlic-chili-65g
https://vgg.bites.com.my/collections/groceries,Groceries,NUTRIONE BAKED WALNUTS 75G,RM9.50,,https://vgg.bites.com.my/collections/groceries/products/nutrione-baked-walnuts-75g
https://vgg.bites.com.my/collections/groceries,Groceries,CAP RAMBUTAN BASMATHI PUSA KING 1121 5KG,RM41.99,RM48.50,https://vgg.bites.com.my/collections/groceries/products/cap-rambutan-basmathi-pusa-king-1121-5kg
https://vgg.bites.com.my/collections/groceries,Groceries,LOVE EARTH MUSHROOM SEASONING POWDER 150G,RM20.95,,https://vgg.bites.com.my/collections/groceries/products/love-earth-mushroom-seasoning-powder-150g
https://vgg.bites.com.my/collections/groceries,Groceries,OLD TOWN KOPITIAM SMOOTH ROAST LESS SUGAR 15SX25G,RM18.99,RM21.00,https://vgg.bites.com.my/collections/groceries/products/old-town-kopitiam-smooth-roast-less-sugar-15sx25g
https://vgg.bites.com.my/collections/groceries,Groceries,OLD TOWN WHITE COFFEE SALTED CARAMEL 15SX35G,RM18.99,RM21.00,https://vgg.bites.com.my/collections/groceries/products/old-town-white-coffee-salted-caramel-15sx35g
https://vgg.bites.com.my/collections/groceries,Groceries,SANITARIUM WEET BIX 375G,RM10.99,RM12.70,https://vgg.bites.com.my/collections/groceries/products/sanitarium-weet-bix-375g
https://vgg.bites.com.my/collections/groceries,Groceries,CADBURY DRINKING CHOCOLATE 250G,RM23.90,,https://vgg.bites.com.my/collections/groceries/products/cadbury-drinking-chocolate-250g-1
https://vgg.bites.com.my/collections/groceries,Groceries,DORITOS ROASTED CORN 190G,RM13.60,,https://vgg.bites.com.my/collections/groceries/products/doritos-roasted-corn-190g
https://vgg.bites.com.my/collections/groceries,Groceries,DORITOS SPICY NACHO 190G,RM13.60,,https://vgg.bites.com.my/collections/groceries/products/doritos-spicy-nacho-190g
https://vgg.bites.com.my/collections/groceries,Groceries,SAMYANG HOT CHICKEN QUATTRO CHEESE RAMEN 5X145G,RM30.60,,https://vgg.bites.com.my/collections/groceries/products/samyang-hot-chicken-quattro-cheese-ramen-5x145g
https://vgg.bites.com.my/collections/groceries,Groceries,CADBURY FREDDO STRAWBERRY SHAREPACK 180G,RM25.90,,https://vgg.bites.com.my/collections/groceries/products/cadbury-freddo-strawberry-sharepack-180g
https://vgg.bites.com.my/collections/groceries,Groceries,YOGOOD GLOW PARFAIT MUESLI NUTS & CHIA 320G,RM16.80,,https://vgg.bites.com.my/collections/groceries/products/yogood-glow-parfait-muesli-nuts-chia-320g
https://vgg.bites.com.my/collections/groceries,Groceries,KELLOGG'S DINOSAUR FROOT LOOPS 285G,RM14.29,RM15.10,https://vgg.bites.com.my/collections/groceries/products/kellogg-s-dinosaur-froot-loops-285g
https://vgg.bites.com.my/collections/groceries,Groceries,KELLOGG'S UNICORN FROOT LOOPS 285G,RM14.29,RM14.90,https://vgg.bites.com.my/collections/groceries/products/kellogg-s-unicorn-froot-loops-285g
https://vgg.bites.com.my/collections/groceries,Groceries,NESTLE TRIX CEREAL 330G,RM12.90,,https://vgg.bites.com.my/collections/groceries/products/nestle-trix-cereal-330g
https://vgg.bites.com.my/collections/groceries,Groceries,CHUPA CHUPS TONGUE PAINTER GUM 11G,RM4.95,,https://vgg.bites.com.my/collections/groceries/products/chupa-chups-tongue-painter-gum-11g
https://vgg.bites.com.my/collections/groceries,Groceries,BABAS JINTAN PUTIH 70G,RM4.85,,https://vgg.bites.com.my/collections/groceries/products/babas-jintan-putih-70g
https://vgg.bites.com.my/collections/groceries,Groceries,PRISTINE ROLLED OATS 750GM,RM8.99,RM9.50,https://vgg.bites.com.my/collections/groceries/products/pristine-rolled-oats-750gm
https://vgg.bites.com.my/collections/groceries,Groceries,HORLICKS ORIGINAL REFILL 360G,RM14.70,,https://vgg.bites.com.my/collections/groceries/products/horlicks-original-refill-360g
https://vgg.bites.com.my/collections/groceries,Groceries,LAY'S CN CLASSIC 170G,RM12.99,RM14.50,https://vgg.bites.com.my/collections/groceries/products/lay-s-cn-classic-170g
https://vgg.bites.com.my/collections/groceries,Groceries,LAY'S CN SALT & VINEGAR 170G,RM12.99,RM14.50,https://vgg.bites.com.my/collections/groceries/products/lay-s-cn-salt-vinegar-170g
https://vgg.bites.com.my/collections/groceries,Groceries,LAY'S CN SOUR CREAM & ONION 170G,RM12.99,RM14.50,https://vgg.bites.com.my/collections/groceries/products/lay-s-cn-sour-cream-onion-170g
https://vgg.bites.com.my/collections/groceries,Groceries,MR POTATO BBQ 140G,RM5.95,,https://vgg.bites.com.my/collections/groceries/products/mr-potato-bbq-140g
https://vgg.bites.com.my/collections/groceries,Groceries,MR POTATO TOMATO 140G,RM5.95,,https://vgg.bites.com.my/collections/groceries/products/mr-potato-tomato-140g
https://vgg.bites.com.my/collections/groceries,Groceries,CAPTAIN OAT ROLLED OATS 800GM,RM9.69,RM10.35,https://vgg.bites.com.my/collections/groceries/products/captain-oat-rolled-oats-800gm
https://vgg.bites.com.my/collections/groceries,Groceries,CHEETOS CN CRUNCHY CHEESE 215G,RM14.80,,https://vgg.bites.com.my/collections/groceries/products/cheetos-cn-crunchy-cheese-215g
https://vgg.bites.com.my/collections/groceries,Groceries,CHEETOS CN CHEDDAR JALAPENO 215G,RM15.00,,https://vgg.bites.com.my/collections/groceries/products/cheetos-cn-cheddar-jalapeno-215g
https://vgg.bites.com.my/collections/groceries,Groceries,CHEETOS TH CHEESE PUFFS 200G,RM14.80,,https://vgg.bites.com.my/collections/groceries/products/cheetos-th-cheese-puffs-200g
https://vgg.bites.com.my/collections/groceries,Groceries,NESCAFE MOCHA CAN 6X240ML,RM11.99,RM15.40,https://vgg.bites.com.my/collections/groceries/products/nescafe-mocha-can-6x240ml
https://vgg.bites.com.my/collections/groceries,Groceries,NESCAFE ORIGINAL CAN 6X240ML,RM11.99,RM15.40,https://vgg.bites.com.my/collections/groceries/products/nescafe-original-can-6x240ml
https://vgg.bites.com.my/collections/groceries,Groceries,OCEAN SPRAY CRANBERRY JUICE 1L,RM14.99,RM18.60,https://vgg.bites.com.my/collections/groceries/products/ocean-spray-cranberry-juice-1l
https://vgg.bites.com.my/collections/groceries,Groceries,LAVAZZA QUALITA ORO TIN 250G,RM42.79,RM48.30,https://vgg.bites.com.my/collections/groceries/products/lavazza-qualita-oro-tin-250g
https://vgg.bites.com.my/collections/groceries,Groceries,LAVAZZA ESPRESSO BARISTA INTENSO BEAN 1KG,RM166.79,RM174.55,https://vgg.bites.com.my/collections/groceries/products/lavazza-espresso-barista-intenso-bean-1kg
https://vgg.bites.com.my/collections/groceries,Groceries,BISCOFF SPREAD CRUNCHY 380G,RM28.10,,https://vgg.bites.com.my/collections/groceries/products/biscoff-spread-crunchy-380g
https://vgg.bites.com.my/collections/groceries,Groceries,MILO CAN 6X240ML,RM17.75,,https://vgg.bites.com.my/collections/groceries/products/milo-can-6x240ml
https://vgg.bites.com.my/collections/groceries,Groceries,DUTCH LADY UHT KURMA 6X200ML,RM10.20,RM11.20,https://vgg.bites.com.my/collections/groceries/products/dutch-lady-uht-kurma-6x200ml
https://vgg.bites.com.my/collections/groceries,Groceries,CAPTAIN GRANOLA STRAWBERRY YOGHURT 220G,RM15.79,RM16.90,https://vgg.bites.com.my/collections/groceries/products/captain-granola-strawberry-yoghurt-220g
https://vgg.bites.com.my/collections/groceries,Groceries,CAPTAIN GRANOLA GULA MELAKA& COCONUT 220G,RM15.79,RM16.90,https://vgg.bites.com.my/collections/groceries/products/captain-granola-gula-melaka-coconut-220g
https://vgg.bites.com.my/collections/groceries,Groceries,CAPTAIN GRANOLA COCOA HAZELNUT 200G,RM15.79,RM16.90,https://vgg.bites.com.my/collections/groceries/products/captain-granola-cocoa-hazelnut-200g
https://vgg.bites.com.my/collections/groceries,Groceries,CORNICHES MEGA MARSHMALLOW 300G,RM11.30,,https://vgg.bites.com.my/collections/groceries/products/corniches-mega-marshmallow-300g
https://vgg.bites.com.my/collections/groceries,Groceries,DAEBAK MIYEOK GUK RAMYEON 5X105G,RM13.99,RM14.95,https://vgg.bites.com.my/collections/groceries/products/daebak-miyeok-guk-ramyeon-5x105g
https://vgg.bites.com.my/collections/groceries,Groceries,DAEBAK RABOKKI 5X113G,RM13.99,RM14.95,https://vgg.bites.com.my/collections/groceries/products/daebak-rabokki-5x113g
https://vgg.bites.com.my/collections/groceries,Groceries,DAEBAK SPICY MUSHROOM RAMYEON 5X103G,RM13.99,RM14.95,https://vgg.bites.com.my/collections/groceries/products/daebak-spicy-mushroom-ramyeon-5x103g
https://vgg.bites.com.my/collections/groceries,Groceries,YUPI GUMMY LUNCH 65G,RM4.79,RM5.05,https://vgg.bites.com.my/collections/groceries/products/yupi-gummy-lunch-65g
https://vgg.bites.com.my/collections/groceries,Groceries,KIMNORI SEAFOOD FLAVOR (SEASONED S/FLAKES) 40G,RM10.60,,https://vgg.bites.com.my/collections/groceries/products/kimnori-seafood-flavor-seasoned-s-flakes-40g
https://vgg.bites.com.my/collections/groceries,Groceries,KOREAN MARINADE HOT & SPICY 500G,RM27.10,,https://vgg.bites.com.my/collections/groceries/products/korean-marinade-hot-spicy-500g
https://vgg.bites.com.my/collections/groceries,Groceries,POPORO PEACH 235ML,RM5.70,,https://vgg.bites.com.my/collections/groceries/products/poporo-peach-235ml
https://vgg.bites.com.my/collections/groceries,Groceries,SAN REMO DRY PASTA QUICK COOK MACARONI 500G,RM5.45,,https://vgg.bites.com.my/collections/groceries/products/san-remo-dry-pasta-quick-cook-macaroni-500g
https://vgg.bites.com.my/collections/groceries,Groceries,TOH'S DAILY CHILI GARLIC-ORIGINAL 200G,RM23.19,RM24.40,https://vgg.bites.com.my/collections/groceries/products/tohs-daily-chili-garlic-original-200g
https://vgg.bites.com.my/collections/groceries,Groceries,TYRRELLS P/CHIPS SEA SALT BLACK PEPPER 150G,RM14.50,,https://vgg.bites.com.my/collections/groceries/products/tyrrells-p-chips-sea-salt-black-pepper-150g
https://vgg.bites.com.my/collections/groceries,Groceries,YUPI COLA BURGER 84G,RM4.79,RM5.05,https://vgg.bites.com.my/collections/groceries/products/yupi-cola-burger-84g
https://vgg.bites.com.my/collections/groceries,Groceries,YUPI FUN GUM 110G,RM4.79,RM5.05,https://vgg.bites.com.my/collections/groceries/products/yupi-fun-gum-110g
https://vgg.bites.com.my/collections/groceries,Groceries,YUPI GUMMY FRANKFURTER 84G,RM4.79,RM5.05,https://vgg.bites.com.my/collections/groceries/products/yupi-gummy-frankfurter-84g
https://vgg.bites.com.my/collections/groceries,Groceries,YUPI ICED COLA 110G,RM4.79,RM5.05,https://vgg.bites.com.my/collections/groceries/products/yupi-iced-cola-110g
https://vgg.bites.com.my/collections/groceries,Groceries,YUPI MINI BURGER 90G,RM4.79,RM5.05,https://vgg.bites.com.my/collections/groceries/products/yupi-mini-burger-90g
https://vgg.bites.com.my/collections/groceries,Groceries,HANSUNG PASSION FRUIT HANRABONG TEA 1150G,RM45.45,,https://vgg.bites.com.my/collections/groceries/products/hansung-passion-fruit-hanrabong-tea-1150g
https://vgg.bites.com.my/collections/groceries,Groceries,JELLY B KONJAC JELLY LYCHEE 150ML,RM6.90,,https://vgg.bites.com.my/collections/groceries/products/jelly-b-konjac-jelly-lychee-150ml
https://vgg.bites.com.my/collections/groceries,Groceries,VICO NATURAL COCONUT WATER 1L,RM10.05,,https://vgg.bites.com.my/collections/groceries/products/vico-natural-coconut-water-1l
https://vgg.bites.com.my/collections/groceries,Groceries,VICO PANDAN FLAVOR COCONUT WATER 1L,RM10.05,,https://vgg.bites.com.my/collections/groceries/products/vico-pandan-flavor-coconut-water-1l
https://vgg.bites.com.my/collections/groceries,Groceries,VICO XIEM FLAVOR COCONUT WATER 1L,RM10.05,,https://vgg.bites.com.my/collections/groceries/products/vico-xiem-flavor-coconut-water-1l
https://vgg.bites.com.my/collections/groceries,Groceries,YUPI NEON WORMS 108G,RM4.79,RM5.05,https://vgg.bites.com.my/collections/groceries/products/yupi-neon-worms-108g
https://vgg.bites.com.my/collections/groceries,Groceries,YUPI PIZZA ONE SLICE 88G,RM4.79,RM5.05,https://vgg.bites.com.my/collections/groceries/products/yupi-pizza-one-slice-88g
https://vgg.bites.com.my/collections/groceries,Groceries,YUPI SOUR BURGER 84G,RM4.79,RM5.05,https://vgg.bites.com.my/collections/groceries/products/yupi-sour-burger-84g
https://vgg.bites.com.my/collections/groceries,Groceries,YUPI STRAWBERRY KISS 110G,RM4.79,RM5.05,https://vgg.bites.com.my/collections/groceries/products/yupi-strawberry-kiss-110g
https://vgg.bites.com.my/collections/groceries,Groceries,TOH'S DAILY CHILI GARLIC-EXTRA SPICY 200G,RM23.19,RM24.40,https://vgg.bites.com.my/collections/groceries/products/tohs-daily-chili-garlic-extra-spicy-200g
https://vgg.bites.com.my/collections/groceries,Groceries,LOTTE ALMOND PEPERO BIG PACK 32G X 8,RM40.15,,https://vgg.bites.com.my/collections/groceries/products/lotte-almond-pepero-big-pack-32g-x-8
https://vgg.bites.com.my/collections/groceries,Groceries,LOTTE PEPERO WHITE COOKIE PROMO PACK 32GM*8,RM40.15,,https://vgg.bites.com.my/collections/groceries/products/lotte-pepero-white-cookie-promo-pack-32gm-8
https://vgg.bites.com.my/collections/groceries,Groceries,MITSUKAN HONTERI MIRIN SU 500ML,RM15.90,,https://vgg.bites.com.my/collections/groceries/products/mitsukan-honteri-mirin-su-500ml
https://vgg.bites.com.my/collections/groceries,Groceries,PALDO TEUMSAE RAMYUN 5X120G,RM26.50,,https://vgg.bites.com.my/collections/groceries/products/paldo-teumsae-ramyun-5x120g
https://vgg.bites.com.my/collections/groceries,Groceries,QUAKER WHOLE ROLLED OATS 800G,RM10.89,RM11.80,https://vgg.bites.com.my/collections/groceries/products/quaker-whole-rolled-oats-800g
https://vgg.bites.com.my/collections/groceries,Groceries,SUNLICO SUNFLOWER SEED OIL 1KG,RM15.35,,https://vgg.bites.com.my/collections/groceries/products/sunlico-sunflower-seed-oil-1kg
https://vgg.bites.com.my/collections/groceries,Groceries,NONA KETUPAT WANGI PANDAN 780G,RM8.65,,https://vgg.bites.com.my/collections/groceries/products/nona-ketupat-wangi-pandan-780g
https://vgg.bites.com.my/collections/groceries,Groceries,ILLY CLASSIC ROAST BEAN 250G,RM57.99,RM66.05,https://vgg.bites.com.my/collections/groceries/products/illy-classic-roast-bean-250g
https://vgg.bites.com.my/collections/groceries,Groceries,YOGOOD GOURMET VP 6X35G,RM12.29,RM16.20,https://vgg.bites.com.my/collections/groceries/products/yogood-gourmet-vp-6x35g
https://vgg.bites.com.my/collections/groceries,Groceries,NESTLE KITKAT CHUNKY AERO MINT 45G,RM10.90,,https://vgg.bites.com.my/collections/groceries/products/nestle-kitkat-chunky-aero-mint-45g
https://vgg.bites.com.my/collections/groceries,Groceries,MISSION MINI WRAPS ORIGINAL 300G,RM8.60,,https://vgg.bites.com.my/collections/groceries/products/mission-mini-wraps-original-300g
https://vgg.bites.com.my/collections/groceries,Groceries,BONNE MAMAN BLACKBERRY JAM 370G,RM24.70,,https://vgg.bites.com.my/collections/groceries/products/bonne-maman-blackberry-jam-370g
https://vgg.bites.com.my/collections/groceries,Groceries,BONNE MAMAN CHERRY JAM 370G,RM24.70,,https://vgg.bites.com.my/collections/groceries/products/bonne-maman-cherry-jam-370g
https://vgg.bites.com.my/collections/groceries,Groceries,BONNE MAMAN PEACH PRESERVES 370G,RM24.70,,https://vgg.bites.com.my/collections/groceries/products/bonne-maman-peach-preserves-370g
https://vgg.bites.com.my/collections/groceries,Groceries,CHEKHUP 3IN1 WC CLASSIC 12SX35G,RM20.99,RM22.50,https://vgg.bites.com.my/collections/groceries/products/chekhup-3in1-wc-classic-12sx35g
https://vgg.bites.com.my/collections/groceries,Groceries,HOMESOY HONEY MELON 6X250ML,RM8.20,,https://vgg.bites.com.my/collections/groceries/products/homesoy-honey-melon-6x250ml
https://vgg.bites.com.my/collections/groceries,Groceries,HOMESOY INSTANT BREAKFAST SOYA MULTIGRAIN 10X32G,RM10.89,RM11.35,https://vgg.bites.com.my/collections/groceries/products/homesoy-instant-breakfast-soya-multigrain-10x32g
https://vgg.bites.com.my/collections/groceries,Groceries,HOMESOY NO SUGAR ADDED 3.0 946ML,RM5.10,,https://vgg.bites.com.my/collections/groceries/products/homesoy-no-sugar-added-3-0-946ml
https://vgg.bites.com.my/collections/groceries,Groceries,IBUMIE AMG K.KPITAN 5X80G,RM6.40,,https://vgg.bites.com.my/collections/groceries/products/ibumie-amg-k-kpitan-5x80g
https://vgg.bites.com.my/collections/groceries,Groceries,IBUMIE AMG S.UDANG 5X80G,RM6.40,,https://vgg.bites.com.my/collections/groceries/products/ibumie-amg-s-udang-5x80g
https://vgg.bites.com.my/collections/groceries,Groceries,IBUMIE AMG T.TOMYAM 5X80G,RM6.40,,https://vgg.bites.com.my/collections/groceries/products/ibumie-amg-t-tomyam-5x80g
https://vgg.bites.com.my/collections/groceries,Groceries,ITO-EN OI OCHA GREEN TEA 20S,RM20.89,RM21.50,https://vgg.bites.com.my/collections/groceries/products/ito-en-oi-ocha-green-tea-20s
https://vgg.bites.com.my/collections/groceries,Groceries,ITO-EN OI OCHA MATCHA GENMACHAI 20X2G,RM20.89,RM21.50,https://vgg.bites.com.my/collections/groceries/products/ito-en-oi-ocha-matcha-genmachai-20x2g
https://vgg.bites.com.my/collections/groceries,Groceries,FONTANA FORMIELLO ARBORIO RISOTTO RICE 1KG,RM30.30,,https://vgg.bites.com.my/collections/groceries/products/fontana-formiello-arborio-risotto-rice-1kg
https://vgg.bites.com.my/collections/groceries,Groceries,LINDT SWISS CLASSIC MILK CHOC 100GM,RM20.49,RM24.00,https://vgg.bites.com.my/collections/groceries/products/lindt-swiss-classic-milk-choc-100gm
https://vgg.bites.com.my/collections/groceries,Groceries,POKKA NATSBEE HONEY YUZU 500ML,RM3.95,,https://vgg.bites.com.my/collections/groceries/products/pokka-natsbee-honey-yuzu-500ml
https://vgg.bites.com.my/collections/groceries,Groceries,AIK CHEONG KOPI-O BAG 12X18G,RM10.49,RM11.60,https://vgg.bites.com.my/collections/groceries/products/aik-cheong-kopi-o-bag-12x18g
https://vgg.bites.com.my/collections/groceries,Groceries,ARABUS ROASTED & GROUND COFFEE MOCHA 230ML,RM6.49,RM7.00,https://vgg.bites.com.my/collections/groceries/products/arabus-roasted-ground-coffee-mocha-230ml
https://vgg.bites.com.my/collections/groceries,Groceries,BONCAFE ALL DAY COFFEE POWDER 200GM,RM25.89,RM28.40,https://vgg.bites.com.my/collections/groceries/products/boncafe-all-day-coffee-powder-200gm
https://vgg.bites.com.my/collections/groceries,Groceries,CHOBANI GREEK YOGHURT 0% FAT RASPBERRY POUCH 140G,RM13.90,,https://vgg.bites.com.my/collections/groceries/products/chobani-greek-yoghurt-0-fat-raspberry-pouch-140g
https://vgg.bites.com.my/collections/groceries,Groceries,FUZE TEA MANGO CHAMOMILE 1.5L,RM4.99,RM6.00,https://vgg.bites.com.my/collections/groceries/products/fuze-tea-mango-chamomile-1-5l
https://vgg.bites.com.my/collections/groceries,Groceries,FUZE TEA ICE PASSION FRUIT TEA 500ML,RM2.75,,https://vgg.bites.com.my/collections/groceries/products/fuze-tea-ice-passion-fruit-tea-500ml
https://vgg.bites.com.my/collections/groceries,Groceries,RUFFLES CN ORIGINAL 170G,RM12.99,RM14.65,https://vgg.bites.com.my/collections/groceries/products/ruffles-cn-original-170g
https://vgg.bites.com.my/collections/groceries,Groceries,ITP FOODS SOTO AYAM 200G,RM8.00,,https://vgg.bites.com.my/collections/groceries/products/itp-foods-soto-ayam-200g
https://vgg.bites.com.my/collections/groceries,Groceries,100 PLUS ORIGINAL 6X325ML,RM9.89,RM10.35,https://vgg.bites.com.my/collections/groceries/products/100-plus-original-6x325ml
https://vgg.bites.com.my/collections/groceries,Groceries,ALCE NERO ORG FUSILLI TRICOLORE 500GM,RM8.29,RM9.35,https://vgg.bites.com.my/collections/groceries/products/alce-nero-org-fusilli-tricolore-500gm
https://vgg.bites.com.my/collections/groceries,Groceries,0101 BLACK PEPPER COARSE 70GM,RM9.60,,https://vgg.bites.com.my/collections/groceries/products/0101-black-pepper-coarse-70gm
https://vgg.bites.com.my/collections/groceries,Groceries,0101 BLACK PEPPER POWDER 80GM,RM8.90,,https://vgg.bites.com.my/collections/groceries/products/0101-black-pepper-powder-80gm
https://vgg.bites.com.my/collections/groceries,Groceries,5 TEMPEST OTC WATERMELON 12'S,RM4.65,,https://vgg.bites.com.my/collections/groceries/products/5-tempest-otc-watermelon-12-s
https://vgg.bites.com.my/collections/groceries,Groceries,7DAYS CHOCOLATE CROISSANT 60G,RM1.90,,https://vgg.bites.com.my/collections/groceries/products/7days-chocolate-croissant-60g
https://vgg.bites.com.my/collections/groceries,Groceries,A1 CHIC SOUP SPICES 35G,RM12.10,,https://vgg.bites.com.my/collections/groceries/products/a1-chic-soup-spices-35g
https://vgg.bites.com.my/collections/groceries,Groceries,A1 INSTANT CHICKEN CURRY SAUCE 200G,RM6.20,,https://vgg.bites.com.my/collections/groceries/products/a1-instant-chicken-curry-sauce-200g
https://vgg.bites.com.my/collections/groceries,Groceries,A1 THAI STYLE SOUR & SPICY FISH SAUCE 200G,RM6.20,,https://vgg.bites.com.my/collections/groceries/products/a1-thai-style-sour-spicy-fish-sauce-200g
https://vgg.bites.com.my/collections/groceries,Groceries,A1 CHIC SOUP HERB 60G,RM17.45,,https://vgg.bites.com.my/collections/groceries/products/a1-chic-soup-herb-60g
https://vgg.bites.com.my/collections/groceries,Groceries,ADABI KARI KAMBING 280GM,RM16.40,,https://vgg.bites.com.my/collections/groceries/products/adabi-kari-kambing-280gm
https://vgg.bites.com.my/collections/groceries,Groceries,ADABI SOS PASTA ASLI 300G,RM7.15,,https://vgg.bites.com.my/collections/groceries/products/adabi-sos-pasta-asli-300g
https://vgg.bites.com.my/collections/groceries,Groceries,ALAGAPPAS KARI DAGING 250G,RM6.60,,https://vgg.bites.com.my/collections/groceries/products/alagappas-kari-daging-250g
https://vgg.bites.com.my/collections/groceries,Groceries,AHMAD TEA COLD BREW LEMON AND LIME 20TB,RM14.50,,https://vgg.bites.com.my/collections/groceries/products/ahmad-tea-cold-brew-lemon-and-lime-20tb
https://vgg.bites.com.my/collections/groceries,Groceries,ALCE NERO JAM BLUEBERRY 270G,RM27.50,,https://vgg.bites.com.my/collections/groceries/products/alce-nero-jam-blueberry-270g
https://vgg.bites.com.my/collections/groceries,Groceries,ALPEN ORIGINAL MUESLI 1.1KG,RM36.90,,https://vgg.bites.com.my/collections/groceries/products/alpen-original-muesli-1-1kg
https://vgg.bites.com.my/collections/groceries,Groceries,ALWAYS FRESH POLSKIE OGORKI CUCUMBERS 680G,RM14.10,,https://vgg.bites.com.my/collections/groceries/products/always-fresh-polskie-ogorki-cucumbers-680g
https://vgg.bites.com.my/collections/groceries,Groceries,AMICA ALFREDO'S CHIPS BBQ 130G,RM15.30,,https://vgg.bites.com.my/collections/groceries/products/amica-alfredo-s-chips-bbq-130g
https://vgg.bites.com.my/collections/groceries,Groceries,ANGEL LIGHT SAUCE 500ML,RM7.60,,https://vgg.bites.com.my/collections/groceries/products/angel-light-sauce-500ml
https://vgg.bites.com.my/collections/groceries,Groceries,ANTONELLI CROISSANT APRICOT X5 250G,RM12.05,,https://vgg.bites.com.my/collections/groceries/products/antonelli-croissant-apricot-x5-250g
https://vgg.bites.com.my/collections/groceries,Groceries,ANTONELLI CROISSANT TWO FLVRS MILK CHOC X5 250G,RM12.05,,https://vgg.bites.com.my/collections/groceries/products/antonelli-croissant-two-flvrs-milk-choc-x5-250g
https://vgg.bites.com.my/collections/groceries,Groceries,ARIZONA LEMON TEA BIG CAN 22FL OZ,RM7.00,,https://vgg.bites.com.my/collections/groceries/products/arizona-lemon-tea-big-can-22fl-oz
https://vgg.bites.com.my/collections/groceries,Groceries,APPLE FOX CIDER CAN 4X320ML,RM28.80,,https://vgg.bites.com.my/collections/groceries/products/apple-fox-cider-can-4x320ml
https://vgg.bites.com.my/collections/groceries,Groceries,ARNOTT'S TIM TAM DELUXE DECADENT TRIPLE CHOC 175G,RM18.05,,https://vgg.bites.com.my/collections/groceries/products/arnott-s-tim-tam-deluxe-decadent-triple-choc-175g
https://vgg.bites.com.my/collections/groceries,Groceries,AUTHENTIC TEA HOUSE OOLONG TEA 500ML,RM3.00,,https://vgg.bites.com.my/collections/groceries/products/authentic-tea-house-oolong-tea-500ml
https://vgg.bites.com.my/collections/groceries,Groceries,AUTHENTIC THAI PALM SUGAR 200G,RM12.10,,https://vgg.bites.com.my/collections/groceries/products/authentic-thai-palm-sugar-200g
https://vgg.bites.com.my/collections/groceries,Groceries,AYAM BRAND GARDEN PEAS 200G,RM4.25,,https://vgg.bites.com.my/collections/groceries/products/ayam-brand-garden-peas-200g
https://vgg.bites.com.my/collections/groceries,Groceries,AYAM BRAND GARDEN PEAS 400G,RM5.85,,https://vgg.bites.com.my/collections/groceries/products/ayam-brand-garden-peas-400g
https://vgg.bites.com.my/collections/groceries,Groceries,AYAM BRAND MACKEREL FILLETS IN TOMATO 125G,RM15.15,,https://vgg.bites.com.my/collections/groceries/products/ayam-brand-mackerel-fillets-in-tomato-125g
https://vgg.bites.com.my/collections/groceries,Groceries,BAHLSEN ABC 100G,RM12.25,,https://vgg.bites.com.my/collections/groceries/products/bahlsen-abc-100g
https://vgg.bites.com.my/collections/groceries,Groceries,BAHLSEN LEIBNIZ ZOO MILK & HONEY 100G,RM10.80,,https://vgg.bites.com.my/collections/groceries/products/bahlsen-leibniz-zoo-milk-honey-100g
https://vgg.bites.com.my/collections/groceries,Groceries,BAHLSEN PICK UP MINIS CHOCO & MILK 106G,RM21.35,,https://vgg.bites.com.my/collections/groceries/products/bahlsen-pick-up-minis-choco-milk-106g
https://vgg.bites.com.my/collections/groceries,Groceries,BEECHWORTH HONEY BEE CAUSE OUTBACK HONEY 240G,RM32.85,,https://vgg.bites.com.my/collections/groceries/products/beechworth-honey-bee-cause-outback-honey-240g
https://vgg.bites.com.my/collections/groceries,Groceries,BELGIAN MILK CHOCOLATE 100G,RM23.59,RM27.25,https://vgg.bites.com.my/collections/groceries/products/belgian-milk-chocolate-100g
https://vgg.bites.com.my/collections/groceries,Groceries,BELGIAN NSA MILK CHOC 100GM,RM30.30,,https://vgg.bites.com.my/collections/groceries/products/belgian-nsa-milk-choc-100gm
https://vgg.bites.com.my/collections/groceries,Groceries,BELGIAN PRALINES SELECTION CHOC 250G,RM47.29,RM54.60,https://vgg.bites.com.my/collections/groceries/products/belgian-pralines-selection-choc-250g
https://vgg.bites.com.my/collections/groceries,Groceries,BELGIAN SEASHELLS CHOC 250G,RM47.29,RM54.60,https://vgg.bites.com.my/collections/groceries/products/belgian-seashells-choc-250g
https://vgg.bites.com.my/collections/groceries,Groceries,BERYL'S RAISIN COATED MILK CHOC 360G,RM29.80,,https://vgg.bites.com.my/collections/groceries/products/beryl-s-raisin-coated-milk-choc-360g
https://vgg.bites.com.my/collections/groceries,Groceries,BETTY CROCKER PIE CRUST MIX 11OZ (311G),RM12.05,,https://vgg.bites.com.my/collections/groceries/products/betty-crocker-pie-crust-mix-11oz-311g
https://vgg.bites.com.my/collections/groceries,Groceries,BIHUN ERAWAN 500GM,RM5.10,,https://vgg.bites.com.my/collections/groceries/products/bihun-erawan-500gm
https://vgg.bites.com.my/collections/groceries,Groceries,BLUEBIRD ORIGINALS CHIPS READY SALTED 150G,RM11.90,RM15.10,https://vgg.bites.com.my/collections/groceries/products/bluebird-originals-chips-ready-salted-150g
https://vgg.bites.com.my/collections/groceries,Groceries,BLUE DIAMOND ALMOND CHOCOLATE MILK 946ML,RM18.00,,https://vgg.bites.com.my/collections/groceries/products/blue-diamond-almond-chocolate-milk-946ml
https://vgg.bites.com.my/collections/groceries,Groceries,BLUE DIAMOND ALMOND MATCHA MILK 946ML,RM18.00,,https://vgg.bites.com.my/collections/groceries/products/blue-diamond-almond-matcha-milk-946ml
https://vgg.bites.com.my/collections/groceries,Groceries,BOH S/S MANGO 20'SX2GM,RM10.70,,https://vgg.bites.com.my/collections/groceries/products/boh-s-s-mango-20-sx2gm
https://vgg.bites.com.my/collections/groceries,Groceries,BORGES CLASSIC OLIVE OIL 500ML,RM44.99,RM46.50,https://vgg.bites.com.my/collections/groceries/products/borges-classic-olive-oil-500ml
https://vgg.bites.com.my/collections/groceries,Groceries,CADBURY BREAKAWAY ORIGINAL 180G,RM22.90,,https://vgg.bites.com.my/collections/groceries/products/cadbury-breakaway-original-180g
https://vgg.bites.com.my/collections/groceries,Groceries,CADBURY CHIPSMORE CHOCOLATE 37G,RM3.55,,https://vgg.bites.com.my/collections/groceries/products/cadbury-chipsmore-chocolate-37g
https://vgg.bites.com.my/collections/groceries,Groceries,CADBURY OREO SHAREBAG 10S 115G,RM10.19,RM11.15,https://vgg.bites.com.my/collections/groceries/products/cadbury-oreo-sharebag-10s-115g
https://vgg.bites.com.my/collections/groceries,Groceries,CALIFORNIA OTG NACHO CHIPS CHEESE DIP 273G,RM19.95,,https://vgg.bites.com.my/collections/groceries/products/california-otg-nacho-chips-cheese-dip-273g
https://vgg.bites.com.my/collections/groceries,Groceries,CALIFORNIA CREAMERY-NACHO CHEESE 396G,RM23.90,,https://vgg.bites.com.my/collections/groceries/products/california-creamery-nacho-cheese-396g
https://vgg.bites.com.my/collections/groceries,Groceries,CADBURY FREDDO MILK TOP CHOCOLATE 144G,RM25.90,,https://vgg.bites.com.my/collections/groceries/products/cadbury-freddo-milk-top-chocolate-144g
https://vgg.bites.com.my/collections/groceries,Groceries,CADBURY FREDDO STRAWBERRY SHAREPACK 180G,RM25.90,,https://vgg.bites.com.my/collections/groceries/products/cadbury-freddo-strawberry-sharepack-180g-1
https://vgg.bites.com.my/collections/groceries,Groceries,CADBURY TWIRL BITES BAG 109G,RM15.90,,https://vgg.bites.com.my/collections/groceries/products/cadbury-twirl-bites-bag-109g
https://vgg.bites.com.my/collections/groceries,Groceries,CAMEL SHANDONG PEANUTS 135G,RM5.69,RM5.90,https://vgg.bites.com.my/collections/groceries/products/camel-shandong-peanuts-135g
https://vgg.bites.com.my/collections/groceries,Groceries,CAMEL WASABI COATED GREEN PEAS 36G,RM2.80,,https://vgg.bites.com.my/collections/groceries/products/camel-wasabi-coated-green-peas-36g
https://vgg.bites.com.my/collections/groceries,Groceries,CAMEL HONEY ALMONDS 36GM,RM6.75,,https://vgg.bites.com.my/collections/groceries/products/camel-honey-almonds-36gm
https://vgg.bites.com.my/collections/groceries,Groceries,CAMEL ROASTED SALTED PEANUTS 36GM,RM2.80,,https://vgg.bites.com.my/collections/groceries/products/camel-roasted-salted-peanuts-36gm
https://vgg.bites.com.my/collections/groceries,Groceries,CAPILANO HONEY JAR 500G,RM29.05,,https://vgg.bites.com.my/collections/groceries/products/capilano-honey-jar-500g
https://vgg.bites.com.my/collections/groceries,Groceries,CAROTINO COOKING OIL 1KG,RM14.40,,https://vgg.bites.com.my/collections/groceries/products/carotino-cooking-oil-1kg
https://vgg.bites.com.my/collections/groceries,Groceries,CARLSBERG BEER CAN (GL) 4X500ML,RM50.80,,https://vgg.bites.com.my/collections/groceries/products/carlsberg-beer-can-gl-4x500ml
https://vgg.bites.com.my/collections/groceries,Groceries,CAVENDISH & HARVEY TROPICAL FRUIT DROPS 200G,RM12.90,,https://vgg.bites.com.my/collections/groceries/products/cavendish-harvey-tropical-fruit-drops-200g
https://vgg.bites.com.my/collections/groceries,Groceries,CED NATURAL HIMALAYAN WHITE SALT 500G,RM2.60,,https://vgg.bites.com.my/collections/groceries/products/ced-natural-himalayan-white-salt-500g
https://vgg.bites.com.my/collections/groceries,Groceries,CED ORGANIC MOLASSES SUGAR 850G,RM16.75,,https://vgg.bites.com.my/collections/groceries/products/ced-organic-molasses-sugar-850g
https://vgg.bites.com.my/collections/groceries,Groceries,CHACHEER SUNFLOWER SEEDS COCONUT 130G,RM4.19,RM4.75,https://vgg.bites.com.my/collections/groceries/products/chacheer-sunflower-seeds-coconut-130g
https://vgg.bites.com.my/collections/groceries,Groceries,CHACHEER SUNFLOWER SEEDS CREAM 130G,RM4.19,RM4.75,https://vgg.bites.com.my/collections/groceries/products/chacheer-sunflower-seeds-cream-130g
https://vgg.bites.com.my/collections/groceries,Groceries,CHEE SENG PURE WHITE SESAME OIL 750ML,RM35.99,RM37.75,https://vgg.bites.com.my/collections/groceries/products/chee-seng-pure-white-sesame-oil-750ml
https://vgg.bites.com.my/collections/groceries,Groceries,CHUPA CHUPS BEST OF 10'S,RM4.90,,https://vgg.bites.com.my/collections/groceries/products/chupa-chups-best-of-10-s
https://vgg.bites.com.my/collections/groceries,Groceries,CHUPA CHUPS CREAMY 10'S,RM4.90,,https://vgg.bites.com.my/collections/groceries/products/chupa-chups-creamy-10-s
https://vgg.bites.com.my/collections/groceries,Groceries,CHUPA CHUPS FACES FLAT LOLLIPOPS 210G,RM24.90,,https://vgg.bites.com.my/collections/groceries/products/chupa-chups-faces-flat-lollipops-210g
https://vgg.bites.com.my/collections/groceries,Groceries,CHUPA CHUPS FRUIT 10'S,RM4.90,,https://vgg.bites.com.my/collections/groceries/products/chupa-chups-fruit-10-s
https://vgg.bites.com.my/collections/groceries,Groceries,CHOSEN FOODS 100% AVOCADO OIL SPRAY 4.7OZ,RM52.90,,https://vgg.bites.com.my/collections/groceries/products/chosen-foods-100-avocado-oil-spray-4-7oz
https://vgg.bites.com.my/collections/groceries,Groceries,SING LONG CINCALOK TG MELAKA 250G,RM5.90,,https://vgg.bites.com.my/collections/groceries/products/sing-long-cincalok-tg-melaka-250g
https://vgg.bites.com.my/collections/groceries,Groceries,CINTAN AYAM CENDAWAN 5X75GM,RM4.79,RM5.70,https://vgg.bites.com.my/collections/groceries/products/cintan-ayam-cendawan-5x75gm
https://vgg.bites.com.my/collections/groceries,Groceries,CIRIO BAKED BEANS 420G,RM6.80,,https://vgg.bites.com.my/collections/groceries/products/cirio-baked-beans-420g
https://vgg.bites.com.my/collections/groceries,Groceries,CIRIO SWEET CORN 300G,RM10.25,,https://vgg.bites.com.my/collections/groceries/products/cirio-sweet-corn-300g
https://vgg.bites.com.my/collections/groceries,Groceries,COLAVITA EXTRA VIRGIN OLIVE OIL 100 ITALIAN 500ML,RM48.55,,https://vgg.bites.com.my/collections/groceries/products/colavita-extra-virgin-olive-oil-100-italian-500ml
https://vgg.bites.com.my/collections/groceries,Groceries,COLAVITA EXTRA VIRGIN OLIVE OIL PREM SELECT 250ML,RM20.99,RM25.05,https://vgg.bites.com.my/collections/groceries/products/colavita-extra-virgin-olive-oil-prem-select-250ml
https://vgg.bites.com.my/collections/groceries,Groceries,COLAVITA EXTRA VIRGIN OLIVE OIL PREM SELECT 500ML,RM43.05,,https://vgg.bites.com.my/collections/groceries/products/colavita-extra-virgin-olive-oil-prem-select-500ml
https://vgg.bites.com.my/collections/groceries,Groceries,COLAVITA PURE OLIVE OIL 250ML,RM17.99,RM22.90,https://vgg.bites.com.my/collections/groceries/products/colavita-pure-olive-oil-250ml
https://vgg.bites.com.my/collections/groceries,Groceries,COLAVITA PURE OLIVE OIL 500ML,RM37.55,,https://vgg.bites.com.my/collections/groceries/products/colavita-pure-olive-oil-500ml
https://vgg.bites.com.my/collections/groceries,Groceries,COLGATE  RED TP FCM 175G,RM11.75,,https://vgg.bites.com.my/collections/groceries/products/colgate-red-tp-fcm-175g
https://vgg.bites.com.my/collections/groceries,Groceries,COZZO KONNYAKU JELLY PEACH 160G,RM4.00,,https://vgg.bites.com.my/collections/groceries/products/cozzo-konnyaku-jelly-peach-160g
https://vgg.bites.com.my/collections/groceries,Groceries,CHEE SENG PURE WHITE SESAME OIL 320ML,RM16.99,RM18.75,https://vgg.bites.com.my/collections/groceries/products/chee-seng-pure-white-sesame-oil-320ml
https://vgg.bites.com.my/collections/groceries,Groceries,"CYPRINA ORANGE W VITAMIN C, A & E 1L",RM9.00,,https://vgg.bites.com.my/collections/groceries/products/cyprina-orange-w-vitamin-c-a-e-1l
https://vgg.bites.com.my/collections/groceries,Groceries,D/SWALLOW GARAM HALUS (BERIODIN) 375G,RM1.30,,https://vgg.bites.com.my/collections/groceries/products/d-swallow-garam-halus-beriodin-375g
https://vgg.bites.com.my/collections/groceries,Groceries,DANCING CHEF SWEET AND SOUR SAUCE 100GM,RM8.80,,https://vgg.bites.com.my/collections/groceries/products/dancing-chef-sweet-and-sour-sauce-100gm
https://vgg.bites.com.my/collections/groceries,Groceries,DANCING CHEF YELLOW CURRY PASTE 100GM,RM8.80,,https://vgg.bites.com.my/collections/groceries/products/dancing-chef-yellow-curry-paste-100gm
https://vgg.bites.com.my/collections/groceries,Groceries,DANCING CHEF INDONESIA CURRY PASTE 100GM,RM8.80,,https://vgg.bites.com.my/collections/groceries/products/dancing-chef-indonesia-curry-paste-100gm
https://vgg.bites.com.my/collections/groceries,Groceries,DANCING CHEF KOREAN SPICY CHICKEN SAUCE 100G,RM8.80,,https://vgg.bites.com.my/collections/groceries/products/dancing-chef-korean-spicy-chicken-sauce-100g
https://vgg.bites.com.my/collections/groceries,Groceries,DANCING CHEF PADANG RENDANG PASTE 100GM,RM8.80,,https://vgg.bites.com.my/collections/groceries/products/dancing-chef-padang-rendang-paste-100gm
https://vgg.bites.com.my/collections/groceries,Groceries,DANCING CHEF PINEAPPLE RICE PASTE 100GM,RM8.80,,https://vgg.bites.com.my/collections/groceries/products/dancing-chef-pineapple-rice-paste-100gm
https://vgg.bites.com.my/collections/groceries,Groceries,DANCING CHEF RED CURRY PASTE 100GM,RM8.80,,https://vgg.bites.com.my/collections/groceries/products/dancing-chef-red-curry-paste-100gm
https://vgg.bites.com.my/collections/groceries,Groceries,DELFI CHOCOLATE SYRUP 350ML,RM13.99,RM14.85,https://vgg.bites.com.my/collections/groceries/products/delfi-chocolate-syrup-350ml
https://vgg.bites.com.my/collections/groceries,Groceries,DIABLO STEVIA MILK CHOCOLATE 75G,RM13.90,,https://vgg.bites.com.my/collections/groceries/products/diablo-stevia-milk-chocolate-75g
https://vgg.bites.com.my/collections/groceries,Groceries,DILMAH GREEN TEA SENCHA 20'S,RM9.95,,https://vgg.bites.com.my/collections/groceries/products/dilmah-green-tea-sencha-20-s
https://vgg.bites.com.my/collections/groceries,Groceries,DILMAH PREMIUM TAG TEABAG 100X2G,RM18.90,,https://vgg.bites.com.my/collections/groceries/products/dilmah-premium-tag-teabag-100x2g
https://vgg.bites.com.my/collections/groceries,Groceries,DILMAH EARL GREY TEA BAGS 20'S,RM12.20,,https://vgg.bites.com.my/collections/groceries/products/dilmah-earl-grey-tea-bags-20-s
https://vgg.bites.com.my/collections/groceries,Groceries,DILMAH ENGLISH BREAKFAST TEA BAGS 20'S,RM12.20,,https://vgg.bites.com.my/collections/groceries/products/dilmah-english-breakfast-tea-bags-20-s
https://vgg.bites.com.my/collections/groceries,Groceries,DILMAH EXCPT GENTLE MINTY GREEN TEA 20'S,RM14.85,,https://vgg.bites.com.my/collections/groceries/products/dilmah-excpt-gentle-minty-green-tea-20-s
https://vgg.bites.com.my/collections/groceries,Groceries,DOLMIO BOLOGNESE SPICY PEPPERS 500GM,RM16.55,,https://vgg.bites.com.my/collections/groceries/products/dolmio-bolognese-spicy-peppers-500gm
https://vgg.bites.com.my/collections/groceries,Groceries,DOLMIO CARBONARA 490G,RM16.55,,https://vgg.bites.com.my/collections/groceries/products/dolmio-carbonara-490g
https://vgg.bites.com.my/collections/groceries,Groceries,DOLMIO CLASSIC TOMOTO & BASIL 500GM,RM16.55,,https://vgg.bites.com.my/collections/groceries/products/dolmio-classic-tomoto-basil-500gm
https://vgg.bites.com.my/collections/groceries,Groceries,DOUBLE D MANUKA HONEY EUCALYPTUS CANDY 80G,RM14.10,,https://vgg.bites.com.my/collections/groceries/products/double-d-manuka-honey-eucalyptus-candy-80g
https://vgg.bites.com.my/collections/groceries,Groceries,DOUBLE DECKER CHICKEN CRACKER 65G,RM1.99,RM2.35,https://vgg.bites.com.my/collections/groceries/products/double-decker-chicken-cracker-65g
https://vgg.bites.com.my/collections/groceries,Groceries,DOUBLE DECKER HOT & SPICY PRAWN 80G,RM2.35,,https://vgg.bites.com.my/collections/groceries/products/double-decker-hot-spicy-prawn-80g
https://vgg.bites.com.my/collections/groceries,Groceries,DOUBLE DECKER PRAWN CRACKER 80G,RM1.99,RM2.35,https://vgg.bites.com.my/collections/groceries/products/double-decker-prawn-cracker-80g
https://vgg.bites.com.my/collections/groceries,Groceries,DOUBLEMINT CHEWY MINTS TUBE LEMON ICE 30G,RM3.10,,https://vgg.bites.com.my/collections/groceries/products/doublemint-chewy-mints-tube-lemon-ice-30g
https://vgg.bites.com.my/collections/groceries,Groceries,DRINHO LYCHEE 6X250ML,RM6.70,,https://vgg.bites.com.my/collections/groceries/products/drinho-lychee-6x250ml
https://vgg.bites.com.my/collections/groceries,Groceries,DRINHO SOYA BEAN 300ML,RM1.75,,https://vgg.bites.com.my/collections/groceries/products/drinho-soya-bean-300ml
https://vgg.bites.com.my/collections/groceries,Groceries,DRINHO CHRYSANTHEMUM TEA 1L,RM3.60,,https://vgg.bites.com.my/collections/groceries/products/drinho-chrysanthemum-tea-1l
https://vgg.bites.com.my/collections/groceries,Groceries,DRINHO SOYA CORN 1L,RM4.05,,https://vgg.bites.com.my/collections/groceries/products/drinho-soya-corn-1l
https://vgg.bites.com.my/collections/groceries,Groceries,DRINHO ICE LEMON TEA 1L,RM3.60,,https://vgg.bites.com.my/collections/groceries/products/drinho-ice-lemon-tea-1l
https://vgg.bites.com.my/collections/groceries,Groceries,DRINHO WINTER MELON 1L,RM3.60,,https://vgg.bites.com.my/collections/groceries/products/drinho-winter-melon-1l
https://vgg.bites.com.my/collections/groceries,Groceries,DRINHO LYCHEE 300ML,RM1.75,,https://vgg.bites.com.my/collections/groceries/products/drinho-lychee-300ml
https://vgg.bites.com.my/collections/groceries,Groceries,HERSHEY'S BAR CREAMY MILK CHOCOLATE 90G,RM7.60,,https://vgg.bites.com.my/collections/groceries/products/hershey-s-bar-creamy-milk-chocolate-90g
https://vgg.bites.com.my/collections/groceries,Groceries,LOR ESSENSO MICROGRD COFF BRAZILIAN 3IN1 20X25G,RM18.79,RM20.80,https://vgg.bites.com.my/collections/groceries/products/lor-essenso-microgrd-coff-brazilian-3in1-20x25g
https://vgg.bites.com.my/collections/groceries,Groceries,LOR ESSENSO MICROGRD COFF COLOMBIA 2IN1 24X20X16G,RM18.79,RM20.80,https://vgg.bites.com.my/collections/groceries/products/lor-essenso-microgrd-coff-colombia-2in1-24x20x16g
https://vgg.bites.com.my/collections/groceries,Groceries,3 LEGS COOLING WATER 6X200ML,RM9.60,,https://vgg.bites.com.my/collections/groceries/products/3-legs-cooling-water-6x200ml
https://vgg.bites.com.my/collections/groceries,Groceries,3 LEGS COOLTOPIA COOLING WATER LYCHEE 320ML,RM3.25,,https://vgg.bites.com.my/collections/groceries/products/3-legs-cooltopia-cooling-water-lychee-320ml
https://vgg.bites.com.my/collections/groceries,Groceries,AGNESI SPAGHETTI 500G,RM5.69,RM6.70,https://vgg.bites.com.my/collections/groceries/products/agnesi-spaghetti-500g
https://vgg.bites.com.my/collections/groceries,Groceries,AH HUAT KOPI O NO SUGAR BAG 20X10G,RM13.10,,https://vgg.bites.com.my/collections/groceries/products/ah-huat-kopi-o-no-sugar-bag-20x10g
https://vgg.bites.com.my/collections/groceries,Groceries,AH HUAT WHITE COFFEE CLASSIC 15X28G,RM13.99,RM15.60,https://vgg.bites.com.my/collections/groceries/products/ah-huat-white-coffee-classic-15x28g
https://vgg.bites.com.my/collections/groceries,Groceries,ALCE NERO ORG SPAGHETTI 500GM,RM7.99,RM9.00,https://vgg.bites.com.my/collections/groceries/products/alce-nero-org-spaghetti-500gm
https://vgg.bites.com.my/collections/groceries,Groceries,AMICA ALFREDO'S CHIPS OLIVE OIL 130G,RM15.30,,https://vgg.bites.com.my/collections/groceries/products/amica-alfredo-s-chips-olive-oil-130g
https://vgg.bites.com.my/collections/groceries,Groceries,ANCHOR SMOOTH CAN 320ML,RM8.45,,https://vgg.bites.com.my/collections/groceries/products/anchor-smooth-can-320ml
https://vgg.bites.com.my/collections/groceries,Groceries,ANCHOR SMOOTH CAN 6X320ML,RM46.60,,https://vgg.bites.com.my/collections/groceries/products/anchor-smooth-can-6x320ml
https://vgg.bites.com.my/collections/groceries,Groceries,ANGLIA SHANDY CAN 24X320ML,RM75.05,,https://vgg.bites.com.my/collections/groceries/products/anglia-shandy-can-24x320ml
https://vgg.bites.com.my/collections/groceries,Groceries,ANGLIA SHANDY CAN 320ML,RM3.50,,https://vgg.bites.com.my/collections/groceries/products/anglia-shandy-can-320ml
https://vgg.bites.com.my/collections/groceries,Groceries,A-OK JAPANESE SOFT & FLUFFY CAKE FLOUR 900G,RM10.25,,https://vgg.bites.com.my/collections/groceries/products/a-ok-japanese-soft-fluffy-cake-flour-900g
https://vgg.bites.com.my/collections/groceries,Groceries,AUSTRALIA'S OWN UNSWEETENED ORGANIC OAT MILK 1L,RM14.90,RM17.10,https://vgg.bites.com.my/collections/groceries/products/australia-s-own-unsweetened-organic-oat-milk-1l
https://vgg.bites.com.my/collections/groceries,Groceries,AYAM BRAND CHOP TOMATO 380G,RM6.65,,https://vgg.bites.com.my/collections/groceries/products/ayam-brand-chop-tomato-380g
https://vgg.bites.com.my/collections/groceries,Groceries,AYAM BRAND SABA DELI NATURAL 160G,RM7.70,,https://vgg.bites.com.my/collections/groceries/products/ayam-brand-saba-deli-natural-160g
https://vgg.bites.com.my/collections/groceries,Groceries,BASSO SUNFLOWER OIL 1L,RM17.75,,https://vgg.bites.com.my/collections/groceries/products/basso-sunflower-oil-1l
https://vgg.bites.com.my/collections/groceries,Groceries,BAXTERS MINT SAUCE 170G,RM18.90,,https://vgg.bites.com.my/collections/groceries/products/baxters-mint-sauce-170g
https://vgg.bites.com.my/collections/groceries,Groceries,CHUPA CHUPS MINI BEST 25SX6G,RM5.99,RM6.20,https://vgg.bites.com.my/collections/groceries/products/chupa-chups-mini-best-25sx6g
https://vgg.bites.com.my/collections/groceries,Groceries,CIRIO PASSATA TETRA BRIK 500GM,RM6.69,RM7.40,https://vgg.bites.com.my/collections/groceries/products/cirio-passata-tetra-brik-500gm
https://vgg.bites.com.my/collections/groceries,Groceries,CIRIO PIZZA SAUCE (BOX) 390G,RM5.89,RM6.70,https://vgg.bites.com.my/collections/groceries/products/cirio-pizza-sauce-box-390g
https://vgg.bites.com.my/collections/groceries,Groceries,CIRIO POLPA CHOPPED TOMATOES 400G,RM7.60,,https://vgg.bites.com.my/collections/groceries/products/cirio-polpa-chopped-tomatoes-400g
https://vgg.bites.com.my/collections/groceries,Groceries,COMBOS CHEDDAR CHEESE CRACKERS 6.3 OZ,RM17.90,,https://vgg.bites.com.my/collections/groceries/products/combos-cheddar-cheese-crackers-6-3-oz
https://vgg.bites.com.my/collections/groceries,Groceries,CONNOR'S 4X320ML,RM32.90,RM37.70,https://vgg.bites.com.my/collections/groceries/products/connor-s-4x320ml
https://vgg.bites.com.my/collections/groceries,Groceries,CORNICHES MEGA MARSHMALLOW 120G,RM5.10,,https://vgg.bites.com.my/collections/groceries/products/corniches-mega-marshmallow-120g
https://vgg.bites.com.my/collections/groceries,Groceries,COZZO KONNYAKU JELLY BLUEBERRY 160G,RM4.00,,https://vgg.bites.com.my/collections/groceries/products/cozzo-konnyaku-jelly-blueberry-160g
https://vgg.bites.com.my/collections/groceries,Groceries,COZZO KONNYAKU JELLY MANGO 160G,RM4.00,,https://vgg.bites.com.my/collections/groceries/products/cozzo-konnyaku-jelly-mango-160g
https://vgg.bites.com.my/collections/groceries,Groceries,DAHFA FISH FILLET 120G,RM10.50,,https://vgg.bites.com.my/collections/groceries/products/dahfa-fish-fillet-120g
https://vgg.bites.com.my/collections/groceries,Groceries,DAIM BAG 250G,RM26.40,,https://vgg.bites.com.my/collections/groceries/products/daim-bag-250g
https://vgg.bites.com.my/collections/groceries,Groceries,DAIM ICE CREAM STICKS 3X90ML,RM25.25,,https://vgg.bites.com.my/collections/groceries/products/daim-ice-cream-sticks-3x90ml
https://vgg.bites.com.my/collections/groceries,Groceries,DAISHO SUSHI SU 360ML,RM12.45,,https://vgg.bites.com.my/collections/groceries/products/daisho-sushi-su-360ml
https://vgg.bites.com.my/collections/groceries,Groceries,DANCING CHEF BUTTER CHICKEN PASTE 100G,RM8.80,,https://vgg.bites.com.my/collections/groceries/products/dancing-chef-butter-chicken-paste-100g
https://vgg.bites.com.my/collections/groceries,Groceries,DARUMA SHOKUHIN HAKODATE CHUTSUBU NATTO 45G,RM8.35,,https://vgg.bites.com.my/collections/groceries/products/daruma-shokuhin-hakodate-chutsubu-natto-45g
https://vgg.bites.com.my/collections/groceries,Groceries,DARUMA SHOKUHIN HAKODATE HIKIWARI NATTO 40G,RM8.35,,https://vgg.bites.com.my/collections/groceries/products/daruma-shokuhin-hakodate-hikiwari-natto-40g
https://vgg.bites.com.my/collections/groceries,Groceries,DEQUADIN PASTILLE EXTRA STRONG LEMON 46G,RM8.75,,https://vgg.bites.com.my/collections/groceries/products/dequadin-pastille-extra-strong-lemon-46g
https://vgg.bites.com.my/collections/groceries,Groceries,DEQUADIN PASTILLE EXTRA STRONG MENTHOL 46G,RM8.75,,https://vgg.bites.com.my/collections/groceries/products/dequadin-pastille-extra-strong-menthol-46g
https://vgg.bites.com.my/collections/groceries,Groceries,DEQUADIN PASTILLE MENTHOL 50G,RM8.75,,https://vgg.bites.com.my/collections/groceries/products/dequadin-pastille-menthol-50g
https://vgg.bites.com.my/collections/groceries,Groceries,DOUBLEMINT CHEWY MINTS TUBE PEPPERMINT 30G,RM3.10,,https://vgg.bites.com.my/collections/groceries/products/doublemint-chewy-mints-tube-peppermint-30g
https://vgg.bites.com.my/collections/groceries,Groceries,DOUBLEMINT CHEWY MINTS TUBE STRAWBERRY 30G,RM3.10,,https://vgg.bites.com.my/collections/groceries/products/doublemint-chewy-mints-tube-strawberry-30g
https://vgg.bites.com.my/collections/groceries,Groceries,ECLIPSE CHEWY MINTS GREEN GRAPE 45G,RM3.55,,https://vgg.bites.com.my/collections/groceries/products/eclipse-chewy-mints-green-grape-45g
https://vgg.bites.com.my/collections/groceries,Groceries,ECLIPSE CHEWY MINTS LEMON 45G,RM3.55,,https://vgg.bites.com.my/collections/groceries/products/eclipse-chewy-mints-lemon-45g
https://vgg.bites.com.my/collections/groceries,Groceries,ECLIPSE CHEWY MINTS PEPPERMINT 45G,RM3.35,,https://vgg.bites.com.my/collections/groceries/products/eclipse-chewy-mints-peppermint-45g
https://vgg.bites.com.my/collections/groceries,Groceries,ECLIPSE CHEWY MINTS SPEARMINT 45G,RM3.35,,https://vgg.bites.com.my/collections/groceries/products/eclipse-chewy-mints-spearmint-45g
https://vgg.bites.com.my/collections/groceries,Groceries,ECLIPSE MINT BLACKCURRANT 35GM,RM6.40,,https://vgg.bites.com.my/collections/groceries/products/eclipse-mint-blackcurrant-35gm
https://vgg.bites.com.my/collections/groceries,Groceries,ECLIPSE MINT INTENSE MINT 35GM,RM6.40,,https://vgg.bites.com.my/collections/groceries/products/eclipse-mint-intense-mint-35gm
https://vgg.bites.com.my/collections/groceries,Groceries,ECLIPSE MINT PEPPERMINT 35GM,RM6.40,,https://vgg.bites.com.my/collections/groceries/products/eclipse-mint-peppermint-35gm
https://vgg.bites.com.my/collections/groceries,Groceries,ECLIPSE MINT SPEARMINT 35GM,RM6.40,,https://vgg.bites.com.my/collections/groceries/products/eclipse-mint-spearmint-35gm
https://vgg.bites.com.my/collections/groceries,Groceries,ECLIPSE MINT WINTERFROST 35GM,RM6.40,,https://vgg.bites.com.my/collections/groceries/products/eclipse-mint-winterfrost-35gm
https://vgg.bites.com.my/collections/groceries,Groceries,ECLIPSE MINTS GRAPE 34G,RM6.40,,https://vgg.bites.com.my/collections/groceries/products/eclipse-mints-grape-34g
https://vgg.bites.com.my/collections/vegetables,Vegetables,CHINA SWEET PEA 130G,RM3.50,,https://vgg.bites.com.my/collections/vegetables/products/china-sweet-pea-130g
https://vgg.bites.com.my/collections/vegetables,Vegetables,CAMERON BI COLOR SWEET CORN PC,RM5.70,,https://vgg.bites.com.my/collections/vegetables/products/cameron-bi-color-sweet-corn-pc
https://vgg.bites.com.my/collections/vegetables,Vegetables,BITTER GOURD (PERIA) +/-400G,RM4.80,,https://vgg.bites.com.my/collections/vegetables/products/bitter-gourd-peria-400g
https://vgg.bites.com.my/collections/vegetables,Vegetables,CHINA CAULIFLOWER (+/-600G),RM5.39,,https://vgg.bites.com.my/collections/vegetables/products/china-cauliflower-600g
https://vgg.bites.com.my/collections/vegetables,Vegetables,CAMERON ROUND CABBAGE (+/-500G),RM2.70,,https://vgg.bites.com.my/collections/vegetables/products/cameron-round-cabbage-500g
https://vgg.bites.com.my/collections/vegetables,Vegetables,CHINA BROWN SHIMEJI MUSHROOM 150G,RM2.75,,https://vgg.bites.com.my/collections/vegetables/products/china-brown-shimeji-mushroom-150g
https://vgg.bites.com.my/collections/vegetables,Vegetables,CAMERON LEEK +/-200G,RM3.20,,https://vgg.bites.com.my/collections/vegetables/products/cameron-leek-200g
https://vgg.bites.com.my/collections/vegetables,Vegetables,CHINA RED CABBAGE (+/- 1KG),RM5.99,,https://vgg.bites.com.my/collections/vegetables/products/china-red-cabbage-1kg
https://vgg.bites.com.my/collections/vegetables,Vegetables,AUST SWEET POTATO (+/-500G),RM8.00,RM12.45,https://vgg.bites.com.my/collections/vegetables/products/aust-sweet-potato-500g
https://vgg.bites.com.my/collections/vegetables,Vegetables,BEETROOT (UBI BIT) +/- 400G,RM4.38,,https://vgg.bites.com.my/collections/vegetables/products/beetroot-ubi-bit-400g
https://vgg.bites.com.my/collections/vegetables,Vegetables,AUSTRALIA CELERY (+/- 600G),RM8.34,,https://vgg.bites.com.my/collections/vegetables/products/australia-celery-600g
https://vgg.bites.com.my/collections/vegetables,Vegetables,AUST BROCCOLI (+/- 400G),RM10.00,RM13.16,https://vgg.bites.com.my/collections/vegetables/products/aust-broccoli-400g
https://vgg.bites.com.my/collections/vegetables,Vegetables,FIRST PICK BRUSSEL SPROUT 250G,RM11.99,,https://vgg.bites.com.my/collections/vegetables/products/first-pick-brussel-sprout-250g
https://vgg.bites.com.my/collections/vegetables,Vegetables,FIRST PICK AUSTRALIA BABY SPINACH 100G,RM10.35,,https://vgg.bites.com.my/collections/vegetables/products/first-pick-australia-baby-spinach-100g
https://vgg.bites.com.my/collections/vegetables,Vegetables,DUTCH EGGPLANT (TERUNG BELANDA) +/-350G,RM3.50,,https://vgg.bites.com.my/collections/vegetables/products/dutch-eggplant-terung-belanda-350g
https://vgg.bites.com.my/collections/vegetables,Vegetables,APPLEMINT 10G GG HERBS,RM3.15,,https://vgg.bites.com.my/collections/vegetables/products/applemint-10g-gg-herbs
https://vgg.bites.com.my/collections/vegetables,Vegetables,GREEN CAPSICUM (LADA BESAR HIJAU) +/-350G,RM4.52,,https://vgg.bites.com.my/collections/vegetables/products/green-capsicum-lada-besar-hijau-350g
https://vgg.bites.com.my/collections/vegetables,Vegetables,HOKTO BUNAPI MUSHROOM 100G,RM5.59,,https://vgg.bites.com.my/collections/vegetables/products/hokto-bunapi-mushroom-100g
https://vgg.bites.com.my/collections/vegetables,Vegetables,JAPANESE CUCUMBER (KYURI) +/-600G,RM4.79,,https://vgg.bites.com.my/collections/vegetables/products/japanese-cucumber-kyuri-600g
https://vgg.bites.com.my/collections/vegetables,Vegetables,YOUNG GINGER (HALIA MUDA) +/-200G,RM4.60,,https://vgg.bites.com.my/collections/vegetables/products/young-ginger-halia-muda-200g
https://vgg.bites.com.my/collections/vegetables,Vegetables,PREMIUM YELLOW ONION (+/- 500G),RM2.45,,https://vgg.bites.com.my/collections/vegetables/products/premium-yellow-onion-500g
https://vgg.bites.com.my/collections/vegetables,Vegetables,WHITE RADISH (LOBAK PUTIH) +/-500G,RM2.25,,https://vgg.bites.com.my/collections/vegetables/products/white-radish-lobak-putih-500g
https://vgg.bites.com.my/collections/vegetables,Vegetables,US RUSSET POTATO (+/-500G),RM3.75,,https://vgg.bites.com.my/collections/vegetables/products/us-russet-potato-500g
https://vgg.bites.com.my/collections/vegetables,Vegetables,TURMERIC (KUNYIT) +/-100G,RM1.70,,https://vgg.bites.com.my/collections/vegetables/products/turmeric-kunyit-100g
https://vgg.bites.com.my/collections/vegetables,Vegetables,TOMATO XL  (+/- 1KG),RM6.50,,https://vgg.bites.com.my/collections/vegetables/products/tomato-xl-1kg
https://vgg.bites.com.my/collections/vegetables,Vegetables,OLD CUCUMBER (TIMUN TUA) +/-800G,RM8.68,,https://vgg.bites.com.my/collections/vegetables/products/old-cucumber-timun-tua-800g
https://vgg.bites.com.my/collections/vegetables,Vegetables,ROUND BRINJAL (TERUNG BULAT) +/- 250G,RM3.00,,https://vgg.bites.com.my/collections/vegetables/products/round-brinjal-terung-bulat-250g
https://vgg.bites.com.my/collections/vegetables,Vegetables,LENGKUAS +/-100G,RM1.47,,https://vgg.bites.com.my/collections/vegetables/products/lengkuas-100g
https://vgg.bites.com.my/collections/vegetables,Vegetables,PREMIUM WHITE GARLIC (+/-300G),RM3.50,,https://vgg.bites.com.my/collections/vegetables/products/premium-white-garlic-300g
https://vgg.bites.com.my/collections/vegetables,Vegetables,SMALL BEAN SPROUT (TAUGE) +/-450G,RM1.93,,https://vgg.bites.com.my/collections/vegetables/products/small-bean-sprout-tauge-450g
https://vgg.bites.com.my/collections/vegetables,Vegetables,LOVE BEETS RTE BABY BEETROOT 250G,RM19.50,,https://vgg.bites.com.my/collections/vegetables/products/love-beets-rte-baby-beetroot-250g
https://vgg.bites.com.my/collections/vegetables,Vegetables,YELLOW CAPSICUM (LADA BESAR KUNING) +/-350G,RM4.85,,https://vgg.bites.com.my/collections/vegetables/products/yellow-capsicum-lada-besar-kuning-350g
https://vgg.bites.com.my/collections/vegetables,Vegetables,THAI PEELED PETAI 150G,RM17.99,,https://vgg.bites.com.my/collections/vegetables/products/thai-peeled-petai-150g
https://vgg.bites.com.my/collections/vegetables,Vegetables,ANGLE GOURD (PETOLA) +/-300G,RM2.49,,https://vgg.bites.com.my/collections/vegetables/products/angle-gourd-petola-300g
https://vgg.bites.com.my/collections/vegetables,Vegetables,AUST BUTTERNUT PUMPKIN (+/-1.2KG),RM11.99,RM16.44,https://vgg.bites.com.my/collections/vegetables/products/aust-butternut-pumpkin-1-2kg
https://vgg.bites.com.my/collections/vegetables,Vegetables,AUST JAPANESE PUMPKIN (+/-400G),RM5.60,,https://vgg.bites.com.my/collections/vegetables/products/aust-japanese-pumpkin-400g
https://vgg.bites.com.my/collections/vegetables,Vegetables,AUST JARRADALE PUMPKIN (+/-400G),RM6.20,,https://vgg.bites.com.my/collections/vegetables/products/aust-jarradale-pumpkin-400g
https://vgg.bites.com.my/collections/vegetables,Vegetables,AUST PINK/RED WASHED POTATO 800G,RM11.55,,https://vgg.bites.com.my/collections/vegetables/products/aust-pinkred-washed-potato-800g
https://vgg.bites.com.my/collections/vegetables,Vegetables,BOTTLE GOURD (LABU AIR) (+/-1KG),RM5.90,,https://vgg.bites.com.my/collections/vegetables/products/bottle-gourd-labu-air-1kg
https://vgg.bites.com.my/collections/vegetables,Vegetables,CF GARLIC 230G,RM6.20,,https://vgg.bites.com.my/collections/vegetables/products/cf-garlic-230g
https://vgg.bites.com.my/collections/vegetables,Vegetables,CHINA KING OYSTER MUSHROOM 200G,RM4.15,,https://vgg.bites.com.my/collections/vegetables/products/china-king-oyster-mushroom-200g
https://vgg.bites.com.my/collections/vegetables,Vegetables,CHINA WHITE SHIMEJI MUSHROOM 150G,RM2.25,,https://vgg.bites.com.my/collections/vegetables/products/china-white-shimeji-mushroom-150g
https://vgg.bites.com.my/collections/vegetables,Vegetables,GG HERBS WILD ROCKET 50G,RM7.00,,https://vgg.bites.com.my/collections/vegetables/products/gg-herbs-wild-rocket-50g
https://vgg.bites.com.my/collections/vegetables,Vegetables,HAIRY MARROW (TIMUN BULU) (+/-500G),RM1.79,,https://vgg.bites.com.my/collections/vegetables/products/hairy-marrow-timun-bulu-500g
https://vgg.bites.com.my/collections/vegetables,Vegetables,ICE PLANT 100G,RM8.50,,https://vgg.bites.com.my/collections/vegetables/products/ice-plant-100g
https://vgg.bites.com.my/collections/vegetables,Vegetables,JAPANESE SWEET POTATO (PURPLE) +/-500G,RM3.50,,https://vgg.bites.com.my/collections/vegetables/products/japanese-sweet-potato-purple-500g
https://vgg.bites.com.my/collections/vegetables,Vegetables,JAPANESE SWEET POTATO (YELLOW) +/-500G,RM5.00,,https://vgg.bites.com.my/collections/vegetables/products/japanese-sweet-potato-yellow-500g
https://vgg.bites.com.my/collections/vegetables,Vegetables,LOCAL GREEN ZUCCHINI (+/-500G),RM4.80,,https://vgg.bites.com.my/collections/vegetables/products/local-green-zucchini-500g
https://vgg.bites.com.my/collections/vegetables,Vegetables,LOCAL MIX ZUCCHINI 2PCS,RM10.80,,https://vgg.bites.com.my/collections/vegetables/products/local-mix-zucchini-2pcs
https://vgg.bites.com.my/collections/vegetables,Vegetables,LONG BRINJAL (TERUNG PANJANG) +/- 300G,RM3.00,,https://vgg.bites.com.my/collections/vegetables/products/long-brinjal-terung-panjang-300g
https://vgg.bites.com.my/collections/vegetables,Vegetables,NL MINI SWEET CRUNCHY PEPPER 350G,RM10.60,,https://vgg.bites.com.my/collections/vegetables/products/nl-mini-sweet-crunchy-pepper-350g
https://vgg.bites.com.my/collections/vegetables,Vegetables,NL PEA SPROUT 150G,RM4.90,,https://vgg.bites.com.my/collections/vegetables/products/nl-pea-sprout-150g
https://vgg.bites.com.my/collections/vegetables,Vegetables,OLD GINGER (HALIA TUA) +/-200G,RM1.60,,https://vgg.bites.com.my/collections/vegetables/products/old-ginger-halia-tua-200g
https://vgg.bites.com.my/collections/vegetables,Vegetables,PREMIUM IMPORTED POTATO (+/-500G),RM1.55,,https://vgg.bites.com.my/collections/vegetables/products/premium-imported-potato-500g
https://vgg.bites.com.my/collections/vegetables,Vegetables,PREMIUM RED BIG ONION (+/- 800G),RM3.60,,https://vgg.bites.com.my/collections/vegetables/products/premium-red-big-onion-800g
https://vgg.bites.com.my/collections/vegetables,Vegetables,PUMPKIN (LABU KUNING) +/-1KG,RM7.99,,https://vgg.bites.com.my/collections/vegetables/products/pumpkin-labu-kuning-1kg
https://vgg.bites.com.my/collections/vegetables,Vegetables,RED CAPSICUM (LADA BESAR MERAH) +/-350G,RM3.99,,https://vgg.bites.com.my/collections/vegetables/products/red-capsicum-lada-besar-merah-350g
https://vgg.bites.com.my/collections/vegetables,Vegetables,SHITAKE MUSHROOM 180G,RM4.85,,https://vgg.bites.com.my/collections/vegetables/products/shitake-mushroom-180g
https://vgg.bites.com.my/collections/vegetables,Vegetables,SMALL BITTER GOURD (+/-400G),RM4.68,,https://vgg.bites.com.my/collections/vegetables/products/small-bitter-gourd-400g
https://vgg.bites.com.my/collections/vegetables,Vegetables,SYDNEY ALFAFA SPROUTS 125G,RM8.50,,https://vgg.bites.com.my/collections/vegetables/products/sydney-alfafa-sprouts-125g
https://vgg.bites.com.my/collections/vegetables,Vegetables,SYDNEY SALAD SPROUTS 125G,RM8.50,,https://vgg.bites.com.my/collections/vegetables/products/sydney-salad-sprouts-125g
https://vgg.bites.com.my/collections/vegetables,Vegetables,VINE RIPENED TRUSS TOMATO (+/-700G),RM8.33,,https://vgg.bites.com.my/collections/vegetables/products/vine-ripened-truss-tomato-700g
https://vgg.bites.com.my/collections/vegetables,Vegetables,NL VINE RIPENED TOMATO (L) 4S,RM6.60,,https://vgg.bites.com.my/collections/vegetables/products/nl-vine-ripened-tomato-l-4s
https://vgg.bites.com.my/collections/vegetables,Vegetables,NL VINE RIPENED TOMATO (M) 4S,RM4.90,,https://vgg.bites.com.my/collections/vegetables/products/nl-vine-ripened-tomato-m-4s
https://vgg.bites.com.my/collections/vegetables,Vegetables,LPC LITTLE  DUOS 1.5LBS,RM23.90,,https://vgg.bites.com.my/collections/vegetables/products/lpc-little-duos-1-5lbs
https://vgg.bites.com.my/collections/vegetables,Vegetables,CHIVES 10G GG HERBS,RM3.15,,https://vgg.bites.com.my/collections/vegetables/products/chives-10g-gg-herbs
https://vgg.bites.com.my/collections/vegetables,Vegetables,CAMERON CAULIFLOWER (+/-500G),RM9.45,,https://vgg.bites.com.my/collections/vegetables/products/cameron-cauliflower-500g
https://vgg.bites.com.my/collections/vegetables,Vegetables,NL KOMATSUNA JAPANESE SAWI 250G,RM2.40,,https://vgg.bites.com.my/collections/vegetables/products/nl-komatsuna-japanese-sawi-250g
https://vgg.bites.com.my/collections/vegetables,Vegetables,NL JALAPENO HOT PEPPER 250G,RM5.20,,https://vgg.bites.com.my/collections/vegetables/products/nl-jalapeno-hot-pepper-250g
https://vgg.bites.com.my/collections/vegetables,Vegetables,CAMERON CHINESE CABBAGE (KOBIS CINA) +/-400G,RM3.20,,https://vgg.bites.com.my/collections/vegetables/products/cameron-chinese-cabbage-kobis-cina-400g
https://vgg.bites.com.my/collections/vegetables,Vegetables,NL/WS BABY SPINACH 100G,RM8.50,,https://vgg.bites.com.my/collections/vegetables/products/nlws-baby-spinach-100g
https://vgg.bites.com.my/collections/vegetables,Vegetables,WS/NL JAPANESE CUCUMBER 3PCS,RM3.90,,https://vgg.bites.com.my/collections/vegetables/products/wsnl-japanese-cucumber-3pcs
https://vgg.bites.com.my/collections/vegetables,Vegetables,AUST CHAT POTATO 800G,RM10.59,,https://vgg.bites.com.my/collections/vegetables/products/aust-chat-potato-800g
https://vgg.bites.com.my/collections/vegetables,Vegetables,GG FRESH THOUSAND ISLAND 25G,RM1.65,,https://vgg.bites.com.my/collections/vegetables/products/gg-fresh-thousand-island-25g
https://vgg.bites.com.my/collections/vegetables,Vegetables,GG GREEN CORAL LETTUCE PKT,RM8.70,,https://vgg.bites.com.my/collections/vegetables/products/gg-green-coral-lettuce-pkt
https://vgg.bites.com.my/collections/vegetables,Vegetables,GG RED&GREEN CORAL LETTUCE PKT,RM8.70,,https://vgg.bites.com.my/collections/vegetables/products/gg-red-green-coral-lettuce-pkt
https://vgg.bites.com.my/collections/vegetables,Vegetables,GG BABY ROMAINE LETTUCE PKT,RM7.15,,https://vgg.bites.com.my/collections/vegetables/products/gg-baby-romaine-lettuce-pkt
https://vgg.bites.com.my/collections/vegetables,Vegetables,GG RTE KALE 80G,RM5.90,,https://vgg.bites.com.my/collections/vegetables/products/gg-rte-kale-80g
https://vgg.bites.com.my/collections/vegetables,Vegetables,GRIMMWAY US PEELED B.CARROT 250G,RM8.50,,https://vgg.bites.com.my/collections/vegetables/products/grimmway-us-peeled-bcarrot-250g
https://vgg.bites.com.my/collections/vegetables,Vegetables,GG SPINACH QUINOA SALAD BOWL 230G,RM9.30,,https://vgg.bites.com.my/collections/vegetables/products/gg-spinach-quinoa-salad-bowl-230g
https://vgg.bites.com.my/collections/vegetables,Vegetables,GG GREEKSALAD BOWL 190G,RM9.30,,https://vgg.bites.com.my/collections/vegetables/products/gg-greeksalad-bowl-190g
https://vgg.bites.com.my/collections/vegetables,Vegetables,LOCAL BABY RED RADISH 150G,RM2.90,,https://vgg.bites.com.my/collections/vegetables/products/local-baby-red-radish-150g
https://vgg.bites.com.my/collections/vegetables,Vegetables,NL CAMERON ICEBERG LETTUCE PC,RM4.70,,https://vgg.bites.com.my/collections/vegetables/products/nl-cameron-iceberg-lettuce-pc
https://vgg.bites.com.my/collections/vegetables,Vegetables,AUST WHITE WASH POTATO 800G,RM10.40,,https://vgg.bites.com.my/collections/vegetables/products/aust-white-wash-potato-800g
https://vgg.bites.com.my/collections/vegetables,Vegetables,ENOKI MUSHROOM 100G,RM1.15,,https://vgg.bites.com.my/collections/vegetables/products/enoki-mushroom-100g
https://vgg.bites.com.my/collections/vegetables,Vegetables,SUMICH PURPLE CARROT 500G,RM8.55,,https://vgg.bites.com.my/collections/vegetables/products/sumich-purple-carrot-500g
https://vgg.bites.com.my/collections/vegetables,Vegetables,IMPORTED BROCCOLINI/BABY BROCCOLINI BUNCH PKT,RM20.50,,https://vgg.bites.com.my/collections/vegetables/products/imported-broccolinibaby-broccolini-bunch-pkt
https://vgg.bites.com.my/collections/vegetables,Vegetables,AUST CARROT 500G,RM3.40,,https://vgg.bites.com.my/collections/vegetables/products/aust-carrot-500g
https://vgg.bites.com.my/collections/vegetables,Vegetables,CHINA HOLLAND BEAN (SNOWPEA) 130G,RM3.50,,https://vgg.bites.com.my/collections/vegetables/products/china-holland-bean-snowpea-130g
https://vgg.bites.com.my/collections/vegetables,Vegetables,GG RTE CAESAR SALAD IN BOWL 120G,RM8.79,,https://vgg.bites.com.my/collections/vegetables/products/gg-rte-caesar-salad-in-bowl-120g
https://vgg.bites.com.my/collections/vegetables,Vegetables,GG HERBS CORIANDER 10G,RM3.15,,https://vgg.bites.com.my/collections/vegetables/products/gg-herbs-coriander-10g
https://vgg.bites.com.my/collections/vegetables,Vegetables,GG EDIBLE FLOWER 30G (CLAM),RM9.80,,https://vgg.bites.com.my/collections/vegetables/products/gg-edible-flower-30g-clam
https://vgg.bites.com.my/collections/vegetables,Vegetables,GG HERBS THAI BASIL 50G,RM5.90,,https://vgg.bites.com.my/collections/vegetables/products/gg-herbs-thai-basil-50g
https://vgg.bites.com.my/collections/vegetables,Vegetables,DILL 10G GG HERBS,RM3.15,,https://vgg.bites.com.my/collections/vegetables/products/dill-10g-gg-herbs
https://vgg.bites.com.my/collections/vegetables,Vegetables,GENTING GARDEN ROMAINE LETTUCE 300G,RM8.35,,https://vgg.bites.com.my/collections/vegetables/products/genting-garden-romaine-lettuce-300g
https://vgg.bites.com.my/collections/vegetables,Vegetables,GG HERBS SWEET BASIL 50G,RM6.10,,https://vgg.bites.com.my/collections/vegetables/products/gg-herbs-sweet-basil-50g
https://vgg.bites.com.my/collections/vegetables,Vegetables,GG HERBS THYME 10G,RM3.15,,https://vgg.bites.com.my/collections/vegetables/products/gg-herbs-thyme-10g
https://vgg.bites.com.my/collections/vegetables,Vegetables,ITALIAN PARSLEY 10G GG HERBS,RM3.15,,https://vgg.bites.com.my/collections/vegetables/products/italian-parsley-10g-gg-herbs
https://vgg.bites.com.my/collections/vegetables,Vegetables,GG RTE GARDEN SALAD IN BOWL 130G,RM8.79,,https://vgg.bites.com.my/collections/vegetables/products/gg-rte-garden-salad-in-bowl-130g
https://vgg.bites.com.my/collections/vegetables,Vegetables,GG RTE CLASSIC MIXED SALAD 125G,RM11.10,,https://vgg.bites.com.my/collections/vegetables/products/gg-rte-classic-mixed-salad-125g
https://vgg.bites.com.my/collections/vegetables,Vegetables,GG RTE FOUR SEASONS MIX SALAD 125G,RM12.55,,https://vgg.bites.com.my/collections/vegetables/products/gg-rte-four-seasons-mix-salad-125g
https://vgg.bites.com.my/collections/vegetables,Vegetables,GG LOLLO BIONDA LETTUCE PKT,RM4.60,,https://vgg.bites.com.my/collections/vegetables/products/gg-lollo-bionda-lettuce-pkt
https://vgg.bites.com.my/collections/vegetables,Vegetables,GG BABY BUTTERHEAD LETTUCE PKT,RM7.85,,https://vgg.bites.com.my/collections/vegetables/products/gg-baby-butterhead-lettuce-pkt
https://vgg.bites.com.my/collections/vegetables,Vegetables,GG RTE HONEY SALAD 200G,RM11.10,,https://vgg.bites.com.my/collections/vegetables/products/gg-rte-honey-salad-200g
https://vgg.bites.com.my/collections/vegetables,Vegetables,KOREA MINI ERYNGII MUSHROOM 300G,RM11.10,,https://vgg.bites.com.my/collections/vegetables/products/korea-mini-eryngii-mushroom-300g
https://vgg.bites.com.my/collections/vegetables,Vegetables,GG RTE ORIENTAL SALAD IN BOWL 140G,RM8.85,,https://vgg.bites.com.my/collections/vegetables/products/gg-rte-oriental-salad-in-bowl-140g
https://vgg.bites.com.my/collections/vegetables,Vegetables,GG SWEET&CRUNCHY SALAD BOWL 140G,RM8.85,,https://vgg.bites.com.my/collections/vegetables/products/gg-sweet-crunchy-salad-bowl-140g
https://vgg.bites.com.my/collections/vegetables,Vegetables,KOREA KING OYSTER MUSHROOM 400G,RM11.65,,https://vgg.bites.com.my/collections/vegetables/products/korea-king-oyster-mushroom-400g
https://vgg.bites.com.my/collections/vegetables,Vegetables,GG ITALIAN SALAD ROCKET BOWL 130G,RM8.79,,https://vgg.bites.com.my/collections/vegetables/products/gg-italian-salad-rocket-bowl-130g
https://vgg.bites.com.my/collections/vegetables,Vegetables,TF WHITE BUTTON MUSHROOM 200G,RM10.20,,https://vgg.bites.com.my/collections/vegetables/products/tf-white-button-mushroom-200g
https://vgg.bites.com.my/collections/vegetables,Vegetables,ROSEMARY 10G GG HERBS,RM3.15,,https://vgg.bites.com.my/collections/vegetables/products/rosemary-10g-gg-herbs
https://vgg.bites.com.my/collections/vegetables,Vegetables,NL FRENCH BEAN 280G,RM5.40,,https://vgg.bites.com.my/collections/vegetables/products/nl-french-bean-280g
https://vgg.bites.com.my/collections/vegetables,Vegetables,THAI GREEN ASPARAGUS 250G,RM13.35,,https://vgg.bites.com.my/collections/vegetables/products/thai-green-asparagus-250g
https://vgg.bites.com.my/collections/vegetables,Vegetables,AUST RED BIG ONION (+/-500G),RM8.99,,https://vgg.bites.com.my/collections/vegetables/products/aust-red-big-onion-500g
https://vgg.bites.com.my/collections/vegetables,Vegetables,NASU EGGPLANT 3PCS,RM3.50,,https://vgg.bites.com.my/collections/vegetables/products/nasu-eggplant-3pcs
https://vgg.bites.com.my/collections/vegetables,Vegetables,LPC LITTLE YELLOWS 1.5LBS,RM23.90,,https://vgg.bites.com.my/collections/vegetables/products/lpc-little-yellows-15lbs
https://vgg.bites.com.my/collections/vegetables,Vegetables,DRIED BUTTERFLY PEA FLOWER 15G,RM4.90,,https://vgg.bites.com.my/collections/vegetables/products/dried-butterfly-pea-flower-15g
https://vgg.bites.com.my/collections/vegetables,Vegetables,ENGLISH GOURD (CHAYOTE) +/-1KG,RM5.29,,https://vgg.bites.com.my/collections/vegetables/products/english-gourd-chayote-1kg
https://vgg.bites.com.my/collections/vegetables,Vegetables,THAI YAM (KELADI) +/-600G,RM10.79,,https://vgg.bites.com.my/collections/vegetables/products/thai-yam-keladi-600g
https://vgg.bites.com.my/collections/vegetables,Vegetables,TURNIP (SENGKUANG) +/-800G,RM6.64,,https://vgg.bites.com.my/collections/vegetables/products/turnip-sengkuang-800g
https://vgg.bites.com.my/collections/vegetables,Vegetables,CHINA BEIJING CABBAGE (+/-400G),RM1.82,,https://vgg.bites.com.my/collections/vegetables/products/china-beijing-cabbage-400g
https://vgg.bites.com.my/collections/vegetables,Vegetables,CHINA LOTUS ROOT (+/- 500G),RM8.15,,https://vgg.bites.com.my/collections/vegetables/products/china-lotus-root-500g
https://vgg.bites.com.my/collections/vegetables,Vegetables,ROMA TOMATO +/-500G,RM6.95,,https://vgg.bites.com.my/collections/vegetables/products/roma-tomato-500g
https://vgg.bites.com.my/collections/vegetables,Vegetables,LOCAL HABANERO PEPPER (+/-200G),RM15.98,,https://vgg.bites.com.my/collections/vegetables/products/local-habanero-pepper-200g
https://vgg.bites.com.my/collections/vegetables,Vegetables,CAMERON NAI BAI 220G NL,RM4.00,,https://vgg.bites.com.my/collections/vegetables/products/cameron-nai-bai-220g-nl
https://vgg.bites.com.my/collections/vegetables,Vegetables,NL PICOLINO CUCUMBER 500G,RM5.90,,https://vgg.bites.com.my/collections/vegetables/products/nl-picolino-cucumber-500g
https://vgg.bites.com.my/collections/vegetables,Vegetables,NL TRAFFIC LIGHT CAPSICUM 3PCS,RM11.50,,https://vgg.bites.com.my/collections/vegetables/products/nl-traffic-light-capsicum-3pcs
https://vgg.bites.com.my/collections/vegetables,Vegetables,AUST MINI RED WASHED POTATO 500G,RM10.99,,https://vgg.bites.com.my/collections/vegetables/products/aust-mini-red-washed-potato-500g
https://vgg.bites.com.my/collections/vegetables,Vegetables,CHINA GINGKO SEED PKT,RM1.95,,https://vgg.bites.com.my/collections/vegetables/products/china-gingko-seed-pkt
https://vgg.bites.com.my/collections/vegetables,Vegetables,AUSTRALIA MINI WHITE WASHED POTATO 500G,RM10.99,,https://vgg.bites.com.my/collections/vegetables/products/australia-mini-white-washed-potato-500g
https://vgg.bites.com.my/collections/vegetables,Vegetables,FFN KELAPA PARUT 250G,RM3.99,,https://vgg.bites.com.my/collections/vegetables/products/ffn-kelapa-parut-250g
https://vgg.bites.com.my/collections/vegetables,Vegetables,NL TATSOI BRASSICA 250G,RM3.70,,https://vgg.bites.com.my/collections/vegetables/products/nl-tatsoi-brassica-250g
https://vgg.bites.com.my/collections/vegetables,Vegetables,BUNGA KANTAN PC,RM4.39,,https://vgg.bites.com.my/collections/vegetables/products/bunga-kantan-pc
https://vgg.bites.com.my/collections/vegetables,Vegetables,GG BABY ROMA TOMATO 200G,RM7.05,,https://vgg.bites.com.my/collections/vegetables/products/gg-baby-roma-tomato-200g
https://vgg.bites.com.my/collections/vegetables,Vegetables,GG CURLY CRISP LETTUCE PKT,RM8.70,,https://vgg.bites.com.my/collections/vegetables/products/gg-curly-crisp-lettuce-pkt
https://vgg.bites.com.my/collections/vegetables,Vegetables,GG HONEY CHERRY TOMATO 275G,RM7.30,,https://vgg.bites.com.my/collections/vegetables/products/gg-honey-cherry-tomato-275g
https://vgg.bites.com.my/collections/vegetables,Vegetables,GG ROUND CHERRY TOMATO 275G,RM7.30,,https://vgg.bites.com.my/collections/vegetables/products/gg-round-cherry-tomato-275g
https://vgg.bites.com.my/collections/vegetables,Vegetables,CHINA CELERY (+/-800G),RM4.47,,https://vgg.bites.com.my/collections/vegetables/products/china-celery-800g
https://vgg.bites.com.my/collections/vegetables,Vegetables,GG SUNGOLD CHERRY TOMATO 275G,RM7.30,,https://vgg.bites.com.my/collections/vegetables/products/gg-sungold-cherry-tomato-275g
https://vgg.bites.com.my/collections/vegetables,Vegetables,CHINA LEEK (+/-100G),RM1.00,,https://vgg.bites.com.my/collections/vegetables/products/china-leek-100g
https://vgg.bites.com.my/collections/vegetables,Vegetables,CHINA YUAN XIAO BAI (+/-500G),RM5.00,,https://vgg.bites.com.my/collections/vegetables/products/china-yuan-xiao-bai-500g
https://vgg.bites.com.my/collections/vegetables,Vegetables,GG TOMATO M 6S,RM5.80,,https://vgg.bites.com.my/collections/vegetables/products/gg-tomato-m-6s
https://vgg.bites.com.my/collections/vegetables,Vegetables,CHINESE CELERY (DAUN SUP) +/-180G,RM3.01,,https://vgg.bites.com.my/collections/vegetables/products/chinese-celery-daun-sup-180g
https://vgg.bites.com.my/collections/vegetables,Vegetables,CHINESE LETTUCE (SALAD KING) (+/-250G),RM2.28,,https://vgg.bites.com.my/collections/vegetables/products/chinese-lettuce-salad-king-250g
https://vgg.bites.com.my/collections/vegetables,Vegetables,GREEN CHILLI (CILI HIJAU) +/-150G,RM2.40,,https://vgg.bites.com.my/collections/vegetables/products/green-chilli-cili-hijau-150g
https://vgg.bites.com.my/collections/vegetables,Vegetables,CP WHITE BUTTON MUSHROOM 200G,RM10.00,,https://vgg.bites.com.my/collections/vegetables/products/cp-white-button-mushroom-200g
https://vgg.bites.com.my/collections/vegetables,Vegetables,CUCUMBER (TIMUN) +/- 400G,RM1.46,,https://vgg.bites.com.my/collections/vegetables/products/cucumber-timun-400g
https://vgg.bites.com.my/collections/vegetables,Vegetables,HK SPINACH (POH CHOY) 200G,RM4.35,,https://vgg.bites.com.my/collections/vegetables/products/hk-spinach-poh-choy-200g
https://vgg.bites.com.my/collections/vegetables,Vegetables,DAUN SELASIH +/-100G,RM5.00,,https://vgg.bites.com.my/collections/vegetables/products/daun-selasih-100g
https://vgg.bites.com.my/collections/vegetables,Vegetables,ENGLISH PARSLEY +/-100G,RM2.20,,https://vgg.bites.com.my/collections/vegetables/products/english-parsley-100g
https://vgg.bites.com.my/collections/vegetables,Vegetables,KAILAN (+/-350G),RM2.66,,https://vgg.bites.com.my/collections/vegetables/products/kailan-350g
https://vgg.bites.com.my/collections/vegetables,Vegetables,FAVRIC GREY OYSTER MUSHROOM 200G,RM3.95,,https://vgg.bites.com.my/collections/vegetables/products/favric-grey-oyster-mushroom-200g
https://vgg.bites.com.my/collections/vegetables,Vegetables,FRENCH BEAN (KACANG BUNCIS) +/-450G,RM6.75,,https://vgg.bites.com.my/collections/vegetables/products/french-bean-kacang-buncis-450g
https://vgg.bites.com.my/collections/vegetables,Vegetables,PS PREMIUM INDIAN SHALLOT 300G,RM3.00,,https://vgg.bites.com.my/collections/vegetables/products/ps-premium-indian-shallot-300g
https://vgg.bites.com.my/collections/vegetables,Vegetables,PS PREMIUM RED BIG ONION 800G,RM5.00,,https://vgg.bites.com.my/collections/vegetables/products/ps-premium-red-big-onion-800g
https://vgg.bites.com.my/collections/vegetables,Vegetables,PS PREMIUM WHITE GARLIC 500G,RM6.99,,https://vgg.bites.com.my/collections/vegetables/products/ps-premium-white-garlic-500g
https://vgg.bites.com.my/collections/vegetables,Vegetables,MINT LEAF (DAUN PUDINA) +/-100G,RM1.09,,https://vgg.bites.com.my/collections/vegetables/products/mint-leaf-daun-pudina-100g
https://vgg.bites.com.my/collections/vegetables,Vegetables,RED CHILLI (CILI MERAH) +/-150G,RM2.55,,https://vgg.bites.com.my/collections/vegetables/products/red-chilli-cili-merah-150g
https://vgg.bites.com.my/collections/vegetables,Vegetables,TF PORTOBELLO BBQ MUSHROOM 250G,RM13.65,,https://vgg.bites.com.my/collections/vegetables/products/tf-portobello-bbq-mushroom-250g
https://vgg.bites.com.my/collections/vegetables,Vegetables,THAI GREEN CHILI PADI 100G,RM2.90,,https://vgg.bites.com.my/collections/vegetables/products/thai-green-chili-padi-100g
https://vgg.bites.com.my/collections/vegetables,Vegetables,YAU MAK THAM +/-400G,RM3.52,,https://vgg.bites.com.my/collections/vegetables/products/yau-mak-tham-400g
https://vgg.bites.com.my/collections/vegetables,Vegetables,CAMERON BROCCOLINI (+/-300G),RM11.97,,https://vgg.bites.com.my/collections/vegetables/products/cameron-broccolini-300g
https://vgg.bites.com.my/collections/vegetables,Vegetables,THAI RED CHILI PADI 100G,RM3.40,,https://vgg.bites.com.my/collections/vegetables/products/thai-red-chili-padi-100g
https://vgg.bites.com.my/collections/vegetables,Vegetables,LIVE MEDIA BROCCOLI +/-350G,RM9.07,,https://vgg.bites.com.my/collections/vegetables/products/live-media-broccoli-350g
https://vgg.bites.com.my/collections/vegetables,Vegetables,LIVE MEDIA CAULIFLOWER +/-400G,RM8.76,,https://vgg.bites.com.my/collections/vegetables/products/live-media-cauliflower-400g
https://vgg.bites.com.my/collections/vegetables,Vegetables,LIVE MEDIA OLD GINGER +/-400G,RM7.40,,https://vgg.bites.com.my/collections/vegetables/products/live-media-old-ginger-400g
https://vgg.bites.com.my/collections/vegetables,Vegetables,SIEW PAK CHOY +/- 350G,RM2.70,,https://vgg.bites.com.my/collections/vegetables/products/siew-pak-choy-350g
https://vgg.bites.com.my/collections/vegetables,Vegetables,SL ORG ENGLISH CABBAGE +/-550G,RM7.10,,https://vgg.bites.com.my/collections/vegetables/products/sl-org-english-cabbage-550g
https://vgg.bites.com.my/collections/vegetables,Vegetables,SL ORG JAPANESE PUMPKIN +/-600G,RM8.34,,https://vgg.bites.com.my/collections/vegetables/products/sl-org-japanese-pumpkin-600g
https://vgg.bites.com.my/collections/vegetables,Vegetables,SL ORG LADY FINGER 250G,RM5.20,,https://vgg.bites.com.my/collections/vegetables/products/sl-org-lady-finger-250g
https://vgg.bites.com.my/collections/vegetables,Vegetables,SL ORG SHORT LETTUCE 250G,RM6.00,,https://vgg.bites.com.my/collections/vegetables/products/sl-org-short-lettuce-250g
https://vgg.bites.com.my/collections/vegetables,Vegetables,SL ORG SIEW PAK CHOY 250G,RM5.00,,https://vgg.bites.com.my/collections/vegetables/products/sl-org-siew-pak-choy-250g
https://vgg.bites.com.my/collections/vegetables,Vegetables,SL ORG THAI BABY CORN 150G,RM7.50,,https://vgg.bites.com.my/collections/vegetables/products/sl-org-thai-baby-corn-150g
https://vgg.bites.com.my/collections/vegetables,Vegetables,SL ORG TOMATO +/-300G,RM5.97,,https://vgg.bites.com.my/collections/vegetables/products/sl-org-tomato-300g
https://vgg.bites.com.my/collections/vegetables,Vegetables,SL ORG WHITE BEANCURD 4PCS,RM7.90,,https://vgg.bites.com.my/collections/vegetables/products/sl-org-white-beancurd-4pcs
https://vgg.bites.com.my/collections/vegetables,Vegetables,SPRING ONION (DAUN BAWANG) +/-200G,RM2.33,,https://vgg.bites.com.my/collections/vegetables/products/spring-onion-daun-bawang-200g
https://vgg.bites.com.my/collections/vegetables,Vegetables,SUAN MOKKH ORGANIC BEETROOT (+/-400G),RM9.20,,https://vgg.bites.com.my/collections/vegetables/products/suan-mokkh-organic-beetroot-400g
https://vgg.bites.com.my/collections/vegetables,Vegetables,SUAN MOKKH ORGANIC CUCUMBER (+/-500G),RM6.50,,https://vgg.bites.com.my/collections/vegetables/products/suan-mokkh-organic-cucumber-500g
https://vgg.bites.com.my/collections/vegetables,Vegetables,SUAN MOKKH ORGANIC PANDAN LEAF 50G,RM4.00,,https://vgg.bites.com.my/collections/vegetables/products/suan-mokkh-organic-pandan-leaf-50g
https://vgg.bites.com.my/collections/vegetables,Vegetables,TAI PAK CHOY +/-350G,RM2.38,,https://vgg.bites.com.my/collections/vegetables/products/tai-pak-choy-350g
https://vgg.bites.com.my/collections/vegetables,Vegetables,GG ASSORTED CHERRIES TOMATO 275G,RM8.00,,https://vgg.bites.com.my/collections/vegetables/products/gg-assorted-cherries-tomato-275g
https://vgg.bites.com.my/collections/vegetables,Vegetables,CIAO LENTILS 400GM,RM5.65,,https://vgg.bites.com.my/collections/vegetables/products/ciao-lentils-400gm
https://vgg.bites.com.my/collections/vegetables,Vegetables,CIAO BUTTER BEANS 400GM,RM5.65,,https://vgg.bites.com.my/collections/vegetables/products/ciao-butter-beans-400gm
https://vgg.bites.com.my/collections/vegetables,Vegetables,CIAO CHICK PEAS 400GM,RM5.65,,https://vgg.bites.com.my/collections/vegetables/products/ciao-chick-peas-400gm
https://vgg.bites.com.my/collections/vegetables,Vegetables,GREEN SPINACH (BAYAM HIJAU) 300G/PKT,RM4.40,,https://vgg.bites.com.my/collections/vegetables/products/green-spinach-bayam-hijau-300gpkt
https://vgg.bites.com.my/collections/vegetables,Vegetables,KANGKUNG 300G/PKT,RM4.50,,https://vgg.bites.com.my/collections/vegetables/products/kangkung-300g-pkt
https://vgg.bites.com.my/collections/vegetables,Vegetables,DL SPINACH RED 300G,RM4.49,,https://vgg.bites.com.my/collections/vegetables/products/dl-spinach-red-300g
https://vgg.bites.com.my/collections/vegetables,Vegetables,SHINRAI EDAMAME SOYBEAN HIGH GRADE 500G,RM10.05,,https://vgg.bites.com.my/collections/vegetables/products/shinrai-edamame-soybean-high-grade-500g
https://vgg.bites.com.my/collections/vegetables,Vegetables,SAWI KERINTING 400G,RM3.70,,https://vgg.bites.com.my/collections/vegetables/products/sawi-kerinting-400g
https://vgg.bites.com.my/collections/vegetables,Vegetables,WOOLWORTHS DICED ITALIAN TOMATO BASIL&OREGANO 400G,RM7.00,,https://vgg.bites.com.my/collections/vegetables/products/woolworths-diced-italian-tomato-basil-oregano-400g
https://vgg.bites.com.my/collections/vegetables,Vegetables,BATCHELORS MUSHY PEAS 300G,RM7.60,,https://vgg.bites.com.my/collections/vegetables/products/batchelors-mushy-peas-300g
https://vgg.bites.com.my/collections/vegetables,Vegetables,HK CHOY SUM 200G,RM3.10,,https://vgg.bites.com.my/collections/vegetables/products/hk-choy-sum-200g
https://vgg.bites.com.my/collections/vegetables,Vegetables,HK KAILAN 200G,RM3.10,,https://vgg.bites.com.my/collections/vegetables/products/hk-kailan-200g
https://vgg.bites.com.my/collections/vegetables,Vegetables,CHINA BABY CABBAGE (WAWA CABBAGE) 3PCS,RM5.80,,https://vgg.bites.com.my/collections/vegetables/products/china-baby-cabbage-wawa-cabbage-3pcs
https://vgg.bites.com.my/collections/vegetables,Vegetables,HK YAU MAK (LEAF LETTUCE) 300G,RM5.65,,https://vgg.bites.com.my/collections/vegetables/products/hk-yau-mak-leaf-lettuce-300g
https://vgg.bites.com.my/collections/vegetables,Vegetables,BAWANG GORENG SUCI CAP CILI 100G,RM3.50,,https://vgg.bites.com.my/collections/vegetables/products/bawang-goreng-suci-cap-cili-100g
https://vgg.bites.com.my/collections/vegetables,Vegetables,SNAKE GOURD (PETOLA ULAR) (+/- 500G),RM2.30,,https://vgg.bites.com.my/collections/vegetables/products/snake-gourd-petola-ular-500g
https://vgg.bites.com.my/collections/vegetables,Vegetables,CHINA ARROW ROOT (+/- 500G),RM5.00,,https://vgg.bites.com.my/collections/vegetables/products/china-arrow-root-500g
https://vgg.bites.com.my/collections/vegetables,Vegetables,GG PREMIUM TOMATO XL 4S,RM6.10,,https://vgg.bites.com.my/collections/vegetables/products/gg-premium-tomato-xl-4s
https://vgg.bites.com.my/collections/vegetables,Vegetables,MUKI GREEN SOYBEANS 500G,RM9.90,,https://vgg.bites.com.my/collections/vegetables/products/muki-green-soybeans-500g
https://vgg.bites.com.my/collections/vegetables,Vegetables,BENI HARUKA SWEET POTATO 500G,RM18.90,,https://vgg.bites.com.my/collections/vegetables/products/beni-haruka-sweet-potato-500g
https://vgg.bites.com.my/collections/vegetables,Vegetables,AUST SNACKABLE BABY CARROT 250G,RM10.99,,https://vgg.bites.com.my/collections/vegetables/products/aust-snackable-baby-carrot-250g
https://vgg.bites.com.my/collections/vegetables,Vegetables,MUTTI TOMATO PUREE GLASS BOTTLE 700G,RM14.69,RM16.20,https://vgg.bites.com.my/collections/vegetables/products/mutti-tomato-puree-glass-bottle-700g
https://vgg.bites.com.my/collections/vegetables,Vegetables,CHINA FRESH BLACK FUNGUS 200G,RM3.75,,https://vgg.bites.com.my/collections/vegetables/products/china-fresh-black-fungus-200g
https://vgg.bites.com.my/collections/vegetables,Vegetables,KANIKA EDAMAME-GREEN PEAS 500G,RM13.40,,https://vgg.bites.com.my/collections/vegetables/products/kanika-edamame-green-peas-500g
https://vgg.bites.com.my/collections/fresh,Fresh,BLACK BEAUTY MELON CUT (+/-2KG),RM15.40,,https://vgg.bites.com.my/collections/fresh/products/black-beauty-melon-cut-2kg
https://vgg.bites.com.my/collections/fresh,Fresh,CHINA CAULIFLOWER (+/-600G),RM5.39,,https://vgg.bites.com.my/collections/fresh/products/china-cauliflower-600g
https://vgg.bites.com.my/collections/fresh,Fresh,THAI PEELED PETAI 150G,RM17.99,,https://vgg.bites.com.my/collections/fresh/products/thai-peeled-petai-150g
https://vgg.bites.com.my/collections/fresh,Fresh,YELLOW CAPSICUM (LADA BESAR KUNING) +/-350G,RM4.85,,https://vgg.bites.com.my/collections/fresh/products/yellow-capsicum-lada-besar-kuning-350g
https://vgg.bites.com.my/collections/fresh,Fresh,SMALL BEAN SPROUT (TAUGE) +/-450G,RM1.93,,https://vgg.bites.com.my/collections/fresh/products/small-bean-sprout-tauge-450g
https://vgg.bites.com.my/collections/fresh,Fresh,PREMIUM WHITE GARLIC (+/-300G),RM3.50,,https://vgg.bites.com.my/collections/fresh/products/premium-white-garlic-300g
https://vgg.bites.com.my/collections/fresh,Fresh,LENGKUAS +/-100G,RM1.47,,https://vgg.bites.com.my/collections/fresh/products/lengkuas-100g
https://vgg.bites.com.my/collections/fresh,Fresh,ROUND BRINJAL (TERUNG BULAT) +/- 250G,RM3.00,,https://vgg.bites.com.my/collections/fresh/products/round-brinjal-terung-bulat-250g
https://vgg.bites.com.my/collections/fresh,Fresh,OLD CUCUMBER (TIMUN TUA) +/-800G,RM8.68,,https://vgg.bites.com.my/collections/fresh/products/old-cucumber-timun-tua-800g
https://vgg.bites.com.my/collections/fresh,Fresh,TOMATO XL  (+/- 1KG),RM6.50,,https://vgg.bites.com.my/collections/fresh/products/tomato-xl-1kg
https://vgg.bites.com.my/collections/fresh,Fresh,TURMERIC (KUNYIT) +/-100G,RM1.70,,https://vgg.bites.com.my/collections/fresh/products/turmeric-kunyit-100g
https://vgg.bites.com.my/collections/fresh,Fresh,US RUSSET POTATO (+/-500G),RM3.75,,https://vgg.bites.com.my/collections/fresh/products/us-russet-potato-500g
https://vgg.bites.com.my/collections/fresh,Fresh,WHITE RADISH (LOBAK PUTIH) +/-500G,RM2.25,,https://vgg.bites.com.my/collections/fresh/products/white-radish-lobak-putih-500g
https://vgg.bites.com.my/collections/fresh,Fresh,PREMIUM YELLOW ONION (+/- 500G),RM2.45,,https://vgg.bites.com.my/collections/fresh/products/premium-yellow-onion-500g
https://vgg.bites.com.my/collections/fresh,Fresh,YOUNG GINGER (HALIA MUDA) +/-200G,RM4.60,,https://vgg.bites.com.my/collections/fresh/products/young-ginger-halia-muda-200g
https://vgg.bites.com.my/collections/fresh,Fresh,JAPANESE CUCUMBER (KYURI) +/-600G,RM4.79,,https://vgg.bites.com.my/collections/fresh/products/japanese-cucumber-kyuri-600g
https://vgg.bites.com.my/collections/fresh,Fresh,YELLOW WATERMELON (+/-10KG),RM46.00,,https://vgg.bites.com.my/collections/fresh/products/yellow-watermelon-10kg
https://vgg.bites.com.my/collections/fresh,Fresh,SOLO PAPAYA (+/-1KG),RM12.70,,https://vgg.bites.com.my/collections/fresh/products/solo-papaya-1kg
https://vgg.bites.com.my/collections/fresh,Fresh,YELLOW WATERMELON CUT (+/-2.5KG),RM11.50,,https://vgg.bites.com.my/collections/fresh/products/yellow-watermelon-cut-2-5kg
https://vgg.bites.com.my/collections/fresh,Fresh,RED SEEDLESS WATERMELON CUT (+/-2KG),RM9.20,,https://vgg.bites.com.my/collections/fresh/products/red-seedless-watermelon-cut-2kg
https://vgg.bites.com.my/collections/fresh,Fresh,RED WATERMELON (+/- 8KG),RM36.80,,https://vgg.bites.com.my/collections/fresh/products/red-watermelon-8kg
https://vgg.bites.com.my/collections/fresh,Fresh,US MEDJOOL DATES 454G,RM35.90,,https://vgg.bites.com.my/collections/fresh/products/us-medjool-dates-454g
https://vgg.bites.com.my/collections/fresh,Fresh,VIETNAM WHITE DRAGON FRUIT PC,RM3.50,,https://vgg.bites.com.my/collections/fresh/products/vietnam-white-dragon-fruit-pc
https://vgg.bites.com.my/collections/fresh,Fresh,GRANNY SMITH APPLE PC,RM3.50,,https://vgg.bites.com.my/collections/fresh/products/granny-smith-apple-pc
https://vgg.bites.com.my/collections/fresh,Fresh,PISANG MAS (+/-1KG),RM9.00,,https://vgg.bites.com.my/collections/fresh/products/pisang-mas-1kg
https://vgg.bites.com.my/collections/fresh,Fresh,BLUEBERRIES 125G,RM9.00,,https://vgg.bites.com.my/collections/fresh/products/blueberries-125g
https://vgg.bites.com.my/collections/fresh,Fresh,CHINA GOLDEN KING PEAR - PC,RM5.00,,https://vgg.bites.com.my/collections/fresh/products/china-golden-king-pear-pc
https://vgg.bites.com.my/collections/fresh,Fresh,AUST ROCK MELON (+/- 2KG),RM43.80,,https://vgg.bites.com.my/collections/fresh/products/aust-rock-melon-2kg
https://vgg.bites.com.my/collections/fresh,Fresh,CHINA SINGO PEAR PC,RM6.10,,https://vgg.bites.com.my/collections/fresh/products/china-singo-pear-pc
https://vgg.bites.com.my/collections/fresh,Fresh,HOKTO BUNAPI MUSHROOM 100G,RM5.59,,https://vgg.bites.com.my/collections/fresh/products/hokto-bunapi-mushroom-100g
https://vgg.bites.com.my/collections/fresh,Fresh,GREEN CAPSICUM (LADA BESAR HIJAU) +/-350G,RM4.52,,https://vgg.bites.com.my/collections/fresh/products/green-capsicum-lada-besar-hijau-350g
https://vgg.bites.com.my/collections/fresh,Fresh,DUTCH EGGPLANT (TERUNG BELANDA) +/-350G,RM3.50,,https://vgg.bites.com.my/collections/fresh/products/dutch-eggplant-terung-belanda-350g
https://vgg.bites.com.my/collections/fresh,Fresh,AUST BROCCOLI (+/- 400G),RM10.00,RM13.16,https://vgg.bites.com.my/collections/fresh/products/aust-broccoli-400g
https://vgg.bites.com.my/collections/fresh,Fresh,AUSTRALIA CELERY (+/- 600G),RM8.34,,https://vgg.bites.com.my/collections/fresh/products/australia-celery-600g
https://vgg.bites.com.my/collections/fresh,Fresh,BEETROOT (UBI BIT) +/- 400G,RM4.38,,https://vgg.bites.com.my/collections/fresh/products/beetroot-ubi-bit-400g
https://vgg.bites.com.my/collections/fresh,Fresh,AUST SWEET POTATO (+/-500G),RM8.00,RM12.45,https://vgg.bites.com.my/collections/fresh/products/aust-sweet-potato-500g
https://vgg.bites.com.my/collections/fresh,Fresh,CHINA RED CABBAGE (+/- 1KG),RM5.99,,https://vgg.bites.com.my/collections/fresh/products/china-red-cabbage-1kg
https://vgg.bites.com.my/collections/fresh,Fresh,CAMERON LEEK +/-200G,RM3.20,,https://vgg.bites.com.my/collections/fresh/products/cameron-leek-200g
https://vgg.bites.com.my/collections/fresh,Fresh,CHINA BROWN SHIMEJI MUSHROOM 150G,RM2.75,,https://vgg.bites.com.my/collections/fresh/products/china-brown-shimeji-mushroom-150g
https://vgg.bites.com.my/collections/fresh,Fresh,CAMERON ROUND CABBAGE (+/-500G),RM2.70,,https://vgg.bites.com.my/collections/fresh/products/cameron-round-cabbage-500g
https://vgg.bites.com.my/collections/fresh,Fresh,BITTER GOURD (PERIA) +/-400G,RM4.80,,https://vgg.bites.com.my/collections/fresh/products/bitter-gourd-peria-400g
https://vgg.bites.com.my/collections/fresh,Fresh,CAMERON BI COLOR SWEET CORN PC,RM5.70,,https://vgg.bites.com.my/collections/fresh/products/cameron-bi-color-sweet-corn-pc
https://vgg.bites.com.my/collections/fresh,Fresh,CHINA SWEET PEA 130G,RM3.50,,https://vgg.bites.com.my/collections/fresh/products/china-sweet-pea-130g
https://vgg.bites.com.my/collections/fresh,Fresh,FIRST PICK BRUSSEL SPROUT 250G,RM11.99,,https://vgg.bites.com.my/collections/fresh/products/first-pick-brussel-sprout-250g
https://vgg.bites.com.my/collections/fresh,Fresh,APPLEMINT 10G GG HERBS,RM3.15,,https://vgg.bites.com.my/collections/fresh/products/applemint-10g-gg-herbs
https://vgg.bites.com.my/collections/fresh,Fresh,LOVE BEETS RTE BABY BEETROOT 250G,RM19.50,,https://vgg.bites.com.my/collections/fresh/products/love-beets-rte-baby-beetroot-250g
https://vgg.bites.com.my/collections/fresh,Fresh,FIRST PICK AUSTRALIA BABY SPINACH 100G,RM10.35,,https://vgg.bites.com.my/collections/fresh/products/first-pick-australia-baby-spinach-100g
https://vgg.bites.com.my/collections/fresh,Fresh,ANGLE GOURD (PETOLA) +/-300G,RM2.49,,https://vgg.bites.com.my/collections/fresh/products/angle-gourd-petola-300g
https://vgg.bites.com.my/collections/fresh,Fresh,AUST BUTTERNUT PUMPKIN (+/-1.2KG),RM11.99,RM16.44,https://vgg.bites.com.my/collections/fresh/products/aust-butternut-pumpkin-1-2kg
https://vgg.bites.com.my/collections/fresh,Fresh,AUST PINK/RED WASHED POTATO 800G,RM11.55,,https://vgg.bites.com.my/collections/fresh/products/aust-pinkred-washed-potato-800g
https://vgg.bites.com.my/collections/fresh,Fresh,BOTTLE GOURD (LABU AIR) (+/-1KG),RM5.90,,https://vgg.bites.com.my/collections/fresh/products/bottle-gourd-labu-air-1kg
https://vgg.bites.com.my/collections/fresh,Fresh,CHINA KING OYSTER MUSHROOM 200G,RM4.15,,https://vgg.bites.com.my/collections/fresh/products/china-king-oyster-mushroom-200g
https://vgg.bites.com.my/collections/fresh,Fresh,CF GARLIC 230G,RM6.20,,https://vgg.bites.com.my/collections/fresh/products/cf-garlic-230g
https://vgg.bites.com.my/collections/fresh,Fresh,CHINA WHITE SHIMEJI MUSHROOM 150G,RM2.25,,https://vgg.bites.com.my/collections/fresh/products/china-white-shimeji-mushroom-150g
https://vgg.bites.com.my/collections/fresh,Fresh,GG HERBS WILD ROCKET 50G,RM7.00,,https://vgg.bites.com.my/collections/fresh/products/gg-herbs-wild-rocket-50g
https://vgg.bites.com.my/collections/fresh,Fresh,HAIRY MARROW (TIMUN BULU) (+/-500G),RM1.79,,https://vgg.bites.com.my/collections/fresh/products/hairy-marrow-timun-bulu-500g
https://vgg.bites.com.my/collections/fresh,Fresh,JAPANESE SWEET POTATO (PURPLE) +/-500G,RM3.50,,https://vgg.bites.com.my/collections/fresh/products/japanese-sweet-potato-purple-500g
https://vgg.bites.com.my/collections/fresh,Fresh,ICE PLANT 100G,RM8.50,,https://vgg.bites.com.my/collections/fresh/products/ice-plant-100g
https://vgg.bites.com.my/collections/fresh,Fresh,JAPANESE SWEET POTATO (YELLOW) +/-500G,RM5.00,,https://vgg.bites.com.my/collections/fresh/products/japanese-sweet-potato-yellow-500g
https://vgg.bites.com.my/collections/fresh,Fresh,LOCAL MIX ZUCCHINI 2PCS,RM10.80,,https://vgg.bites.com.my/collections/fresh/products/local-mix-zucchini-2pcs
https://vgg.bites.com.my/collections/fresh,Fresh,LOCAL GREEN ZUCCHINI (+/-500G),RM4.80,,https://vgg.bites.com.my/collections/fresh/products/local-green-zucchini-500g
https://vgg.bites.com.my/collections/fresh,Fresh,LONG BRINJAL (TERUNG PANJANG) +/- 300G,RM3.00,,https://vgg.bites.com.my/collections/fresh/products/long-brinjal-terung-panjang-300g
https://vgg.bites.com.my/collections/fresh,Fresh,OLD GINGER (HALIA TUA) +/-200G,RM1.60,,https://vgg.bites.com.my/collections/fresh/products/old-ginger-halia-tua-200g
https://vgg.bites.com.my/collections/fresh,Fresh,PREMIUM IMPORTED POTATO (+/-500G),RM1.55,,https://vgg.bites.com.my/collections/fresh/products/premium-imported-potato-500g
https://vgg.bites.com.my/collections/fresh,Fresh,PREMIUM RED BIG ONION (+/- 800G),RM3.60,,https://vgg.bites.com.my/collections/fresh/products/premium-red-big-onion-800g
https://vgg.bites.com.my/collections/fresh,Fresh,NL PEA SPROUT 150G,RM4.90,,https://vgg.bites.com.my/collections/fresh/products/nl-pea-sprout-150g
https://vgg.bites.com.my/collections/fresh,Fresh,SHITAKE MUSHROOM 180G,RM4.85,,https://vgg.bites.com.my/collections/fresh/products/shitake-mushroom-180g
https://vgg.bites.com.my/collections/fresh,Fresh,SMALL BITTER GOURD (+/-400G),RM4.68,,https://vgg.bites.com.my/collections/fresh/products/small-bitter-gourd-400g
https://vgg.bites.com.my/collections/fresh,Fresh,PUMPKIN (LABU KUNING) +/-1KG,RM7.99,,https://vgg.bites.com.my/collections/fresh/products/pumpkin-labu-kuning-1kg
https://vgg.bites.com.my/collections/fresh,Fresh,RED CAPSICUM (LADA BESAR MERAH) +/-350G,RM3.99,,https://vgg.bites.com.my/collections/fresh/products/red-capsicum-lada-besar-merah-350g
https://vgg.bites.com.my/collections/fresh,Fresh,SYDNEY SALAD SPROUTS 125G,RM8.50,,https://vgg.bites.com.my/collections/fresh/products/sydney-salad-sprouts-125g
https://vgg.bites.com.my/collections/fresh,Fresh,SYDNEY ALFAFA SPROUTS 125G,RM8.50,,https://vgg.bites.com.my/collections/fresh/products/sydney-alfafa-sprouts-125g
https://vgg.bites.com.my/collections/fresh,Fresh,VINE RIPENED TRUSS TOMATO (+/-700G),RM8.33,,https://vgg.bites.com.my/collections/fresh/products/vine-ripened-truss-tomato-700g
https://vgg.bites.com.my/collections/fresh,Fresh,CALAMANSI (LIMAU KASTURI) +/-150G,RM1.30,,https://vgg.bites.com.my/collections/fresh/products/calamansi-limau-kasturi-150g
https://vgg.bites.com.my/collections/fresh,Fresh,DOLE PINEAPPLE (CUT HALF),RM5.40,,https://vgg.bites.com.my/collections/fresh/products/dole-pineapple-cut-half
https://vgg.bites.com.my/collections/fresh,Fresh,GOLDEN MD2 PINEAPPLE PC (+/- 1KG),RM8.50,,https://vgg.bites.com.my/collections/fresh/products/golden-md2-pineapple-pc-1kg
https://vgg.bites.com.my/collections/fresh,Fresh,LIME (LIMAU NIPIS) +/-150G,RM1.31,,https://vgg.bites.com.my/collections/fresh/products/lime-limau-nipis-150g
https://vgg.bites.com.my/collections/fresh,Fresh,SA PACKHAM PEAR PC,RM3.50,,https://vgg.bites.com.my/collections/fresh/products/sa-packham-pear-pc
https://vgg.bites.com.my/collections/fresh,Fresh,NL MINI SWEET CRUNCHY PEPPER 350G,RM10.60,,https://vgg.bites.com.my/collections/fresh/products/nl-mini-sweet-crunchy-pepper-350g
https://vgg.bites.com.my/collections/fresh,Fresh,AUST AVOCADO PC,RM8.60,,https://vgg.bites.com.my/collections/fresh/products/aust-avocado-pc
https://vgg.bites.com.my/collections/fresh,Fresh,CAVENDISH BANANA (+/-1KG),RM8.20,,https://vgg.bites.com.my/collections/fresh/products/cavendish-banana-1kg
https://vgg.bites.com.my/collections/fresh,Fresh,CHINA HAMI MELON (+/-2KG),RM23.80,,https://vgg.bites.com.my/collections/fresh/products/china-hami-melon-2kg
https://vgg.bites.com.my/collections/fresh,Fresh,GOLDEN PHOENIX MANGO (+/- 800G),RM19.60,,https://vgg.bites.com.my/collections/fresh/products/golden-phoenix-mango-800g
https://vgg.bites.com.my/collections/fresh,Fresh,AUST JAPANESE PUMPKIN (+/-400G),RM5.60,,https://vgg.bites.com.my/collections/fresh/products/aust-japanese-pumpkin-400g
https://vgg.bites.com.my/collections/fresh,Fresh,AUST JARRADALE PUMPKIN (+/-400G),RM6.20,,https://vgg.bites.com.my/collections/fresh/products/aust-jarradale-pumpkin-400g
https://vgg.bites.com.my/collections/fresh,Fresh,NL VINE RIPENED TOMATO (M) 4S,RM4.90,,https://vgg.bites.com.my/collections/fresh/products/nl-vine-ripened-tomato-m-4s
https://vgg.bites.com.my/collections/fresh,Fresh,JAMBU AIR MERAH (+/-800G),RM26.48,,https://vgg.bites.com.my/collections/fresh/products/jambu-air-merah-800g
https://vgg.bites.com.my/collections/fresh,Fresh,NL VINE RIPENED TOMATO (L) 4S,RM6.60,,https://vgg.bites.com.my/collections/fresh/products/nl-vine-ripened-tomato-l-4s
https://vgg.bites.com.my/collections/fresh,Fresh,GOLDEN SUSU MANGO (+/- 700G),RM10.78,,https://vgg.bites.com.my/collections/fresh/products/golden-susu-mango-700g
https://vgg.bites.com.my/collections/fresh,Fresh,JUMBO POMEGRANATE PC,RM18.20,,https://vgg.bites.com.my/collections/fresh/products/jumbo-pomegranate-pc
https://vgg.bites.com.my/collections/fresh,Fresh,KOREA PEAR 2PCS,RM28.20,,https://vgg.bites.com.my/collections/fresh/products/korea-pear-2pcs
https://vgg.bites.com.my/collections/fresh,Fresh,LPC LITTLE  DUOS 1.5LBS,RM23.90,,https://vgg.bites.com.my/collections/fresh/products/lpc-little-duos-1-5lbs
https://vgg.bites.com.my/collections/fresh,Fresh,CHIVES 10G GG HERBS,RM3.15,,https://vgg.bites.com.my/collections/fresh/products/chives-10g-gg-herbs
https://vgg.bites.com.my/collections/fresh,Fresh,CAMERON CAULIFLOWER (+/-500G),RM9.45,,https://vgg.bites.com.my/collections/fresh/products/cameron-cauliflower-500g
https://vgg.bites.com.my/collections/fresh,Fresh,NL KOMATSUNA JAPANESE SAWI 250G,RM2.40,,https://vgg.bites.com.my/collections/fresh/products/nl-komatsuna-japanese-sawi-250g
https://vgg.bites.com.my/collections/fresh,Fresh,NL JALAPENO HOT PEPPER 250G,RM5.20,,https://vgg.bites.com.my/collections/fresh/products/nl-jalapeno-hot-pepper-250g
https://vgg.bites.com.my/collections/fresh,Fresh,CAMERON CHINESE CABBAGE (KOBIS CINA) +/-400G,RM3.20,,https://vgg.bites.com.my/collections/fresh/products/cameron-chinese-cabbage-kobis-cina-400g
https://vgg.bites.com.my/collections/fresh,Fresh,NL/WS BABY SPINACH 100G,RM8.50,,https://vgg.bites.com.my/collections/fresh/products/nlws-baby-spinach-100g
https://vgg.bites.com.my/collections/fresh,Fresh,WS/NL JAPANESE CUCUMBER 3PCS,RM3.90,,https://vgg.bites.com.my/collections/fresh/products/wsnl-japanese-cucumber-3pcs
https://vgg.bites.com.my/collections/fresh,Fresh,AUST CHAT POTATO 800G,RM10.59,,https://vgg.bites.com.my/collections/fresh/products/aust-chat-potato-800g
https://vgg.bites.com.my/collections/fresh,Fresh,GG FRESH THOUSAND ISLAND 25G,RM1.65,,https://vgg.bites.com.my/collections/fresh/products/gg-fresh-thousand-island-25g
https://vgg.bites.com.my/collections/fresh,Fresh,GG GREEN CORAL LETTUCE PKT,RM8.70,,https://vgg.bites.com.my/collections/fresh/products/gg-green-coral-lettuce-pkt
https://vgg.bites.com.my/collections/fresh,Fresh,GG RED&GREEN CORAL LETTUCE PKT,RM8.70,,https://vgg.bites.com.my/collections/fresh/products/gg-red-green-coral-lettuce-pkt
https://vgg.bites.com.my/collections/fresh,Fresh,GG BABY ROMAINE LETTUCE PKT,RM7.15,,https://vgg.bites.com.my/collections/fresh/products/gg-baby-romaine-lettuce-pkt
https://vgg.bites.com.my/collections/fresh,Fresh,GG RTE KALE 80G,RM5.90,,https://vgg.bites.com.my/collections/fresh/products/gg-rte-kale-80g
https://vgg.bites.com.my/collections/fresh,Fresh,GRIMMWAY US PEELED B.CARROT 250G,RM8.50,,https://vgg.bites.com.my/collections/fresh/products/grimmway-us-peeled-bcarrot-250g
https://vgg.bites.com.my/collections/fresh,Fresh,GG SPINACH QUINOA SALAD BOWL 230G,RM9.30,,https://vgg.bites.com.my/collections/fresh/products/gg-spinach-quinoa-salad-bowl-230g
https://vgg.bites.com.my/collections/fresh,Fresh,GG GREEKSALAD BOWL 190G,RM9.30,,https://vgg.bites.com.my/collections/fresh/products/gg-greeksalad-bowl-190g
https://vgg.bites.com.my/collections/fresh,Fresh,LOCAL BABY RED RADISH 150G,RM2.90,,https://vgg.bites.com.my/collections/fresh/products/local-baby-red-radish-150g
https://vgg.bites.com.my/collections/fresh,Fresh,NL CAMERON ICEBERG LETTUCE PC,RM4.70,,https://vgg.bites.com.my/collections/fresh/products/nl-cameron-iceberg-lettuce-pc
https://vgg.bites.com.my/collections/fresh,Fresh,AUST WHITE WASH POTATO 800G,RM10.40,,https://vgg.bites.com.my/collections/fresh/products/aust-white-wash-potato-800g
https://vgg.bites.com.my/collections/fresh,Fresh,ENOKI MUSHROOM 100G,RM1.15,,https://vgg.bites.com.my/collections/fresh/products/enoki-mushroom-100g
https://vgg.bites.com.my/collections/fresh,Fresh,SUMICH PURPLE CARROT 500G,RM8.55,,https://vgg.bites.com.my/collections/fresh/products/sumich-purple-carrot-500g
https://vgg.bites.com.my/collections/fresh,Fresh,IMPORTED BROCCOLINI/BABY BROCCOLINI BUNCH PKT,RM20.50,,https://vgg.bites.com.my/collections/fresh/products/imported-broccolinibaby-broccolini-bunch-pkt
https://vgg.bites.com.my/collections/fresh,Fresh,AUST CARROT 500G,RM3.40,,https://vgg.bites.com.my/collections/fresh/products/aust-carrot-500g
https://vgg.bites.com.my/collections/fresh,Fresh,CHINA HOLLAND BEAN (SNOWPEA) 130G,RM3.50,,https://vgg.bites.com.my/collections/fresh/products/china-holland-bean-snowpea-130g
https://vgg.bites.com.my/collections/fresh,Fresh,GG RTE CAESAR SALAD IN BOWL 120G,RM8.79,,https://vgg.bites.com.my/collections/fresh/products/gg-rte-caesar-salad-in-bowl-120g
https://vgg.bites.com.my/collections/fresh,Fresh,GG HERBS CORIANDER 10G,RM3.15,,https://vgg.bites.com.my/collections/fresh/products/gg-herbs-coriander-10g
https://vgg.bites.com.my/collections/fresh,Fresh,GG EDIBLE FLOWER 30G (CLAM),RM9.80,,https://vgg.bites.com.my/collections/fresh/products/gg-edible-flower-30g-clam
https://vgg.bites.com.my/collections/fresh,Fresh,GG HERBS THAI BASIL 50G,RM5.90,,https://vgg.bites.com.my/collections/fresh/products/gg-herbs-thai-basil-50g
https://vgg.bites.com.my/collections/fresh,Fresh,DILL 10G GG HERBS,RM3.15,,https://vgg.bites.com.my/collections/fresh/products/dill-10g-gg-herbs
https://vgg.bites.com.my/collections/fresh,Fresh,GENTING GARDEN ROMAINE LETTUCE 300G,RM8.35,,https://vgg.bites.com.my/collections/fresh/products/genting-garden-romaine-lettuce-300g
https://vgg.bites.com.my/collections/fresh,Fresh,GG HERBS SWEET BASIL 50G,RM6.10,,https://vgg.bites.com.my/collections/fresh/products/gg-herbs-sweet-basil-50g
https://vgg.bites.com.my/collections/fresh,Fresh,GG HERBS THYME 10G,RM3.15,,https://vgg.bites.com.my/collections/fresh/products/gg-herbs-thyme-10g
https://vgg.bites.com.my/collections/fresh,Fresh,ITALIAN PARSLEY 10G GG HERBS,RM3.15,,https://vgg.bites.com.my/collections/fresh/products/italian-parsley-10g-gg-herbs
https://vgg.bites.com.my/collections/fresh,Fresh,GG RTE GARDEN SALAD IN BOWL 130G,RM8.79,,https://vgg.bites.com.my/collections/fresh/products/gg-rte-garden-salad-in-bowl-130g
https://vgg.bites.com.my/collections/fresh,Fresh,GG RTE CLASSIC MIXED SALAD 125G,RM11.10,,https://vgg.bites.com.my/collections/fresh/products/gg-rte-classic-mixed-salad-125g
https://vgg.bites.com.my/collections/fresh,Fresh,GG RTE FOUR SEASONS MIX SALAD 125G,RM12.55,,https://vgg.bites.com.my/collections/fresh/products/gg-rte-four-seasons-mix-salad-125g
https://vgg.bites.com.my/collections/fresh,Fresh,GG LOLLO BIONDA LETTUCE PKT,RM4.60,,https://vgg.bites.com.my/collections/fresh/products/gg-lollo-bionda-lettuce-pkt
https://vgg.bites.com.my/collections/fresh,Fresh,GG BABY BUTTERHEAD LETTUCE PKT,RM7.85,,https://vgg.bites.com.my/collections/fresh/products/gg-baby-butterhead-lettuce-pkt
https://vgg.bites.com.my/collections/fresh,Fresh,GG RTE HONEY SALAD 200G,RM11.10,,https://vgg.bites.com.my/collections/fresh/products/gg-rte-honey-salad-200g
https://vgg.bites.com.my/collections/fresh,Fresh,KOREA MINI ERYNGII MUSHROOM 300G,RM11.10,,https://vgg.bites.com.my/collections/fresh/products/korea-mini-eryngii-mushroom-300g
https://vgg.bites.com.my/collections/fresh,Fresh,GG RTE ORIENTAL SALAD IN BOWL 140G,RM8.85,,https://vgg.bites.com.my/collections/fresh/products/gg-rte-oriental-salad-in-bowl-140g
https://vgg.bites.com.my/collections/fresh,Fresh,GG SWEET&CRUNCHY SALAD BOWL 140G,RM8.85,,https://vgg.bites.com.my/collections/fresh/products/gg-sweet-crunchy-salad-bowl-140g
https://vgg.bites.com.my/collections/fresh,Fresh,KOREA KING OYSTER MUSHROOM 400G,RM11.65,,https://vgg.bites.com.my/collections/fresh/products/korea-king-oyster-mushroom-400g
https://vgg.bites.com.my/collections/fresh,Fresh,GG ITALIAN SALAD ROCKET BOWL 130G,RM8.79,,https://vgg.bites.com.my/collections/fresh/products/gg-italian-salad-rocket-bowl-130g
https://vgg.bites.com.my/collections/fresh,Fresh,TF WHITE BUTTON MUSHROOM 200G,RM10.20,,https://vgg.bites.com.my/collections/fresh/products/tf-white-button-mushroom-200g
https://vgg.bites.com.my/collections/fresh,Fresh,ROSEMARY 10G GG HERBS,RM3.15,,https://vgg.bites.com.my/collections/fresh/products/rosemary-10g-gg-herbs
https://vgg.bites.com.my/collections/fresh,Fresh,NL FRENCH BEAN 280G,RM5.40,,https://vgg.bites.com.my/collections/fresh/products/nl-french-bean-280g
https://vgg.bites.com.my/collections/fresh,Fresh,THAI GREEN ASPARAGUS 250G,RM13.35,,https://vgg.bites.com.my/collections/fresh/products/thai-green-asparagus-250g
https://vgg.bites.com.my/collections/fresh,Fresh,AUST RED BIG ONION (+/-500G),RM8.99,,https://vgg.bites.com.my/collections/fresh/products/aust-red-big-onion-500g
https://vgg.bites.com.my/collections/fresh,Fresh,NASU EGGPLANT 3PCS,RM3.50,,https://vgg.bites.com.my/collections/fresh/products/nasu-eggplant-3pcs
https://vgg.bites.com.my/collections/fresh,Fresh,LPC LITTLE YELLOWS 1.5LBS,RM23.90,,https://vgg.bites.com.my/collections/fresh/products/lpc-little-yellows-15lbs
https://vgg.bites.com.my/collections/fresh,Fresh,DRIED BUTTERFLY PEA FLOWER 15G,RM4.90,,https://vgg.bites.com.my/collections/fresh/products/dried-butterfly-pea-flower-15g
https://vgg.bites.com.my/collections/fresh,Fresh,ENGLISH GOURD (CHAYOTE) +/-1KG,RM5.29,,https://vgg.bites.com.my/collections/fresh/products/english-gourd-chayote-1kg
https://vgg.bites.com.my/collections/fresh,Fresh,THAI YAM (KELADI) +/-600G,RM10.79,,https://vgg.bites.com.my/collections/fresh/products/thai-yam-keladi-600g
https://vgg.bites.com.my/collections/fresh,Fresh,TURNIP (SENGKUANG) +/-800G,RM6.64,,https://vgg.bites.com.my/collections/fresh/products/turnip-sengkuang-800g
https://vgg.bites.com.my/collections/fresh,Fresh,CHINA BEIJING CABBAGE (+/-400G),RM1.82,,https://vgg.bites.com.my/collections/fresh/products/china-beijing-cabbage-400g
https://vgg.bites.com.my/collections/fresh,Fresh,CHINA LOTUS ROOT (+/- 500G),RM8.15,,https://vgg.bites.com.my/collections/fresh/products/china-lotus-root-500g
https://vgg.bites.com.my/collections/fresh,Fresh,ROMA TOMATO +/-500G,RM6.95,,https://vgg.bites.com.my/collections/fresh/products/roma-tomato-500g
https://vgg.bites.com.my/collections/fresh,Fresh,LOCAL HABANERO PEPPER (+/-200G),RM15.98,,https://vgg.bites.com.my/collections/fresh/products/local-habanero-pepper-200g
https://vgg.bites.com.my/collections/fresh,Fresh,CAMERON NAI BAI 220G NL,RM4.00,,https://vgg.bites.com.my/collections/fresh/products/cameron-nai-bai-220g-nl
https://vgg.bites.com.my/collections/fresh,Fresh,NL PICOLINO CUCUMBER 500G,RM5.90,,https://vgg.bites.com.my/collections/fresh/products/nl-picolino-cucumber-500g
https://vgg.bites.com.my/collections/fresh,Fresh,NL TRAFFIC LIGHT CAPSICUM 3PCS,RM11.50,,https://vgg.bites.com.my/collections/fresh/products/nl-traffic-light-capsicum-3pcs
https://vgg.bites.com.my/collections/fresh,Fresh,BLACK BEAUTY MELON (+/-3KG),RM23.10,,https://vgg.bites.com.my/collections/fresh/products/black-beauty-melon-3kg
https://vgg.bites.com.my/collections/fresh,Fresh,LOCAL KING GUAVA (GUAVA LOHAN) (+/- 1KG),RM10.00,,https://vgg.bites.com.my/collections/fresh/products/local-king-guava-guava-lohan-1kg
https://vgg.bites.com.my/collections/fresh,Fresh,AUST HONEY MURCOTT (+/-700G),RM8.26,,https://vgg.bites.com.my/collections/fresh/products/aust-honey-murcott-700g
https://vgg.bites.com.my/collections/fresh,Fresh,DOLE PINEAPPLE PC,RM10.80,,https://vgg.bites.com.my/collections/fresh/products/dole-pineapple-pc
https://vgg.bites.com.my/collections/fresh,Fresh,NZ ZESPRI ORGANIC GREEN KIWIFRUIT 5PCS,RM21.30,,https://vgg.bites.com.my/collections/fresh/products/nz-zespri-organic-green-kiwifruit-5pcs
https://vgg.bites.com.my/collections/fresh,Fresh,US ORG MEDJOOL DATES 454G,RM40.90,,https://vgg.bites.com.my/collections/fresh/products/us-org-medjool-dates-454g
https://vgg.bites.com.my/collections/fresh,Fresh,BLACK SEED LESS GRAPE (-/ 1KG),RM54.90,,https://vgg.bites.com.my/collections/fresh/products/black-seed-less-grape-1kg
https://vgg.bites.com.my/collections/fresh,Fresh,RED SEEDLESS GRAPE (+/- 1KG),RM54.90,,https://vgg.bites.com.my/collections/fresh/products/red-seedless-grape-1kg
https://vgg.bites.com.my/collections/fresh,Fresh,NZ ZESPRI GREEN KIWIFRUIT 4PCS LARGE,RM14.49,RM18.30,https://vgg.bites.com.my/collections/fresh/products/nz-zespri-green-kiwifruit-4pcs-large
https://vgg.bites.com.my/collections/fresh,Fresh,SOUTH AFRICA LEMON 5S PKT,RM12.10,,https://vgg.bites.com.my/collections/fresh/products/south-africa-lemon-5s-pkt
https://vgg.bites.com.my/collections/fresh,Fresh,DRISCOLL STRAWBERRY 250G,RM23.90,,https://vgg.bites.com.my/collections/fresh/products/driscoll-strawberry-250g
https://vgg.bites.com.my/collections/fresh,Fresh,LEMON PC,RM2.40,,https://vgg.bites.com.my/collections/fresh/products/lemon-pc
https://vgg.bites.com.my/collections/fresh,Fresh,GRAPEFRUIT PC,RM2.80,,https://vgg.bites.com.my/collections/fresh/products/grapefruit-pc
https://vgg.bites.com.my/collections/fresh,Fresh,NAVEL ORANGE PC,RM5.50,,https://vgg.bites.com.my/collections/fresh/products/navel-orange-pc
https://vgg.bites.com.my/collections/fresh,Fresh,NZ ZESPRI JUMBO SUNGOLD KIWIFRUIT 4PCS,RM23.00,,https://vgg.bites.com.my/collections/fresh/products/nz-zespri-jumbo-sungold-kiwifruit-4pcs
https://vgg.bites.com.my/collections/fresh,Fresh,HONEY DEW (+/-3KG),RM23.40,,https://vgg.bites.com.my/collections/fresh/products/honey-dew-3kg
https://vgg.bites.com.my/collections/fresh,Fresh,SA PACKHAM PEAR 800G 90S,RM11.70,,https://vgg.bites.com.my/collections/fresh/products/sa-packham-pear-800g-90s
https://vgg.bites.com.my/collections/fresh,Fresh,SEEDLESS GUAVA (+/- 1KG),RM13.30,,https://vgg.bites.com.my/collections/fresh/products/seedless-guava-1kg
https://vgg.bites.com.my/collections/fresh,Fresh,HK PAPAYA CUT (+/- 1KG),RM7.50,,https://vgg.bites.com.my/collections/fresh/products/hk-papaya-cut-1kg
https://vgg.bites.com.my/collections/fresh,Fresh,HK PAPAYA WHOLE FRUIT (+/-1.5 KG),RM11.25,,https://vgg.bites.com.my/collections/fresh/products/hk-papaya-whole-fruit-1-5-kg
https://vgg.bites.com.my/collections/fresh,Fresh,HONEY MANDARIN +/-800G (LIMAU MADU),RM9.68,,https://vgg.bites.com.my/collections/fresh/products/honey-mandarin-800g-limau-madu
https://vgg.bites.com.my/collections/fresh,Fresh,CHINA ORGANIC ROASTED PEELED CHESTNUT 100G,RM4.60,,https://vgg.bites.com.my/collections/fresh/products/china-organic-roasted-peeled-chestnut-100g
https://vgg.bites.com.my/collections/fresh,Fresh,KS LACTO ORGANIC WHOLE LEG 500G,RM19.70,,https://vgg.bites.com.my/collections/fresh/products/ks-lacto-organic-whole-leg-500g
https://vgg.bites.com.my/collections/fresh,Fresh,AUST CHILL GRAIN F TOPSIDE CUBE (+/- 200G),RM18.58,,https://vgg.bites.com.my/collections/fresh/products/aust-chill-grain-f-topside-cube-200g
https://vgg.bites.com.my/collections/fresh,Fresh,KS LACTO ORGANIC CHICKEN BREAST 500G,RM18.70,,https://vgg.bites.com.my/collections/fresh/products/ks-lacto-organic-chicken-breast-500g
https://vgg.bites.com.my/collections/fresh,Fresh,OMEGA 3 SUPER CHICKEN (+/-1.8KG),RM30.42,,https://vgg.bites.com.my/collections/fresh/products/omega-3-super-chicken-18kg
https://vgg.bites.com.my/collections/fresh,Fresh,R AUST KNUCKLE MINCED FRZ THAW (+/-500G),RM31.95,,https://vgg.bites.com.my/collections/fresh/products/r-aust-knuckle-minced-frz-thaw-500g
https://vgg.bites.com.my/collections/fresh,Fresh,NZ/AUST LAMB LEG STEAK MARINATED (+/-700G),RM97.93,,https://vgg.bites.com.my/collections/fresh/products/nzaust-lamb-leg-steak-marinated-700g
https://vgg.bites.com.my/collections/fresh,Fresh,AUST CHILL GRAIN TOPSIDE BLOCK +/-200G,RM17.38,,https://vgg.bites.com.my/collections/fresh/products/aust-chill-grain-topside-block-200g
https://vgg.bites.com.my/collections/fresh,Fresh,AUST CHILL GRAIN FED TOPSIDE SLICE (+/-200G),RM17.38,,https://vgg.bites.com.my/collections/fresh/products/aust-chill-grain-fed-topside-slice-200g
https://vgg.bites.com.my/collections/fresh,Fresh,NZ/AUST FRENCH CUTLETS MARINATED (+/-500G),RM121.95,,https://vgg.bites.com.my/collections/fresh/products/nzaust-french-cutlets-marinated-500g
https://vgg.bites.com.my/collections/fresh,Fresh,NZ/AUST CHILLED MARINATED RACK CFO (+/-500G),RM119.95,,https://vgg.bites.com.my/collections/fresh/products/nzaust-chilled-marinated-rack-cfo-500g
https://vgg.bites.com.my/collections/fresh,Fresh,NZ CHILLED FRENCH TRIMMED LAMB RACKS CFO (+/- 1KG),RM219.90,,https://vgg.bites.com.my/collections/fresh/products/nz-chilled-french-trimmed-lamb-racks-cfo-1kg
https://vgg.bites.com.my/collections/fresh,Fresh,AUST CHILLED GRAIN FED TOPSIDE STIR FRY (+/-200G),RM17.38,,https://vgg.bites.com.my/collections/fresh/products/aust-chilled-grain-fed-topside-stir-fry-200g
https://vgg.bites.com.my/collections/fresh,Fresh,AUST CHILLED GRAIN FED TOPSIDE STEAK (+/-200G),RM16.78,,https://vgg.bites.com.my/collections/fresh/products/aust-chilled-grain-fed-topside-steak-200g
https://vgg.bites.com.my/collections/fresh,Fresh,NZ/AUST CHILLED BONELESS LAMB LEG (+/-700G),RM75.53,,https://vgg.bites.com.my/collections/fresh/products/nzaust-chilled-boneless-lamb-leg-700g
https://vgg.bites.com.my/collections/fresh,Fresh,MS FROZEN PUD 21/25 VANAMEI MEAT 200GM,RM12.50,,https://vgg.bites.com.my/collections/fresh/products/ms-frozen-pud-21-25-vanamei-meat-200gm
https://vgg.bites.com.my/collections/fresh,Fresh,MS FROZEN PUD 31/40 VANAMEI MEAT 200G,RM7.99,RM11.50,https://vgg.bites.com.my/collections/fresh/products/ms-frozen-pud-3140-vanamei-meat-200g
https://vgg.bites.com.my/collections/fresh,Fresh,FROZEN KING PRAWN 700G (SIZE:31/40),RM75.90,,https://vgg.bites.com.my/collections/fresh/products/frozen-king-prawn-700g-size-31-40
https://vgg.bites.com.my/collections/fresh,Fresh,MS FROZEN TUNA LOIN (+/-300G),RM47.45,,https://vgg.bites.com.my/collections/fresh/products/ms-frozen-tuna-loin-300g
https://vgg.bites.com.my/collections/fresh,Fresh,MS FROZEN TILAPIA FILLET XL +/-1KG,RM28.90,,https://vgg.bites.com.my/collections/fresh/products/ms-frozen-tilapia-fillet-xl-1kg
https://vgg.bites.com.my/collections/fresh,Fresh,NZ ORGANIC HALF SHELL MUSSEL 1KG+-,RM56.99,RM60.90,https://vgg.bites.com.my/collections/fresh/products/nz-organic-half-shell-mussel-1kg
https://vgg.bites.com.my/collections/fresh,Fresh,FFF DORYFISH 1KG,RM39.90,,https://vgg.bites.com.my/collections/fresh/products/fff-doryfish-1kg
https://vgg.bites.com.my/collections/fresh,Fresh,NZ GALA APPLE PC,RM3.40,,https://vgg.bites.com.my/collections/fresh/products/nz-gala-apple-pc
https://vgg.bites.com.my/collections/fresh,Fresh,HOKTO 1-BUNAPI&B.SHIMEJI (2X100G),RM9.65,,https://vgg.bites.com.my/collections/fresh/products/hokto-1-bunapibshimeji-2x100g
https://vgg.bites.com.my/collections/fresh,Fresh,ALASKA COOKED KING CRAB (+/-2KG),RM599.80,,https://vgg.bites.com.my/collections/fresh/products/alaska-cooked-king-crab-2kg
https://vgg.bites.com.my/collections/fresh,Fresh,AUST MANDARIN 500G,RM12.50,,https://vgg.bites.com.my/collections/fresh/products/aust-mandarin-500g
https://vgg.bites.com.my/collections/fresh,Fresh,AUST MINI RED WASHED POTATO 500G,RM10.99,,https://vgg.bites.com.my/collections/fresh/products/aust-mini-red-washed-potato-500g
https://vgg.bites.com.my/collections/fresh,Fresh,CHINA GINGKO SEED PKT,RM1.95,,https://vgg.bites.com.my/collections/fresh/products/china-gingko-seed-pkt
https://vgg.bites.com.my/collections/fresh,Fresh,CHINA HUANG GUAN PEAR PC,RM3.10,,https://vgg.bites.com.my/collections/fresh/products/china-huang-guan-pear-pc
https://vgg.bites.com.my/collections/fresh,Fresh,AUSTRALIA MINI WHITE WASHED POTATO 500G,RM10.99,,https://vgg.bites.com.my/collections/fresh/products/australia-mini-white-washed-potato-500g
https://vgg.bites.com.my/collections/fresh,Fresh,FFN KELAPA PARUT 250G,RM3.99,,https://vgg.bites.com.my/collections/fresh/products/ffn-kelapa-parut-250g
https://vgg.bites.com.my/collections/fresh,Fresh,LOCAL FROZEN WHOLE DUCK (+/- 4KG),RM90.00,,https://vgg.bites.com.my/collections/fresh/products/local-frozen-whole-duck-4kg
https://vgg.bites.com.my/collections/fresh,Fresh,LPC LITTLE TRIOS 1.5LBS,RM23.90,,https://vgg.bites.com.my/collections/fresh/products/lpc-little-trios-1-5lbs
https://vgg.bites.com.my/collections/fresh,Fresh,NL TATSOI BRASSICA 250G,RM3.70,,https://vgg.bites.com.my/collections/fresh/products/nl-tatsoi-brassica-250g
https://vgg.bites.com.my/collections/fresh,Fresh,NL/WS HOT CHARLESTON PEPPER 250G,RM4.90,,https://vgg.bites.com.my/collections/fresh/products/nlws-hot-charleston-pepper-250g
https://vgg.bites.com.my/collections/fresh,Fresh,NZ/AUST BONELESS LAMB LEG STEAK (+/-500G),RM66.45,,https://vgg.bites.com.my/collections/fresh/products/nzaust-boneless-lamb-leg-steak-500g
https://vgg.bites.com.my/collections/fresh,Fresh,AUST FRZ EYEROUND SUKIYAKI/SHABU-SHABU R (+/- 200G),RM16.90,,https://vgg.bites.com.my/collections/fresh/products/aust-frz-eyeround-sukiyakishabu-shabu-r-200g
https://vgg.bites.com.my/collections/fresh,Fresh,SOTONG PUTIH/SQUID L (+/-600G),RM41.94,,https://vgg.bites.com.my/collections/fresh/products/sotong-putihsquid-l-600g
https://vgg.bites.com.my/collections/fresh,Fresh,ABALONE SLICE (SQUID SLICE) 300G,RM14.90,,https://vgg.bites.com.my/collections/fresh/products/abalone-slice-squid-slice-300g
https://vgg.bites.com.my/collections/fresh,Fresh,FRESH NORWEGIAN ATLANTIC SALMON BLOCK (+/- 300G),RM34.17,,https://vgg.bites.com.my/collections/fresh/products/fresh-norwegian-atlantic-salmon-block-300g
https://vgg.bites.com.my/collections/fresh,Fresh,FRESH NORWEGIAN ATLANTIC SALMON FILLET (+/-300G),RM37.17,,https://vgg.bites.com.my/collections/fresh/products/fresh-norwegian-atlantic-salmon-fillet-300g
https://vgg.bites.com.my/collections/fresh,Fresh,FRESH NORWEGIAN FJORD TROUT WHOLE (+/-4KG),RM343.60,,https://vgg.bites.com.my/collections/fresh/products/fresh-norwegian-fjord-trout-whole-4kg
https://vgg.bites.com.my/collections/fresh,Fresh,FRESH NORWEGIAN FJORD TROUT BLOCK  (+/-300G),RM34.77,,https://vgg.bites.com.my/collections/fresh/products/fresh-norwegian-fjord-trout-block-300g
https://vgg.bites.com.my/collections/fresh,Fresh,FRESH NORWEGIAN FJORD TROUT FILLET (+/-300G),RM37.77,,https://vgg.bites.com.my/collections/fresh/products/fresh-norwegian-fjord-trout-fillet-300g
https://vgg.bites.com.my/collections/fresh,Fresh,IKAN BAWAL HITAM L (+/-800G),RM36.72,,https://vgg.bites.com.my/collections/fresh/products/ikan-bawal-hitam-l-800g
https://vgg.bites.com.my/collections/fresh,Fresh,AUST CHILL GRAIN TOPSIDE BLOCK 190G R,RM15.90,,https://vgg.bites.com.my/collections/fresh/products/aust-chill-grain-topside-block-190g-r
https://vgg.bites.com.my/collections/fresh,Fresh,AUST GRAIN BOLAR BLADE CUBE/STIRFRY 190G R,RM15.90,,https://vgg.bites.com.my/collections/fresh/products/aust-grain-bolar-blade-cube-stirfry-190g-r
https://vgg.bites.com.my/collections/fresh,Fresh,AUST GRAIN BOLAR BLADE SLICE 190G R,RM15.90,,https://vgg.bites.com.my/collections/fresh/products/aust-grain-bolar-blade-slice-190g-r
https://vgg.bites.com.my/collections/fresh,Fresh,AUST GRAIN BOLAR BLADE STEAK 190G R,RM15.90,,https://vgg.bites.com.my/collections/fresh/products/aust-grain-bolar-blade-steak-190g-r
https://vgg.bites.com.my/collections/fresh,Fresh,AUST NECK MEAT CUBE/STIR FRY 190G R,RM15.90,,https://vgg.bites.com.my/collections/fresh/products/aust-neck-meat-cube-stir-fry-190g-r
https://vgg.bites.com.my/collections/fresh,Fresh,AUST NECK MEAT STEAK 190G R,RM15.90,,https://vgg.bites.com.my/collections/fresh/products/aust-neck-meat-steak-190g-r
https://vgg.bites.com.my/collections/fresh,Fresh,AUST NECK MEAT SLICE 190G R,RM15.90,,https://vgg.bites.com.my/collections/fresh/products/aust-neck-meat-slice-190g-r
https://vgg.bites.com.my/collections/fresh,Fresh,AUST CHILL GRAIN F KNUCKLE STEAK 190G R,RM15.90,,https://vgg.bites.com.my/collections/fresh/products/aust-chill-grain-f-knuckle-steak-190g-r
https://vgg.bites.com.my/collections/fresh,Fresh,AUST CHILL GRAIN KNUCKLE MEDALLION 190G R,RM15.90,,https://vgg.bites.com.my/collections/fresh/products/aust-chill-grain-knuckle-medallion-190g-r
https://vgg.bites.com.my/collections/fresh,Fresh,AUST CHILL GRAIN F KNUCKLE STIRFRY/CUBE 190G R,RM15.90,,https://vgg.bites.com.my/collections/fresh/products/aust-chill-grain-f-knuckle-stirfry-cube-190g-r
https://vgg.bites.com.my/collections/fresh,Fresh,AUST CHILL GRAIN F KNUCKLE BLOCK 190G R,RM15.90,,https://vgg.bites.com.my/collections/fresh/products/aust-chill-grain-f-knuckle-block-190g-r
https://vgg.bites.com.my/collections/fresh,Fresh,AUST CHILL GRAIN F KNUCKLE SLICE 190G R,RM15.90,,https://vgg.bites.com.my/collections/fresh/products/aust-chill-grain-f-knuckle-slice-190g-r
https://vgg.bites.com.my/collections/fresh,Fresh,AUST CHILL GRAIN FED TOPSIDE SLICE 190G R,RM15.90,,https://vgg.bites.com.my/collections/fresh/products/aust-chill-grain-fed-topside-slice-190g-r
https://vgg.bites.com.my/collections/fresh,Fresh,AUST CHILL GRAIN F TOPSIDE STEAK 190G R,RM15.90,,https://vgg.bites.com.my/collections/fresh/products/aust-chill-grain-f-topside-steak-190g-r
https://vgg.bites.com.my/collections/fresh,Fresh,AUST CHILL GRAIN F TOPSIDE CUBE 190G,RM15.90,,https://vgg.bites.com.my/collections/fresh/products/aust-chill-grain-f-topside-cube-190g
https://vgg.bites.com.my/collections/fresh,Fresh,MS FROZEN PUD 71/90 VANAMEI MEAT 200GM,RM10.80,,https://vgg.bites.com.my/collections/fresh/products/ms-frozen-pud-71-90-vanamei-meat-200gm
https://vgg.bites.com.my/collections/fresh,Fresh,SQUID SOTONG CLEANED (+/- 600G),RM36.00,,https://vgg.bites.com.my/collections/fresh/products/squid-sotong-cleaned-600g
https://vgg.bites.com.my/collections/fresh,Fresh,ABF CHICKEN BONELESS BREAST (+/-600G),RM13.62,,https://vgg.bites.com.my/collections/fresh/products/abf-chicken-boneless-breast-600g
https://vgg.bites.com.my/collections/fresh,Fresh,ABF CHICKEN BONELESS BREAST SLICE (+/-350G),RM9.77,,https://vgg.bites.com.my/collections/fresh/products/abf-chicken-boneless-breast-slice-350g
https://vgg.bites.com.my/collections/fresh,Fresh,ABF CHICKEN CUBE (+/-350G),RM9.42,,https://vgg.bites.com.my/collections/fresh/products/abf-chicken-cube-350g
https://vgg.bites.com.my/collections/fresh,Fresh,ABF CHICKEN DRUMSTICK (+/-500G),RM10.25,,https://vgg.bites.com.my/collections/fresh/products/abf-chicken-drumstick-500g
https://vgg.bites.com.my/collections/fresh,Fresh,ABF CHICKEN DRUMSTICK SKINLESS (+/-500G),RM13.95,,https://vgg.bites.com.my/collections/fresh/products/abf-chicken-drumstick-skinless-500g
https://vgg.bites.com.my/collections/fresh,Fresh,ABF CHICKEN DRUMSTICK MARINATED (+/-300G),RM8.07,,https://vgg.bites.com.my/collections/fresh/products/abf-chicken-drumstick-marinated-300g
https://vgg.bites.com.my/collections/fresh,Fresh,ABF CHICKEN WHOLE LEG (+/-500G),RM9.95,,https://vgg.bites.com.my/collections/fresh/products/abf-chicken-whole-leg-500g
https://vgg.bites.com.my/collections/fresh,Fresh,ABF CHICKEN WHOLE WINGS (+/- 500G),RM9.95,,https://vgg.bites.com.my/collections/fresh/products/abf-chicken-whole-wings-500g
https://vgg.bites.com.my/collections/fresh,Fresh,ABF CHICKEN CENTRE WING (+/-300G),RM6.87,,https://vgg.bites.com.my/collections/fresh/products/abf-chicken-centre-wing-300g
https://vgg.bites.com.my/collections/fresh,Fresh,ABF CHICKEN DRUMMET (+/-400G),RM9.16,,https://vgg.bites.com.my/collections/fresh/products/abf-chicken-drummet-400g
https://vgg.bites.com.my/collections/fresh,Fresh,LACTOPLUS III CHICKEN E-BAG (+/-2KG),RM41.00,,https://vgg.bites.com.my/collections/fresh/products/lactoplus-iii-chicken-e-bag-2kg
https://vgg.bites.com.my/collections/fresh,Fresh,LACTO PLUS III CHICKEN PART CUT (+/-500G),RM9.75,,https://vgg.bites.com.my/collections/fresh/products/lacto-plus-iii-chicken-part-cut-500g
https://vgg.bites.com.my/collections/fresh,Fresh,AQINA KAMPUNG CHICKEN (+/- 2KG),RM49.00,,https://vgg.bites.com.my/collections/fresh/products/aqina-kampung-chicken-2kg
https://vgg.bites.com.my/collections/fresh,Fresh,AQINA ORGANIC KAMPUNG CHICKEN (+/-2KG),RM63.00,,https://vgg.bites.com.my/collections/fresh/products/aqina-organic-kampung-chicken-2kg
https://vgg.bites.com.my/collections/fresh,Fresh,AQINA FROZEN PINEAPPLE CHICKEN (+/- 2KG),RM32.40,,https://vgg.bites.com.my/collections/fresh/products/aqina-frozen-pineapple-chicken-2kg
https://vgg.bites.com.my/collections/fresh,Fresh,KS LACTO ORGANIC CHICKEN CHOP 500G,RM20.90,,https://vgg.bites.com.my/collections/fresh/products/ks-lacto-organic-chicken-chop-500g
https://vgg.bites.com.my/collections/fresh,Fresh,CHICKEN BONELESS BREAST (+/-500G),RM10.95,,https://vgg.bites.com.my/collections/fresh/products/chicken-boneless-breast-500g
https://vgg.bites.com.my/collections/fresh,Fresh,MARINATED CHICKEN BREAST (+/-400G),RM11.56,,https://vgg.bites.com.my/collections/fresh/products/marinated-chicken-breast-400g
https://vgg.bites.com.my/collections/fresh,Fresh,CHICKEN BONELESS BREAST SLICE (+/-500G),RM15.45,,https://vgg.bites.com.my/collections/fresh/products/chicken-boneless-breast-slice-500g
https://vgg.bites.com.my/collections/fresh,Fresh,CHICKEN STIR FRY (+/-500G),RM14.95,,https://vgg.bites.com.my/collections/fresh/products/chicken-stir-fry-500g
https://vgg.bites.com.my/collections/fresh,Fresh,WHOLE CHICKEN SUPER (+/-1.7KG),RM19.19,,https://vgg.bites.com.my/collections/fresh/products/whole-chicken-super-17kg
https://vgg.bites.com.my/collections/fresh,Fresh,LACTO PLUS CHICKEN SKINLESS BONELESS BREAST (+/- 500G),RM15.45,,https://vgg.bites.com.my/collections/fresh/products/lacto-plus-chicken-skinless-boneless-breast-500g
https://vgg.bites.com.my/collections/fresh,Fresh,CHICKEN FILLET (+/-450G),RM9.86,,https://vgg.bites.com.my/collections/fresh/products/chicken-fillet-450g
https://vgg.bites.com.my/collections/fresh,Fresh,KS LACTO ORGANIC CHICKEN THIGH 500G,RM19.90,,https://vgg.bites.com.my/collections/fresh/products/ks-lacto-organic-chicken-thigh-500g
https://vgg.bites.com.my/collections/fresh,Fresh,KEE SONG ORGANIC WHOLE CHICKEN (+/-1.2KG),RM28.68,,https://vgg.bites.com.my/collections/fresh/products/kee-song-organic-whole-chicken-1-2kg
https://vgg.bites.com.my/collections/fresh,Fresh,LACTO PLUS CHICKEN CHOP (+/- 500G),RM15.95,,https://vgg.bites.com.my/collections/fresh/products/lacto-plus-chicken-chop-500g
https://vgg.bites.com.my/collections/fresh,Fresh,AUST CHILLED GRAIN FED KNUCKLE STIR FRY STRIPS/CUBE (+/-300G),RM25.77,,https://vgg.bites.com.my/collections/fresh/products/aust-chilled-grain-fed-knuckle-stir-fry-strips-cube-300g
https://vgg.bites.com.my/collections/fresh,Fresh,BUNGA KANTAN PC,RM4.39,,https://vgg.bites.com.my/collections/fresh/products/bunga-kantan-pc
https://vgg.bites.com.my/collections/fresh,Fresh,GG BABY ROMA TOMATO 200G,RM7.05,,https://vgg.bites.com.my/collections/fresh/products/gg-baby-roma-tomato-200g
https://vgg.bites.com.my/collections/fresh,Fresh,GG CURLY CRISP LETTUCE PKT,RM8.70,,https://vgg.bites.com.my/collections/fresh/products/gg-curly-crisp-lettuce-pkt
https://vgg.bites.com.my/collections/fresh,Fresh,GG HONEY CHERRY TOMATO 275G,RM7.30,,https://vgg.bites.com.my/collections/fresh/products/gg-honey-cherry-tomato-275g
https://vgg.bites.com.my/collections/fresh,Fresh,GG ROUND CHERRY TOMATO 275G,RM7.30,,https://vgg.bites.com.my/collections/fresh/products/gg-round-cherry-tomato-275g
https://vgg.bites.com.my/collections/fresh,Fresh,CHINA CELERY (+/-800G),RM4.47,,https://vgg.bites.com.my/collections/fresh/products/china-celery-800g
https://vgg.bites.com.my/collections/fresh,Fresh,GG SUNGOLD CHERRY TOMATO 275G,RM7.30,,https://vgg.bites.com.my/collections/fresh/products/gg-sungold-cherry-tomato-275g
https://vgg.bites.com.my/collections/fresh,Fresh,CHINA LEEK (+/-100G),RM1.00,,https://vgg.bites.com.my/collections/fresh/products/china-leek-100g
https://vgg.bites.com.my/collections/fresh,Fresh,CHINA YUAN XIAO BAI (+/-500G),RM5.00,,https://vgg.bites.com.my/collections/fresh/products/china-yuan-xiao-bai-500g
https://vgg.bites.com.my/collections/fresh,Fresh,GG TOMATO M 6S,RM5.80,,https://vgg.bites.com.my/collections/fresh/products/gg-tomato-m-6s
https://vgg.bites.com.my/collections/fresh,Fresh,CHINESE CELERY (DAUN SUP) +/-180G,RM3.01,,https://vgg.bites.com.my/collections/fresh/products/chinese-celery-daun-sup-180g
https://vgg.bites.com.my/collections/fresh,Fresh,CHINESE LETTUCE (SALAD KING) (+/-250G),RM2.28,,https://vgg.bites.com.my/collections/fresh/products/chinese-lettuce-salad-king-250g
https://vgg.bites.com.my/collections/fresh,Fresh,GREEN CHILLI (CILI HIJAU) +/-150G,RM2.40,,https://vgg.bites.com.my/collections/fresh/products/green-chilli-cili-hijau-150g
https://vgg.bites.com.my/collections/fresh,Fresh,CP WHITE BUTTON MUSHROOM 200G,RM10.00,,https://vgg.bites.com.my/collections/fresh/products/cp-white-button-mushroom-200g
https://vgg.bites.com.my/collections/fresh,Fresh,CUCUMBER (TIMUN) +/- 400G,RM1.46,,https://vgg.bites.com.my/collections/fresh/products/cucumber-timun-400g
https://vgg.bites.com.my/collections/fresh,Fresh,HK SPINACH (POH CHOY) 200G,RM4.35,,https://vgg.bites.com.my/collections/fresh/products/hk-spinach-poh-choy-200g
https://vgg.bites.com.my/collections/fresh,Fresh,DAUN SELASIH +/-100G,RM5.00,,https://vgg.bites.com.my/collections/fresh/products/daun-selasih-100g
https://vgg.bites.com.my/collections/fresh,Fresh,ENGLISH PARSLEY +/-100G,RM2.20,,https://vgg.bites.com.my/collections/fresh/products/english-parsley-100g
https://vgg.bites.com.my/collections/fresh,Fresh,KAILAN (+/-350G),RM2.66,,https://vgg.bites.com.my/collections/fresh/products/kailan-350g
https://vgg.bites.com.my/collections/fresh,Fresh,FAVRIC GREY OYSTER MUSHROOM 200G,RM3.95,,https://vgg.bites.com.my/collections/fresh/products/favric-grey-oyster-mushroom-200g
https://vgg.bites.com.my/collections/fresh,Fresh,ENVY APPLE PC,RM7.00,,https://vgg.bites.com.my/collections/fresh/products/envy-apple-pc
https://vgg.bites.com.my/collections/fresh,Fresh,FRAGARIA LOCAL STRAWBERRY ( S-TRAY),RM6.60,,https://vgg.bites.com.my/collections/fresh/products/fragaria-local-strawberry-s-tray
https://vgg.bites.com.my/collections/fresh,Fresh,PINK LADY APPLE PC,RM3.30,,https://vgg.bites.com.my/collections/fresh/products/pink-lady-apple-pc
https://vgg.bites.com.my/collections/fresh,Fresh,FRENCH BEAN (KACANG BUNCIS) +/-450G,RM6.75,,https://vgg.bites.com.my/collections/fresh/products/french-bean-kacang-buncis-450g
https://vgg.bites.com.my/collections/fresh,Fresh,PS PREMIUM INDIAN SHALLOT 300G,RM3.00,,https://vgg.bites.com.my/collections/fresh/products/ps-premium-indian-shallot-300g
https://vgg.bites.com.my/collections/fresh,Fresh,PS PREMIUM RED BIG ONION 800G,RM5.00,,https://vgg.bites.com.my/collections/fresh/products/ps-premium-red-big-onion-800g
https://vgg.bites.com.my/collections/fresh,Fresh,PS PREMIUM SMALL ROSE ONION 300G,RM3.80,,https://vgg.bites.com.my/collections/fresh/products/ps-premium-small-rose-onion-300g
https://vgg.bites.com.my/collections/fresh,Fresh,PS PREMIUM WHITE GARLIC 500G,RM6.99,,https://vgg.bites.com.my/collections/fresh/products/ps-premium-white-garlic-500g
https://vgg.bites.com.my/collections/fresh,Fresh,MINT LEAF (DAUN PUDINA) +/-100G,RM1.09,,https://vgg.bites.com.my/collections/fresh/products/mint-leaf-daun-pudina-100g
https://vgg.bites.com.my/collections/fresh,Fresh,RED CHILLI (CILI MERAH) +/-150G,RM2.55,,https://vgg.bites.com.my/collections/fresh/products/red-chilli-cili-merah-150g
https://vgg.bites.com.my/collections/fresh,Fresh,MIX GREEN AND RED  APPLE 8S PKT,RM10.40,,https://vgg.bites.com.my/collections/fresh/products/mix-green-and-red-apple-8s-pkt
https://vgg.bites.com.my/collections/fresh,Fresh,TF PORTOBELLO BBQ MUSHROOM 250G,RM13.65,,https://vgg.bites.com.my/collections/fresh/products/tf-portobello-bbq-mushroom-250g
https://vgg.bites.com.my/collections/fresh,Fresh,THAI GREEN CHILI PADI 100G,RM2.90,,https://vgg.bites.com.my/collections/fresh/products/thai-green-chili-padi-100g
https://vgg.bites.com.my/collections/fresh,Fresh,YAU MAK THAM +/-400G,RM3.52,,https://vgg.bites.com.my/collections/fresh/products/yau-mak-tham-400g
https://vgg.bites.com.my/collections/fresh,Fresh,CAMERON BROCCOLINI (+/-300G),RM11.97,,https://vgg.bites.com.my/collections/fresh/products/cameron-broccolini-300g
https://vgg.bites.com.my/collections/fresh,Fresh,THAI RED CHILI PADI 100G,RM3.40,,https://vgg.bites.com.my/collections/fresh/products/thai-red-chili-padi-100g
https://vgg.bites.com.my/collections/fresh,Fresh,LIVE MEDIA BROCCOLI +/-350G,RM9.07,,https://vgg.bites.com.my/collections/fresh/products/live-media-broccoli-350g
https://vgg.bites.com.my/collections/fresh,Fresh,LIVE MEDIA CAULIFLOWER +/-400G,RM8.76,,https://vgg.bites.com.my/collections/fresh/products/live-media-cauliflower-400g
https://vgg.bites.com.my/collections/fresh,Fresh,LIVE MEDIA OLD GINGER +/-400G,RM7.40,,https://vgg.bites.com.my/collections/fresh/products/live-media-old-ginger-400g
https://vgg.bites.com.my/collections/fresh,Fresh,LOCAL ROCK MELON (+/-1KG),RM9.50,,https://vgg.bites.com.my/collections/fresh/products/local-rock-melon-1kg
https://vgg.bites.com.my/collections/fresh,Fresh,LOCAL STRAWBERRY (KOKORO) PKT,RM9.50,,https://vgg.bites.com.my/collections/fresh/products/local-strawberry-kokoro-pkt
https://vgg.bites.com.my/collections/fresh,Fresh,SIEW PAK CHOY +/- 350G,RM2.70,,https://vgg.bites.com.my/collections/fresh/products/siew-pak-choy-350g
https://vgg.bites.com.my/collections/fresh,Fresh,SL ORG ENGLISH CABBAGE +/-550G,RM7.10,,https://vgg.bites.com.my/collections/fresh/products/sl-org-english-cabbage-550g
https://vgg.bites.com.my/collections/fresh,Fresh,SL ORG JAPANESE PUMPKIN +/-600G,RM8.34,,https://vgg.bites.com.my/collections/fresh/products/sl-org-japanese-pumpkin-600g
https://vgg.bites.com.my/collections/fresh,Fresh,SL ORG LADY FINGER 250G,RM5.20,,https://vgg.bites.com.my/collections/fresh/products/sl-org-lady-finger-250g
https://vgg.bites.com.my/collections/fresh,Fresh,SL ORG SHORT LETTUCE 250G,RM6.00,,https://vgg.bites.com.my/collections/fresh/products/sl-org-short-lettuce-250g
https://vgg.bites.com.my/collections/fresh,Fresh,SL ORG SIEW PAK CHOY 250G,RM5.00,,https://vgg.bites.com.my/collections/fresh/products/sl-org-siew-pak-choy-250g
https://vgg.bites.com.my/collections/fresh,Fresh,SL ORG THAI BABY CORN 150G,RM7.50,,https://vgg.bites.com.my/collections/fresh/products/sl-org-thai-baby-corn-150g
https://vgg.bites.com.my/collections/fresh,Fresh,SL ORG TOMATO +/-300G,RM5.97,,https://vgg.bites.com.my/collections/fresh/products/sl-org-tomato-300g
https://vgg.bites.com.my/collections/fresh,Fresh,SL ORG WHITE BEANCURD 4PCS,RM7.90,,https://vgg.bites.com.my/collections/fresh/products/sl-org-white-beancurd-4pcs
https://vgg.bites.com.my/collections/fresh,Fresh,SPRING ONION (DAUN BAWANG) +/-200G,RM2.33,,https://vgg.bites.com.my/collections/fresh/products/spring-onion-daun-bawang-200g
https://vgg.bites.com.my/collections/fresh,Fresh,SUAN MOKKH ORGANIC BEETROOT (+/-400G),RM9.20,,https://vgg.bites.com.my/collections/fresh/products/suan-mokkh-organic-beetroot-400g
https://vgg.bites.com.my/collections/fresh,Fresh,SUAN MOKKH ORGANIC CUCUMBER (+/-500G),RM6.50,,https://vgg.bites.com.my/collections/fresh/products/suan-mokkh-organic-cucumber-500g
https://vgg.bites.com.my/collections/fresh,Fresh,SUAN MOKKH ORGANIC PANDAN LEAF 50G,RM4.00,,https://vgg.bites.com.my/collections/fresh/products/suan-mokkh-organic-pandan-leaf-50g
https://vgg.bites.com.my/collections/fresh,Fresh,TAI PAK CHOY +/-350G,RM2.38,,https://vgg.bites.com.my/collections/fresh/products/tai-pak-choy-350g
https://vgg.bites.com.my/collections/fresh,Fresh,SA MACAO EGG 10S B,RM10.60,,https://vgg.bites.com.my/collections/fresh/products/sa-macao-egg-10s-b
https://vgg.bites.com.my/collections/fresh,Fresh,CSF QUAIL EGG 15S,RM10.80,,https://vgg.bites.com.my/collections/fresh/products/csf-quail-egg-15s
https://vgg.bites.com.my/collections/fresh,Fresh,NATURAL DELIGHTS MINI MEDJOOL DATES COCONUT 227G,RM21.90,,https://vgg.bites.com.my/collections/fresh/products/natural-delights-mini-medjool-dates-coconut-227g
https://vgg.bites.com.my/collections/fresh,Fresh,GG ASSORTED CHERRIES TOMATO 275G,RM8.00,,https://vgg.bites.com.my/collections/fresh/products/gg-assorted-cherries-tomato-275g
https://vgg.bites.com.my/collections/fresh,Fresh,NZ PINK LADY APLLE 6PCS 120S,RM12.99,RM15.50,https://vgg.bites.com.my/collections/fresh/products/nz-pink-lady-aplle-6pcs-120s
https://vgg.bites.com.my/collections/fresh,Fresh,RED DRAGON FRUIT (+/-1KG),RM10.80,,https://vgg.bites.com.my/collections/fresh/products/red-dragon-fruit-1kg
https://vgg.bites.com.my/collections/fresh,Fresh,GREEN SPINACH (BAYAM HIJAU) 300G/PKT,RM4.40,,https://vgg.bites.com.my/collections/fresh/products/green-spinach-bayam-hijau-300gpkt
https://vgg.bites.com.my/collections/fresh,Fresh,KANGKUNG 300G/PKT,RM4.50,,https://vgg.bites.com.my/collections/fresh/products/kangkung-300g-pkt
https://vgg.bites.com.my/collections/fresh,Fresh,AUST FROZEN KNUCKLE WEIGHT WATCHER (+/- 500G),RM34.95,,https://vgg.bites.com.my/collections/fresh/products/aust-frozen-knuckle-weight-watcher-500g
https://vgg.bites.com.my/collections/fresh,Fresh,ABF CHICKEN MINCED (+/- 400G),RM11.16,,https://vgg.bites.com.my/collections/fresh/products/abf-chicken-minced-400g
https://vgg.bites.com.my/collections/fresh,Fresh,NZ BONELESS LAMB LEG STEAK 190G R,RM24.90,,https://vgg.bites.com.my/collections/fresh/products/nz-boneless-lamb-leg-steak-190g-r
https://vgg.bites.com.my/collections/fresh,Fresh,NZ BONELESS LAMB LEG SLICE 190G R,RM24.90,,https://vgg.bites.com.my/collections/fresh/products/nz-boneless-lamb-leg-slice-190g-r
https://vgg.bites.com.my/collections/fresh,Fresh,NZ BONELESS LAMB LEG CUBE 190G R,RM24.90,,https://vgg.bites.com.my/collections/fresh/products/nz-boneless-lamb-leg-cube-190g-r
https://vgg.bites.com.my/collections/fresh,Fresh,NZ BONELESS LAMB LEG STIR FRY 190G R,RM24.90,,https://vgg.bites.com.my/collections/fresh/products/nz-boneless-lamb-leg-stir-fry-190g-r
https://vgg.bites.com.my/collections/fresh,Fresh,AUST FRZ WAGYU TOPSIDE MB 8/9 CUBE - 300G,RM133.90,,https://vgg.bites.com.my/collections/fresh/products/aust-frz-wagyu-topside-mb-89-cube-300g
https://vgg.bites.com.my/collections/fresh,Fresh,AUST WAGYU FROZEN TOPSIDE MB 8/9 - 1KG,RM116.90,,https://vgg.bites.com.my/collections/fresh/products/aust-wagyu-frozen-topside-mb-89-1kg
https://vgg.bites.com.my/collections/fresh,Fresh,DL SPINACH RED 300G,RM4.49,,https://vgg.bites.com.my/collections/fresh/products/dl-spinach-red-300g
https://vgg.bites.com.my/collections/fresh,Fresh,ORIHIRO PURUN TO KONNYAKU GRAPE JELLY 120G,RM7.85,,https://vgg.bites.com.my/collections/fresh/products/orihiro-purun-to-konnyaku-grape-jelly-120g
https://vgg.bites.com.my/collections/fresh,Fresh,ORIHIRO KONNYAKU JELLY SHIN POUCH MUSCAT 120G,RM7.85,,https://vgg.bites.com.my/collections/fresh/products/orihiro-konnyaku-jelly-shin-pouch-muscat-120g
https://vgg.bites.com.my/collections/fresh,Fresh,ORIHIRO KONJAK JELLY UNSHU MIKAN 120G,RM7.85,,https://vgg.bites.com.my/collections/fresh/products/orihiro-konjak-jelly-unshu-mikan-120g
https://vgg.bites.com.my/collections/fresh,Fresh,CHINA SHINE MUSCAT GRAPE 500G,RM9.90,,https://vgg.bites.com.my/collections/fresh/products/china-shine-muscat-grape-500g
https://vgg.bites.com.my/collections/fresh,Fresh,AUST FROZEN STRIPLOIN SUKIYAKI (+/- 400G),RM46.36,,https://vgg.bites.com.my/collections/fresh/products/aust-frozen-striploin-sukiyaki-400g
https://vgg.bites.com.my/collections/fresh,Fresh,JAPAN YAMAGATA GOLDEN MOMO 2PCS,RM63.90,,https://vgg.bites.com.my/collections/fresh/products/japan-yamagata-golden-momo-2pcs
https://vgg.bites.com.my/collections/fresh,Fresh,DRISCOLL RASPBERRY 125G,RM14.90,,https://vgg.bites.com.my/collections/fresh/products/driscoll-raspberry-125g
https://vgg.bites.com.my/collections/fresh,Fresh,SOUTH AFRICA MANDARIN 800G,RM12.50,,https://vgg.bites.com.my/collections/fresh/products/south-africa-mandarin-800g
https://vgg.bites.com.my/collections/fresh,Fresh,SAWI KERINTING 400G,RM3.70,,https://vgg.bites.com.my/collections/fresh/products/sawi-kerinting-400g
https://vgg.bites.com.my/collections/fresh,Fresh,SA NAVEL ORANGE 6PCS 72S,RM17.90,,https://vgg.bites.com.my/collections/fresh/products/sa-navel-orange-6pcs-72s
https://vgg.bites.com.my/collections/fresh,Fresh,NZ FROZEN LAMB RACK CUTLET (+/- 500G),RM74.00,RM80.45,https://vgg.bites.com.my/collections/fresh/products/nz-frozen-lamb-rack-cutlet-500g
https://vgg.bites.com.my/collections/fresh,Fresh,AQINA KAMPUNG CHICKEN (+/-2KG),RM49.00,,https://vgg.bites.com.my/collections/fresh/products/aqina-kampung-chicken-2kg-1
https://vgg.bites.com.my/collections/fresh,Fresh,FROZEN BAMBOO CLAM (+/- 1KG),RM15.00,,https://vgg.bites.com.my/collections/fresh/products/frozen-bamboo-clam-1kg
https://vgg.bites.com.my/collections/fresh,Fresh,FROZEN SUTCHI FILLET (+/- 800G),RM17.90,,https://vgg.bites.com.my/collections/fresh/products/frozen-sutchi-fillet-800g
https://vgg.bites.com.my/collections/fresh,Fresh,CHINA BABY KING OYSTER MUSHROOM 250G,RM4.50,,https://vgg.bites.com.my/collections/fresh/products/china-baby-king-oyster-mushroom-250g
https://vgg.bites.com.my/collections/fresh,Fresh,CHINA PERSIMMON 4PCS (L),RM10.90,,https://vgg.bites.com.my/collections/fresh/products/china-persimmon-4pcs-l
https://vgg.bites.com.my/collections/fresh,Fresh,CHINA DRISCOLL BLACKBERRY 125G,RM14.90,,https://vgg.bites.com.my/collections/fresh/products/china-driscoll-blackberry-125g
https://vgg.bites.com.my/collections/fresh,Fresh,DRISCOLL ORGANIC RASPBERRY 170G,RM39.90,,https://vgg.bites.com.my/collections/fresh/products/driscoll-organic-raspberry-170g
https://vgg.bites.com.my/collections/fresh,Fresh,DRISCOLL ORGANIC BLACKBERRY 170G,RM39.90,,https://vgg.bites.com.my/collections/fresh/products/driscoll-organic-blackberry-170g
https://vgg.bites.com.my/collections/fresh,Fresh,MORRIS PINEAPPLE (+/- 1KG),RM5.30,,https://vgg.bites.com.my/collections/fresh/products/morris-pineapple-1kg
https://vgg.bites.com.my/collections/fresh,Fresh,PISANG RASTALI (+/- 1KG),RM9.00,,https://vgg.bites.com.my/collections/fresh/products/pisang-rastali-1kg
https://vgg.bites.com.my/collections/fresh,Fresh,GREEN PAPAYA (+/-500G),RM3.25,,https://vgg.bites.com.my/collections/fresh/products/green-papaya-500g
https://vgg.bites.com.my/collections/fresh,Fresh,THAI EV MANGO (+/-1KG),RM21.70,,https://vgg.bites.com.my/collections/fresh/products/thai-ev-mango-1kg
https://vgg.bites.com.my/collections/fresh,Fresh,FRESH TAMARIND  (ASAM JAWA) +/-500G,RM15.20,,https://vgg.bites.com.my/collections/fresh/products/fresh-tamarind-asam-jawa-500g
https://vgg.bites.com.my/collections/fresh,Fresh,CHINA NINA QUEEN GRAPE 500G,RM33.20,,https://vgg.bites.com.my/collections/fresh/products/china-nina-queen-grape-500g
https://vgg.bites.com.my/collections/fresh,Fresh,NZ ORGANIC FUJI APPLE 110S 4PCS,RM17.70,,https://vgg.bites.com.my/collections/fresh/products/nz-organic-fuji-apple-110s-4pcs
https://vgg.bites.com.my/collections/fresh,Fresh,THAI LONGAN (+/-1KG),RM22.50,,https://vgg.bites.com.my/collections/fresh/products/thai-longan-1kg
https://vgg.bites.com.my/collections/fresh,Fresh,AUSTRALIA STRAWBERRY 250G,RM20.40,,https://vgg.bites.com.my/collections/fresh/products/australia-strawberry-250g
https://vgg.bites.com.my/collections/fresh,Fresh,NZ QUEEN APPLE 90S PC,RM3.50,,https://vgg.bites.com.my/collections/fresh/products/nz-queen-apple-90s-pc
https://vgg.bites.com.my/collections/fresh,Fresh,CHINA FRAGRANT PEAR (+/-1KG),RM15.60,,https://vgg.bites.com.my/collections/fresh/products/china-fragrant-pear-1kg
https://vgg.bites.com.my/collections/fresh,Fresh,BATCHELORS MUSHY PEAS 300G,RM7.60,,https://vgg.bites.com.my/collections/fresh/products/batchelors-mushy-peas-300g
https://vgg.bites.com.my/collections/fresh,Fresh,MARUSANAI SOYMILK COFFEE&MALT CALORIE 50% LESS 1L,RM15.90,,https://vgg.bites.com.my/collections/fresh/products/marusanai-soymilk-coffee-malt-calorie-50-less-1l
https://vgg.bites.com.my/collections/fresh,Fresh,MARUSAN SOY MILK CALRIE OFF 1L,RM15.90,,https://vgg.bites.com.my/collections/fresh/products/marusan-soy-milk-calrie-off-1l
https://vgg.bites.com.my/collections/fresh,Fresh,CHINA RED POMELO PC,RM10.50,,https://vgg.bites.com.my/collections/fresh/products/china-red-pomelo-pc
https://vgg.bites.com.my/collections/fresh,Fresh,HK CHOY SUM 200G,RM3.10,,https://vgg.bites.com.my/collections/fresh/products/hk-choy-sum-200g
https://vgg.bites.com.my/collections/fresh,Fresh,HK KAILAN 200G,RM3.10,,https://vgg.bites.com.my/collections/fresh/products/hk-kailan-200g
https://vgg.bites.com.my/collections/fresh,Fresh,AUST AVOCADO 3PCS(PKT),RM26.80,,https://vgg.bites.com.my/collections/fresh/products/aust-avocado-3pcspkt
https://vgg.bites.com.my/collections/fresh,Fresh,VALENCIA ORANGE PC,RM2.00,,https://vgg.bites.com.my/collections/fresh/products/valencia-orange-pc
https://vgg.bites.com.my/collections/fresh,Fresh,NON PESTICIDE LONGAN (+/-1KG),RM23.90,,https://vgg.bites.com.my/collections/fresh/products/non-pesticide-longan-1kg
https://vgg.bites.com.my/collections/fresh,Fresh,CHINA BABY CABBAGE (WAWA CABBAGE) 3PCS,RM5.80,,https://vgg.bites.com.my/collections/fresh/products/china-baby-cabbage-wawa-cabbage-3pcs
https://vgg.bites.com.my/collections/fresh,Fresh,HK YAU MAK (LEAF LETTUCE) 300G,RM5.65,,https://vgg.bites.com.my/collections/fresh/products/hk-yau-mak-leaf-lettuce-300g
https://vgg.bites.com.my/collections/fresh,Fresh,SPRING CELEBRATION L 15S,RM14.90,,https://vgg.bites.com.my/collections/fresh/products/spring-celebration-l-15s
https://vgg.bites.com.my/collections/fresh,Fresh,CHINA FUJI APPLE PC,RM3.70,,https://vgg.bites.com.my/collections/fresh/products/china-fuji-apple-pc-1
https://vgg.bites.com.my/collections/fresh,Fresh,NZ CHILLED FRENCH TRIMMED LAMB CUTLETS (+/- 500G),RM109.95,,https://vgg.bites.com.my/collections/fresh/products/nz-chilled-french-trimmed-lamb-cutlets-500g
https://vgg.bites.com.my/collections/fresh,Fresh,AUST FRZ STRIPLOIN SUKIYAKI (+/-400G),RM46.36,,https://vgg.bites.com.my/collections/fresh/products/aust-frz-striploin-sukiyaki-400g
https://vgg.bites.com.my/collections/fresh,Fresh,NZ FROZEN LAMB SHABU-SHABU (+/- 400G),RM48.36,,https://vgg.bites.com.my/collections/fresh/products/nz-frozen-lamb-shabu-shabu-400g
https://vgg.bites.com.my/collections/fresh,Fresh,AQINA PINEAPPLE CHICKEN FROZEN THAWED (+/- 2KG),RM32.40,,https://vgg.bites.com.my/collections/fresh/products/aqina-pineapple-chicken-frozen-thawed-2kg
https://vgg.bites.com.my/collections/fresh,Fresh,RUI SHI CHENG XIANG LOKAM XL 12S,RM34.90,,https://vgg.bites.com.my/collections/fresh/products/rui-shi-cheng-xiang-lokam-xl-12s
https://vgg.bites.com.my/collections/fresh,Fresh,FROZEN COD FISH BLOCK (+/- 400G),RM119.96,,https://vgg.bites.com.my/collections/fresh/products/frozen-cod-fish-block-400g
https://vgg.bites.com.my/collections/fresh,Fresh,CHINA KING MANDARIN 1.8KG,RM12.90,,https://vgg.bites.com.my/collections/fresh/products/china-king-mandarin-18kg
https://vgg.bites.com.my/collections/fresh,Fresh,CHINA PAPA MANDARIN L 10S,RM14.90,,https://vgg.bites.com.my/collections/fresh/products/china-papa-mandarin-l-10s
https://vgg.bites.com.my/collections/fresh,Fresh,JUMBO BLUEBERRY (TUBE) 200G,RM22.50,,https://vgg.bites.com.my/collections/fresh/products/jumbo-blueberry-tube-200g
https://vgg.bites.com.my/collections/fresh,Fresh,BAWANG GORENG SUCI CAP CILI 100G,RM3.50,,https://vgg.bites.com.my/collections/fresh/products/bawang-goreng-suci-cap-cili-100g
https://vgg.bites.com.my/collections/fresh,Fresh,KELAPA TUA PC,RM3.50,,https://vgg.bites.com.my/collections/fresh/products/kelapa-tua-pc
https://vgg.bites.com.my/collections/fresh,Fresh,LOCAL S'BERRY (SHIAWASE)PKT,RM9.50,,https://vgg.bites.com.my/collections/fresh/products/local-s-berry-shiawase-pkt
https://vgg.bites.com.my/collections/fresh,Fresh,SUN MELON (+/-2KG),RM20.40,,https://vgg.bites.com.my/collections/fresh/products/sun-melon-2kg
https://vgg.bites.com.my/collections/fresh,Fresh,SNAKE GOURD (PETOLA ULAR) (+/- 500G),RM2.30,,https://vgg.bites.com.my/collections/fresh/products/snake-gourd-petola-ular-500g
https://vgg.bites.com.my/collections/fresh,Fresh,CHINA ARROW ROOT (+/- 500G),RM5.00,,https://vgg.bites.com.my/collections/fresh/products/china-arrow-root-500g
https://vgg.bites.com.my/collections/fresh,Fresh,GG PREMIUM TOMATO XL 4S,RM6.10,,https://vgg.bites.com.my/collections/fresh/products/gg-premium-tomato-xl-4s
https://vgg.bites.com.my/collections/fresh,Fresh,SA GRANNY SMITH APPLE 6PCS,RM14.60,,https://vgg.bites.com.my/collections/fresh/products/sa-granny-smith-apple-6pcs-1
https://vgg.bites.com.my/collections/fresh,Fresh,CHINA DRISCOLL STRAWBERRY 330G,RM39.90,,https://vgg.bites.com.my/collections/fresh/products/china-driscoll-strawberry-330g
https://vgg.bites.com.my/collections/fresh,Fresh,SA FORELLE PEAR PC,RM3.40,,https://vgg.bites.com.my/collections/fresh/products/sa-forelle-pear-pc
https://vgg.bites.com.my/collections/fresh,Fresh,SPAIN DONUT PEACH 500G,RM25.20,,https://vgg.bites.com.my/collections/fresh/products/spain-donut-peach-500g
https://vgg.bites.com.my/collections/fresh,Fresh,NZ ORGANIC ROYAL GALA APPLE 4PCS 100S,RM17.70,,https://vgg.bites.com.my/collections/fresh/products/nz-organic-royal-gala-apple-4pcs-100s
https://vgg.bites.com.my/collections/fresh,Fresh,SF PRIME CUT PORK BBQ RIBS (+/- 600G),RM47.34,,https://vgg.bites.com.my/collections/fresh/products/sf-prime-cut-pork-bbq-ribs-600g
https://vgg.bites.com.my/collections/fresh,Fresh,JANTUNG PISANG PC,RM6.99,,https://vgg.bites.com.my/collections/fresh/products/jantung-pisang-pc-1
https://vgg.bites.com.my/collections/fresh,Fresh,DAUN PEGAGA 150G,RM6.55,,https://vgg.bites.com.my/collections/fresh/products/daun-pegaga-150g
https://vgg.bites.com.my/collections/fresh,Fresh,SOUTH AFRICA CARA CARA ORANGE 6PCS,RM12.30,,https://vgg.bites.com.my/collections/fresh/products/south-africa-cara-cara-orange-6pcs
https://vgg.bites.com.my/collections/fresh,Fresh,KOREA KYOHO GRAPE 450G,RM47.70,,https://vgg.bites.com.my/collections/fresh/products/korea-kyoho-grape-450g
https://vgg.bites.com.my/collections/fresh,Fresh,SA VALENCIA ORANGE 6PCS,RM14.80,,https://vgg.bites.com.my/collections/fresh/products/sa-valencia-orange-6pcs
https://vgg.bites.com.my/collections/fresh,Fresh,EGYPT RED SEEDLESS GRAPE 500G,RM15.90,,https://vgg.bites.com.my/collections/fresh/products/egypt-red-seedless-grape-500g
https://vgg.bites.com.my/collections/fresh,Fresh,KOREA MIXED COLOUR PEACH 2PCS,RM35.90,,https://vgg.bites.com.my/collections/fresh/products/korea-mixed-colour-peach-2pcs
https://vgg.bites.com.my/collections/fresh,Fresh,SPAIN RED PLUM 500G,RM21.70,,https://vgg.bites.com.my/collections/fresh/products/spain-red-plum-500g
https://vgg.bites.com.my/collections/fresh,Fresh,CHINA BLACK GOLD MANGO (+/- 1KG),RM17.50,,https://vgg.bites.com.my/collections/fresh/products/china-black-gold-mango-1kg
https://vgg.bites.com.my/collections/fresh,Fresh,FRAGARIA LOCAL STRAWBERRY B-TRAY,RM19.20,,https://vgg.bites.com.my/collections/fresh/products/fragaria-local-strawberry-b-tray
https://vgg.bites.com.my/collections/fresh,Fresh,NZ QUEEN APPLE 6PCS,RM16.30,,https://vgg.bites.com.my/collections/fresh/products/nz-queen-apple-6pcs
https://vgg.bites.com.my/collections/fresh,Fresh,CHINA FUJI APPLE 6PCS,RM12.80,,https://vgg.bites.com.my/collections/fresh/products/china-fuji-apple-6pcs
https://vgg.bites.com.my/collections/fresh,Fresh,JELLY COCONUT PC,RM7.50,,https://vgg.bites.com.my/collections/fresh/products/jelly-coconut-pc
https://vgg.bites.com.my/collections/fresh,Fresh,AUST SUNKIST NAVEL ORANGE 6PCS 113S,RM13.90,,https://vgg.bites.com.my/collections/fresh/products/aust-sunkist-navel-orange-6pcs-113s
https://vgg.bites.com.my/collections/fresh,Fresh,NZ ZESPRI SUNGOLD KIWIFRUIT 8PCS LARGE,RM46.80,,https://vgg.bites.com.my/collections/fresh/products/nz-zespri-sungold-kiwifruit-8pcs-large
https://vgg.bites.com.my/collections/fresh,Fresh,PISANG BERANGAN (+/- 1KG),RM8.50,,https://vgg.bites.com.my/collections/fresh/products/pisang-berangan-1kg
https://vgg.bites.com.my/collections/fresh,Fresh,THAI R2E2 MANGO (+/-1KG),RM13.90,,https://vgg.bites.com.my/collections/fresh/products/thai-r2e2-mango-1kg
https://vgg.bites.com.my/collections/fresh,Fresh,US/MEXICO BLACKBERRY 170G,RM28.00,,https://vgg.bites.com.my/collections/fresh/products/us-mexico-blackberry-170g
https://vgg.bites.com.my/collections/fresh,Fresh,US RED SEEDLESS GRAPE 500G,RM13.50,,https://vgg.bites.com.my/collections/fresh/products/us-red-seedless-grape-500g
https://vgg.bites.com.my/collections/fresh,Fresh,BOTAK COCO PC,RM6.40,,https://vgg.bites.com.my/collections/fresh/products/botak-coco-pc
https://vgg.bites.com.my/collections/fresh,Fresh,EGYPT BLACK SEEDLESS GRAPE 500G,RM15.90,,https://vgg.bites.com.my/collections/fresh/products/egypt-black-seedless-grape-500g
https://vgg.bites.com.my/collections/fresh,Fresh,NZ BONELESS LAMB LEG CUBE/STIRFRY (+/-300G),RM39.87,,https://vgg.bites.com.my/collections/fresh/products/nz-boneless-lamb-leg-cube-stirfry-300g
https://vgg.bites.com.my/collections/fresh,Fresh,NZ LUMINA FROZEN LAMB SHOULDER SLICE (+/- 600G),RM38.34,,https://vgg.bites.com.my/collections/fresh/products/nz-lumina-frozen-lamb-shoulder-slice-600g
https://vgg.bites.com.my/collections/fresh,Fresh,BENI HARUKA SWEET POTATO 500G,RM18.90,,https://vgg.bites.com.my/collections/fresh/products/beni-haruka-sweet-potato-500g
https://vgg.bites.com.my/collections/fresh,Fresh,AUST SNACKABLE BABY CARROT 250G,RM10.99,,https://vgg.bites.com.my/collections/fresh/products/aust-snackable-baby-carrot-250g
https://vgg.bites.com.my/collections/fresh,Fresh,VICTORIA SEA ASPARAGUS IN BRINE 425G,RM44.80,,https://vgg.bites.com.my/collections/fresh/products/victoria-sea-asparagus-in-brine-425g
https://vgg.bites.com.my/collections/fresh,Fresh,TARAMI OISHII KONNYAKU MUSCAT 150G,RM6.20,,https://vgg.bites.com.my/collections/fresh/products/tarami-oishii-konnyaku-muscat-150g
https://vgg.bites.com.my/collections/fresh,Fresh,CHINA LOKAM XL 18S (NON PESTICIDE),RM20.90,,https://vgg.bites.com.my/collections/fresh/products/china-lokam-xl-18s-non-pesticide
https://vgg.bites.com.my/collections/fresh,Fresh,CHINA FRESH BLACK FUNGUS 200G,RM3.75,,https://vgg.bites.com.my/collections/fresh/products/china-fresh-black-fungus-200g
https://vgg.bites.com.my/collections/fresh,Fresh,WAITROSE ESSENTIAL FROZEN STRAWBERRIES 400G,RM18.15,,https://vgg.bites.com.my/collections/fresh/products/waitrose-essential-frozen-strawberries-400g
https://vgg.bites.com.my/collections/fresh,Fresh,FROZEN HOSO LIVE COOKED TIGER PRAWN 21/25 700G,RM79.90,,https://vgg.bites.com.my/collections/fresh/products/frozen-hoso-live-cooked-tiger-prawn-2125-700g
https://vgg.bites.com.my/collections/fresh,Fresh,TARAMI DOSSARI MIXED JELLY 230G,RM6.90,,https://vgg.bites.com.my/collections/fresh/products/tarami-dossari-mixed-jelly-230g
https://vgg.bites.com.my/collections/fresh,Fresh,TARAMI DOSSARI WHITE PEACH JELLY 230G,RM6.90,,https://vgg.bites.com.my/collections/fresh/products/tarami-dossari-white-peach-jelly-230g
https://vgg.bites.com.my/collections/fresh,Fresh,TARAMI DOSSARI APPLE JELLY 230G,RM6.90,,https://vgg.bites.com.my/collections/fresh/products/tarami-dossari-apple-jelly-230g
https://vgg.bites.com.my/collections/fresh,Fresh,HOKKAIDO BABY SCALLOP 41-50/LB 500GM,RM30.90,,https://vgg.bites.com.my/collections/fresh/products/hokkaido-baby-scallop-41-50-lb-500gm
https://vgg.bites.com.my/collections/fresh,Fresh,FROZEN SHABU SHABU SNAKEHEAD FISH 200G,RM8.99,RM10.90,https://vgg.bites.com.my/collections/fresh/products/frozen-shabu-shabu-snakehead-fish-200g
https://vgg.bites.com.my/collections/fresh,Fresh,CHICKEN MINCED (+/-400G),RM13.16,,https://vgg.bites.com.my/collections/fresh/products/chicken-minced-400g
https://vgg.bites.com.my/collections/fresh,Fresh,WAITROSE ESS BLUEBERRIES 400G,RM29.30,,https://vgg.bites.com.my/collections/fresh/products/waitrose-ess-blueberries-400g
https://vgg.bites.com.my/collections/fresh,Fresh,[BH] (2PCS @RM7.90) CHINA POMEGRANATE,RM7.90,,https://vgg.bites.com.my/collections/fresh/products/bh-2pcs-rm790-china-pomegranate
https://vgg.bites.com.my/collections/fridge,Fridge,FARM FRESH MILK 2L,RM16.75,,https://vgg.bites.com.my/collections/fridge/products/farm-fresh-milk-2l
https://vgg.bites.com.my/collections/fridge,Fridge,EMBORG 3 CHEESE BAKE 200GM,RM17.90,,https://vgg.bites.com.my/collections/fridge/products/emborg-3-cheese-bake-200gm
https://vgg.bites.com.my/collections/fridge,Fridge,PACIFIC WEST LEMON DILL FISH FILLET 240GM,RM14.99,RM17.25,https://vgg.bites.com.my/collections/fridge/products/pacific-west-lemon-dill-fish-fillet-240gm
https://vgg.bites.com.my/collections/fridge,Fridge,FARMHOUSE FRESH MILK 2X1L,RM21.99,RM24.35,https://vgg.bites.com.my/collections/fridge/products/farmhouse-fresh-milk-2x1l
https://vgg.bites.com.my/collections/fridge,Fridge,FARM FRESH CHOCOLATE MILK 1L,RM9.15,,https://vgg.bites.com.my/collections/fridge/products/farm-fresh-chocolate-milk-1l
https://vgg.bites.com.my/collections/fridge,Fridge,ANCHOR SALTED BUTTER 227G,RM16.15,,https://vgg.bites.com.my/collections/fridge/products/anchor-salted-butter-227g
https://vgg.bites.com.my/collections/fridge,Fridge,SUNGLO SOUR CREAM 210G,RM7.70,,https://vgg.bites.com.my/collections/fridge/products/sunglo-sour-cream-210g
https://vgg.bites.com.my/collections/fridge,Fridge,EMBORG FRENCH FRIES-SHOESTRING 1KG,RM15.50,,https://vgg.bites.com.my/collections/fridge/products/emborg-french-fries-shoestring-1kg
https://vgg.bites.com.my/collections/fridge,Fridge,CF TAUFU LEMBUT-PKT 300G,RM1.90,,https://vgg.bites.com.my/collections/fridge/products/cf-taufu-lembut-pkt-300g
https://vgg.bites.com.my/collections/fridge,Fridge,KAWAN SWEET CORN 500G,RM6.55,,https://vgg.bites.com.my/collections/fridge/products/kawan-sweet-corn-500g
https://vgg.bites.com.my/collections/fridge,Fridge,VITAGEN ORANGE 5X125ML,RM5.60,,https://vgg.bites.com.my/collections/fridge/products/vitagen-orange-5x125ml
https://vgg.bites.com.my/collections/fridge,Fridge,DAIRY FARMERS T&C MANGO PASSION FRUIT 150GM,RM10.80,,https://vgg.bites.com.my/collections/fridge/products/dairy-farmers-t-c-mango-passion-fruit-150gm
https://vgg.bites.com.my/collections/fridge,Fridge,ARLA CHEDDAR CHUNK 200G,RM21.80,,https://vgg.bites.com.my/collections/fridge/products/arla-cheddar-chunk-200g
https://vgg.bites.com.my/collections/fridge,Fridge,EMBORG UHT COOKING CREAM VP 3*200ML,RM26.50,,https://vgg.bites.com.my/collections/fridge/products/emborg-uht-cooking-cream-vp-3-200ml
https://vgg.bites.com.my/collections/fridge,Fridge,EMBORG SPREADABLE BUTTER SALTED 225G,RM18.70,,https://vgg.bites.com.my/collections/fridge/products/emborg-spreadable-butter-salted-225g
https://vgg.bites.com.my/collections/fridge,Fridge,ARLA MOZZARELLA CHEESE SHREDDED 175G,RM14.55,RM15.40,https://vgg.bites.com.my/collections/fridge/products/arla-mozzarella-cheese-shredded-175g
https://vgg.bites.com.my/collections/fridge,Fridge,EMBORG U'GO RASPBERRY 100G,RM3.15,,https://vgg.bites.com.my/collections/fridge/products/emborg-u-go-raspberry-100g
https://vgg.bites.com.my/collections/fridge,Fridge,NUTRIPLUS TELUR KAMPUNG WITH OMEGA 3 10'S,RM8.70,,https://vgg.bites.com.my/collections/fridge/products/nutriplus-telur-kampung-with-omega-3-10-s
https://vgg.bites.com.my/collections/fridge,Fridge,EMBORG PSC CHEDDAR AMERICA 200GM,RM14.15,,https://vgg.bites.com.my/collections/fridge/products/emborg-psc-cheddar-america-200gm
https://vgg.bites.com.my/collections/fridge,Fridge,LACTEL FAT FREE YOGURT STRAWBERRY 130G,RM2.90,,https://vgg.bites.com.my/collections/fridge/products/lactel-fat-free-yogurt-strawberry-130g
https://vgg.bites.com.my/collections/fridge,Fridge,GLOBAL GARLIC BUTTER 180G,RM9.25,,https://vgg.bites.com.my/collections/fridge/products/global-garlic-butter-180g
https://vgg.bites.com.my/collections/fridge,Fridge,YAKULT ACE DOUBLE PACK,RM11.10,,https://vgg.bites.com.my/collections/fridge/products/yakult-ace-double-pack
https://vgg.bites.com.my/collections/fridge,Fridge,EMBORG UHT WHIPPING CREAM 3X200ML,RM26.50,,https://vgg.bites.com.my/collections/fridge/products/emborg-uht-whipping-cream-3x200ml
https://vgg.bites.com.my/collections/fridge,Fridge,LS PREMIUM SMOOTH TOFU 300G,RM1.70,,https://vgg.bites.com.my/collections/fridge/products/ls-premium-smooth-tofu-300g
https://vgg.bites.com.my/collections/fridge,Fridge,FARM FRESH MILK 1L,RM7.89,RM8.40,https://vgg.bites.com.my/collections/fridge/products/farm-fresh-milk-1l
https://vgg.bites.com.my/collections/fridge,Fridge,HAAGEN-DAZS MACADAMIA NUT 100ML,RM9.10,,https://vgg.bites.com.my/collections/fridge/products/haagen-dazs-macadamia-nut-100ml
https://vgg.bites.com.my/collections/fridge,Fridge,SANITARIUM SO GOOD REGULAR SOY MILK 1L,RM9.89,RM10.80,https://vgg.bites.com.my/collections/fridge/products/sanitarium-so-good-regular-soy-milk-1l
https://vgg.bites.com.my/collections/fridge,Fridge,FARM FRESH SKINNY LOW FAT 1L,RM7.89,RM8.40,https://vgg.bites.com.my/collections/fridge/products/farm-fresh-skinny-low-fat-1l
https://vgg.bites.com.my/collections/fridge,Fridge,SAFEGG PASTEURIZED SHELL EGGS 10'S,RM14.50,,https://vgg.bites.com.my/collections/fridge/products/safegg-pasteurized-shell-eggs-10-s
https://vgg.bites.com.my/collections/fridge,Fridge,ILE DE FRANCE CAMEMBERT 125G,RM21.10,,https://vgg.bites.com.my/collections/fridge/products/ile-de-france-camembert-125g
https://vgg.bites.com.my/collections/fridge,Fridge,UNIIQ KOMBUCHA ROSE 315ML,RM13.90,,https://vgg.bites.com.my/collections/fridge/products/uniiq-kombucha-rose-315ml
https://vgg.bites.com.my/collections/fridge,Fridge,UNIIQ KOMBUCHA PASSION FRUIT 315ML,RM13.90,,https://vgg.bites.com.my/collections/fridge/products/uniiq-kombucha-passion-fruit-315ml
https://vgg.bites.com.my/collections/fridge,Fridge,UNIIQ KOMBUCHA CALAMANSI 315ML,RM13.90,,https://vgg.bites.com.my/collections/fridge/products/uniiq-kombucha-calamansi-315ml
https://vgg.bites.com.my/collections/fridge,Fridge,UNIIQ KOMBUCHA CLASSIC 315ML,RM13.90,,https://vgg.bites.com.my/collections/fridge/products/uniiq-kombucha-classic-315ml
https://vgg.bites.com.my/collections/fridge,Fridge,TATURA SALTED BUTTER 250G,RM18.25,,https://vgg.bites.com.my/collections/fridge/products/tatura-salted-butter-250g
https://vgg.bites.com.my/collections/fridge,Fridge,PRESIDENT LIGHT SLICE CHEESE 200GM,RM15.30,,https://vgg.bites.com.my/collections/fridge/products/president-light-slice-cheese-200gm
https://vgg.bites.com.my/collections/fridge,Fridge,PRESIDENT CHEDDAR CHEESE SLICED 200GM,RM15.30,,https://vgg.bites.com.my/collections/fridge/products/president-cheddar-cheese-sliced-200gm
https://vgg.bites.com.my/collections/fridge,Fridge,LACTEL FAT FREE YOGURT STRAWBERRY 470G,RM8.75,,https://vgg.bites.com.my/collections/fridge/products/lactel-fat-free-yogurt-strawberry-470g
https://vgg.bites.com.my/collections/fridge,Fridge,LACTEL FAT FREE YOGURT MANGO 470G,RM8.75,,https://vgg.bites.com.my/collections/fridge/products/lactel-fat-free-yogurt-mango-470g
https://vgg.bites.com.my/collections/fridge,Fridge,"LACTEL BLISS YOG DRINK APPLE,KIWI 700G",RM6.70,,https://vgg.bites.com.my/collections/fridge/products/lactel-bliss-yog-drink-apple-kiwi-700g
https://vgg.bites.com.my/collections/fridge,Fridge,LACTEL BLISS YOG DRINK MIXED BERRIES 700G,RM6.70,,https://vgg.bites.com.my/collections/fridge/products/lactel-bliss-yog-drink-mixed-berries-700g
https://vgg.bites.com.my/collections/fridge,Fridge,LACTEL BLISS YOG DRINK MANGO 700G,RM6.70,,https://vgg.bites.com.my/collections/fridge/products/lactel-bliss-yog-drink-mango-700g
https://vgg.bites.com.my/collections/fridge,Fridge,LEMNOS FETTA FULL CREAM 180G,RM26.60,,https://vgg.bites.com.my/collections/fridge/products/lemnos-fetta-full-cream-180g
https://vgg.bites.com.my/collections/fridge,Fridge,KAWAN FLAKEY PARATHA 5S 400G,RM6.19,RM6.70,https://vgg.bites.com.my/collections/fridge/products/kawan-flakey-paratha-5s-400g
https://vgg.bites.com.my/collections/fridge,Fridge,HAAGEN-DAZS VANILLA CARAMEL ALMOND 80ML,RM9.10,,https://vgg.bites.com.my/collections/fridge/products/haagen-dazs-vanilla-caramel-almond-80ml
https://vgg.bites.com.my/collections/fridge,Fridge,HAAGEN-DAZS VANILLA CARAMEL ALMOND 3X80ML,RM26.90,,https://vgg.bites.com.my/collections/fridge/products/haagen-dazs-vanilla-caramel-almond-3x80ml
https://vgg.bites.com.my/collections/fridge,Fridge,ARLA PIZZA TOPPING SHREDDED 175G,RM15.40,,https://vgg.bites.com.my/collections/fridge/products/arla-pizza-topping-shredded-175g
https://vgg.bites.com.my/collections/fridge,Fridge,EMBORG FRENCH UHT COOKING CREAM 200ML,RM9.40,,https://vgg.bites.com.my/collections/fridge/products/emborg-french-uht-cooking-cream-200ml
https://vgg.bites.com.my/collections/fridge,Fridge,EMBORG CHEDDAR VINTAGE,RM23.50,,https://vgg.bites.com.my/collections/fridge/products/emborg-cheddar-vintage
https://vgg.bites.com.my/collections/fridge,Fridge,EMBORG CREAM CHEESE - TWINPACK,RM23.60,,https://vgg.bites.com.my/collections/fridge/products/emborg-cream-cheese-twinpack
https://vgg.bites.com.my/collections/fridge,Fridge,EMBORG CAMEMBERT CHEESE 125GM,RM18.55,,https://vgg.bites.com.my/collections/fridge/products/emborg-camembert-cheese-125gm
https://vgg.bites.com.my/collections/fridge,Fridge,EMBORG FETA IN OIL W/OLIVE N HERBS 300GM,RM28.55,,https://vgg.bites.com.my/collections/fridge/products/emborg-feta-in-oil-w-olive-n-herbs-300gm
https://vgg.bites.com.my/collections/fridge,Fridge,EMBORG COLOURED CHEDDAR 200GM,RM23.50,,https://vgg.bites.com.my/collections/fridge/products/emborg-coloured-cheddar-200gm
https://vgg.bites.com.my/collections/fridge,Fridge,EMBORG UHT MILK FULL CREAM 1L,RM9.39,RM10.25,https://vgg.bites.com.my/collections/fridge/products/emborg-uht-milk-full-cream-1l
https://vgg.bites.com.my/collections/fridge,Fridge,EMBORG MOZZARELLA BLOCK 200GM,RM18.40,,https://vgg.bites.com.my/collections/fridge/products/emborg-mozzarella-block-200gm
https://vgg.bites.com.my/collections/fridge,Fridge,EMBORG UHT WHIPPING CREAM 1L,RM34.35,,https://vgg.bites.com.my/collections/fridge/products/emborg-uht-whipping-cream-1l
https://vgg.bites.com.my/collections/fridge,Fridge,EMBORG PASTA CREAM 200G,RM9.50,,https://vgg.bites.com.my/collections/fridge/products/emborg-pasta-cream-200g
https://vgg.bites.com.my/collections/fridge,Fridge,EVERBEST CHAI GOR (5PCS) 350G,RM11.30,,https://vgg.bites.com.my/collections/fridge/products/everbest-chai-gor-5pcs-350g
https://vgg.bites.com.my/collections/fridge,Fridge,KAWAN MIXED VEGETABLE 500G,RM5.30,,https://vgg.bites.com.my/collections/fridge/products/kawan-mixed-vegetable-500g
https://vgg.bites.com.my/collections/fridge,Fridge,JONGGA WHOLE CABBAGE KIMCHI 500GM,RM32.50,,https://vgg.bites.com.my/collections/fridge/products/jongga-whole-cabbage-kimchi-500gm
https://vgg.bites.com.my/collections/fridge,Fridge,JONGGA MAT KIMCHI 500GM,RM27.90,,https://vgg.bites.com.my/collections/fridge/products/jongga-mat-kimchi-500gm
https://vgg.bites.com.my/collections/fridge,Fridge,TATURA CREAM CHEESE 500G,RM21.60,,https://vgg.bites.com.my/collections/fridge/products/tatura-cream-cheese-500g
https://vgg.bites.com.my/collections/fridge,Fridge,EMBORG CHEDDAR WHT MATURE 200G,RM23.50,,https://vgg.bites.com.my/collections/fridge/products/emborg-cheddar-wht-mature-200g
https://vgg.bites.com.my/collections/fridge,Fridge,VITAGEN LESS SUGAR LB 5X125ML,RM6.10,,https://vgg.bites.com.my/collections/fridge/products/vitagen-less-sugar-lb-5x125ml
https://vgg.bites.com.my/collections/fridge,Fridge,XO ICE VANILLA GELATO 473ML,RM36.90,,https://vgg.bites.com.my/collections/fridge/products/xo-ice-vanilla-gelato-473ml
https://vgg.bites.com.my/collections/fridge,Fridge,LURPAK BUTTER UNSALTED IN FOIL 250G,RM22.19,RM25.30,https://vgg.bites.com.my/collections/fridge/products/lurpak-butter-unsalted-in-foil-250g
https://vgg.bites.com.my/collections/fridge,Fridge,NUTRIPLUS SMOKED CHIC FRANK 300GM,RM6.99,RM7.60,https://vgg.bites.com.my/collections/fridge/products/nutriplus-smoked-chic-frank-300gm
https://vgg.bites.com.my/collections/fridge,Fridge,EMBORG ONION RING 450GM,RM19.89,RM20.15,https://vgg.bites.com.my/collections/fridge/products/emborg-onion-ring-450gm
https://vgg.bites.com.my/collections/fridge,Fridge,EMBORG FRENCH FRIES-CRINKLE CUT 1KG,RM15.50,,https://vgg.bites.com.my/collections/fridge/products/emborg-french-fries-crinkle-cut-1kg
https://vgg.bites.com.my/collections/fridge,Fridge,LAUGHING COW CHEESE SPREAD (8P) 120GM,RM12.89,RM13.70,https://vgg.bites.com.my/collections/fridge/products/laughing-cow-cheese-spread-8p-120gm
https://vgg.bites.com.my/collections/fridge,Fridge,LAUGHING COW CHEESE SPREAD (16P) 256G,RM26.90,,https://vgg.bites.com.my/collections/fridge/products/laughing-cow-cheese-spread-16p-256g
https://vgg.bites.com.my/collections/fridge,Fridge,KERRYGOLD SPREADABLE BUTTER 227G,RM27.90,,https://vgg.bites.com.my/collections/fridge/products/kerrygold-spreadable-butter-227g
https://vgg.bites.com.my/collections/fridge,Fridge,KARTS ROTI CANAI DHALL 475G,RM7.45,,https://vgg.bites.com.my/collections/fridge/products/karts-roti-canai-dhall-475g
https://vgg.bites.com.my/collections/fridge,Fridge,RAMLY CHICKEN BURGER 420GM,RM9.10,,https://vgg.bites.com.my/collections/fridge/products/ramly-chicken-burger-420gm
https://vgg.bites.com.my/collections/fridge,Fridge,KAWAN PUFF PASTRY SQUARE 4IN 10'SX40GM,RM7.29,RM7.80,https://vgg.bites.com.my/collections/fridge/products/kawan-puff-pastry-square-4in-10-sx40gm
https://vgg.bites.com.my/collections/fridge,Fridge,KAWAN PUFF PASTRY SHEET 8IN 5'SX170GM,RM14.25,,https://vgg.bites.com.my/collections/fridge/products/kawan-puff-pastry-sheet-8in-5-sx170gm
https://vgg.bites.com.my/collections/fridge,Fridge,KAWAN ROTI CHANAI XTRA CRISPY 5X80G,RM5.49,RM6.40,https://vgg.bites.com.my/collections/fridge/products/kawan-roti-chanai-xtra-crispy-5x80g
https://vgg.bites.com.my/collections/fridge,Fridge,RAMLY MINCED CHIC 400G,RM12.70,,https://vgg.bites.com.my/collections/fridge/products/ramly-minced-chic-400g
https://vgg.bites.com.my/collections/fridge,Fridge,SANITARIUM SO GOOD BARISTA ALMOND MILK 1L,RM14.99,RM16.70,https://vgg.bites.com.my/collections/fridge/products/sanitarium-so-good-barista-almond-milk-1l
https://vgg.bites.com.my/collections/fridge,Fridge,KERRYGOLD WHITRE/MILD CHEDDAR SLICE 150G,RM21.40,,https://vgg.bites.com.my/collections/fridge/products/kerrygold-whitre-mild-cheddar-slice-150g
https://vgg.bites.com.my/collections/fridge,Fridge,KERRYGOLD SALTED BUTTER 227G,RM20.80,,https://vgg.bites.com.my/collections/fridge/products/kerrygold-salted-butter-227g
https://vgg.bites.com.my/collections/fridge,Fridge,HOMESOY MULTIGRAIN 1L,RM5.29,RM5.50,https://vgg.bites.com.my/collections/fridge/products/homesoy-multigrain-1l
https://vgg.bites.com.my/collections/fridge,Fridge,FIRST PRIDE TEMPURA CHICKEN NUGGET 700G,RM18.99,RM21.45,https://vgg.bites.com.my/collections/fridge/products/first-pride-tempura-chicken-nugget-700g
https://vgg.bites.com.my/collections/fridge,Fridge,FIRST PRIDE HOME SPICED CHICKEN NUGGET 700G,RM18.99,RM21.45,https://vgg.bites.com.my/collections/fridge/products/first-pride-home-spiced-chicken-nugget-700g
https://vgg.bites.com.my/collections/fridge,Fridge,FIRST PRIDE CRISPY CHICKEN NUGGETS 700G,RM18.99,RM21.45,https://vgg.bites.com.my/collections/fridge/products/first-pride-crispy-chicken-nuggets-700g
https://vgg.bites.com.my/collections/fridge,Fridge,FARM YOGURT MANGO 120G,RM3.40,,https://vgg.bites.com.my/collections/fridge/products/farm-yogurt-mango-120g
https://vgg.bites.com.my/collections/fridge,Fridge,DUTCH LADY PAST LOW FAT MILK 1L,RM8.90,,https://vgg.bites.com.my/collections/fridge/products/dutch-lady-past-low-fat-milk-1l
https://vgg.bites.com.my/collections/fridge,Fridge,DUTCH LADY PAST FULL CREAM MILK 1L,RM8.90,,https://vgg.bites.com.my/collections/fridge/products/dutch-lady-past-full-cream-milk-1l
https://vgg.bites.com.my/collections/fridge,Fridge,DAIRY FARMERS T&C STRAWBERRY 150GM,RM10.80,,https://vgg.bites.com.my/collections/fridge/products/dairy-farmers-t-c-strawberry-150gm
https://vgg.bites.com.my/collections/fridge,Fridge,BINGGRAE MELON MILK 6X200ML,RM33.65,,https://vgg.bites.com.my/collections/fridge/products/binggrae-melon-milk-6x200ml
https://vgg.bites.com.my/collections/fridge,Fridge,BEGA SUPER SLIM 500G,RM28.25,,https://vgg.bites.com.my/collections/fridge/products/bega-super-slim-500g
https://vgg.bites.com.my/collections/fridge,Fridge,THALIA CHICKEN LASAGNA 300G,RM11.95,,https://vgg.bites.com.my/collections/fridge/products/thalia-chicken-lasagna-300g
https://vgg.bites.com.my/collections/fridge,Fridge,CP NASI LEMAK WITH CHICKEN RENDANG 245G,RM8.50,,https://vgg.bites.com.my/collections/fridge/products/cp-nasi-lemak-with-chicken-rendang-245g
https://vgg.bites.com.my/collections/fridge,Fridge,CP AMERICAN FRIED RICE 250G,RM8.50,,https://vgg.bites.com.my/collections/fridge/products/cp-american-fried-rice-250g
https://vgg.bites.com.my/collections/fridge,Fridge,NIKUDO TEMPURA PRAWN 200G,RM20.10,,https://vgg.bites.com.my/collections/fridge/products/nikudo-tempura-prawn-200g
https://vgg.bites.com.my/collections/fridge,Fridge,NIKUDO JAPANESE PRAWN DUMPLING 200G,RM9.15,,https://vgg.bites.com.my/collections/fridge/products/nikudo-japanese-prawn-dumpling-200g
https://vgg.bites.com.my/collections/fridge,Fridge,NIKUDO JAPANESE CHIVE DUMPLING 200G,RM8.60,,https://vgg.bites.com.my/collections/fridge/products/nikudo-japanese-chive-dumpling-200g
https://vgg.bites.com.my/collections/fridge,Fridge,NIKUDO JAPANESE CHICKEN DUMPLING 200G,RM8.60,,https://vgg.bites.com.my/collections/fridge/products/nikudo-japanese-chicken-dumpling-200g
https://vgg.bites.com.my/collections/fridge,Fridge,KAWAN BRAND CRINCLE CUT 1KG,RM9.89,RM13.70,https://vgg.bites.com.my/collections/fridge/products/kawan-brand-crincle-cut-1kg
https://vgg.bites.com.my/collections/fridge,Fridge,TATURA UNSALTED BUTTER 250G,RM18.25,,https://vgg.bites.com.my/collections/fridge/products/tatura-unsalted-butter-250g
https://vgg.bites.com.my/collections/fridge,Fridge,BEGA SUPER SLICES 500G,RM26.90,,https://vgg.bites.com.my/collections/fridge/products/bega-super-slices-500g
https://vgg.bites.com.my/collections/fridge,Fridge,BEGA S/SLICE PROCESSED CHEDDAR CHEESE 250GM,RM13.40,,https://vgg.bites.com.my/collections/fridge/products/bega-s-slice-processed-cheddar-cheese-250gm
https://vgg.bites.com.my/collections/fridge,Fridge,ARLA HAVARTI CHUNK 200G,RM21.80,,https://vgg.bites.com.my/collections/fridge/products/arla-havarti-chunk-200g
https://vgg.bites.com.my/collections/fridge,Fridge,ARLA GOUDA SLICES 150G,RM18.65,,https://vgg.bites.com.my/collections/fridge/products/arla-gouda-slices-150g
https://vgg.bites.com.my/collections/fridge,Fridge,ARLA GOUDA CHUNK 200G,RM21.80,,https://vgg.bites.com.my/collections/fridge/products/arla-gouda-chunk-200g
https://vgg.bites.com.my/collections/fridge,Fridge,ARLA EMMENTAL SLICES 150G,RM18.65,,https://vgg.bites.com.my/collections/fridge/products/arla-emmental-slices-150g
https://vgg.bites.com.my/collections/fridge,Fridge,ARLA EMMENTAL CHUNK 200G,RM24.40,,https://vgg.bites.com.my/collections/fridge/products/arla-emmental-chunk-200g
https://vgg.bites.com.my/collections/fridge,Fridge,EMBORG RED CHEDDAR SHREDDED 200GM,RM17.90,,https://vgg.bites.com.my/collections/fridge/products/emborg-red-cheddar-shredded-200gm
https://vgg.bites.com.my/collections/fridge,Fridge,ARLA WHIPPING CREAM 200ML,RM10.29,RM11.30,https://vgg.bites.com.my/collections/fridge/products/arla-whipping-cream-200ml
https://vgg.bites.com.my/collections/fridge,Fridge,ARLA CHEDDAR CHEESE SLICES 150G,RM18.65,,https://vgg.bites.com.my/collections/fridge/products/arla-cheddar-cheese-slices-150g
https://vgg.bites.com.my/collections/fridge,Fridge,QL OMEGA 3 & DHA ENRICHED 10'S,RM7.70,,https://vgg.bites.com.my/collections/fridge/products/ql-omega-3-dha-enriched-10-s
https://vgg.bites.com.my/collections/fridge,Fridge,GOLDEN CHURN WRAPPED BUTTER SALTED 250G,RM18.69,RM20.60,https://vgg.bites.com.my/collections/fridge/products/golden-churn-wrapped-butter-salted-250g
https://vgg.bites.com.my/collections/fridge,Fridge,ELLE+VIRE MIXED BERRY YOGURT 125GM,RM4.70,,https://vgg.bites.com.my/collections/fridge/products/elle-vire-mixed-berry-yogurt-125gm
https://vgg.bites.com.my/collections/fridge,Fridge,MARIGOLD HL CHOCOLATE 946ML,RM8.29,RM9.50,https://vgg.bites.com.my/collections/fridge/products/marigold-hl-chocolate-946ml
https://vgg.bites.com.my/collections/fridge,Fridge,EMBORG PASTA CHEESE SHREDDED 200GM,RM18.15,,https://vgg.bites.com.my/collections/fridge/products/emborg-pasta-cheese-shredded-200gm
https://vgg.bites.com.my/collections/fridge,Fridge,EMBORG CHEESE TRIANGLE 140G,RM9.39,RM10.30,https://vgg.bites.com.my/collections/fridge/products/emborg-cheese-triangle-140g
https://vgg.bites.com.my/collections/fridge,Fridge,KERRYGOLD UNSALTED BUTTER 227G,RM20.80,,https://vgg.bites.com.my/collections/fridge/products/kerrygold-unsalted-butter-227g
https://vgg.bites.com.my/collections/fridge,Fridge,LURPAK SPREADABLE SALTED 500G,RM38.85,,https://vgg.bites.com.my/collections/fridge/products/lurpak-spreadable-salted-500g
https://vgg.bites.com.my/collections/fridge,Fridge,BELCUBE THE LAUGHING COW PLAIN 125GM,RM21.15,,https://vgg.bites.com.my/collections/fridge/products/belcube-the-laughing-cow-plain-125gm
https://vgg.bites.com.my/collections/fridge,Fridge,YAKULT ACE LIGHT DOUBLE PACK,RM11.90,,https://vgg.bites.com.my/collections/fridge/products/yakult-ace-light-double-pack
https://vgg.bites.com.my/collections/fridge,Fridge,FARM FRESH KURMA MILK 700G,RM9.40,,https://vgg.bites.com.my/collections/fridge/products/farm-fresh-kurma-milk-700g
https://vgg.bites.com.my/collections/fridge,Fridge,ARLA TEXMEX SHREDDED 175G,RM15.40,,https://vgg.bites.com.my/collections/fridge/products/arla-texmex-shredded-175g
https://vgg.bites.com.my/collections/fridge,Fridge,LK FRESH EGGS ALL NATURAL FARM FRESH 12S,RM10.55,,https://vgg.bites.com.my/collections/fridge/products/lk-fresh-eggs-all-natural-farm-fresh-12s
https://vgg.bites.com.my/collections/fridge,Fridge,PERFECT ITALIANO PARMESAN GRATED 125GM,RM16.90,RM17.30,https://vgg.bites.com.my/collections/fridge/products/perfect-italiano-parmesan-grated-125gm
https://vgg.bites.com.my/collections/fridge,Fridge,PERFECT ITALIANO PARMESON DRY GRATED 100GM,RM14.30,,https://vgg.bites.com.my/collections/fridge/products/perfect-italiano-parmeson-dry-grated-100gm
https://vgg.bites.com.my/collections/fridge,Fridge,EMBORG MILD CHEDDAR SHREDDED 200G,RM18.15,,https://vgg.bites.com.my/collections/fridge/products/emborg-mild-cheddar-shredded-200g
https://vgg.bites.com.my/collections/fridge,Fridge,ANCHOR CHEDDAR CHEESE SLICE 400G,RM19.30,,https://vgg.bites.com.my/collections/fridge/products/anchor-cheddar-cheese-slice-400g
https://vgg.bites.com.my/collections/fridge,Fridge,LS OMEGA EGG TOFU 150G,RM1.70,,https://vgg.bites.com.my/collections/fridge/products/ls-omega-egg-tofu-150g
https://vgg.bites.com.my/collections/fridge,Fridge,LURPAK BUTTER CUP UNSALTED 10X8GM,RM10.55,,https://vgg.bites.com.my/collections/fridge/products/lurpak-butter-cup-unsalted-10x8gm
https://vgg.bites.com.my/collections/fridge,Fridge,LAUGHING COW SLICES TOAST 200G,RM10.89,RM14.10,https://vgg.bites.com.my/collections/fridge/products/laughing-cow-slices-toast-200g
https://vgg.bites.com.my/collections/fridge,Fridge,"EMMI SWISS YOGHURT MANGO 100G""",RM5.20,,https://vgg.bites.com.my/collections/fridge/products/emmi-swiss-yoghurt-mango-100g
https://vgg.bites.com.my/collections/fridge,Fridge,EMMI SWISS YOGURT ALOE VERA 100G,RM5.20,,https://vgg.bites.com.my/collections/fridge/products/emmi-swiss-yogurt-aloe-vera-100g
https://vgg.bites.com.my/collections/fridge,Fridge,EMMI SWISS YOGURT RASPBERRY 100G,RM5.20,,https://vgg.bites.com.my/collections/fridge/products/emmi-swiss-yogurt-raspberry-100g
https://vgg.bites.com.my/collections/fridge,Fridge,EMMI SWISS YOGHURT APRICOT 100G,RM5.20,,https://vgg.bites.com.my/collections/fridge/products/emmi-swiss-yoghurt-apricot-100g
https://vgg.bites.com.my/collections/fridge,Fridge,ARLA FINELLO MOZZARELLA CHEESE BLOCK 200G,RM19.25,,https://vgg.bites.com.my/collections/fridge/products/arla-finello-mozzarella-cheese-block-200g
https://vgg.bites.com.my/collections/fridge,Fridge,SANITARIUM SO GOOD ALMOND MILK UNSWEETENED 1L,RM10.99,RM12.35,https://vgg.bites.com.my/collections/fridge/products/sanitarium-so-good-almond-milk-unsweetened-1l
https://vgg.bites.com.my/collections/fridge,Fridge,SANITARIUM SO GOOD ALMOND MILK 1L,RM10.99,RM12.35,https://vgg.bites.com.my/collections/fridge/products/sanitarium-so-good-almond-milk-1l
https://vgg.bites.com.my/collections/fridge,Fridge,SCS ORIGINAL CHEESE SLICES 200G,RM13.30,,https://vgg.bites.com.my/collections/fridge/products/scs-original-cheese-slices-200g
https://vgg.bites.com.my/collections/fridge,Fridge,EMBORG UHT WHIPPING CREAM 200ML,RM9.40,,https://vgg.bites.com.my/collections/fridge/products/emborg-uht-whipping-cream-200ml
https://vgg.bites.com.my/collections/fridge,Fridge,LACTEL FAT FREE YOGURT NATURAL 130G,RM2.90,,https://vgg.bites.com.my/collections/fridge/products/lactel-fat-free-yogurt-natural-130g
https://vgg.bites.com.my/collections/fridge,Fridge,LACTEL FAT FREE YOGURT MIXED BERRY 130G,RM2.90,,https://vgg.bites.com.my/collections/fridge/products/lactel-fat-free-yogurt-mixed-berry-130g
https://vgg.bites.com.my/collections/fridge,Fridge,LACTEL FAT FREE YOGURT MANGO 130G,RM2.90,,https://vgg.bites.com.my/collections/fridge/products/lactel-fat-free-yogurt-mango-130g
https://vgg.bites.com.my/collections/fridge,Fridge,SCS REDUCED FAT CHEESE SLICES 200G,RM13.30,,https://vgg.bites.com.my/collections/fridge/products/scs-reduced-fat-cheese-slices-200g
https://vgg.bites.com.my/collections/fridge,Fridge,EMBORG MOZZARELLA SHREDDED 200GM,RM17.90,,https://vgg.bites.com.my/collections/fridge/products/emborg-mozzarella-shredded-200gm
https://vgg.bites.com.my/collections/fridge,Fridge,SCS UNSALTED BUTTER FOIL 227G,RM16.99,RM18.50,https://vgg.bites.com.my/collections/fridge/products/scs-unsalted-butter-foil-227g
https://vgg.bites.com.my/collections/fridge,Fridge,LURPAK SPREADABLE UNSALTED 250G,RM21.10,,https://vgg.bites.com.my/collections/fridge/products/lurpak-spreadable-unsalted-250g
https://vgg.bites.com.my/collections/fridge,Fridge,LURPAK SPREADABLE SALTED 250G,RM21.10,,https://vgg.bites.com.my/collections/fridge/products/lurpak-spreadable-salted-250g
https://vgg.bites.com.my/collections/fridge,Fridge,FARMHOUSE UHT FRESH MILK 1L,RM8.05,,https://vgg.bites.com.my/collections/fridge/products/farmhouse-uht-fresh-milk-1l
https://vgg.bites.com.my/collections/fridge,Fridge,FERNLEAF LOW FAT YOGURT M/BERRY 110G,RM1.75,,https://vgg.bites.com.my/collections/fridge/products/fernleaf-low-fat-yogurt-m-berry-110g
https://vgg.bites.com.my/collections/fridge,Fridge,FERNLEAF LOW FAT YOGURT SBERRY 110G,RM1.75,,https://vgg.bites.com.my/collections/fridge/products/fernleaf-low-fat-yogurt-sberry-110g
https://vgg.bites.com.my/collections/fridge,Fridge,EMBORG SALTED BUTTER 200G,RM14.95,,https://vgg.bites.com.my/collections/fridge/products/emborg-salted-butter-200g
https://vgg.bites.com.my/collections/fridge,Fridge,LS TRADITIONAL TOFU 200G,RM2.15,,https://vgg.bites.com.my/collections/fridge/products/ls-traditional-tofu-200g
https://vgg.bites.com.my/collections/fridge,Fridge,ANCHOR UNSALTED BUTTER 227G,RM16.15,,https://vgg.bites.com.my/collections/fridge/products/anchor-unsalted-butter-227g
https://vgg.bites.com.my/collections/fridge,Fridge,CHESDALE PLAIN CHEESE 24'S 500GM,RM22.89,RM23.90,https://vgg.bites.com.my/collections/fridge/products/chesdale-plain-cheese-24-s-500gm
https://vgg.bites.com.my/collections/fridge,Fridge,CHESDALE PLAIN CHEESE 12'S 250GM,RM13.50,RM13.70,https://vgg.bites.com.my/collections/fridge/products/chesdale-plain-cheese-12-s-250gm
https://vgg.bites.com.my/collections/fridge,Fridge,EMMI SWISS YOGURT PINEAPPLE 100G,RM5.20,,https://vgg.bites.com.my/collections/fridge/products/emmi-swiss-yogurt-pineapple-100g
https://vgg.bites.com.my/collections/fridge,Fridge,WALL'S MAGNUM MINI CLASSIC 6X45ML,RM18.75,,https://vgg.bites.com.my/collections/fridge/products/wall-s-magnum-mini-classic-6x45ml
https://vgg.bites.com.my/collections/fridge,Fridge,HAAGEN-DAZS VANILLA 473ML,RM27.99,RM39.10,https://vgg.bites.com.my/collections/fridge/products/haagen-dazs-vanilla-473ml
https://vgg.bites.com.my/collections/fridge,Fridge,HAAGEN-DAZS GREEN TEA 473ML,RM27.99,RM39.10,https://vgg.bites.com.my/collections/fridge/products/haagen-dazs-green-tea-473ml
https://vgg.bites.com.my/collections/fridge,Fridge,CREAPAN MINI PANCAKES BITES 30S 255G,RM22.60,,https://vgg.bites.com.my/collections/fridge/products/creapan-mini-pancakes-bites-30s-255g
https://vgg.bites.com.my/collections/fridge,Fridge,AYAMAS CRISPY FRIED CHICKEN 850GM,RM27.50,,https://vgg.bites.com.my/collections/fridge/products/ayamas-crispy-fried-chicken-850gm
https://vgg.bites.com.my/collections/fridge,Fridge,TRICIOUS PIZZA BASE PLAIN (THIN CRUST) 240G,RM9.05,,https://vgg.bites.com.my/collections/fridge/products/tricious-pizza-base-plain-thin-crust-240g
https://vgg.bites.com.my/collections/fridge,Fridge,FROZEN SABA MACKEREL FILLET XL 300G,RM18.90,,https://vgg.bites.com.my/collections/fridge/products/frozen-saba-mackerel-fillet-xl-300g
https://vgg.bites.com.my/collections/fridge,Fridge,EMBORG WHOLE LEAF SPINACH 450G,RM12.79,RM13.90,https://vgg.bites.com.my/collections/fridge/products/emborg-whole-leaf-spinach-450g
https://vgg.bites.com.my/collections/fridge,Fridge,EMBORG STRAWBERRIES 450G,RM26.39,RM28.10,https://vgg.bites.com.my/collections/fridge/products/emborg-strawberries-450g
https://vgg.bites.com.my/collections/fridge,Fridge,YARA NATURAL YOGURT 470G,RM6.19,RM6.75,https://vgg.bites.com.my/collections/fridge/products/yara-natural-yogurt-470g
https://vgg.bites.com.my/collections/fridge,Fridge,MEZETE HUMMUS SUN DRIED TOMATOES 215G,RM14.39,RM15.65,https://vgg.bites.com.my/collections/fridge/products/mezete-hummus-sun-dried-tomatoes-215g
https://vgg.bites.com.my/collections/fridge,Fridge,LACTEL FAT FREE YOGURT MIXED BERRY 470G,RM8.75,,https://vgg.bites.com.my/collections/fridge/products/lactel-fat-free-yogurt-mixed-berry-470g
https://vgg.bites.com.my/collections/fridge,Fridge,LACTEL BLISS YOG DRINK STRAWBERRY 700G,RM6.70,,https://vgg.bites.com.my/collections/fridge/products/lactel-bliss-yog-drink-strawberry-700g
https://vgg.bites.com.my/collections/fridge,Fridge,FERNLEAF CALCI-YUM MULTIFLAVOUR PACK 8X60G,RM9.19,RM10.15,https://vgg.bites.com.my/collections/fridge/products/fernleaf-calci-yum-multiflavour-pack-8x60g
https://vgg.bites.com.my/collections/fridge,Fridge,CF TAUFU KERAS 200GM,RM2.00,RM2.15,https://vgg.bites.com.my/collections/fridge/products/cf-taufu-keras-200gm
https://vgg.bites.com.my/collections/fridge,Fridge,OATLY ORGANIC OAT DRINK 1L,RM14.99,RM19.15,https://vgg.bites.com.my/collections/fridge/products/oatly-organic-oat-drink-1l
https://vgg.bites.com.my/collections/fridge,Fridge,VITAGEN LESS SUGAR GRAPE 5X125ML,RM6.10,,https://vgg.bites.com.my/collections/fridge/products/vitagen-less-sugar-grape-5x125ml
https://vgg.bites.com.my/collections/fridge,Fridge,NUTTELEX OLIVE MARGARINE SPREAD 375G,RM19.00,,https://vgg.bites.com.my/collections/fridge/products/nuttelex-olive-margarine-spread-375g
https://vgg.bites.com.my/collections/fridge,Fridge,LAUGHING COW CHEESE SPREAD LIGHT 133G,RM12.89,RM13.70,https://vgg.bites.com.my/collections/fridge/products/laughing-cow-cheese-spread-light-133g
https://vgg.bites.com.my/collections/fridge,Fridge,ANCHOR SPREADABLE 200G,RM12.49,RM13.80,https://vgg.bites.com.my/collections/fridge/products/anchor-spreadable-200g
https://vgg.bites.com.my/collections/fridge,Fridge,KANIKA EDAMAME-GREEN PEAS 500G,RM13.40,,https://vgg.bites.com.my/collections/fridge/products/kanika-edamame-green-peas-500g
https://vgg.bites.com.my/collections/fridge,Fridge,FARM YOGURT STRAWBERRIES 120G,RM3.40,,https://vgg.bites.com.my/collections/fridge/products/farm-yogurt-strawberries-120g
https://vgg.bites.com.my/collections/fridge,Fridge,ROKEBY PROTEIN SMOOTHIE BANANA HONEY & CINN 425ML,RM15.15,,https://vgg.bites.com.my/collections/fridge/products/rokeby-protein-smoothie-banana-honey-cinn-425ml
https://vgg.bites.com.my/collections/fridge,Fridge,ROKEBY PROTEIN SMOOTHIE DOUBLE ESPRESSO 425ML,RM15.15,,https://vgg.bites.com.my/collections/fridge/products/rokeby-protein-smoothie-double-espresso-425ml
https://vgg.bites.com.my/collections/fridge,Fridge,EMMI SWISS YOGURT STRAWBERRY 100G,RM5.20,,https://vgg.bites.com.my/collections/fridge/products/emmi-swiss-yogurt-strawberry-100g
https://vgg.bites.com.my/collections/fridge,Fridge,MEZETE HUMMUS FRESH HERBS 215G,RM14.39,RM15.65,https://vgg.bites.com.my/collections/fridge/products/mezete-hummus-fresh-herbs-215g
https://vgg.bites.com.my/collections/fridge,Fridge,ANCHOR CHEDDAR CHEESE 200G,RM9.95,RM10.05,https://vgg.bites.com.my/collections/fridge/products/anchor-cheddar-cheese-200g
https://vgg.bites.com.my/collections/fridge,Fridge,ARLA HAVARTI SLICES 150G,RM18.65,,https://vgg.bites.com.my/collections/fridge/products/arla-havarti-slices-150g
https://vgg.bites.com.my/collections/fridge,Fridge,FERNLEAF LOW FAT YOGURT MANGO 110G,RM1.75,,https://vgg.bites.com.my/collections/fridge/products/fernleaf-low-fat-yogurt-mango-110g
https://vgg.bites.com.my/collections/fridge,Fridge,EMMI SWISS YOGHURT PLAIN 100G,RM5.20,,https://vgg.bites.com.my/collections/fridge/products/emmi-swiss-yoghurt-plain-100g
https://vgg.bites.com.my/collections/fridge,Fridge,ARLA KIDS CHEESE STICKS 108G,RM13.89,RM15.00,https://vgg.bites.com.my/collections/fridge/products/arla-kids-cheese-sticks-108g
https://vgg.bites.com.my/collections/fridge,Fridge,EMMI SWISS YOGURT APPLE 100G,RM5.20,,https://vgg.bites.com.my/collections/fridge/products/emmi-swiss-yogurt-apple-100g
https://vgg.bites.com.my/collections/fridge,Fridge,NUTRIPLUS OMEGA 3 MED 15'S,RM11.60,,https://vgg.bites.com.my/collections/fridge/products/nutriplus-omega-3-med-15-s
https://vgg.bites.com.my/collections/fridge,Fridge,FIRST PRIDE TEMPURA CHICKEN STRIPS 500G,RM16.20,,https://vgg.bites.com.my/collections/fridge/products/first-pride-tempura-chicken-strips-500g
https://vgg.bites.com.my/collections/fridge,Fridge,VITAGEN LB 5X125ML,RM5.60,,https://vgg.bites.com.my/collections/fridge/products/vitagen-lb-5x125ml
https://vgg.bites.com.my/collections/fridge,Fridge,VITAGEN ASSORTED 5X125ML,RM5.85,,https://vgg.bites.com.my/collections/fridge/products/vitagen-assorted-5x125ml
https://vgg.bites.com.my/collections/fridge,Fridge,MINI BABYBEL LIGHT CHEESE 5P (FR),RM19.15,,https://vgg.bites.com.my/collections/fridge/products/mini-babybel-light-cheese-5p-fr
https://vgg.bites.com.my/collections/fridge,Fridge,PERFECT ITALIANO PARMESAN BLOCK 250G,RM26.35,RM27.10,https://vgg.bites.com.my/collections/fridge/products/perfect-italiano-parmesan-block-250g
https://vgg.bites.com.my/collections/fridge,Fridge,ANLENE LOW FAT YOGURT NATURAL 110G,RM1.99,RM2.05,https://vgg.bites.com.my/collections/fridge/products/anlene-low-fat-yogurt-natural-110g
https://vgg.bites.com.my/collections/fridge,Fridge,HOMESOY SOYA 750ML,RM5.35,,https://vgg.bites.com.my/collections/fridge/products/homesoy-soya-750ml
https://vgg.bites.com.my/collections/fridge,Fridge,MINI BABYBEL TASTY CHEDDAR CHEESE (5P) 100GM,RM19.15,,https://vgg.bites.com.my/collections/fridge/products/mini-babybel-tasty-cheddar-cheese-5p-100gm
https://vgg.bites.com.my/collections/fridge,Fridge,SIMPLOT HASH BROWN 637G,RM14.69,RM15.90,https://vgg.bites.com.my/collections/fridge/products/simplot-hash-brown-637g
https://vgg.bites.com.my/collections/fridge,Fridge,ARLA MOZARELLA SLICES 150G,RM18.65,,https://vgg.bites.com.my/collections/fridge/products/arla-mozarella-slices-150g
https://vgg.bites.com.my/collections/fridge,Fridge,MEZETE HUMMUS FIRE ROASTED RED PEPPER 215G,RM14.39,RM15.65,https://vgg.bites.com.my/collections/fridge/products/mezete-hummus-fire-roasted-red-pepper-215g
https://vgg.bites.com.my/collections/fridge,Fridge,FERNLEAF LOW FAT YOGURT NATURAL 110G,RM1.75,,https://vgg.bites.com.my/collections/fridge/products/fernleaf-low-fat-yogurt-natural-110g
https://vgg.bites.com.my/collections/fridge,Fridge,EMBORG UNSALTED BUTTER 200G,RM14.95,,https://vgg.bites.com.my/collections/fridge/products/emborg-unsalted-butter-200g
https://vgg.bites.com.my/collections/fridge,Fridge,RAMLY MINCED BEEF 400G,RM14.40,,https://vgg.bites.com.my/collections/fridge/products/ramly-minced-beef-400g
https://vgg.bites.com.my/collections/fridge,Fridge,VITAGEN APPLE 5X125ML,RM5.60,,https://vgg.bites.com.my/collections/fridge/products/vitagen-apple-5x125ml
https://vgg.bites.com.my/collections/fridge,Fridge,KAWAN ROTI PARATHA 5SX80G,RM6.50,,https://vgg.bites.com.my/collections/fridge/products/kawan-roti-paratha-5sx80g
https://vgg.bites.com.my/collections/fridge,Fridge,NUTRIPLUS EGGS OMEGA 3 L 10S,RM8.00,,https://vgg.bites.com.my/collections/fridge/products/nutriplus-eggs-omega-3-l-10s
https://vgg.bites.com.my/collections/fridge,Fridge,ZOTT FRUIT 0.1 STRAWBERRY 100GM,RM2.45,,https://vgg.bites.com.my/collections/fridge/products/zott-fruit-0-1-strawberry-100gm
https://vgg.bites.com.my/collections/fridge,Fridge,PRESIDENT MOZZARELLA SLICED 200GM,RM15.30,,https://vgg.bites.com.my/collections/fridge/products/president-mozzarella-sliced-200gm
https://vgg.bites.com.my/collections/fridge,Fridge,CALPIS GRAPE 1L,RM6.20,,https://vgg.bites.com.my/collections/fridge/products/calpis-grape-1l
https://vgg.bites.com.my/collections/fridge,Fridge,EMBORG NATURAL YOGHURT 1L,RM19.29,RM19.60,https://vgg.bites.com.my/collections/fridge/products/emborg-natural-yoghurt-1l
https://vgg.bites.com.my/collections/fridge,Fridge,EMBORG BROCOLI FLORETS 450G,RM17.99,RM19.75,https://vgg.bites.com.my/collections/fridge/products/emborg-brocoli-florets-450g
https://vgg.bites.com.my/collections/fridge,Fridge,BEGA EXTRA TASTY BLOCK CHEDDAR 250G,RM19.75,RM19.80,https://vgg.bites.com.my/collections/fridge/products/bega-extra-tasty-block-cheddar-250g
https://vgg.bites.com.my/collections/fridge,Fridge,XO ICE SERIOUSLY CHOCOLATE 473ML,RM36.90,,https://vgg.bites.com.my/collections/fridge/products/xo-ice-seriously-chocolate-473ml
https://vgg.bites.com.my/collections/fridge,Fridge,THALIA BEEF LASAGNA 300G,RM11.95,,https://vgg.bites.com.my/collections/fridge/products/thalia-beef-lasagna-300g
https://vgg.bites.com.my/collections/fridge,Fridge,MEZETE HUMMUS RED HOT CHILLI 215G,RM14.39,RM15.65,https://vgg.bites.com.my/collections/fridge/products/mezete-hummus-red-hot-chilli-215g
https://vgg.bites.com.my/collections/fridge,Fridge,WALL'S MAGNUM MINI CLASSIC ALMOND BROWNIE 6X45ML,RM18.75,,https://vgg.bites.com.my/collections/fridge/products/wall-s-magnum-mini-classic-almond-brownie-6x45ml
https://vgg.bites.com.my/collections/fridge,Fridge,NISSUI DAISHO EDAMAME 500G,RM10.50,,https://vgg.bites.com.my/collections/fridge/products/nissui-daisho-edamame-500g
https://vgg.bites.com.my/collections/fridge,Fridge,KAWAN BRAND SHOESTRING 1KG,RM9.89,RM13.70,https://vgg.bites.com.my/collections/fridge/products/kawan-brand-shoestring-1kg
https://vgg.bites.com.my/collections/fridge,Fridge,VITAGEN GRAPE 5X125ML,RM5.60,,https://vgg.bites.com.my/collections/fridge/products/vitagen-grape-5x125ml
https://vgg.bites.com.my/collections/fridge,Fridge,DAIRY FARMERS LEMON THICK&CREAMY YOGHURT 150G,RM10.80,,https://vgg.bites.com.my/collections/fridge/products/dairy-farmers-lemon-thick-creamy-yoghurt-150g
https://vgg.bites.com.my/collections/fridge,Fridge,HAAGEN-DAZS STRAWBERRY 100ML,RM9.10,,https://vgg.bites.com.my/collections/fridge/products/haagen-dazs-strawberry-100ml
https://vgg.bites.com.my/collections/fridge,Fridge,HAAGEN-DAZS SALTED CARAMEL 80ML,RM9.10,,https://vgg.bites.com.my/collections/fridge/products/haagen-dazs-salted-caramel-80ml
https://vgg.bites.com.my/collections/fridge,Fridge,CALPIS ORIGINAL 1L,RM6.20,,https://vgg.bites.com.my/collections/fridge/products/calpis-original-1l
https://vgg.bites.com.my/collections/fridge,Fridge,DAIRY FARMERS T&C CARAMEL FIG 600GM,RM27.90,,https://vgg.bites.com.my/collections/fridge/products/dairy-farmers-t-c-caramel-fig-600gm
https://vgg.bites.com.my/collections/fridge,Fridge,DAIRY FARMERS T&C MANGO PASSION FRUIT 600GM,RM27.90,,https://vgg.bites.com.my/collections/fridge/products/dairy-farmers-t-c-mango-passion-fruit-600gm
https://vgg.bites.com.my/collections/fridge,Fridge,EMBORG BLUEBERRIES & STRAWBERRIES 400G,RM27.69,RM29.50,https://vgg.bites.com.my/collections/fridge/products/emborg-blueberries-strawberries-400g
https://vgg.bites.com.my/collections/fridge,Fridge,BEGA STRINGERS MOZZA CHEESE 80G(4X20G),RM10.35,,https://vgg.bites.com.my/collections/fridge/products/bega-stringers-mozza-cheese-80g-4x20g
https://vgg.bites.com.my/collections/fridge,Fridge,DAIRY FARMERS THICK & CREAMY VANILLA 150G,RM10.80,,https://vgg.bites.com.my/collections/fridge/products/dairy-farmers-thick-creamy-vanilla-150g
https://vgg.bites.com.my/collections/fridge,Fridge,SANITARIUM SO GOOD BARISTA OAT MILK 1L,RM14.99,RM16.70,https://vgg.bites.com.my/collections/fridge/products/sanitarium-so-good-barista-oat-milk-1l
https://vgg.bites.com.my/collections/fridge,Fridge,RUPP 8 PORTION CHEESE SPREAD 120G,RM10.25,,https://vgg.bites.com.my/collections/fridge/products/rupp-8-portion-cheese-spread-120g
https://vgg.bites.com.my/collections/fridge,Fridge,ZOTT FRUIT 0.1 MIXED BERRIED 100GM,RM2.45,,https://vgg.bites.com.my/collections/fridge/products/zott-fruit-0-1-mixed-berried-100gm
https://vgg.bites.com.my/collections/fridge,Fridge,LACTEL BLISS YOGHURT DRINK KURMA GULA MELAKA 700G,RM6.70,,https://vgg.bites.com.my/collections/fridge/products/lactel-bliss-yoghurt-drink-kurma-gula-melaka-700g
https://vgg.bites.com.my/collections/fridge,Fridge,MARIGOLD HL PLAIN 946ML,RM8.09,RM9.25,https://vgg.bites.com.my/collections/fridge/products/marigold-hl-plain-946ml
https://vgg.bites.com.my/collections/fridge,Fridge,LEMNOS PANEER 200G,RM27.55,,https://vgg.bites.com.my/collections/fridge/products/lemnos-paneer-200g
https://vgg.bites.com.my/collections/fridge,Fridge,LEMNOS HALOUMI 180G,RM31.40,,https://vgg.bites.com.my/collections/fridge/products/lemnos-haloumi-180g
https://vgg.bites.com.my/collections/fridge,Fridge,HAAGEN-DAZS GREEN TEA & ALMOND 80ML,RM9.10,,https://vgg.bites.com.my/collections/fridge/products/haagen-dazs-green-tea-almond-80ml
https://vgg.bites.com.my/collections/fridge,Fridge,CHOBANI GREEK YOGHURT FIT STRAWBERRY POUCH 140G,RM14.00,,https://vgg.bites.com.my/collections/fridge/products/chobani-greek-yoghurt-fit-strawberry-pouch-140g
https://vgg.bites.com.my/collections/fridge,Fridge,EMBORG FRENCH FRIES-STRAIGHT CUT 1KG,RM15.50,,https://vgg.bites.com.my/collections/fridge/products/emborg-french-fries-straight-cut-1kg
https://vgg.bites.com.my/collections/fridge,Fridge,FIRST PRIDE TEMPURA CHEESE CHICKEN STRIPS 500G,RM16.20,,https://vgg.bites.com.my/collections/fridge/products/first-pride-tempura-cheese-chicken-strips-500g
https://vgg.bites.com.my/collections/fridge,Fridge,BEGA FARMERS TASTY NAT SLICE CHEESE 250G,RM21.95,,https://vgg.bites.com.my/collections/fridge/products/bega-farmers-tasty-nat-slice-cheese-250g
https://vgg.bites.com.my/collections/fridge,Fridge,MEZETE HUMMUS CLASSIC 215G,RM14.39,RM15.65,https://vgg.bites.com.my/collections/fridge/products/mezete-hummus-classic-215g
https://vgg.bites.com.my/collections/fridge,Fridge,WALL'S MAGNUM MINI ALMOND 6X45ML,RM18.75,,https://vgg.bites.com.my/collections/fridge/products/wall-s-magnum-mini-almond-6x45ml
https://vgg.bites.com.my/collections/fridge,Fridge,HAAGEN-DAZS MACADAMIA NUT 473ML,RM27.99,RM39.10,https://vgg.bites.com.my/collections/fridge/products/haagen-dazs-macadamia-nut-473ml
https://vgg.bites.com.my/collections/fridge,Fridge,EMBORG BLUEBERRIES 400G,RM29.39,RM31.40,https://vgg.bites.com.my/collections/fridge/products/emborg-blueberries-400g
https://vgg.bites.com.my/collections/fridge,Fridge,WONDA EXTRA PRESSO ORIGINAL 240ML,RM2.65,,https://vgg.bites.com.my/collections/fridge/products/wonda-extra-presso-original-240ml
https://vgg.bites.com.my/collections/fridge,Fridge,WATTIES MIXED VEGETABLES 500G,RM12.49,RM15.45,https://vgg.bites.com.my/collections/fridge/products/watties-mixed-vegetables-500g
https://vgg.bites.com.my/collections/fridge,Fridge,EMBORG ORGANIC MIX VEGETABLES 400G,RM14.99,RM16.15,https://vgg.bites.com.my/collections/fridge/products/emborg-organic-mix-vegetables-400g
https://vgg.bites.com.my/collections/fridge,Fridge,EMBORG MIXED VEGE 450G,RM12.79,RM13.90,https://vgg.bites.com.my/collections/fridge/products/emborg-mixed-vege-450g
https://vgg.bites.com.my/collections/fridge,Fridge,EMBORG GARDEN PEAS 450GM,RM12.79,RM13.90,https://vgg.bites.com.my/collections/fridge/products/emborg-garden-peas-450gm
https://vgg.bites.com.my/collections/fridge,Fridge,EMBORG CHOPPED SPINACH 450GM,RM12.59,RM13.70,https://vgg.bites.com.my/collections/fridge/products/emborg-chopped-spinach-450gm
https://vgg.bites.com.my/collections/fridge,Fridge,EMBORG BRUSSELS SPROUTS 900GM,RM24.69,RM26.60,https://vgg.bites.com.my/collections/fridge/products/emborg-brussels-sprouts-900gm
https://vgg.bites.com.my/collections/fridge,Fridge,EMBORG RASPBERRIES 300G,RM29.29,RM30.70,https://vgg.bites.com.my/collections/fridge/products/emborg-raspberries-300g
https://vgg.bites.com.my/collections/fridge,Fridge,PRIMA LAMB BURGER 420G,RM20.50,,https://vgg.bites.com.my/collections/fridge/products/prima-lamb-burger-420g
https://vgg.bites.com.my/collections/fridge,Fridge,PRIMA CHICKEN BURGER 420G,RM10.25,,https://vgg.bites.com.my/collections/fridge/products/prima-chicken-burger-420g
https://vgg.bites.com.my/collections/fridge,Fridge,PRIMA BEEF BURGER 420G,RM14.20,,https://vgg.bites.com.my/collections/fridge/products/prima-beef-burger-420g
https://vgg.bites.com.my/collections/fridge,Fridge,TYSON GRILLED TENDER CHICKEN 500G,RM19.99,RM23.00,https://vgg.bites.com.my/collections/fridge/products/tyson-grilled-tender-chicken-500g
https://vgg.bites.com.my/collections/fridge,Fridge,TYSON CRISPY CHICKEN STRIPS 500G,RM19.99,RM23.00,https://vgg.bites.com.my/collections/fridge/products/tyson-crispy-chicken-strips-500g
https://vgg.bites.com.my/collections/fridge,Fridge,TYSON CLASSIC FRIED CHICKEN 500G,RM19.99,RM23.00,https://vgg.bites.com.my/collections/fridge/products/tyson-classic-fried-chicken-500g
https://vgg.bites.com.my/collections/fridge,Fridge,TYSON CHICKEN KARAAGE 500G,RM19.99,RM23.00,https://vgg.bites.com.my/collections/fridge/products/tyson-chicken-karaage-500g
https://vgg.bites.com.my/collections/fridge,Fridge,RAMLY CHICKEN NUGGET 1KG,RM18.95,,https://vgg.bites.com.my/collections/fridge/products/ramly-chicken-nugget-1kg
https://vgg.bites.com.my/collections/fridge,Fridge,RAMLY CHIC FRANK 340G,RM9.25,,https://vgg.bites.com.my/collections/fridge/products/ramly-chic-frank-340g
https://vgg.bites.com.my/collections/fridge,Fridge,RAMLY BEEF BURGER 420GM,RM9.95,,https://vgg.bites.com.my/collections/fridge/products/ramly-beef-burger-420gm
https://vgg.bites.com.my/collections/fridge,Fridge,NUTRIPLUS NH POPCORN CHICKEN 800G,RM21.40,,https://vgg.bites.com.my/collections/fridge/products/nutriplus-nh-popcorn-chicken-800g
https://vgg.bites.com.my/collections/fridge,Fridge,NUTRIPLUS HONEY&CHILLI CHIC FRANK 300GM,RM6.99,RM7.60,https://vgg.bites.com.my/collections/fridge/products/nutriplus-honey-chilli-chic-frank-300gm
https://vgg.bites.com.my/collections/fridge,Fridge,MARINA THE SQUARE BURGER 438G,RM7.90,,https://vgg.bites.com.my/collections/fridge/products/marina-the-square-burger-438g
https://vgg.bites.com.my/collections/fridge,Fridge,MARINA TEMPURA CHICKEN NUGGET SAUSAGE CHUNK 750G,RM16.75,,https://vgg.bites.com.my/collections/fridge/products/marina-tempura-chicken-nugget-sausage-chunk-750g
https://vgg.bites.com.my/collections/fridge,Fridge,MARINA TEMPURA CHICKEN NUGGET 750G,RM16.75,,https://vgg.bites.com.my/collections/fridge/products/marina-tempura-chicken-nugget-750g
https://vgg.bites.com.my/collections/fridge,Fridge,MARINA MEAT BALLS 300G,RM12.60,,https://vgg.bites.com.my/collections/fridge/products/marina-meat-balls-300g
https://vgg.bites.com.my/collections/fridge,Fridge,MARINA CHIC BURGER 400G,RM11.30,,https://vgg.bites.com.my/collections/fridge/products/marina-chic-burger-400g
https://vgg.bites.com.my/collections/fridge,Fridge,MARINA BREADED CHICKEN NUGGET BLACK PEPPER 750G,RM14.70,,https://vgg.bites.com.my/collections/fridge/products/marina-breaded-chicken-nugget-black-pepper-750g
https://vgg.bites.com.my/collections/fridge,Fridge,MARINA BREADED CHICKEN NUGGET 750G,RM14.70,,https://vgg.bites.com.my/collections/fridge/products/marina-breaded-chicken-nugget-750g
https://vgg.bites.com.my/collections/fridge,Fridge,FIRST PRIDE CRISPY GLDEN FRD. CHIC. HOT&SPICY 750G,RM21.85,,https://vgg.bites.com.my/collections/fridge/products/first-pride-crispy-glden-frd-chic-hot-spicy-750g
https://vgg.bites.com.my/collections/fridge,Fridge,FIGO JAPANESE CHICKEN DUMPLING 200G,RM6.25,,https://vgg.bites.com.my/collections/fridge/products/figo-japanese-chicken-dumpling-200g
https://vgg.bites.com.my/collections/fridge,Fridge,FARM BEST SMOKE FRANK 340GM,RM4.70,,https://vgg.bites.com.my/collections/fridge/products/farm-best-smoke-frank-340gm
https://vgg.bites.com.my/collections/fridge,Fridge,FARM BEST POPCORN CHICKEN 500G,RM14.10,,https://vgg.bites.com.my/collections/fridge/products/farm-best-popcorn-chicken-500g
https://vgg.bites.com.my/collections/fridge,Fridge,FARM BEST CHIC BALLS ORIGINAL 400GM,RM6.80,,https://vgg.bites.com.my/collections/fridge/products/farm-best-chic-balls-original-400gm
https://vgg.bites.com.my/collections/fridge,Fridge,AYAMAS PREM CHEESE FRANK 235G,RM8.00,,https://vgg.bites.com.my/collections/fridge/products/ayamas-prem-cheese-frank-235g
https://vgg.bites.com.my/collections/fridge,Fridge,AYAMAS HOT&SPICY DRUMMET 850G,RM28.50,,https://vgg.bites.com.my/collections/fridge/products/ayamas-hot-spicy-drummet-850g
https://vgg.bites.com.my/collections/fridge,Fridge,AYAMAS CRISPY TEMPURA NUGGET 850GM,RM21.30,,https://vgg.bites.com.my/collections/fridge/products/ayamas-crispy-tempura-nugget-850gm
https://vgg.bites.com.my/collections/fridge,Fridge,AYAMAS CHICKEN DRUMMET 850G,RM28.50,,https://vgg.bites.com.my/collections/fridge/products/ayamas-chicken-drummet-850g
https://vgg.bites.com.my/collections/fridge,Fridge,QUORN SAUSAGES 336G,RM23.80,,https://vgg.bites.com.my/collections/fridge/products/quorn-sausages-336g
https://vgg.bites.com.my/collections/fridge,Fridge,SAILOR'S CHICKEN SAUSAGE 400G,RM28.00,,https://vgg.bites.com.my/collections/fridge/products/sailor-s-chicken-sausage-400g
https://vgg.bites.com.my/collections/fridge,Fridge,NUTRIPLUS TEMPURA ORIGINAL NUGGET 800G,RM18.79,RM22.10,https://vgg.bites.com.my/collections/fridge/products/nutriplus-tempura-original-nugget-800g
https://vgg.bites.com.my/collections/fridge,Fridge,SAILOR'S LAMB & ROSEMARY SAUSAGE 400G,RM49.90,,https://vgg.bites.com.my/collections/fridge/products/sailor-s-lamb-rosemary-sausage-400g
https://vgg.bites.com.my/collections/fridge,Fridge,MUSHROOM SEAFOOD TOFU 500G,RM13.35,,https://vgg.bites.com.my/collections/fridge/products/mushroom-seafood-tofu-500g
https://vgg.bites.com.my/collections/fridge,Fridge,MUSHROOM CHEESE FISH TOFU 500G,RM14.80,,https://vgg.bites.com.my/collections/fridge/products/mushroom-cheese-fish-tofu-500g
https://vgg.bites.com.my/collections/fridge,Fridge,MUSHROOM SMALL WHITE FISH BALL 500G,RM9.30,,https://vgg.bites.com.my/collections/fridge/products/mushroom-small-white-fish-ball-500g
https://vgg.bites.com.my/collections/fridge,Fridge,MUSHROOM IMITATION CRAB STICK 250G,RM6.10,,https://vgg.bites.com.my/collections/fridge/products/mushroom-imitation-crab-stick-250g
https://vgg.bites.com.my/collections/fridge,Fridge,NIKUDO FISH PASTE 200G,RM7.45,,https://vgg.bites.com.my/collections/fridge/products/nikudo-fish-paste-200g
https://vgg.bites.com.my/collections/fridge,Fridge,NIKUDO PRAWN PASTE 200G,RM19.20,,https://vgg.bites.com.my/collections/fridge/products/nikudo-prawn-paste-200g
https://vgg.bites.com.my/collections/fridge,Fridge,MS FROZEN PUD 21/25 VANAMEI MEAT 200GM,RM12.50,,https://vgg.bites.com.my/collections/fridge/products/ms-frozen-pud-21-25-vanamei-meat-200gm
https://vgg.bites.com.my/collections/fridge,Fridge,MS FROZEN LALA 500G,RM12.50,,https://vgg.bites.com.my/collections/fridge/products/ms-frozen-lala-500g
https://vgg.bites.com.my/collections/fridge,Fridge,SB FROZEN WHOLE CLEANED BABY OCTOPUS 300GM,RM17.90,,https://vgg.bites.com.my/collections/fridge/products/sb-frozen-whole-cleaned-baby-octopus-300gm
https://vgg.bites.com.my/collections/fridge,Fridge,SB FROZEN WHOLE CLEANED BABY CUTTLEFISH 300GM,RM15.50,,https://vgg.bites.com.my/collections/fridge/products/sb-frozen-whole-cleaned-baby-cuttlefish-300gm
https://vgg.bites.com.my/collections/fridge,Fridge,P/WEST FISH N CHIPS 500G,RM18.19,RM20.90,https://vgg.bites.com.my/collections/fridge/products/p-west-fish-n-chips-500g
https://vgg.bites.com.my/collections/fridge,Fridge,PACIFIC WEST TEMPURA FISH FILLET 550GM,RM29.49,RM33.85,https://vgg.bites.com.my/collections/fridge/products/pacific-west-tempura-fish-fillet-550gm
https://vgg.bites.com.my/collections/fridge,Fridge,PACIFIC WEST TEMPURA FISH COCKTAIL 500GM,RM25.99,RM30.00,https://vgg.bites.com.my/collections/fridge/products/pacific-west-tempura-fish-cocktail-500gm
https://vgg.bites.com.my/collections/fridge,Fridge,PACIFIC WEST TEMPURA CHEEZY FISH 290GM,RM20.69,RM23.70,https://vgg.bites.com.my/collections/fridge/products/pacific-west-tempura-cheezy-fish-290gm
https://vgg.bites.com.my/collections/fridge,Fridge,PACIFIC WEST TEM/FISH FILLET 325GM,RM19.49,RM22.40,https://vgg.bites.com.my/collections/fridge/products/pacific-west-tem-fish-fillet-325gm
https://vgg.bites.com.my/collections/fridge,Fridge,PACIFIC WEST CHUNKY FISH FILLET 360G,RM20.99,RM24.25,https://vgg.bites.com.my/collections/fridge/products/pacific-west-chunky-fish-fillet-360g
https://vgg.bites.com.my/collections/fridge,Fridge,FROZEN UNAGI KABAYAKI 200G,RM25.90,,https://vgg.bites.com.my/collections/fridge/products/frozen-unagi-kabayaki-200g
https://vgg.bites.com.my/collections/fridge,Fridge,MS IQF MIXED SEAFOOD 250GM,RM11.20,RM13.90,https://vgg.bites.com.my/collections/fridge/products/ms-iqf-mixed-seafood-250gm
https://vgg.bites.com.my/collections/fridge,Fridge,MS IQF HOTATE SCALLOP MEAT 250G,RM18.99,RM23.50,https://vgg.bites.com.my/collections/fridge/products/ms-iqf-hotate-scallop-meat-250g
https://vgg.bites.com.my/collections/fridge,Fridge,MS FROZEN PUD 31/40 VANAMEI MEAT 200G,RM7.99,RM11.50,https://vgg.bites.com.my/collections/fridge/products/ms-frozen-pud-3140-vanamei-meat-200g
https://vgg.bites.com.my/collections/fridge,Fridge,KANIKA CRAB STICK 250GM,RM7.20,,https://vgg.bites.com.my/collections/fridge/products/kanika-crab-stick-250gm
https://vgg.bites.com.my/collections/fridge,Fridge,FIGO STEAMBOAT CHOICE 5IN1 500GM,RM12.65,,https://vgg.bites.com.my/collections/fridge/products/figo-steamboat-choice-5in1-500gm
https://vgg.bites.com.my/collections/fridge,Fridge,FIGO SEAFOOD TOFU 500GM,RM13.65,,https://vgg.bites.com.my/collections/fridge/products/figo-seafood-tofu-500gm
https://vgg.bites.com.my/collections/fridge,Fridge,FIGO CHEESE SEAFOOD TOFU 500GM,RM13.65,,https://vgg.bites.com.my/collections/fridge/products/figo-cheese-seafood-tofu-500gm
https://vgg.bites.com.my/collections/fridge,Fridge,ASARI SHORT NECK CLAM 500G,RM10.50,,https://vgg.bites.com.my/collections/fridge/products/asari-short-neck-clam-500g
https://vgg.bites.com.my/collections/fridge,Fridge,FROZEN KING PRAWN 700G (SIZE:31/40),RM75.90,,https://vgg.bites.com.my/collections/fridge/products/frozen-king-prawn-700g-size-31-40
https://vgg.bites.com.my/collections/fridge,Fridge,SEAPACK FILAMENT STICKS 250G,RM5.95,,https://vgg.bites.com.my/collections/fridge/products/seapack-filament-sticks-250g
https://vgg.bites.com.my/collections/fridge,Fridge,NZ ORGANIC HALF SHELL MUSSEL 1KG+-,RM56.99,RM60.90,https://vgg.bites.com.my/collections/fridge/products/nz-organic-half-shell-mussel-1kg
https://vgg.bites.com.my/collections/fridge,Fridge,EVERBEST ZI ZHU FISH 500GM,RM9.60,,https://vgg.bites.com.my/collections/fridge/products/everbest-zi-zhu-fish-500gm
https://vgg.bites.com.my/collections/fridge,Fridge,PACIFIC WEST T/CALAMARI RING 500G,RM16.69,RM33.25,https://vgg.bites.com.my/collections/fridge/products/pacific-west-t-calamari-ring-500g
https://vgg.bites.com.my/collections/fridge,Fridge,DUTCH LADY UHT FULL CREAM 1L,RM7.40,RM7.90,https://vgg.bites.com.my/collections/fridge/products/dutch-lady-uht-full-cream-1l
https://vgg.bites.com.my/collections/fridge,Fridge,DUTCH LADY UHT FRESH 1L,RM8.80,,https://vgg.bites.com.my/collections/fridge/products/dutch-lady-uht-fresh-1l
https://vgg.bites.com.my/collections/fridge,Fridge,FARMHOUSE HICAL LOW FAT 2X1L,RM21.99,RM24.35,https://vgg.bites.com.my/collections/fridge/products/farmhouse-hical-low-fat-2x1l
https://vgg.bites.com.my/collections/fridge,Fridge,VITAGEN ASST TWIN PACK 2X5X125ML,RM11.30,RM11.40,https://vgg.bites.com.my/collections/fridge/products/vitagen-asst-twin-pack-2x5x125ml
https://vgg.bites.com.my/collections/fridge,Fridge,DUTCH LADY UHT FULL CREAM 3X1L,RM19.80,RM22.35,https://vgg.bites.com.my/collections/fridge/products/dutch-lady-uht-full-cream-3x1l
https://vgg.bites.com.my/collections/fridge,Fridge,NESCAFE ICE CAN 240ML,RM2.70,,https://vgg.bites.com.my/collections/fridge/products/nescafe-ice-can-240ml
https://vgg.bites.com.my/collections/fridge,Fridge,PAULS UHT SKIMMED MILK 1L,RM9.95,,https://vgg.bites.com.my/collections/fridge/products/pauls-uht-skimmed-milk-1l
https://vgg.bites.com.my/collections/fridge,Fridge,NESCAFE LATTE CAN 240ML,RM2.70,,https://vgg.bites.com.my/collections/fridge/products/nescafe-latte-can-240ml
https://vgg.bites.com.my/collections/fridge,Fridge,DUTCH LADY UHT STRAWBERRY 1L,RM7.40,RM7.90,https://vgg.bites.com.my/collections/fridge/products/dutch-lady-uht-strawberry-1l
https://vgg.bites.com.my/collections/fridge,Fridge,YAKULT ACE CULTURE MILK 5X80ML,RM5.60,,https://vgg.bites.com.my/collections/fridge/products/yakult-ace-culture-milk-5x80ml
https://vgg.bites.com.my/collections/fridge,Fridge,YAKULT ACE LIGHT 5X80ML,RM6.00,,https://vgg.bites.com.my/collections/fridge/products/yakult-ace-light-5x80ml
https://vgg.bites.com.my/collections/fridge,Fridge,VITAGEN ASST LESS SUGAR 5X125ML,RM6.25,,https://vgg.bites.com.my/collections/fridge/products/vitagen-asst-less-sugar-5x125ml
https://vgg.bites.com.my/collections/fridge,Fridge,VITAGEN LESS SUGAR ASST TWIN PACK 2X5X125ML,RM12.30,,https://vgg.bites.com.my/collections/fridge/products/vitagen-less-sugar-asst-twin-pack-2x5x125ml
https://vgg.bites.com.my/collections/fridge,Fridge,HOMESOY ORIGINAL 1L,RM3.79,RM4.00,https://vgg.bites.com.my/collections/fridge/products/homesoy-original-1l
https://vgg.bites.com.my/collections/fridge,Fridge,HOMESOY BROWN SUGAR 1L,RM3.79,RM4.00,https://vgg.bites.com.my/collections/fridge/products/homesoy-brown-sugar-1l
https://vgg.bites.com.my/collections/fridge,Fridge,HOMESOY NO SUGAR ADDED 1L,RM3.79,RM4.00,https://vgg.bites.com.my/collections/fridge/products/homesoy-no-sugar-added-1l
https://vgg.bites.com.my/collections/fridge,Fridge,GOODDAY UHT FULL CRM MILK 6X200ML,RM9.19,RM11.80,https://vgg.bites.com.my/collections/fridge/products/goodday-uht-full-crm-milk-6x200ml
https://vgg.bites.com.my/collections/fridge,Fridge,HOMESOY INSTANT BREAKFAST SOYA ORIGINAL 10X32G,RM10.89,RM11.35,https://vgg.bites.com.my/collections/fridge/products/homesoy-instant-breakfast-soya-original-10x32g
https://vgg.bites.com.my/collections/fridge,Fridge,AUST OWN ORG UNSWEETENED ALMOND MILK 1 L,RM14.90,RM17.10,https://vgg.bites.com.my/collections/fridge/products/aust-own-org-unsweetened-almond-milk-1-l
https://vgg.bites.com.my/collections/fridge,Fridge,AUST OWN ORG UNSWT SOY MILK LACTOSE FREE 1L,RM10.50,RM12.05,https://vgg.bites.com.my/collections/fridge/products/aust-own-org-unswt-soy-milk-lactose-free-1l
https://vgg.bites.com.my/collections/fridge,Fridge,AUST OWN ORGANIC ALMOND MILK 1L,RM14.90,RM17.10,https://vgg.bites.com.my/collections/fridge/products/aust-own-organic-almond-milk-1l
https://vgg.bites.com.my/collections/fridge,Fridge,EMBORG PIZZA TOPPING SHREDDED 200GM,RM12.75,,https://vgg.bites.com.my/collections/fridge/products/emborg-pizza-topping-shredded-200gm
https://vgg.bites.com.my/collections/fridge,Fridge,SANDY FREE RANGE CHICKEN EGGS 10S,RM14.90,,https://vgg.bites.com.my/collections/fridge/products/sandy-free-range-chicken-eggs-10s
https://vgg.bites.com.my/collections/fridge,Fridge,NUTRI PLUS ORG SELENIUM L 10S,RM8.00,,https://vgg.bites.com.my/collections/fridge/products/nutri-plus-org-selenium-l-10s
https://vgg.bites.com.my/collections/fridge,Fridge,NUTRI PLUS LOW CHOLESTEROL M 10'S,RM8.00,,https://vgg.bites.com.my/collections/fridge/products/nutri-plus-low-cholesterol-m-10-s
https://vgg.bites.com.my/collections/fridge,Fridge,NUTRIPLUS CLASSIC EGGS M 15S,RM11.05,,https://vgg.bites.com.my/collections/fridge/products/nutriplus-classic-eggs-m-15s
https://vgg.bites.com.my/collections/fridge,Fridge,NUTRIPLUS LOW CHOLESTEROL MED 15'S,RM11.60,,https://vgg.bites.com.my/collections/fridge/products/nutriplus-low-cholesterol-med-15-s
https://vgg.bites.com.my/collections/fridge,Fridge,SAFEGG DHA PASTEURIZED SHELL EGGS 6'S,RM11.95,,https://vgg.bites.com.my/collections/fridge/products/safegg-dha-pasteurized-shell-eggs-6-s
https://vgg.bites.com.my/collections/fridge,Fridge,QL D'FRESH QUALITY 15'S LARGE,RM11.20,,https://vgg.bites.com.my/collections/fridge/products/ql-d-fresh-quality-15-s-large
https://vgg.bites.com.my/collections/fridge,Fridge,QL OMEGA 3 & DHA ENRICHED 15'S,RM11.60,,https://vgg.bites.com.my/collections/fridge/products/ql-omega-3-dha-enriched-15-s
https://vgg.bites.com.my/collections/fridge,Fridge,QL D'FRESH L 10'S,RM7.80,,https://vgg.bites.com.my/collections/fridge/products/ql-d-fresh-l-10-s
https://vgg.bites.com.my/collections/fridge,Fridge,NUTRI PLUS OMEGA 3 JUMBO EGGS 10'S,RM9.15,,https://vgg.bites.com.my/collections/fridge/products/nutri-plus-omega-3-jumbo-eggs-10-s
https://vgg.bites.com.my/collections/fridge,Fridge,XO ICE GOOD MORNING VIETNAM COFFEE 473ML,RM36.90,,https://vgg.bites.com.my/collections/fridge/products/xo-ice-good-morning-vietnam-coffee-473ml
https://vgg.bites.com.my/collections/fridge,Fridge,TOUFAYAN CLASSIC PLAIN BAGELS 537G,RM27.40,,https://vgg.bites.com.my/collections/fridge/products/toufayan-classic-plain-bagels-537g
https://vgg.bites.com.my/collections/fridge,Fridge,TYSON BBQ ROASTED CHICKEN DRUMSTICK 500G,RM19.99,RM23.00,https://vgg.bites.com.my/collections/fridge/products/tyson-bbq-roasted-chicken-drumstick-500g
https://vgg.bites.com.my/collections/fridge,Fridge,SPRING HOME ONION ROTI PARATHA 5S 320G,RM5.10,,https://vgg.bites.com.my/collections/fridge/products/spring-home-onion-roti-paratha-5s-320g
https://vgg.bites.com.my/collections/fridge,Fridge,SPRING HOME ROTI PARATHA PLAIN 320G,RM4.80,,https://vgg.bites.com.my/collections/fridge/products/spring-home-roti-paratha-plain-320g
https://vgg.bites.com.my/collections/fridge,Fridge,TYSON CHICKEN NUGGETS 500G,RM17.69,RM19.00,https://vgg.bites.com.my/collections/fridge/products/tyson-chicken-nuggets-500g
https://vgg.bites.com.my/collections/fridge,Fridge,WESTERN BAGEL MINI BAGEL PLAIN 510G,RM42.15,,https://vgg.bites.com.my/collections/fridge/products/western-bagel-mini-bagel-plain-510g
https://vgg.bites.com.my/collections/fridge,Fridge,BINGGRAE MELONA STRAWBERRY 8X80ML,RM29.90,,https://vgg.bites.com.my/collections/fridge/products/binggrae-melona-strawberry-8x80ml
https://vgg.bites.com.my/collections/fridge,Fridge,HAAGEN-DAZS COOKIES&CREAM 100ML,RM9.10,,https://vgg.bites.com.my/collections/fridge/products/haagen-dazs-cookies-cream-100ml
https://vgg.bites.com.my/collections/fridge,Fridge,HAAGEN-DAZS CHOCOLATE CHOC ALMOND 3X80ML,RM26.90,,https://vgg.bites.com.my/collections/fridge/products/haagen-dazs-chocolate-choc-almond-3x80ml
https://vgg.bites.com.my/collections/fridge,Fridge,100 PLUS HYDRATION BAR MULTIPACK 4X75ML,RM10.90,,https://vgg.bites.com.my/collections/fridge/products/100-plus-hydration-bar-multipack-4x75ml
https://vgg.bites.com.my/collections/fridge,Fridge,WALL'S TUB COOKIES & CREAM 750ML,RM15.00,,https://vgg.bites.com.my/collections/fridge/products/wall-s-tub-cookies-cream-750ml
https://vgg.bites.com.my/collections/fridge,Fridge,WALL'S SELECTION CHOC ALMOND 750ML,RM15.00,,https://vgg.bites.com.my/collections/fridge/products/wall-s-selection-choc-almond-750ml
https://vgg.bites.com.my/collections/fridge,Fridge,WALLS MAGNUM IMPULSE CLASSIC 80ML,RM5.75,,https://vgg.bites.com.my/collections/fridge/products/walls-magnum-impulse-classic-80ml
https://vgg.bites.com.my/collections/fridge,Fridge,WALLS MAGNUM IMPULSE ALMOND 80ML,RM5.75,,https://vgg.bites.com.my/collections/fridge/products/walls-magnum-impulse-almond-80ml
https://vgg.bites.com.my/collections/fridge,Fridge,WALLS CHOCOLATE CHIP 1.4L,RM12.30,,https://vgg.bites.com.my/collections/fridge/products/walls-chocolate-chip-14l
https://vgg.bites.com.my/collections/fridge,Fridge,WALL'S 3IN1 TRIPLE CHOCOLATE 1.4L,RM12.25,,https://vgg.bites.com.my/collections/fridge/products/wall-s-3in1-triple-chocolate-1-4l
https://vgg.bites.com.my/collections/fridge,Fridge,TRICIOUS 9.5'' PIZZA HAWAIIAN CHIC 340G,RM17.85,,https://vgg.bites.com.my/collections/fridge/products/tricious-9-5-pizza-hawaiian-chic-340g
https://vgg.bites.com.my/collections/fridge,Fridge,TRICIOUS 9.5'' PIZZA BEEF PEPPERONI 320G,RM17.85,,https://vgg.bites.com.my/collections/fridge/products/tricious-9-5-pizza-beef-pepperoni-320g
https://vgg.bites.com.my/collections/fridge,Fridge,SIMPLOT ORIGINAL WEDGES 750G,RM16.90,,https://vgg.bites.com.my/collections/fridge/products/simplot-original-wedges-750g
https://vgg.bites.com.my/collections/fridge,Fridge,NESTLE VANILLA ICE CREAM 1.5L,RM12.00,,https://vgg.bites.com.my/collections/fridge/products/nestle-vanilla-ice-cream-1-5l
https://vgg.bites.com.my/collections/fridge,Fridge,NESTLE NEOPOLITAN 1.5L,RM12.00,,https://vgg.bites.com.my/collections/fridge/products/nestle-neopolitan-1-5l
https://vgg.bites.com.my/collections/fridge,Fridge,NESTLE CHOCOLATE ICE CREAM 1.5L,RM12.00,,https://vgg.bites.com.my/collections/fridge/products/nestle-chocolate-ice-cream-1-5l
https://vgg.bites.com.my/collections/fridge,Fridge,MARINA CHICKEN SAUSAGE CHILLI FLAKES 340GM,RM6.85,,https://vgg.bites.com.my/collections/fridge/products/marina-chicken-sausage-chilli-flakes-340gm
https://vgg.bites.com.my/collections/fridge,Fridge,LA CREMERIA HAZELNUT CHOCOLATE FANTASY 750ML,RM13.99,RM15.25,https://vgg.bites.com.my/collections/fridge/products/la-cremeria-hazelnut-chocolate-fantasy-750ml
https://vgg.bites.com.my/collections/fridge,Fridge,KINGS ICE CREAM CONE 10S,RM3.75,,https://vgg.bites.com.my/collections/fridge/products/kings-ice-cream-cone-10s
https://vgg.bites.com.my/collections/fridge,Fridge,KG PASTRY S/ROLL 215MMX215MM 500G,RM6.95,,https://vgg.bites.com.my/collections/fridge/products/kg-pastry-sroll-215mmx215mm-500g
https://vgg.bites.com.my/collections/fridge,Fridge,KG PASTRY MANTOU PLAIN 375G (8S),RM4.99,RM5.60,https://vgg.bites.com.my/collections/fridge/products/kg-pastry-mantou-plain-375g-8s
https://vgg.bites.com.my/collections/fridge,Fridge,KG PASTRY MANTOU PANDAN 400G,RM4.99,RM5.60,https://vgg.bites.com.my/collections/fridge/products/kg-pastry-mantou-pandan-400g
https://vgg.bites.com.my/collections/fridge,Fridge,KG PASTRY MANTOU CHOCOLATE 8SX50G,RM4.99,RM5.60,https://vgg.bites.com.my/collections/fridge/products/kg-pastry-mantou-chocolate-8sx50g
https://vgg.bites.com.my/collections/fridge,Fridge,KETO ICE CREAM PINTS BUTTER PECAN 473ML,RM34.90,,https://vgg.bites.com.my/collections/fridge/products/keto-ice-cream-pints-butter-pecan-473ml
https://vgg.bites.com.my/collections/fridge,Fridge,KARTS PAU RED BEAN 6X50G,RM6.65,,https://vgg.bites.com.my/collections/fridge/products/karts-pau-red-bean-6x50g
https://vgg.bites.com.my/collections/fridge,Fridge,KARTS PAU COCONUT 6X50G,RM6.65,,https://vgg.bites.com.my/collections/fridge/products/karts-pau-coconut-6x50g
https://vgg.bites.com.my/collections/fridge,Fridge,HERSHEY'S ALMOND CHOCOLATE ICE BAR 6X52ML,RM19.40,,https://vgg.bites.com.my/collections/fridge/products/hersheys-almond-chocolate-ice-bar-6x52ml
https://vgg.bites.com.my/collections/fridge,Fridge,HAAGEN-DAZS SALTED CARAMEL 473ML,RM27.99,RM39.10,https://vgg.bites.com.my/collections/fridge/products/haagen-dazs-salted-caramel-473ml
https://vgg.bites.com.my/collections/fridge,Fridge,HAAGEN-DAZS MANGO&RASPBERRY 473ML,RM27.99,RM39.00,https://vgg.bites.com.my/collections/fridge/products/haagen-dazs-mango-raspberry-473ml
https://vgg.bites.com.my/collections/fridge,Fridge,HAAGEN-DAZS GREEN TEA 100ML,RM9.10,,https://vgg.bites.com.my/collections/fridge/products/haagen-dazs-green-tea-100ml
https://vgg.bites.com.my/collections/fridge,Fridge,HAAGEN-DAZS BELGIAN CHOC 473ML,RM27.99,RM39.10,https://vgg.bites.com.my/collections/fridge/products/haagen-dazs-belgian-choc-473ml
https://vgg.bites.com.my/collections/fridge,Fridge,HAAGEN-DAZS BELGIAN CHOC 100ML,RM9.10,,https://vgg.bites.com.my/collections/fridge/products/haagen-dazs-belgian-choc-100ml
https://vgg.bites.com.my/collections/fridge,Fridge,EVERBEST VEGE ROASTED CHIC 450GM,RM11.69,RM12.60,https://vgg.bites.com.my/collections/fridge/products/everbest-vege-roasted-chic-450gm
https://vgg.bites.com.my/collections/fridge,Fridge,EVERBEST SEAFOOD TOFU 500GM,RM12.29,RM13.15,https://vgg.bites.com.my/collections/fridge/products/everbest-seafood-tofu-500gm
https://vgg.bites.com.my/collections/fridge,Fridge,EVERBEST RING ROLL 168G,RM11.79,RM12.85,https://vgg.bites.com.my/collections/fridge/products/everbest-ring-roll-168g
https://vgg.bites.com.my/collections/fridge,Fridge,CP TOM YUM JUMBO POP CORN 550G,RM23.85,,https://vgg.bites.com.my/collections/fridge/products/cp-tom-yum-jumbo-pop-corn-550g
https://vgg.bites.com.my/collections/fridge,Fridge,CP SPAGHETTI CARBONARA SAUCE 220G,RM8.50,,https://vgg.bites.com.my/collections/fridge/products/cp-spaghetti-carbonara-sauce-220g
https://vgg.bites.com.my/collections/fridge,Fridge,CP MEXICAN SPICY BBQ CHICKEN 550G,RM21.50,,https://vgg.bites.com.my/collections/fridge/products/cp-mexican-spicy-bbq-chicken-550g
https://vgg.bites.com.my/collections/fridge,Fridge,CP FRIED RICE WITH CHIC SAUSAGE 250G,RM7.90,,https://vgg.bites.com.my/collections/fridge/products/cp-fried-rice-with-chic-sausage-250g
https://vgg.bites.com.my/collections/fridge,Fridge,CP CRISPY FRIED CHICKEN ORIGINAL 600G,RM17.95,,https://vgg.bites.com.my/collections/fridge/products/cp-crispy-fried-chicken-original-600g
https://vgg.bites.com.my/collections/fridge,Fridge,CP CRISPY FRIED CHICKEN HOT & SPICY 600G,RM17.95,,https://vgg.bites.com.my/collections/fridge/products/cp-crispy-fried-chicken-hot-spicy-600g
https://vgg.bites.com.my/collections/fridge,Fridge,CP CRISPY CHICKEN FINGER WITH DHA 550G,RM14.39,RM16.90,https://vgg.bites.com.my/collections/fridge/products/cp-crispy-chicken-finger-with-dha-550g
https://vgg.bites.com.my/collections/fridge,Fridge,CP COOKED SHRIMP WONTON 145G,RM13.00,,https://vgg.bites.com.my/collections/fridge/products/cp-cooked-shrimp-wonton-145g
https://vgg.bites.com.my/collections/fridge,Fridge,CP CHICKEN ROLL 550G,RM17.45,,https://vgg.bites.com.my/collections/fridge/products/cp-chicken-roll-550g
https://vgg.bites.com.my/collections/fridge,Fridge,CP CHICKEN POPCORN ORIGINAL 550G,RM23.85,,https://vgg.bites.com.my/collections/fridge/products/cp-chicken-popcorn-original-550g
https://vgg.bites.com.my/collections/fridge,Fridge,BULLA DOUBLE CRUNCH 8'S,RM26.25,,https://vgg.bites.com.my/collections/fridge/products/bulla-double-crunch-8-s
https://vgg.bites.com.my/collections/fridge,Fridge,BULLA CRUNCH VARIETY PACK  8'S,RM26.25,,https://vgg.bites.com.my/collections/fridge/products/bulla-crunch-variety-pack-8-s
https://vgg.bites.com.my/collections/fridge,Fridge,BULLA CREAMY CLASSIC COOKIES & CREAM 2L,RM31.90,,https://vgg.bites.com.my/collections/fridge/products/bulla-creamy-classic-cookies-cream-2l
https://vgg.bites.com.my/collections/fridge,Fridge,BULLA CREAMY CLASSIC VANILLA & BOYSENBERRY 2L,RM31.90,,https://vgg.bites.com.my/collections/fridge/products/bulla-creamy-classic-vanilla-boysenberry-2l
https://vgg.bites.com.my/collections/fridge,Fridge,BULLA CREAMY CLASSIC RICH CHOC CHIP 2L,RM31.90,,https://vgg.bites.com.my/collections/fridge/products/bulla-creamy-classic-rich-choc-chip-2l
https://vgg.bites.com.my/collections/fridge,Fridge,BULLA CREAMY CLASSIC CREAMY VANILLA 2L,RM31.90,,https://vgg.bites.com.my/collections/fridge/products/bulla-creamy-classic-creamy-vanilla-2l
https://vgg.bites.com.my/collections/fridge,Fridge,BINGGRAE MELONA MANGO 8X80ML,RM29.90,,https://vgg.bites.com.my/collections/fridge/products/binggrae-melona-mango-8x80ml
https://vgg.bites.com.my/collections/fridge,Fridge,BINGGRAE MELONA HONEY MELON 8X80ML,RM29.90,,https://vgg.bites.com.my/collections/fridge/products/binggrae-melona-honey-melon-8x80ml
https://vgg.bites.com.my/collections/fridge,Fridge,WESTERN BAGEL SESAME 510G,RM32.85,,https://vgg.bites.com.my/collections/fridge/products/western-bagel-sesame-510g
https://vgg.bites.com.my/collections/fridge,Fridge,WESTERN BAGEL PLAIN 510G,RM27.05,,https://vgg.bites.com.my/collections/fridge/products/western-bagel-plain-510g
https://vgg.bites.com.my/collections/fridge,Fridge,RAMLY TEMPURA NUGGET 1KG,RM19.60,,https://vgg.bites.com.my/collections/fridge/products/ramly-tempura-nugget-1kg
https://vgg.bites.com.my/collections/fridge,Fridge,NUTRIPLUS TEMPURA CHEESE NUGGET 800G,RM18.79,RM22.10,https://vgg.bites.com.my/collections/fridge/products/nutriplus-tempura-cheese-nugget-800g
https://vgg.bites.com.my/collections/fridge,Fridge,MARINA CHICKEN SAUSAGE ORIGINAL 300G,RM6.85,,https://vgg.bites.com.my/collections/fridge/products/marina-chicken-sausage-original-300g
https://vgg.bites.com.my/collections/fridge,Fridge,MARINA CHICKEN SAUSAGE CHEESE 340G,RM8.55,,https://vgg.bites.com.my/collections/fridge/products/marina-chicken-sausage-cheese-340g
https://vgg.bites.com.my/collections/fridge,Fridge,LA CREMERIA SUMMER BERRIES YOGUR 750ML,RM13.99,RM15.25,https://vgg.bites.com.my/collections/fridge/products/la-cremeria-summer-berries-yogur-750ml
https://vgg.bites.com.my/collections/fridge,Fridge,LA CREMERIA ALMOND PECAN PASSION 750ML,RM13.99,RM15.25,https://vgg.bites.com.my/collections/fridge/products/la-cremeria-almond-pecan-passion-750ml
https://vgg.bites.com.my/collections/fridge,Fridge,KAWAN ROTI BOOM 8X60G,RM9.90,,https://vgg.bites.com.my/collections/fridge/products/kawan-roti-boom-8x60g
https://vgg.bites.com.my/collections/fridge,Fridge,FELICIE 16 MINI BLINIS 80G,RM18.05,,https://vgg.bites.com.my/collections/fridge/products/felicie-16-mini-blinis-80g
https://vgg.bites.com.my/collections/fridge,Fridge,FELICIE 10 MINI CREPES 150G,RM15.95,,https://vgg.bites.com.my/collections/fridge/products/felicie-10-mini-crepes-150g
https://vgg.bites.com.my/collections/fridge,Fridge,CHINA LOTUS SEED PKT,RM3.00,,https://vgg.bites.com.my/collections/fridge/products/china-lotus-seed-pkt
https://vgg.bites.com.my/collections/fridge,Fridge,AYAMAS CHICKEN FRANKFURTER 340G,RM7.20,,https://vgg.bites.com.my/collections/fridge/products/ayamas-chicken-frankfurter-340g
https://vgg.bites.com.my/collections/fridge,Fridge,CF TRADITIONAL TOFU 250G,RM2.75,,https://vgg.bites.com.my/collections/fridge/products/cf-traditional-tofu-250g
https://vgg.bites.com.my/collections/fridge,Fridge,BEGA PROCESSED CHEESE CHEDDAR 250GM,RM14.55,,https://vgg.bites.com.my/collections/fridge/products/bega-processed-cheese-cheddar-250gm
https://vgg.bites.com.my/collections/fridge,Fridge,CHRIS DIP-HOMMUS DIP 200G,RM29.90,,https://vgg.bites.com.my/collections/fridge/products/chris-dip-hommus-dip-200g
https://vgg.bites.com.my/collections/fridge,Fridge,CHRIS DIPS THREE OLIVE,RM20.99,RM29.90,https://vgg.bites.com.my/collections/fridge/products/chris-dips-three-olive
https://vgg.bites.com.my/collections/fridge,Fridge,LACTEL NATURAL SET YOGURT 470G,RM8.20,,https://vgg.bites.com.my/collections/fridge/products/lactel-natural-set-yogurt-470g
https://vgg.bites.com.my/collections/fridge,Fridge,PRESIDENT BURGER W CHEDDAR CHEESE SLICES 400G,RM26.15,,https://vgg.bites.com.my/collections/fridge/products/president-burger-w-cheddar-cheese-slices-400g
https://vgg.bites.com.my/collections/fridge,Fridge,PRESIDENT HAMBURGER CHEESE SLICED 200GM,RM15.30,,https://vgg.bites.com.my/collections/fridge/products/president-hamburger-cheese-sliced-200gm
https://vgg.bites.com.my/collections/fridge,Fridge,PRESIDENT SALTED BUTTER 200G,RM20.85,,https://vgg.bites.com.my/collections/fridge/products/president-salted-butter-200g
https://vgg.bites.com.my/collections/fridge,Fridge,PRESIDENT UNSALTED BUTTER 200G,RM20.85,,https://vgg.bites.com.my/collections/fridge/products/president-unsalted-butter-200g
https://vgg.bites.com.my/collections/fridge,Fridge,SUNGLO FRESH YOGURT 1.5KG,RM16.89,RM18.05,https://vgg.bites.com.my/collections/fridge/products/sunglo-fresh-yogurt-15kg
https://vgg.bites.com.my/collections/fridge,Fridge,TATURA CRM CHEESE 500G,RM21.60,,https://vgg.bites.com.my/collections/fridge/products/tatura-crm-cheese-500g
https://vgg.bites.com.my/collections/fridge,Fridge,BULLA CREAMY CLASSIC MINT CHOC CHIP 2L,RM31.90,,https://vgg.bites.com.my/collections/fridge/products/bulla-creamy-classic-mint-choc-chip-2l
https://vgg.bites.com.my/collections/fridge,Fridge,GIPPSLAND DAIRY MIX/FLIP CHOC FUDGE HONEYCOMB 140G,RM16.55,,https://vgg.bites.com.my/collections/fridge/products/gippsland-dairy-mix-flip-choc-fudge-honeycomb-140g
https://vgg.bites.com.my/collections/fridge,Fridge,ROKEBY PROTEIN SMOOTHIE DUTCH CHOCOLATE 425ML,RM15.15,,https://vgg.bites.com.my/collections/fridge/products/rokeby-protein-smoothie-dutch-chocolate-425ml
https://vgg.bites.com.my/collections/fridge,Fridge,SANITARIUM SO GOOD ALMOND MILK CHOCOLATE 1L,RM10.99,RM12.35,https://vgg.bites.com.my/collections/fridge/products/sanitarium-so-good-almond-milk-chocolate-1l
https://vgg.bites.com.my/collections/fridge,Fridge,SANITARIUM SO GOOD ALMOND MILK VANILLA 1L,RM10.99,RM12.35,https://vgg.bites.com.my/collections/fridge/products/sanitarium-so-good-almond-milk-vanilla-1l
https://vgg.bites.com.my/collections/fridge,Fridge,SANITARIUM SO GOOD OAT MILK UNSWEETENED 1L,RM10.99,RM12.35,https://vgg.bites.com.my/collections/fridge/products/sanitarium-so-good-oat-milk-unsweetened-1l
https://vgg.bites.com.my/collections/fridge,Fridge,SUNSHINE GARLIC BREAD WITH ONION 270G,RM10.55,,https://vgg.bites.com.my/collections/fridge/products/sunshine-garlic-bread-with-onion-270g
https://vgg.bites.com.my/collections/fridge,Fridge,"LACTEL BLISS YOG DRINK TROP, MIX FRUIT 200G",RM3.05,,https://vgg.bites.com.my/collections/fridge/products/lactel-bliss-yog-drink-trop-mix-fruit-200g
https://vgg.bites.com.my/collections/fridge,Fridge,GOLDEN CHURN AVOCADO TUB BUTTER 200G,RM22.09,RM24.65,https://vgg.bites.com.my/collections/fridge/products/golden-churn-avocado-tub-butter-200g
https://vgg.bites.com.my/collections/fridge,Fridge,BUTTERCUP LUXURY SPREAD 227G,RM8.19,RM9.15,https://vgg.bites.com.my/collections/fridge/products/buttercup-luxury-spread-227g
https://vgg.bites.com.my/collections/fridge,Fridge,GOLDEN CHURN TUB BUTTER 250G,RM22.09,RM24.65,https://vgg.bites.com.my/collections/fridge/products/golden-churn-tub-butter-250g
https://vgg.bites.com.my/collections/fridge,Fridge,GOLDEN CHURN OLIVE TUB BUTTER 200G,RM22.09,RM24.65,https://vgg.bites.com.my/collections/fridge/products/golden-churn-olive-tub-butter-200g
https://vgg.bites.com.my/collections/fridge,Fridge,EMBORG POTATO WEDGES 750G,RM15.70,,https://vgg.bites.com.my/collections/fridge/products/emborg-potato-wedges-750g
https://vgg.bites.com.my/collections/fridge,Fridge,CHRIS DIPS CHEESE & CHIVES 200GM,RM20.99,RM29.90,https://vgg.bites.com.my/collections/fridge/products/chris-dips-cheese-chives-200gm
https://vgg.bites.com.my/collections/fridge,Fridge,CHRIS DIPS FRENCH ONION DIPS,RM20.99,RM29.90,https://vgg.bites.com.my/collections/fridge/products/chris-dips-french-onion-dips
https://vgg.bites.com.my/collections/fridge,Fridge,CHRIS DIPS SPICY CAPSICUM 200GM,RM20.99,RM29.90,https://vgg.bites.com.my/collections/fridge/products/chris-dips-spicy-capsicum-200gm
https://vgg.bites.com.my/collections/fridge,Fridge,NOBLE GREEN BELGIUM WAFFLES PANDAN 4X50G,RM12.00,,https://vgg.bites.com.my/collections/fridge/products/noble-green-belgium-waffles-pandan-4x50g
https://vgg.bites.com.my/collections/fridge,Fridge,GLENSTAL IRISH EXTRA MATURE CHEDDAR 200G,RM26.85,,https://vgg.bites.com.my/collections/fridge/products/glenstal-irish-extra-mature-cheddar-200g
https://vgg.bites.com.my/collections/fridge,Fridge,UFC VELVET COCONUT MILK DRINK UNSWEETENED 1L,RM9.39,RM10.30,https://vgg.bites.com.my/collections/fridge/products/ufc-velvet-coconut-milk-drink-unsweetened-1l
https://vgg.bites.com.my/collections/fridge,Fridge,TATUA COOKING CREAM 500G,RM11.99,RM14.00,https://vgg.bites.com.my/collections/fridge/products/tatua-cooking-cream-500g
https://vgg.bites.com.my/collections/fridge,Fridge,LA CREMERIA CHOC BROWNIE FUDGE & BCOOKIES 750ML,RM13.90,,https://vgg.bites.com.my/collections/fridge/products/la-cremeria-choc-brownie-fudge-bcookies-750ml
https://vgg.bites.com.my/collections/fridge,Fridge,JONGGA MAT KIMCHI 200G,RM15.75,,https://vgg.bites.com.my/collections/fridge/products/jongga-mat-kimchi-200g
https://vgg.bites.com.my/collections/fridge,Fridge,"LACTEL BLISS PLUS APPLE,CRANBERRY,POMEGRNTE 700ML",RM7.00,,https://vgg.bites.com.my/collections/fridge/products/lactel-bliss-plus-apple-cranberry-pomegrnte-700ml
https://vgg.bites.com.my/collections/fridge,Fridge,HOMESOY HONEY MELON 6X250ML,RM8.20,,https://vgg.bites.com.my/collections/fridge/products/homesoy-honey-melon-6x250ml
https://vgg.bites.com.my/collections/fridge,Fridge,HOMESOY INSTANT BREAKFAST SOYA MULTIGRAIN 10X32G,RM10.89,RM11.35,https://vgg.bites.com.my/collections/fridge/products/homesoy-instant-breakfast-soya-multigrain-10x32g
https://vgg.bites.com.my/collections/fridge,Fridge,HOMESOY NO SUGAR ADDED 3.0 946ML,RM5.10,,https://vgg.bites.com.my/collections/fridge/products/homesoy-no-sugar-added-3-0-946ml
https://vgg.bites.com.my/collections/fridge,Fridge,FAMILY MOZZARELLA MILD GRATED 150G,RM15.60,,https://vgg.bites.com.my/collections/fridge/products/family-mozzarella-mild-grated-150g
https://vgg.bites.com.my/collections/fridge,Fridge,FAMILY MOZZARELLA LOW FAT GRATED 150G,RM14.35,,https://vgg.bites.com.my/collections/fridge/products/family-mozzarella-low-fat-grated-150g
https://vgg.bites.com.my/collections/fridge,Fridge,FAMILY TOPPING CHEDDAR SHREDDED 150G,RM14.35,,https://vgg.bites.com.my/collections/fridge/products/family-topping-cheddar-shredded-150g
https://vgg.bites.com.my/collections/fridge,Fridge,GLENSTAL IRISH MILD CHEDDAR 200G,RM28.45,,https://vgg.bites.com.my/collections/fridge/products/glenstal-irish-mild-cheddar-200g
https://vgg.bites.com.my/collections/fridge,Fridge,GLENSTAL IRISH VINTAGE CHEDDAR 200G,RM26.85,,https://vgg.bites.com.my/collections/fridge/products/glenstal-irish-vintage-cheddar-200g
https://vgg.bites.com.my/collections/fridge,Fridge,CHOBANI FLIP MINT CHOCOLATE CHIP 140G,RM12.69,RM14.10,https://vgg.bites.com.my/collections/fridge/products/chobani-flip-mint-chocolate-chip-140g
https://vgg.bites.com.my/collections/fridge,Fridge,FARMERS UNION GREEK STYLE NAT YOG 1KG,RM35.75,,https://vgg.bites.com.my/collections/fridge/products/farmers-union-greek-style-nat-yog-1kg
https://vgg.bites.com.my/collections/fridge,Fridge,FARMERS UNION GREEK VANILLA 950G,RM32.90,RM36.85,https://vgg.bites.com.my/collections/fridge/products/farmers-union-greek-vanilla-950g
https://vgg.bites.com.my/collections/fridge,Fridge,FARM FRESH FRUIT PUNCH YOGURT DRINK 700G,RM6.90,,https://vgg.bites.com.my/collections/fridge/products/farm-fresh-fruit-punch-yogurt-drink-700g
https://vgg.bites.com.my/collections/fridge,Fridge,FARM FRESH MANGO TANGO YOG DRINK 700ML,RM6.90,,https://vgg.bites.com.my/collections/fridge/products/farm-fresh-mango-tango-yog-drink-700ml
https://vgg.bites.com.my/collections/fridge,Fridge,FARM FRESH MIXED BERRIES YOG DRINK 700ML,RM6.90,,https://vgg.bites.com.my/collections/fridge/products/farm-fresh-mixed-berries-yog-drink-700ml
https://vgg.bites.com.my/collections/fridge,Fridge,FARM FRESH ORIGINAL NAT YOG DRINK 700ML,RM6.55,,https://vgg.bites.com.my/collections/fridge/products/farm-fresh-original-nat-yog-drink-700ml
https://vgg.bites.com.my/collections/fridge,Fridge,FARM FRESH STRAWBERRIES YOG DRINK 700ML,RM6.90,,https://vgg.bites.com.my/collections/fridge/products/farm-fresh-strawberries-yog-drink-700ml
https://vgg.bites.com.my/collections/fridge,Fridge,LESCURE SALTED ROLLED BUTTER 250G,RM27.50,,https://vgg.bites.com.my/collections/fridge/products/lescure-salted-rolled-butter-250g
https://vgg.bites.com.my/collections/fridge,Fridge,MAESTRO FARM CHOCOLATE MILK 1L,RM9.15,,https://vgg.bites.com.my/collections/fridge/products/maestro-farm-chocolate-milk-1l
https://vgg.bites.com.my/collections/fridge,Fridge,MAESTRO FARM FULL CREAM MILK 1L,RM8.95,,https://vgg.bites.com.my/collections/fridge/products/maestro-farm-full-cream-milk-1l
https://vgg.bites.com.my/collections/fridge,Fridge,SANITARIUM SO GOOD ALMOND & COCONUT MILK UNSWT 1L,RM10.99,RM12.35,https://vgg.bites.com.my/collections/fridge/products/sanitarium-so-good-almond-coconut-milk-unswt-1l
https://vgg.bites.com.my/collections/fridge,Fridge,SANITARIUM SO GOOD OAT CHOCOLATE 1L,RM12.99,RM14.30,https://vgg.bites.com.my/collections/fridge/products/sanitarium-so-good-oat-chocolate-1l
https://vgg.bites.com.my/collections/fridge,Fridge,BONI PARMIGIANO REGGIANO DOP 200G,RM37.40,,https://vgg.bites.com.my/collections/fridge/products/boni-parmigiano-reggiano-dop-200g
https://vgg.bites.com.my/collections/fridge,Fridge,KERRYGOLD RED CHEDDAR SLICE 150GM,RM21.40,,https://vgg.bites.com.my/collections/fridge/products/kerrygold-red-cheddar-slice-150gm
https://vgg.bites.com.my/collections/fridge,Fridge,TYSON BUFFALO CHICKEN WING STICK 600G,RM19.99,RM23.00,https://vgg.bites.com.my/collections/fridge/products/tyson-buffalo-chicken-wing-stick-600g
https://vgg.bites.com.my/collections/fridge,Fridge,ANCHOR UHT WHIPPING CREAM 1L,RM34.65,,https://vgg.bites.com.my/collections/fridge/products/anchor-uht-whipping-cream-1l
https://vgg.bites.com.my/collections/fridge,Fridge,ANCHOR UHT WHIPPING CREAM 200ML,RM8.10,,https://vgg.bites.com.my/collections/fridge/products/anchor-uht-whipping-cream-200ml
https://vgg.bites.com.my/collections/fridge,Fridge,ARLA SANDWICH SLICE 200G,RM9.89,RM10.55,https://vgg.bites.com.my/collections/fridge/products/arla-sandwich-slice-200g
https://vgg.bites.com.my/collections/fridge,Fridge,ARLA BURGER SLICE 200G,RM9.89,RM10.55,https://vgg.bites.com.my/collections/fridge/products/arla-burger-slice-200g
https://vgg.bites.com.my/collections/fridge,Fridge,ARLA/CASTELLO BRIE CHEESE IN TIN 125GM,RM18.05,,https://vgg.bites.com.my/collections/fridge/products/arla-castello-brie-cheese-in-tin-125gm
https://vgg.bites.com.my/collections/fridge,Fridge,ARLA/CASTELLO CAMEMBERT CHEESE IN TIN 125GM,RM18.25,,https://vgg.bites.com.my/collections/fridge/products/arla-castello-camembert-cheese-in-tin-125gm
https://vgg.bites.com.my/collections/fridge,Fridge,AVONMORE SALTED BUTTER 200G,RM18.90,,https://vgg.bites.com.my/collections/fridge/products/avonmore-salted-butter-200g
https://vgg.bites.com.my/collections/fridge,Fridge,BEGA JUNIOR NAT CHEESE STICKS 8'S,RM23.35,,https://vgg.bites.com.my/collections/fridge/products/bega-junior-nat-cheese-sticks-8-s
https://vgg.bites.com.my/collections/fridge,Fridge,BEN & JERRY'S NEW YORK SUPER FUDGE CHUNK 473ML,RM39.35,,https://vgg.bites.com.my/collections/fridge/products/ben-jerry-s-new-york-super-fudge-chunk-473ml
https://vgg.bites.com.my/collections/fridge,Fridge,BIRDS EYE OMEGA 3 FISH FINGERS 280G,RM29.30,,https://vgg.bites.com.my/collections/fridge/products/birds-eye-omega-3-fish-fingers-280g
https://vgg.bites.com.my/collections/fridge,Fridge,CALPIS GRAPE 350ML,RM2.40,,https://vgg.bites.com.my/collections/fridge/products/calpis-grape-350ml
https://vgg.bites.com.my/collections/fridge,Fridge,CALPIS MANGO 1L,RM6.20,,https://vgg.bites.com.my/collections/fridge/products/calpis-mango-1l
https://vgg.bites.com.my/collections/fridge,Fridge,CALPIS MANGO 350ML,RM2.40,,https://vgg.bites.com.my/collections/fridge/products/calpis-mango-350ml
https://vgg.bites.com.my/collections/fridge,Fridge,CALPIS ORIGINAL 350ML,RM2.40,,https://vgg.bites.com.my/collections/fridge/products/calpis-original-350ml
https://vgg.bites.com.my/collections/fridge,Fridge,CASTELLO BLUE CHEESE PORTION 100GM,RM15.05,,https://vgg.bites.com.my/collections/fridge/products/castello-blue-cheese-portion-100gm
https://vgg.bites.com.my/collections/fridge,Fridge,CASTELLO EXTRA CREAMY BLUE CHEESE 100GM,RM15.05,,https://vgg.bites.com.my/collections/fridge/products/castello-extra-creamy-blue-cheese-100gm
https://vgg.bites.com.my/collections/fridge,Fridge,CHESDALE CHEESE 6S-125G,RM7.70,,https://vgg.bites.com.my/collections/fridge/products/chesdale-cheese-6s-125g
https://vgg.bites.com.my/collections/fridge,Fridge,CHOBANI GREEK YOGHURT 0% FAT STRAWBERRY 160G,RM11.69,RM13.15,https://vgg.bites.com.my/collections/fridge/products/chobani-greek-yoghurt-0-fat-strawberry-160g
https://vgg.bites.com.my/collections/fridge,Fridge,CHOBANI GREEK YOGHURT 0% FAT BLUEBERRY 160G,RM11.69,RM13.15,https://vgg.bites.com.my/collections/fridge/products/chobani-greek-yoghurt-0-fat-blueberry-160g
https://vgg.bites.com.my/collections/fridge,Fridge,CHOBANI GREEK YOGHURT 0% FAT NATURAL LIGHT 160G,RM11.69,RM13.15,https://vgg.bites.com.my/collections/fridge/products/chobani-greek-yoghurt-0-fat-natural-light-160g
https://vgg.bites.com.my/collections/fridge,Fridge,CHOBANI GREEK YOGHURT 2% FAT MANGO 160G,RM11.69,RM13.15,https://vgg.bites.com.my/collections/fridge/products/chobani-greek-yoghurt-2-fat-mango-160g
https://vgg.bites.com.my/collections/fridge,Fridge,CHOBANI FLIP COOKIES & CREAM CRUNCH 140G,RM12.69,RM14.10,https://vgg.bites.com.my/collections/fridge/products/chobani-flip-cookies-cream-crunch-140g
https://vgg.bites.com.my/collections/fridge,Fridge,CORNETTO CLASSIC CHOCOLATE 66G,RM3.15,,https://vgg.bites.com.my/collections/fridge/products/cornetto-classic-chocolate-66g
https://vgg.bites.com.my/collections/fridge,Fridge,CORNETTO CLASSIC VANILLA 66G,RM3.15,,https://vgg.bites.com.my/collections/fridge/products/cornetto-classic-vanilla-66g
https://vgg.bites.com.my/collections/fridge,Fridge,CREAPAN AMERICAN PANCAKES 6X40G,RM20.25,,https://vgg.bites.com.my/collections/fridge/products/creapan-american-pancakes-6x40g
https://vgg.bites.com.my/collections/fridge,Fridge,DUTCH LADY PAST CHOCOLATE MILK 1L,RM8.90,,https://vgg.bites.com.my/collections/fridge/products/dutch-lady-past-chocolate-milk-1l
https://vgg.bites.com.my/collections/fridge,Fridge,ANLENE LOW FAT YOGURT M/BERRIES 110G,RM1.99,RM2.05,https://vgg.bites.com.my/collections/fridge/products/anlene-low-fat-yogurt-m-berries-110g
https://vgg.bites.com.my/collections/fridge,Fridge,ANLENE LOW FAT YOGURT MANGO 110G,RM1.99,RM2.05,https://vgg.bites.com.my/collections/fridge/products/anlene-low-fat-yogurt-mango-110g
https://vgg.bites.com.my/collections/fridge,Fridge,APETINA FETA CHEESE IN SPICES 100G,RM11.30,,https://vgg.bites.com.my/collections/fridge/products/apetina-feta-cheese-in-spices-100g
https://vgg.bites.com.my/collections/fridge,Fridge,APETINA FETA CHEESE W OLIVES 100G,RM11.30,,https://vgg.bites.com.my/collections/fridge/products/apetina-feta-cheese-w-olives-100g
https://vgg.bites.com.my/collections/fridge,Fridge,ARLA APETINA FETA CUBES IN BRINE 200G,RM21.30,,https://vgg.bites.com.my/collections/fridge/products/arla-apetina-feta-cubes-in-brine-200g
https://vgg.bites.com.my/collections/fridge,Fridge,ARLA APETINA FETA HERBS&SPICES IN OIL 275G,RM19.10,,https://vgg.bites.com.my/collections/fridge/products/arla-apetina-feta-herbs-spices-in-oil-275g
https://vgg.bites.com.my/collections/fridge,Fridge,AUSTRALIA'S OWN UNSWEETENED ORGANIC OAT MILK 1L,RM14.90,RM17.10,https://vgg.bites.com.my/collections/fridge/products/australia-s-own-unsweetened-organic-oat-milk-1l
https://vgg.bites.com.my/collections/fridge,Fridge,AVONMORE UNSALTED BUTTER 200G,RM18.90,,https://vgg.bites.com.my/collections/fridge/products/avonmore-unsalted-butter-200g
https://vgg.bites.com.my/collections/fridge,Fridge,BEGA STRONG&BITEY VINTAGE CHEESE SLICE 250G,RM21.65,,https://vgg.bites.com.my/collections/fridge/products/bega-strong-bitey-vintage-cheese-slice-250g
https://vgg.bites.com.my/collections/fridge,Fridge,JONGGA MAT KIMCHI 380G,RM20.00,RM20.40,https://vgg.bites.com.my/collections/fridge/products/jongga-mat-kimchi-380g
https://vgg.bites.com.my/collections/fridge,Fridge,DAISY SOFT MARJERIN 240G,RM6.90,,https://vgg.bites.com.my/collections/fridge/products/daisy-soft-marjerin-240g
https://vgg.bites.com.my/collections/fridge,Fridge,DUTCH LADY PAST FRESH MILK 1L,RM9.10,,https://vgg.bites.com.my/collections/fridge/products/dutch-lady-past-fresh-milk-1l
https://vgg.bites.com.my/collections/fridge,Fridge,EB ALASKA FISH FILLET 350G,RM27.50,,https://vgg.bites.com.my/collections/fridge/products/eb-alaska-fish-fillet-350g
https://vgg.bites.com.my/collections/fridge,Fridge,EB ALASKA FISH FINGER 270G,RM20.90,,https://vgg.bites.com.my/collections/fridge/products/eb-alaska-fish-finger-270g
https://vgg.bites.com.my/collections/fridge,Fridge,EB CHEESE STICK 280G,RM25.50,,https://vgg.bites.com.my/collections/fridge/products/eb-cheese-stick-280g
https://vgg.bites.com.my/collections/fridge,Fridge,EB CHEEZY CHICKEN NUGGET 380G,RM14.65,,https://vgg.bites.com.my/collections/fridge/products/eb-cheezy-chicken-nugget-380g
https://vgg.bites.com.my/collections/fridge,Fridge,EB ORIGINAL POPCORN CHICKEN 380G,RM12.30,,https://vgg.bites.com.my/collections/fridge/products/eb-original-popcorn-chicken-380g
https://vgg.bites.com.my/collections/fridge,Fridge,EB TEMPURA CHICKEN NUGGET 380G,RM11.25,,https://vgg.bites.com.my/collections/fridge/products/eb-tempura-chicken-nugget-380g
https://vgg.bites.com.my/collections/fridge,Fridge,EB TIGER PRAWN ROLL 250G,RM20.19,RM21.50,https://vgg.bites.com.my/collections/fridge/products/eb-tiger-prawn-roll-250g
https://vgg.bites.com.my/collections/fridge,Fridge,EB TOMYUM POPCORN CHICKEN 380G,RM13.20,,https://vgg.bites.com.my/collections/fridge/products/eb-tomyum-popcorn-chicken-380g
https://vgg.bites.com.my/collections/fridge,Fridge,ELLE+VIRE STRAWBERRY YOGURT 125GM,RM4.70,,https://vgg.bites.com.my/collections/fridge/products/elle-vire-strawberry-yogurt-125gm
https://vgg.bites.com.my/collections/fridge,Fridge,EMBORG DAN BLUE CHEESE PORTION 100GM,RM12.05,,https://vgg.bites.com.my/collections/fridge/products/emborg-dan-blue-cheese-portion-100gm
https://vgg.bites.com.my/collections/fridge,Fridge,ELLE&VIRE FRUITS-BLUEBERRY 125G,RM4.70,,https://vgg.bites.com.my/collections/fridge/products/elle-vire-fruits-blueberry-125g
https://vgg.bites.com.my/collections/fridge,Fridge,EMBORG MOZZARELLA SHREDDED 500G,RM38.25,RM39.50,https://vgg.bites.com.my/collections/fridge/products/emborg-mozzarella-shredded-500g
https://vgg.bites.com.my/collections/fridge,Fridge,EMBORG PERFECT SLICES BURGER 400G,RM16.15,,https://vgg.bites.com.my/collections/fridge/products/emborg-perfect-slices-burger-400g
https://vgg.bites.com.my/collections/fridge,Fridge,EMBORG PERFECT BURGER SLICES 200G,RM9.05,,https://vgg.bites.com.my/collections/fridge/products/emborg-perfect-burger-slices-200g
https://vgg.bites.com.my/collections/fridge,Fridge,EMBORG PIZZA TOPPING BLOCK 200G,RM14.15,,https://vgg.bites.com.my/collections/fridge/products/emborg-pizza-topping-block-200g
https://vgg.bites.com.my/collections/fridge,Fridge,EMBORG AMERICAN SLICES CHEDDAR 400G,RM23.79,RM26.70,https://vgg.bites.com.my/collections/fridge/products/emborg-american-slices-cheddar-400g
https://vgg.bites.com.my/collections/fridge,Fridge,EMBORG U'GO PEACH & PASSIONFRUIT 100G,RM3.15,,https://vgg.bites.com.my/collections/fridge/products/emborg-u-go-peach-passionfruit-100g
https://vgg.bites.com.my/collections/fridge,Fridge,EMBORG U'GO STRAWBERRY 100G,RM3.15,,https://vgg.bites.com.my/collections/fridge/products/emborg-u-go-strawberry-100g
https://vgg.bites.com.my/collections/fridge,Fridge,EMMI GREEK STYLE YOG PEACH 150GM,RM13.85,,https://vgg.bites.com.my/collections/fridge/products/emmi-greek-style-yog-peach-150gm
https://vgg.bites.com.my/collections/fridge,Fridge,EMMI GREEK STYLE YOG STRAWBERRY 150GM,RM13.85,,https://vgg.bites.com.my/collections/fridge/products/emmi-greek-style-yog-strawberry-150gm
https://vgg.bites.com.my/collections/fridge,Fridge,EMMI GREEK STYLE YOGURT BLUEBERRY 150G,RM13.85,,https://vgg.bites.com.my/collections/fridge/products/emmi-greek-style-yogurt-blueberry-150g
https://vgg.bites.com.my/collections/fridge,Fridge,EMMI GREEK STYLE YOGURT MANGO 150G,RM13.85,,https://vgg.bites.com.my/collections/fridge/products/emmi-greek-style-yogurt-mango-150g
https://vgg.bites.com.my/collections/fridge,Fridge,EMMI GREEK STYLE YOGURT RASPBERRY 150G,RM13.85,,https://vgg.bites.com.my/collections/fridge/products/emmi-greek-style-yogurt-raspberry-150g
https://vgg.bites.com.my/collections/fridge,Fridge,EMMI SWISS PREMIUM BLUEBERRY FOREST FRUIT YOG 450G,RM25.20,,https://vgg.bites.com.my/collections/fridge/products/emmi-swiss-premium-blueberry-forest-fruit-yog-450g
https://vgg.bites.com.my/collections/fridge,Fridge,EMMI SWISS YOGURT APRICOT 1KG,RM39.95,,https://vgg.bites.com.my/collections/fridge/products/emmi-swiss-yogurt-apricot-1kg
https://vgg.bites.com.my/collections/fridge,Fridge,EMMI SWISS YOGURT BLUEBERRY 1KG,RM39.95,,https://vgg.bites.com.my/collections/fridge/products/emmi-swiss-yogurt-blueberry-1kg
https://vgg.bites.com.my/collections/fridge,Fridge,EMMI SWISS YOGURT MANGO 1KG,RM39.95,,https://vgg.bites.com.my/collections/fridge/products/emmi-swiss-yogurt-mango-1kg
https://vgg.bites.com.my/collections/fridge,Fridge,EMMI SWISS YOGURT STRAWBERRY 1KG,RM39.95,,https://vgg.bites.com.my/collections/fridge/products/emmi-swiss-yogurt-strawberry-1kg
https://vgg.bites.com.my/collections/fridge,Fridge,FAMILY PIZZA TOPPING MOZZ SHREDDED 150G,RM14.35,,https://vgg.bites.com.my/collections/fridge/products/family-pizza-topping-mozz-shredded-150g
https://vgg.bites.com.my/collections/fridge,Fridge,FARM FRESH LACTOSE FREE FULL CREAM MILK 1L,RM9.55,RM10.10,https://vgg.bites.com.my/collections/fridge/products/farm-fresh-lactose-free-full-cream-milk-1l
https://vgg.bites.com.my/collections/fridge,Fridge,FARM FRESH LACTOSE FREE SKINNY MILK 1L,RM10.10,,https://vgg.bites.com.my/collections/fridge/products/farm-fresh-lactose-free-skinny-milk-1l
https://vgg.bites.com.my/collections/fridge,Fridge,FARM FRESH ORIGINAL YOGURT 1.4KG,RM18.70,,https://vgg.bites.com.my/collections/fridge/products/farm-fresh-original-yogurt-1-4kg
https://vgg.bites.com.my/collections/fridge,Fridge,FARM FRESH NATURAL YOGURT 400GM,RM5.89,RM6.50,https://vgg.bites.com.my/collections/fridge/products/farm-fresh-natural-yogurt-400gm
https://vgg.bites.com.my/collections/fridge,Fridge,FARM FRESH CHOCOLATE COWS MILK 568ML,RM6.35,,https://vgg.bites.com.my/collections/fridge/products/farm-fresh-chocolate-cows-milk-568ml
https://vgg.bites.com.my/collections/fridge,Fridge,FARM FRESH COWS MILK 568ML,RM6.00,,https://vgg.bites.com.my/collections/fridge/products/farm-fresh-cows-milk-568ml
https://vgg.bites.com.my/collections/fridge,Fridge,FARMERS UNION GREEK STYLE LIGHT YOGURT 1KG,RM35.75,,https://vgg.bites.com.my/collections/fridge/products/farmers-union-greek-style-light-yogurt-1kg
https://vgg.bites.com.my/collections/fridge,Fridge,FARMERS UNION KIDS HONEY 90G,RM4.35,,https://vgg.bites.com.my/collections/fridge/products/farmers-union-kids-honey-90g
https://vgg.bites.com.my/collections/fridge,Fridge,FARM FRESH SKINNY LOW FAT 2L,RM16.70,RM17.00,https://vgg.bites.com.my/collections/fridge/products/farm-fresh-skinny-low-fat-2l
https://vgg.bites.com.my/collections/fridge,Fridge,FARM FRESH SKINNY LOW FAT 568ML,RM6.00,,https://vgg.bites.com.my/collections/fridge/products/farm-fresh-skinny-low-fat-568ml
https://vgg.bites.com.my/collections/fridge,Fridge,FARM FRESH YOGHURT DRINK MANGO TANGO 200G,RM2.70,,https://vgg.bites.com.my/collections/fridge/products/farm-fresh-yoghurt-drink-mango-tango-200g
https://vgg.bites.com.my/collections/fridge,Fridge,FARM FRESH YOGHURT DRINK MIXED BERRIES 200G,RM2.70,,https://vgg.bites.com.my/collections/fridge/products/farm-fresh-yoghurt-drink-mixed-berries-200g
https://vgg.bites.com.my/collections/fridge,Fridge,FARM FRESH YOGHURT DRINK STRAWBERRIES 200G,RM2.70,,https://vgg.bites.com.my/collections/fridge/products/farm-fresh-yoghurt-drink-strawberries-200g
https://vgg.bites.com.my/collections/fridge,Fridge,FARMERS UNION KIDS MANGO 90G,RM4.35,,https://vgg.bites.com.my/collections/fridge/products/farmers-union-kids-mango-90g
https://vgg.bites.com.my/collections/fridge,Fridge,FARMERS UNION KIDS STRAWBERRY 90G,RM4.35,,https://vgg.bites.com.my/collections/fridge/products/farmers-union-kids-strawberry-90g
https://vgg.bites.com.my/collections/fridge,Fridge,FARMERS UNION KIDS VANILLA 90G,RM4.35,,https://vgg.bites.com.my/collections/fridge/products/farmers-union-kids-vanilla-90g
https://vgg.bites.com.my/collections/fridge,Fridge,FARMHOUSE FRESH MILK 1L,RM11.59,RM12.70,https://vgg.bites.com.my/collections/fridge/products/farmhouse-fresh-milk-1l
https://vgg.bites.com.my/collections/fridge,Fridge,FERNLEAF CALCI-YUM CHOCO N OREN/BERRY 4X60G,RM5.20,,https://vgg.bites.com.my/collections/fridge/products/fernleaf-calci-yum-choco-n-oren-berry-4x60g
https://vgg.bites.com.my/collections/fridge,Fridge,FERNLEAF CALCI-YUM GRAPE N STRAWBERRY 4X60G,RM5.20,,https://vgg.bites.com.my/collections/fridge/products/fernleaf-calci-yum-grape-n-strawberry-4x60g
https://vgg.bites.com.my/collections/fridge,Fridge,FERNLEAF CALCI-YUM VANILLA N GRAPE 4X60G,RM5.20,,https://vgg.bites.com.my/collections/fridge/products/fernleaf-calci-yum-vanilla-n-grape-4x60g
https://vgg.bites.com.my/collections/fridge,Fridge,FIRST PRIDE CRISPY GLDEN FRD. CHIC. (ORI.) 750G,RM21.85,,https://vgg.bites.com.my/collections/fridge/products/first-pride-crispy-glden-frd-chic-ori-750g
https://vgg.bites.com.my/collections/fridge,Fridge,FOURNIL PIERRE CROISSANTS 6X60G,RM25.20,,https://vgg.bites.com.my/collections/fridge/products/fournil-pierre-croissants-6x60g
https://vgg.bites.com.my/collections/fridge,Fridge,FOURNIL PIERRE PAIN CHOCO 6X75G,RM28.25,,https://vgg.bites.com.my/collections/fridge/products/fournil-pierre-pain-choco-6x75g
https://vgg.bites.com.my/collections/fridge,Fridge,FLORIDIA PARMESAN FRESHLY GRATED 250G,RM26.20,,https://vgg.bites.com.my/collections/fridge/products/floridia-parmesan-freshly-grated-250g
https://vgg.bites.com.my/collections/fridge,Fridge,FLORIDIA PARMESAN GRATED 100GM,RM11.60,,https://vgg.bites.com.my/collections/fridge/products/floridia-parmesan-grated-100gm
https://vgg.bites.com.my/collections/fridge,Fridge,FLORIDIA SHREDDED MOZZARELLA 500GM,RM29.90,,https://vgg.bites.com.my/collections/fridge/products/floridia-shredded-mozzarella-500gm
https://vgg.bites.com.my/collections/fridge,Fridge,FROZEN AUST/BRAZIL BEEF LUNG (+/-500G),RM3.25,,https://vgg.bites.com.my/collections/fridge/products/frozen-aust-brazil-beef-lung-500g
https://vgg.bites.com.my/collections/fridge,Fridge,FROZEN PATIN SLICE 1KG,RM16.90,,https://vgg.bites.com.my/collections/fridge/products/frozen-patin-slice-1kg
https://vgg.bites.com.my/collections/fridge,Fridge,KARTS CHICKEN CURRY 6X50G,RM8.75,,https://vgg.bites.com.my/collections/fridge/products/karts-chicken-curry-6x50g
https://vgg.bites.com.my/collections/fridge,Fridge,KARTS ROTI PARATHA 400G,RM6.65,,https://vgg.bites.com.my/collections/fridge/products/karts-roti-paratha-400g
https://vgg.bites.com.my/collections/fridge,Fridge,KANIKA SNOW CRAB LEG 200G,RM12.95,,https://vgg.bites.com.my/collections/fridge/products/kanika-snow-crab-leg-200g
https://vgg.bites.com.my/collections/fridge,Fridge,KERRYGOLD GARLIC&HERB BUTTER 100G,RM12.55,,https://vgg.bites.com.my/collections/fridge/products/kerrygold-garlic-herb-butter-100g
https://vgg.bites.com.my/collections/fridge,Fridge,KERRYGOLD WHITE CHEDDAR 200GM,RM21.40,,https://vgg.bites.com.my/collections/fridge/products/kerrygold-white-cheddar-200gm
https://vgg.bites.com.my/collections/fridge,Fridge,KG FLOWER ROLL PLAIN 8X50GM,RM8.05,,https://vgg.bites.com.my/collections/fridge/products/kg-flower-roll-plain-8x50gm
https://vgg.bites.com.my/collections/fridge,Fridge,KG GLUTINOUS RICE BALL PEANUT 200G,RM6.45,,https://vgg.bites.com.my/collections/fridge/products/kg-glutinous-rice-ball-peanut-200g
https://vgg.bites.com.my/collections/fridge,Fridge,KG GLUTINOUS RICE BALL RED BEAN 200G,RM6.45,,https://vgg.bites.com.my/collections/fridge/products/kg-glutinous-rice-ball-red-bean-200g
https://vgg.bites.com.my/collections/fridge,Fridge,KG GLUTINOUS RICE BALL SESAME 200G,RM6.45,,https://vgg.bites.com.my/collections/fridge/products/kg-glutinous-rice-ball-sesame-200g
https://vgg.bites.com.my/collections/fridge,Fridge,"LACTEL BLISS PLUS APPLE,PASS FRUIT,LEMON 700ML",RM7.00,,https://vgg.bites.com.my/collections/fridge/products/lactel-bliss-plus-apple-pass-fruit-lemon-700ml
https://vgg.bites.com.my/collections/fridge,Fridge,LACTEL BLISS LESS SUGAR STRAWBERRY 700G,RM6.70,,https://vgg.bites.com.my/collections/fridge/products/lactel-bliss-less-sugar-strawberry-700g
https://vgg.bites.com.my/collections/fridge,Fridge,LACTEL BLISS LESS SUGAR MIXBERRIES 700G,RM6.70,,https://vgg.bites.com.my/collections/fridge/products/lactel-bliss-less-sugar-mixberries-700g
https://vgg.bites.com.my/collections/fridge,Fridge,LACTEL FAT FREE YOG PEACH 130G,RM2.90,,https://vgg.bites.com.my/collections/fridge/products/lactel-fat-free-yog-peach-130g
https://vgg.bites.com.my/collections/fridge,Fridge,LACTEL FAT FREE YOG LYCHEE 130G,RM2.90,,https://vgg.bites.com.my/collections/fridge/products/lactel-fat-free-yog-lychee-130g
https://vgg.bites.com.my/collections/fridge,Fridge,LACTEL BLISS YOG DRINK MIXED BERRIES 200G,RM3.05,,https://vgg.bites.com.my/collections/fridge/products/lactel-bliss-yog-drink-mixed-berries-200g
https://vgg.bites.com.my/collections/fridge,Fridge,LACTEL BLISS YOG DRINK TROP & MIX FRUIT,RM6.70,,https://vgg.bites.com.my/collections/fridge/products/lactel-bliss-yog-drink-trop-mix-fruit
https://vgg.bites.com.my/collections/fridge,Fridge,LACTEL BLISS YOGURT DRINK MANGO 200G,RM3.05,,https://vgg.bites.com.my/collections/fridge/products/lactel-bliss-yogurt-drink-mango-200g
https://vgg.bites.com.my/collections/fridge,Fridge,LACTEL BLISS YOGURT DRINK STRAWBERRY 200G,RM3.05,,https://vgg.bites.com.my/collections/fridge/products/lactel-bliss-yogurt-drink-strawberry-200g
https://vgg.bites.com.my/collections/fridge,Fridge,LACTEL BLISS LESS SUGAR PEACH OOLONG 700G,RM6.70,,https://vgg.bites.com.my/collections/fridge/products/lactel-bliss-less-sugar-peach-oolong-700g
https://vgg.bites.com.my/collections/fridge,Fridge,LACTEL NATURAL SET YOGURT 1.4KG,RM17.59,RM22.35,https://vgg.bites.com.my/collections/fridge/products/lactel-natural-set-yogurt-1-4kg
https://vgg.bites.com.my/collections/fridge,Fridge,LACTEL GREEK SYTLE YGT NATURAL 470G,RM11.89,RM13.60,https://vgg.bites.com.my/collections/fridge/products/lactel-greek-sytle-ygt-natural-470g
https://vgg.bites.com.my/collections/fridge,Fridge,LACTEL GREEK SYTLE YGT PEACH 470G,RM11.89,RM13.60,https://vgg.bites.com.my/collections/fridge/products/lactel-greek-sytle-ygt-peach-470g
https://vgg.bites.com.my/collections/fridge,Fridge,LACTEL GREEK SYTLE YGT STRAWBERRY 470G,RM11.89,RM13.60,https://vgg.bites.com.my/collections/fridge/products/lactel-greek-sytle-ygt-strawberry-470g
https://vgg.bites.com.my/collections/fridge,Fridge,LACTEL GREEK YOG HONEYYUZU 470G,RM11.89,RM13.60,https://vgg.bites.com.my/collections/fridge/products/lactel-greek-yog-honeyyuzu-470g
https://vgg.bites.com.my/collections/fridge,Fridge,LAUGHING COW CHEESE IN TUB 200G,RM19.55,,https://vgg.bites.com.my/collections/fridge/products/laughing-cow-cheese-in-tub-200g
https://vgg.bites.com.my/collections/fridge,Fridge,LAUGHING COW CHEEZ DIPPERS 4T 140G,RM18.00,,https://vgg.bites.com.my/collections/fridge/products/laughing-cow-cheez-dippers-4t-140g
https://vgg.bites.com.my/collections/fridge,Fridge,LAUGHING COW SLICES SANDWICH 200G,RM10.89,RM14.10,https://vgg.bites.com.my/collections/fridge/products/laughing-cow-slices-sandwich-200g
https://vgg.bites.com.my/collections/fridge,Fridge,LS DUMPLING PASTRY 200G,RM3.45,,https://vgg.bites.com.my/collections/fridge/products/ls-dumpling-pastry-200g
https://vgg.bites.com.my/collections/fridge,Fridge,LS JAPANESE GROZA PASTRY 200G,RM3.30,,https://vgg.bites.com.my/collections/fridge/products/ls-japanese-groza-pastry-200g
https://vgg.bites.com.my/collections/fridge,Fridge,LS JAPANESE PRESSED TOFU 360G,RM3.00,,https://vgg.bites.com.my/collections/fridge/products/ls-japanese-pressed-tofu-360g
https://vgg.bites.com.my/collections/fridge,Fridge,LURPAK SPREADABLE LIGHT 250G,RM21.10,,https://vgg.bites.com.my/collections/fridge/products/lurpak-spreadable-light-250g
https://vgg.bites.com.my/collections/fridge,Fridge,LS SOFT TRADITIONAL FRIED TOFU 320G,RM3.60,,https://vgg.bites.com.my/collections/fridge/products/ls-soft-traditional-fried-tofu-320g
https://vgg.bites.com.my/collections/fridge,Fridge,LS SOFT TRADITIONAL TOFU 320G,RM3.30,,https://vgg.bites.com.my/collections/fridge/products/ls-soft-traditional-tofu-320g
https://vgg.bites.com.my/collections/fridge,Fridge,LS TAUFU RUMPAI LAUT 180GM,RM4.30,,https://vgg.bites.com.my/collections/fridge/products/ls-taufu-rumpai-laut-180gm
https://vgg.bites.com.my/collections/fridge,Fridge,LS TRADITIONAL FRIED TOFU 180G,RM3.60,,https://vgg.bites.com.my/collections/fridge/products/ls-traditional-fried-tofu-180g
https://vgg.bites.com.my/collections/fridge,Fridge,LURPAK BUTTER CUP SALTED 10X8GM,RM10.55,,https://vgg.bites.com.my/collections/fridge/products/lurpak-butter-cup-salted-10x8gm
https://vgg.bites.com.my/collections/fridge,Fridge,MAESTRO FARM LOW FAT MILK 1L,RM9.15,,https://vgg.bites.com.my/collections/fridge/products/maestro-farm-low-fat-milk-1l
https://vgg.bites.com.my/collections/fridge,Fridge,MAGNUM BELGIAN CHOC LUXE 70G,RM5.75,,https://vgg.bites.com.my/collections/fridge/products/magnum-belgian-choc-luxe-70g
https://vgg.bites.com.my/collections/fridge,Fridge,MAGNOLIA CHOCOLATE MILK 1L,RM7.99,RM8.50,https://vgg.bites.com.my/collections/fridge/products/magnolia-chocolate-milk-1l
https://vgg.bites.com.my/collections/fridge,Fridge,MAGNOLIA FRESH MILK 1L,RM9.69,RM10.60,https://vgg.bites.com.my/collections/fridge/products/magnolia-fresh-milk-1l
https://vgg.bites.com.my/collections/fridge,Fridge,MAGNOLIA HI-CAL LOW FAT MILK 1L,RM7.99,RM8.50,https://vgg.bites.com.my/collections/fridge/products/magnolia-hi-cal-low-fat-milk-1l
https://vgg.bites.com.my/collections/fridge,Fridge,MAGNOLIA SKIM MILK 1L,RM7.99,RM8.50,https://vgg.bites.com.my/collections/fridge/products/magnolia-skim-milk-1l
https://vgg.bites.com.my/collections/fridge,Fridge,MARIGOLD HL PLAIN 2L,RM15.89,RM18.00,https://vgg.bites.com.my/collections/fridge/products/marigold-hl-plain-2l
https://vgg.bites.com.my/collections/fridge,Fridge,MARIGOLD FF YOG STRAWBERRY 130G,RM3.15,,https://vgg.bites.com.my/collections/fridge/products/marigold-ff-yog-strawberry-130g
https://vgg.bites.com.my/collections/fridge,Fridge,MARIGOLD HL PLAIN 200ML,RM2.70,,https://vgg.bites.com.my/collections/fridge/products/marigold-hl-plain-200ml
https://vgg.bites.com.my/collections/fridge,Fridge,MARINA BAKED BEANS 425G,RM4.30,,https://vgg.bites.com.my/collections/fridge/products/marina-baked-beans-425g
https://vgg.bites.com.my/collections/fridge,Fridge,MARIGOLD YOGURT DRINK M/BERRIES FF 700G,RM5.59,RM6.30,https://vgg.bites.com.my/collections/fridge/products/marigold-yogurt-drink-m-berries-ff-700g
https://vgg.bites.com.my/collections/fridge,Fridge,MARIGOLD YOGURT DRINK SBERRY FF 700G,RM5.59,RM6.30,https://vgg.bites.com.my/collections/fridge/products/marigold-yogurt-drink-sberry-ff-700g
https://vgg.bites.com.my/collections/fridge,Fridge,MARINA TEMPURA CHICKEN NUGGET CHEESE 430G,RM13.55,,https://vgg.bites.com.my/collections/fridge/products/marina-tempura-chicken-nugget-cheese-430g
https://vgg.bites.com.my/collections/fridge,Fridge,MASPAC ORGANIC SOY BEAN EDAMAME 500G,RM7.30,,https://vgg.bites.com.my/collections/fridge/products/maspac-organic-soy-bean-edamame-500g
https://vgg.bites.com.my/collections/fridge,Fridge,MCCAIN CRINKLE CUT 600G,RM11.25,,https://vgg.bites.com.my/collections/fridge/products/mccain-crinkle-cut-600g
https://vgg.bites.com.my/collections/fridge,Fridge,MCCAIN HASHBROWN 650G,RM16.25,,https://vgg.bites.com.my/collections/fridge/products/mccain-hashbrown-650g
https://vgg.bites.com.my/collections/fridge,Fridge,MCCAIN SHOESTRING 600G,RM11.25,,https://vgg.bites.com.my/collections/fridge/products/mccain-shoestring-600g
https://vgg.bites.com.my/collections/fridge,Fridge,MCCARTNEY 2 QUARTER POUNDER BURGERS 227G,RM20.15,,https://vgg.bites.com.my/collections/fridge/products/mccartney-2-quarter-pounder-burgers-227g
https://vgg.bites.com.my/collections/fridge,Fridge,MCCARTNEY COUNTRY PIES 2PK 380G,RM21.90,,https://vgg.bites.com.my/collections/fridge/products/mccartney-country-pies-2pk-380g
https://vgg.bites.com.my/collections/fridge,Fridge,MCCARTNEY MOZZARELLA BURGER 227G,RM21.15,,https://vgg.bites.com.my/collections/fridge/products/mccartney-mozzarella-burger-227g
https://vgg.bites.com.my/collections/fridge,Fridge,NUTRIPLUS TEMPURA SPICY NUGGET 800G,RM18.79,RM22.10,https://vgg.bites.com.my/collections/fridge/products/nutriplus-tempura-spicy-nugget-800g
https://vgg.bites.com.my/collections/fridge,Fridge,NUTTELEX MARGERINE SPREAD BUTTERY 375G,RM17.50,,https://vgg.bites.com.my/collections/fridge/products/nuttelex-margerine-spread-buttery-375g
https://vgg.bites.com.my/collections/fridge,Fridge,NUTTELEX ORIGINAL MARGARINE SPREAD 375G,RM17.50,,https://vgg.bites.com.my/collections/fridge/products/nuttelex-original-margarine-spread-375g
https://vgg.bites.com.my/collections/fridge,Fridge,OLDENBURGER UHT CREAM 1L,RM32.95,,https://vgg.bites.com.my/collections/fridge/products/oldenburger-uht-cream-1l
https://vgg.bites.com.my/collections/fridge,Fridge,OLDENBURGER UHT WHIPPING CREAM 200ML,RM7.85,,https://vgg.bites.com.my/collections/fridge/products/oldenburger-uht-whipping-cream-200ml
https://vgg.bites.com.my/collections/fridge,Fridge,OLIVE GROVE EXTRA VIRGIN 375G,RM19.50,,https://vgg.bites.com.my/collections/fridge/products/olive-grove-extra-virgin-375g
https://vgg.bites.com.my/collections/fridge,Fridge,OLIVE GROVE LITE 500GM,RM19.50,,https://vgg.bites.com.my/collections/fridge/products/olive-grove-lite-500gm
https://vgg.bites.com.my/collections/fridge,Fridge,OLIVE GROVE SPREAD 375GM,RM17.75,,https://vgg.bites.com.my/collections/fridge/products/olive-grove-spread-375gm
https://vgg.bites.com.my/collections/fridge,Fridge,OTIS OAT MILK  1L,RM20.15,,https://vgg.bites.com.my/collections/fridge/products/otis-oat-milk-1l
https://vgg.bites.com.my/collections/fridge,Fridge,PACIFIC WEST TEMPURA FISH FILLET B.PEPPER 425G,RM23.99,RM27.60,https://vgg.bites.com.my/collections/fridge/products/pacific-west-tempura-fish-fillet-b-pepper-425g
https://vgg.bites.com.my/collections/fridge,Fridge,PACIFIC WEST FISH SANDWICH 465GM,RM26.49,RM30.40,https://vgg.bites.com.my/collections/fridge/products/pacific-west-fish-sandwich-465gm
https://vgg.bites.com.my/collections/fridge,Fridge,PAMPLIE BUTTER SEASALTED 250G,RM26.95,,https://vgg.bites.com.my/collections/fridge/products/pamplie-butter-seasalted-250g
https://vgg.bites.com.my/collections/fridge,Fridge,PERFECT ITALIANO PIZZA PLUS 250GM,RM19.15,,https://vgg.bites.com.my/collections/fridge/products/perfect-italiano-pizza-plus-250gm
https://vgg.bites.com.my/collections/fridge,Fridge,PERFECT ITALIANO MOZZARELLA SHREDDED 250G,RM19.95,,https://vgg.bites.com.my/collections/fridge/products/perfect-italiano-mozzarella-shredded-250g
https://vgg.bites.com.my/collections/fridge,Fridge,PETIT MIAM SQUEEZIE BLUEBERRY 70GM,RM5.90,,https://vgg.bites.com.my/collections/fridge/products/petit-miam-squeezie-blueberry-70gm
https://vgg.bites.com.my/collections/fridge,Fridge,PETIT MIAM SQUEEZIE STRAWBERRY 70GM,RM5.90,,https://vgg.bites.com.my/collections/fridge/products/petit-miam-squeezie-strawberry-70gm
https://vgg.bites.com.my/collections/fridge,Fridge,PORT SALUT PORTIONS 150GM,RM18.10,,https://vgg.bites.com.my/collections/fridge/products/port-salut-portions-150gm
https://vgg.bites.com.my/collections/fridge,Fridge,PROMEX UHT FULL CREAM MILK 1L,RM7.75,,https://vgg.bites.com.my/collections/fridge/products/promex-uht-full-cream-milk-1l
https://vgg.bites.com.my/collections/fridge,Fridge,QBB PURE GHEE 150G,RM13.95,,https://vgg.bites.com.my/collections/fridge/products/qbb-pure-ghee-150g
https://vgg.bites.com.my/collections/fridge,Fridge,QUORN CRISPY NUGGETS 300G,RM30.30,,https://vgg.bites.com.my/collections/fridge/products/quorn-crispy-nuggets-300g
https://vgg.bites.com.my/collections/fridge,Fridge,RAMLY BEEF FRANK 340G,RM10.15,,https://vgg.bites.com.my/collections/fridge/products/ramly-beef-frank-340g
https://vgg.bites.com.my/collections/fridge,Fridge,FROZEN PUD WILD CATCH SHRIMP MEAT 100/150 500G,RM25.90,,https://vgg.bites.com.my/collections/fridge/products/frozen-pud-wild-catch-shrimp-meat-100-150-500g
https://vgg.bites.com.my/collections/fridge,Fridge,SCS BUTTER PORTION-SALTED 12X10G,RM12.89,RM13.35,https://vgg.bites.com.my/collections/fridge/products/scs-butter-portion-salted-12x10g
https://vgg.bites.com.my/collections/fridge,Fridge,SCS BUTTER PORTION-UNSALTED 12X10G,RM12.89,RM13.35,https://vgg.bites.com.my/collections/fridge/products/scs-butter-portion-unsalted-12x10g
https://vgg.bites.com.my/collections/fridge,Fridge,SCS SPREADABLE 250G,RM22.55,,https://vgg.bites.com.my/collections/fridge/products/scs-spreadable-250g
https://vgg.bites.com.my/collections/fridge,Fridge,SCS SPREADABLE BUTTER OLIVE 250G,RM22.55,,https://vgg.bites.com.my/collections/fridge/products/scs-spreadable-butter-olive-250g
https://vgg.bites.com.my/collections/fridge,Fridge,"SIERRA NEVADA RAW ORG SMOKED CHEDDAR, SQUARES 8OZ",RM47.35,,https://vgg.bites.com.my/collections/fridge/products/sierra-nevada-raw-org-smoked-cheddar-squares-8oz
https://vgg.bites.com.my/collections/fridge,Fridge,SPRING HOME GLUTINOUS RICE BALL SESAME 200G,RM6.60,,https://vgg.bites.com.my/collections/fridge/products/spring-home-glutinous-rice-ball-sesame-200g
https://vgg.bites.com.my/collections/fridge,Fridge,TRICIOUS 9.5'' PIZZA CHICKEN SUPREME 300GM,RM17.85,,https://vgg.bites.com.my/collections/fridge/products/tricious-9-5-pizza-chicken-supreme-300gm
https://vgg.bites.com.my/collections/fridge,Fridge,TRU-BLUE GARLIC SOFT BUTTER 150G,RM10.10,,https://vgg.bites.com.my/collections/fridge/products/tru-blue-garlic-soft-butter-150g
https://vgg.bites.com.my/collections/fridge,Fridge,UNIIQ KOMBUCHA MULBERRY 315ML,RM13.90,,https://vgg.bites.com.my/collections/fridge/products/uniiq-kombucha-mulberry-315ml
https://vgg.bites.com.my/collections/fridge,Fridge,UNIIQ KOMBUCHA PINK GUAVA 315ML,RM13.90,,https://vgg.bites.com.my/collections/fridge/products/uniiq-kombucha-pink-guava-315ml
https://vgg.bites.com.my/collections/fridge,Fridge,EVERBEST VEGE STEWED LAMB 500GM,RM14.10,,https://vgg.bites.com.my/collections/fridge/products/everbest-vege-stewed-lamb-500gm
https://vgg.bites.com.my/collections/fridge,Fridge,VINTAGE JALAPENO CHEDDAR 8OZ,RM34.95,,https://vgg.bites.com.my/collections/fridge/products/vintage-jalapeno-cheddar-8oz
https://vgg.bites.com.my/collections/fridge,Fridge,WALLS STICK TOPTEN CHOC 70ML,RM2.55,,https://vgg.bites.com.my/collections/fridge/products/walls-stick-topten-choc-70ml
https://vgg.bites.com.my/collections/fridge,Fridge,WALLS STICK TOPTEN VANILLA 70ML,RM2.55,,https://vgg.bites.com.my/collections/fridge/products/walls-stick-topten-vanilla-70ml
https://vgg.bites.com.my/collections/fridge,Fridge,WALL'S TUB STRAWBERRY YOGURT 470G,RM15.50,,https://vgg.bites.com.my/collections/fridge/products/wall-s-tub-strawberry-yogurt-470g
https://vgg.bites.com.my/collections/fridge,Fridge,WESTGOLD SALTED BUTTER 250G,RM18.29,,https://vgg.bites.com.my/collections/fridge/products/westgold-salted-butter-250g
https://vgg.bites.com.my/collections/fridge,Fridge,WESTGOLD UNSALTED BUTTER 250G,RM18.29,,https://vgg.bites.com.my/collections/fridge/products/westgold-unsalted-butter-250g
https://vgg.bites.com.my/collections/fridge,Fridge,YARA NATURAL YOGURT 1.4KG,RM16.00,,https://vgg.bites.com.my/collections/fridge/products/yara-natural-yogurt-1-4kg
https://vgg.bites.com.my/collections/fridge,Fridge,ZOTT ZOTTIS FRUIT 0.1% RASPBERRY 100G,RM2.40,,https://vgg.bites.com.my/collections/fridge/products/zott-zottis-fruit-0-1-raspberry-100g
https://vgg.bites.com.my/collections/fridge,Fridge,SNOW SPREAD 320GM,RM22.25,,https://vgg.bites.com.my/collections/fridge/products/snow-spread-320gm
https://vgg.bites.com.my/collections/fridge,Fridge,FIRST PRIDE SALTED EGG CHICKEN NUGGET 700G,RM18.99,RM21.45,https://vgg.bites.com.my/collections/fridge/products/first-pride-salted-egg-chicken-nugget-700g
https://vgg.bites.com.my/collections/fridge,Fridge,FIRST PRIDE SOUR CREAM CHICKEN NUGGET 700G,RM18.99,RM21.45,https://vgg.bites.com.my/collections/fridge/products/first-pride-sour-cream-chicken-nugget-700g
https://vgg.bites.com.my/collections/fridge,Fridge,CF JAPANESE PRESSED TAUFU 330G,RM2.80,,https://vgg.bites.com.my/collections/fridge/products/cf-japanese-pressed-taufu-330g
https://vgg.bites.com.my/collections/fridge,Fridge,GOLDEN CHURN UNSALTED FOILED BUTTER 227G,RM18.99,RM20.85,https://vgg.bites.com.my/collections/fridge/products/golden-churn-unsalted-foiled-butter-227g
https://vgg.bites.com.my/collections/fridge,Fridge,GOURMET CHEF BEEF PEPPERONI 150G,RM12.70,RM12.95,https://vgg.bites.com.my/collections/fridge/products/gourmet-chef-beef-pepperoni-150g
https://vgg.bites.com.my/collections/fridge,Fridge,GOURMET CHEF BEEF SALAMI 150G,RM12.90,RM13.20,https://vgg.bites.com.my/collections/fridge/products/gourmet-chef-beef-salami-150g
https://vgg.bites.com.my/collections/fridge,Fridge,GOURMET CHEF CHICKEN PEPPERONI 150G,RM9.60,,https://vgg.bites.com.my/collections/fridge/products/gourmet-chef-chicken-pepperoni-150g
https://vgg.bites.com.my/collections/fridge,Fridge,GOURMET CHEF CHICKEN SALAMI 150G,RM9.25,,https://vgg.bites.com.my/collections/fridge/products/gourmet-chef-chicken-salami-150g
https://vgg.bites.com.my/collections/fridge,Fridge,GOURMET CHEF SMOKED CHICKEN TOAST 150G,RM9.40,,https://vgg.bites.com.my/collections/fridge/products/gourmet-chef-smoked-chicken-toast-150g
https://vgg.bites.com.my/collections/fridge,Fridge,GOURMET CHEF STREAK BEEF 150G,RM14.35,,https://vgg.bites.com.my/collections/fridge/products/gourmet-chef-streak-beef-150g
https://vgg.bites.com.my/collections/fridge,Fridge,HOMESOY BROWN SUGAR 300ML,RM2.60,,https://vgg.bites.com.my/collections/fridge/products/homesoy-brown-sugar-300ml
https://vgg.bites.com.my/collections/fridge,Fridge,HOMESOY SOYA 300ML,RM2.60,,https://vgg.bites.com.my/collections/fridge/products/homesoy-soya-300ml
https://vgg.bites.com.my/collections/fridge,Fridge,MILKY HOKKAIDO FULL CREAM MILK 1L,RM9.90,,https://vgg.bites.com.my/collections/fridge/products/milky-hokkaido-full-cream-milk-1l
https://vgg.bites.com.my/collections/fridge,Fridge,MUSHROOM FLAVOURED SALMON BALL 500G,RM12.85,,https://vgg.bites.com.my/collections/fridge/products/mushroom-flavoured-salmon-ball-500g
https://vgg.bites.com.my/collections/fridge,Fridge,MUSHROOM VEGIE FISH BALL 500G,RM13.50,,https://vgg.bites.com.my/collections/fridge/products/mushroom-vegie-fish-ball-500g
https://vgg.bites.com.my/collections/fridge,Fridge,NESCAFE MOCHA CAN 240ML,RM2.70,,https://vgg.bites.com.my/collections/fridge/products/nescafe-mocha-can-240ml
https://vgg.bites.com.my/collections/fridge,Fridge,SUNGLO GREEK YOGHURT 900G,RM17.25,,https://vgg.bites.com.my/collections/fridge/products/sunglo-greek-yoghurt-900g
https://vgg.bites.com.my/collections/fridge,Fridge,SUNGLO LOW FAT GREEK YOGURT 900GM,RM17.25,,https://vgg.bites.com.my/collections/fridge/products/sunglo-low-fat-greek-yogurt-900gm
https://vgg.bites.com.my/collections/fridge,Fridge,SUNGLO YOGURT NATURAL 370G,RM6.10,,https://vgg.bites.com.my/collections/fridge/products/sunglo-yogurt-natural-370g
https://vgg.bites.com.my/collections/fridge,Fridge,TATUA CREME FRAICHE 500G,RM22.99,RM27.10,https://vgg.bites.com.my/collections/fridge/products/tatua-creme-fraiche-500g
https://vgg.bites.com.my/collections/fridge,Fridge,TATURA MILK CREAM CHEESE 250GM,RM11.80,,https://vgg.bites.com.my/collections/fridge/products/tatura-milk-cream-cheese-250gm
https://vgg.bites.com.my/collections/fridge,Fridge,THE LAUGHING COW BELCUBE PLAIN 15C BLUE 78G,RM14.35,,https://vgg.bites.com.my/collections/fridge/products/the-laughing-cow-belcube-plain-15c-blue-78g
https://vgg.bites.com.my/collections/fridge,Fridge,TRICIOUS 9.5'' PIZZA BBQ CHICKEN 340GM,RM17.85,,https://vgg.bites.com.my/collections/fridge/products/tricious-9-5-pizza-bbq-chicken-340gm
https://vgg.bites.com.my/collections/fridge,Fridge,ILE DE FRANCE MINI BRIE 125G,RM23.45,,https://vgg.bites.com.my/collections/fridge/products/ile-de-france-mini-brie-125g
https://vgg.bites.com.my/collections/fridge,Fridge,HOMESOY ORIGINAL VALUE PACK 2X1L,RM6.59,,https://vgg.bites.com.my/collections/fridge/products/homesoy-original-value-pack-2x1l
https://vgg.bites.com.my/collections/fridge,Fridge,HOMESOY BROWN SUGAR VALUE PACK 2X1L,RM6.59,,https://vgg.bites.com.my/collections/fridge/products/homesoy-brown-sugar-value-pack-2x1l
https://vgg.bites.com.my/collections/fridge,Fridge,GOODDAY UHT FULL CREAM 1L,RM6.49,RM8.50,https://vgg.bites.com.my/collections/fridge/products/goodday-uht-full-cream-1l
https://vgg.bites.com.my/collections/fridge,Fridge,GOURMET CHEF BEEF PASTRAMI 150G,RM15.50,RM15.80,https://vgg.bites.com.my/collections/fridge/products/gourmet-chef-beef-pastrami-150g
https://vgg.bites.com.my/collections/fridge,Fridge,PACIFIC GREENS CALAMARI RING 300G,RM18.10,,https://vgg.bites.com.my/collections/fridge/products/pacific-greens-calamari-ring-300g
https://vgg.bites.com.my/collections/fridge,Fridge,NATRUE OAT BARISTA 1L,RM14.59,RM15.90,https://vgg.bites.com.my/collections/fridge/products/natrue-oat-barista-1l
https://vgg.bites.com.my/collections/fridge,Fridge,MS FROZEN LALA MEAT 200G,RM9.50,,https://vgg.bites.com.my/collections/fridge/products/ms-frozen-lala-meat-200g
https://vgg.bites.com.my/collections/fridge,Fridge,BUTTERCUP LUXURY SPREAD SALTED PORTION,RM6.30,,https://vgg.bites.com.my/collections/fridge/products/buttercup-luxury-spread-salted-portion
https://vgg.bites.com.my/collections/fridge,Fridge,MIZICOR ICE CREAM MANGO PASSION 430ML,RM25.90,,https://vgg.bites.com.my/collections/fridge/products/mizicor-ice-cream-mango-passion-430ml
https://vgg.bites.com.my/collections/fridge,Fridge,HAAGEN-DAZS CARAMEL BISCUIT&CREAM 473ML,RM27.99,RM39.10,https://vgg.bites.com.my/collections/fridge/products/haagen-dazs-caramel-biscuit-cream-473ml
https://vgg.bites.com.my/collections/fridge,Fridge,HAAGEN-DAZS WATERMELON & STRAWBERRY 473ML,RM23.59,RM38.50,https://vgg.bites.com.my/collections/fridge/products/haagen-dazs-watermelon-strawberry-473ml
https://vgg.bites.com.my/collections/fridge,Fridge,MOTHER CHOICE SPRD 250G,RM7.25,,https://vgg.bites.com.my/collections/fridge/products/mother-choice-sprd-250g
https://vgg.bites.com.my/collections/fridge,Fridge,MIZICOR ICE CREAM MATCHA 430ML,RM25.90,,https://vgg.bites.com.my/collections/fridge/products/mizicor-ice-cream-matcha-430ml
https://vgg.bites.com.my/collections/fridge,Fridge,MIZICOR ICE CREAM SALTED CARAMEL GULA MELAKA 430ML,RM25.90,,https://vgg.bites.com.my/collections/fridge/products/mizicor-ice-cream-salted-caramel-gula-melaka-430ml
https://vgg.bites.com.my/collections/fridge,Fridge,SSF DEATH BY CHOCOLATE 48Z,RM33.05,,https://vgg.bites.com.my/collections/fridge/products/ssf-death-by-chocolate-48z
https://vgg.bites.com.my/collections/fridge,Fridge,SUNGLO LF ORANGE LASSI 700ML,RM5.80,,https://vgg.bites.com.my/collections/fridge/products/sunglo-lf-orange-lassi-700ml
https://vgg.bites.com.my/collections/fridge,Fridge,HAAGEN-DAZS MACARON STRAWBERRY & RASPBERRY 420ML,RM34.39,RM39.10,https://vgg.bites.com.my/collections/fridge/products/haagen-dazs-macaron-strawberry-raspberry-420ml
https://vgg.bites.com.my/collections/fridge,Fridge,HERNAN MK DURIAN ICE CREAM CUP 100ML,RM9.90,,https://vgg.bites.com.my/collections/fridge/products/hernan-mk-durian-ice-cream-cup-100ml
https://vgg.bites.com.my/collections/fridge,Fridge,FELICIE 6 EXQUISITE CREPES 300G,RM23.65,,https://vgg.bites.com.my/collections/fridge/products/felicie-6-exquisite-crepes-300g
https://vgg.bites.com.my/collections/fridge,Fridge,EMBORG MONTEREY JACK NATURAL SLICED CHEESE 150G,RM15.69,RM16.95,https://vgg.bites.com.my/collections/fridge/products/emborg-monterey-jack-natural-sliced-cheese-150g
https://vgg.bites.com.my/collections/fridge,Fridge,LURPAK BUTTER SALTED IN FOIL 250G,RM22.19,RM25.30,https://vgg.bites.com.my/collections/fridge/products/lurpak-butter-salted-in-foil-250g
https://vgg.bites.com.my/collections/fridge,Fridge,EMBORG PARMESAN SHREDDED 150G,RM18.25,,https://vgg.bites.com.my/collections/fridge/products/emborg-parmesan-shredded-150g
https://vgg.bites.com.my/collections/fridge,Fridge,FFF RAVIOLI RICOTTA AND SPINACH 250G,RM35.40,,https://vgg.bites.com.my/collections/fridge/products/fff-ravioli-ricotta-and-spinach-250g
https://vgg.bites.com.my/collections/fridge,Fridge,"FFF GIRASOLI FIRE ROASTED TOM,MOZZ&BASIL 250G",RM35.40,,https://vgg.bites.com.my/collections/fridge/products/fff-girasoli-fire-roasted-tom-mozz-basil-250g
https://vgg.bites.com.my/collections/fridge,Fridge,WATTIES GREEN PEAS 500G,RM12.49,RM15.45,https://vgg.bites.com.my/collections/fridge/products/watties-green-peas-500g
https://vgg.bites.com.my/collections/fridge,Fridge,WATTIES CORN KERNEL 500G,RM14.39,RM17.90,https://vgg.bites.com.my/collections/fridge/products/watties-corn-kernel-500g
https://vgg.bites.com.my/collections/fridge,Fridge,CHOBANI FLIP TRIPLE CHOC BROWNIE 140G,RM12.69,RM14.10,https://vgg.bites.com.my/collections/fridge/products/chobani-flip-triple-choc-brownie-140g
https://vgg.bites.com.my/collections/fridge,Fridge,FARM FRESH ORGANIC MILK 1L,RM10.40,,https://vgg.bites.com.my/collections/fridge/products/farm-fresh-organic-milk-1l
https://vgg.bites.com.my/collections/fridge,Fridge,PAYSAN BRETON P BRIE LONG LIFE 125G,RM15.10,,https://vgg.bites.com.my/collections/fridge/products/paysan-breton-p-brie-long-life-125g
https://vgg.bites.com.my/collections/fridge,Fridge,PAYSAN BRETON P CAMEMBERT LONG LIFE 125G,RM15.10,,https://vgg.bites.com.my/collections/fridge/products/paysan-breton-p-camembert-long-life-125g
https://vgg.bites.com.my/collections/fridge,Fridge,PAYSAN BRETON UHT COOKING CREAM 15% 1L,RM27.05,,https://vgg.bites.com.my/collections/fridge/products/paysan-breton-uht-cooking-cream-15-1l
https://vgg.bites.com.my/collections/fridge,Fridge,EMMI SWISS YOGURT ALOE VERA 1KG,RM39.95,,https://vgg.bites.com.my/collections/fridge/products/emmi-swiss-yogurt-aloe-vera-1kg
https://vgg.bites.com.my/collections/fridge,Fridge,GOURMET CHEF CHICKEN BOLOGNA 150G,RM9.10,,https://vgg.bites.com.my/collections/fridge/products/gourmet-chef-chicken-bologna-150g
https://vgg.bites.com.my/collections/fridge,Fridge,SUNGLO LF BLACKCURRANT LASSI 700ML,RM5.80,,https://vgg.bites.com.my/collections/fridge/products/sunglo-lf-blackcurrant-lassi-700ml
https://vgg.bites.com.my/collections/fridge,Fridge,SUNGLO LF MANGO LASSI 700ML,RM5.80,,https://vgg.bites.com.my/collections/fridge/products/sunglo-lf-mango-lassi-700ml
https://vgg.bites.com.my/collections/fridge,Fridge,TISHAS LEMPENG PISANG 12X40G,RM13.30,,https://vgg.bites.com.my/collections/fridge/products/tishas-lempeng-pisang-12x40g
https://vgg.bites.com.my/collections/fridge,Fridge,GUINNESS STOUT CAN 24X500ML,RM314.90,,https://vgg.bites.com.my/collections/fridge/products/guinness-stout-can-24x500ml
https://vgg.bites.com.my/collections/fridge,Fridge,EB FISH BEAN CURD ROLL 300G,RM11.30,,https://vgg.bites.com.my/collections/fridge/products/eb-fish-bean-curd-roll-300g
https://vgg.bites.com.my/collections/fridge,Fridge,EB FISH YUBA 300G,RM9.95,,https://vgg.bites.com.my/collections/fridge/products/eb-fish-yuba-300g
https://vgg.bites.com.my/collections/fridge,Fridge,FIGO FILAMENT STICKS 250G,RM5.80,,https://vgg.bites.com.my/collections/fridge/products/figo-filament-sticks-250g
https://vgg.bites.com.my/collections/fridge,Fridge,FIGO FRIED FISHBALL 400G,RM9.70,,https://vgg.bites.com.my/collections/fridge/products/figo-fried-fishball-400g
https://vgg.bites.com.my/collections/fridge,Fridge,FIGO SCALLOP SHAPE SEAFOOD TOFU 500G,RM10.95,,https://vgg.bites.com.my/collections/fridge/products/figo-scallop-shape-seafood-tofu-500g
https://vgg.bites.com.my/collections/fridge,Fridge,FIGO THAI FISH CAKE 500G,RM11.10,,https://vgg.bites.com.my/collections/fridge/products/figo-thai-fish-cake-500g
https://vgg.bites.com.my/collections/fridge,Fridge,FIGO VEGIE FISHBALL 500G,RM12.40,,https://vgg.bites.com.my/collections/fridge/products/figo-vegie-fishball-500g
https://vgg.bites.com.my/collections/fridge,Fridge,FIGO WHITE FISH BALL 400G,RM9.70,,https://vgg.bites.com.my/collections/fridge/products/figo-white-fish-ball-400g
https://vgg.bites.com.my/collections/fridge,Fridge,MUSHROOM SEAFOOD TOFU 160GM,RM4.95,,https://vgg.bites.com.my/collections/fridge/products/mushroom-seafood-tofu-160gm
https://vgg.bites.com.my/collections/fridge,Fridge,MUSHROOM SMALL FRIED FISH BALL 16'S 130GM,RM3.85,,https://vgg.bites.com.my/collections/fridge/products/mushroom-small-fried-fish-ball-16-s-130gm
https://vgg.bites.com.my/collections/fridge,Fridge,MUSHROOM SMALL WHITE FISH BALL 16'S 145GM,RM3.85,,https://vgg.bites.com.my/collections/fridge/products/mushroom-small-white-fish-ball-16-s-145gm
https://vgg.bites.com.my/collections/fridge,Fridge,MUSHROOM WHITE VEGIE FISH BALL 180G,RM4.80,,https://vgg.bites.com.my/collections/fridge/products/mushroom-white-vegie-fish-ball-180g
https://vgg.bites.com.my/collections/fridge,Fridge,MUSHROOM LINGO FISHCAKE 160G,RM4.80,,https://vgg.bites.com.my/collections/fridge/products/mushroom-lingo-fishcake-160g
https://vgg.bites.com.my/collections/fridge,Fridge,SALT&PEPPER SQUIDS 400G,RM28.10,,https://vgg.bites.com.my/collections/fridge/products/salt-pepper-squids-400g
https://vgg.bites.com.my/collections/fridge,Fridge,MUSHROOM OBLONG FISH CAKE 150G,RM4.80,,https://vgg.bites.com.my/collections/fridge/products/mushroom-oblong-fish-cake-150g
https://vgg.bites.com.my/collections/fridge,Fridge,PACIFIC WEST SEAFOOD COMBO 280GM,RM18.19,RM20.80,https://vgg.bites.com.my/collections/fridge/products/pacific-west-seafood-combo-280gm
https://vgg.bites.com.my/collections/fridge,Fridge,MUSHROOM QQ FISH FILAMENT 160G,RM4.95,,https://vgg.bites.com.my/collections/fridge/products/mushroom-qq-fish-filament-160g
https://vgg.bites.com.my/collections/fridge,Fridge,MUSHROOM FISH N SOY (SEAWEED) 500G,RM14.40,,https://vgg.bites.com.my/collections/fridge/products/mushroom-fish-n-soy-seaweed-500g
https://vgg.bites.com.my/collections/fridge,Fridge,KANIKA CRAB STICK SUPERIOR 500G,RM24.15,,https://vgg.bites.com.my/collections/fridge/products/kanika-crab-stick-superior-500g
https://vgg.bites.com.my/collections/fridge,Fridge,PACIFIC GREENS CRISPY FISHLESS FINGER 300G,RM16.25,,https://vgg.bites.com.my/collections/fridge/products/pacific-greens-crispy-fishless-finger-300g
https://vgg.bites.com.my/collections/fridge,Fridge,PACIFIC GREENS CRISPY SCALLOPS 300G,RM18.80,,https://vgg.bites.com.my/collections/fridge/products/pacific-greens-crispy-scallops-300g
https://vgg.bites.com.my/collections/fridge,Fridge,MARINA FISH NUGGET SEAWEED 600G,RM17.90,,https://vgg.bites.com.my/collections/fridge/products/marina-fish-nugget-seaweed-600g
https://vgg.bites.com.my/collections/fridge,Fridge,MS FROZEN PUD 71/90 VANAMEI MEAT 200GM,RM10.80,,https://vgg.bites.com.my/collections/fridge/products/ms-frozen-pud-71-90-vanamei-meat-200gm
https://vgg.bites.com.my/collections/fridge,Fridge,PACIFIC WEST TEMPURA PRAWNS 200GM,RM18.49,RM19.70,https://vgg.bites.com.my/collections/fridge/products/pacific-west-tempura-prawns-200gm
https://vgg.bites.com.my/collections/fridge,Fridge,FIGO CHEE'SY FISH CURD 500G,RM13.65,,https://vgg.bites.com.my/collections/fridge/products/figo-chee-sy-fish-curd-500g
https://vgg.bites.com.my/collections/fridge,Fridge,ATLAS ICE CUBES 2.2KG,RM2.25,,https://vgg.bites.com.my/collections/fridge/products/atlas-ice-cubes-22kg
https://vgg.bites.com.my/collections/fridge,Fridge,AYAMAS GOLDEN NUGGET 850G,RM20.50,,https://vgg.bites.com.my/collections/fridge/products/ayamas-golden-nugget-850g
https://vgg.bites.com.my/collections/fridge,Fridge,BEGA STRONG & BITEY CHEDDAR CHEESE 250GM,RM19.80,,https://vgg.bites.com.my/collections/fridge/products/bega-strong-bitey-cheddar-cheese-250gm
https://vgg.bites.com.my/collections/fridge,Fridge,BEGA TASTY CHEDDAR CHEESE 250G,RM19.75,RM19.80,https://vgg.bites.com.my/collections/fridge/products/bega-tasty-cheddar-cheese-250g
https://vgg.bites.com.my/collections/fridge,Fridge,SUNGLO GREEK YOGURT FULL CREAM 370G,RM7.95,,https://vgg.bites.com.my/collections/fridge/products/sunglo-greek-yogurt-full-cream-370g
https://vgg.bites.com.my/collections/fridge,Fridge,FARM FRESH GREEK YOGURT ORIGINAL 120G,RM4.35,,https://vgg.bites.com.my/collections/fridge/products/farm-fresh-greek-yogurt-original-120g
https://vgg.bites.com.my/collections/fridge,Fridge,FARM FRESH SKINNY LOW FAT NAT YOGURT 400GM,RM5.89,RM6.50,https://vgg.bites.com.my/collections/fridge/products/farm-fresh-skinny-low-fat-nat-yogurt-400gm
https://vgg.bites.com.my/collections/fridge,Fridge,FARM YOGURT PEACH 120G,RM3.40,,https://vgg.bites.com.my/collections/fridge/products/farm-yogurt-peach-120g
https://vgg.bites.com.my/collections/fridge,Fridge,NUTRIPLUS EGGS OMEGA 3 XL 10S,RM8.40,,https://vgg.bites.com.my/collections/fridge/products/nutriplus-eggs-omega-3-xl-10s
https://vgg.bites.com.my/collections/fridge,Fridge,KAWAN GREEN PEAS 500G,RM5.75,,https://vgg.bites.com.my/collections/fridge/products/kawan-green-peas-500g
https://vgg.bites.com.my/collections/fridge,Fridge,VITAGEN LESS SUGAR PINEAPPLE 5X125ML,RM6.10,,https://vgg.bites.com.my/collections/fridge/products/vitagen-less-sugar-pineapple-5x125ml
https://vgg.bites.com.my/collections/fridge,Fridge,PROMEX SALTED BUTTER 227G,RM13.99,RM14.60,https://vgg.bites.com.my/collections/fridge/products/promex-salted-butter-227g
https://vgg.bites.com.my/collections/fridge,Fridge,LK FRESH LOW CHOLESTEROL EGGS 6'S,RM7.10,,https://vgg.bites.com.my/collections/fridge/products/lk-fresh-low-cholesterol-eggs-6-s
https://vgg.bites.com.my/collections/fridge,Fridge,SA PREMIUM EGG 30S B,RM27.90,,https://vgg.bites.com.my/collections/fridge/products/sa-premium-egg-30s-b
https://vgg.bites.com.my/collections/fridge,Fridge,LKH QUAIL EGG 15S,RM5.35,,https://vgg.bites.com.my/collections/fridge/products/lkh-quail-egg-15s
https://vgg.bites.com.my/collections/fridge,Fridge,LKH TELUR KAMPUNG SEGAR 10S,RM8.80,,https://vgg.bites.com.my/collections/fridge/products/lkh-telur-kampung-segar-10s
https://vgg.bites.com.my/collections/fridge,Fridge,LS SALTED SEASONING BEAN CURD 400G,RM3.60,,https://vgg.bites.com.my/collections/fridge/products/ls-salted-seasoning-bean-curd-400g
https://vgg.bites.com.my/collections/fridge,Fridge,LTK ORGANIC SELENIUM PLUS 10'S,RM9.00,,https://vgg.bites.com.my/collections/fridge/products/ltk-organic-selenium-plus-10-s
https://vgg.bites.com.my/collections/fridge,Fridge,KINGS POTONG PULUT HITAM 6X70ML,RM11.20,,https://vgg.bites.com.my/collections/fridge/products/kings-potong-pulut-hitam-6x70ml
https://vgg.bites.com.my/collections/fridge,Fridge,KINGS POTONG DURIAN 6X70ML,RM11.20,,https://vgg.bites.com.my/collections/fridge/products/kings-potong-durian-6x70ml
https://vgg.bites.com.my/collections/fridge,Fridge,KINGS POTONG PULUT HITAM & YAM 6X70ML,RM11.20,,https://vgg.bites.com.my/collections/fridge/products/kings-potong-pulut-hitam-yam-6x70ml
https://vgg.bites.com.my/collections/fridge,Fridge,KINGS POTONG M/PACK RED BEAN 6X70ML,RM11.20,,https://vgg.bites.com.my/collections/fridge/products/kings-potong-m-pack-red-bean-6x70ml
https://vgg.bites.com.my/collections/fridge,Fridge,CP RAW SHRIMP WONTON 154G,RM18.55,,https://vgg.bites.com.my/collections/fridge/products/cp-raw-shrimp-wonton-154g
https://vgg.bites.com.my/collections/fridge,Fridge,SA MACAO EGG 10S B,RM10.60,,https://vgg.bites.com.my/collections/fridge/products/sa-macao-egg-10s-b
https://vgg.bites.com.my/collections/fridge,Fridge,IFS KONJAC KNOT 200G,RM6.60,,https://vgg.bites.com.my/collections/fridge/products/ifs-konjac-knot-200g
https://vgg.bites.com.my/collections/fridge,Fridge,CSF QUAIL EGG 15S,RM10.80,,https://vgg.bites.com.my/collections/fridge/products/csf-quail-egg-15s
https://vgg.bites.com.my/collections/fridge,Fridge,EMMI GREAT STYLE YOGURT 4% FAT 150G,RM13.85,,https://vgg.bites.com.my/collections/fridge/products/emmi-great-style-yogurt-4-fat-150g
https://vgg.bites.com.my/collections/fridge,Fridge,LURPAK SPREADABLE LIGHT W/OLIVE OIL 250G,RM21.10,,https://vgg.bites.com.my/collections/fridge/products/lurpak-spreadable-light-w-olive-oil-250g
https://vgg.bites.com.my/collections/fridge,Fridge,"HAAGEN-DAZS COOKIES, SALTED, CHOC STICKBAR 3X80ML",RM31.95,,https://vgg.bites.com.my/collections/fridge/products/haagen-dazs-cookies-salted-choc-stickbar-3x80ml
https://vgg.bites.com.my/collections/fridge,Fridge,BULLA 97% FF MINIS FRUIT&YOG  14'S,RM26.25,,https://vgg.bites.com.my/collections/fridge/products/bulla-97-ff-minis-fruit-yog-14-s
https://vgg.bites.com.my/collections/fridge,Fridge,PAYSAN BRETON UHT WHIPPING CREAM 35% 1L,RM32.40,,https://vgg.bites.com.my/collections/fridge/products/paysan-breton-uht-whipping-cream-35-1l
https://vgg.bites.com.my/collections/fridge,Fridge,BUTTERCUP DAIRY SPREAD 500G,RM17.00,,https://vgg.bites.com.my/collections/fridge/products/buttercup-dairy-spread-500g
https://vgg.bites.com.my/collections/fridge,Fridge,HOMESOY BROWN SUGAR 750ML,RM5.35,,https://vgg.bites.com.my/collections/fridge/products/homesoy-brown-sugar-750ml
https://vgg.bites.com.my/collections/fridge,Fridge,SANITARIUM SO GOOD LITE SOY MILK 1L,RM9.89,RM10.80,https://vgg.bites.com.my/collections/fridge/products/sanitarium-so-good-lite-soy-milk-1l
https://vgg.bites.com.my/collections/fridge,Fridge,HOMESOY ORIGINAL 6X250ML,RM8.20,,https://vgg.bites.com.my/collections/fridge/products/homesoy-original-6x250ml
https://vgg.bites.com.my/collections/fridge,Fridge,SANITARIUM SO GOOD HI PROTEIN ALMOND 1L,RM14.99,RM16.70,https://vgg.bites.com.my/collections/fridge/products/sanitarium-so-good-hi-protein-almond-1l
https://vgg.bites.com.my/collections/fridge,Fridge,MCCAIN PROSPERITY SPIRAL FRIES 600G,RM16.60,,https://vgg.bites.com.my/collections/fridge/products/mccain-prosperity-spiral-fries-600g
https://vgg.bites.com.my/collections/fridge,Fridge,DUTCH LADY UHT LOW FAT 3X1L,RM19.80,RM22.35,https://vgg.bites.com.my/collections/fridge/products/dutch-lady-uht-low-fat-3x1l
https://vgg.bites.com.my/collections/fridge,Fridge,UFC VELVET COCONUT MILK DRINK ORIGINAL 1L,RM9.39,RM10.30,https://vgg.bites.com.my/collections/fridge/products/ufc-velvet-coconut-milk-drink-original-1l
https://vgg.bites.com.my/collections/fridge,Fridge,FARM FRESH CHOCOLATE MINT MILK 700G,RM9.49,RM10.05,https://vgg.bites.com.my/collections/fridge/products/farm-fresh-chocolate-mint-milk-700g
https://vgg.bites.com.my/collections/fridge,Fridge,MARIGOLD UHT LOW FAT MILK 3X200ML,RM5.70,,https://vgg.bites.com.my/collections/fridge/products/marigold-uht-low-fat-milk-3x200ml
https://vgg.bites.com.my/collections/fridge,Fridge,MAGNOLIA UHT FULL CREAM 6*200ML,RM9.19,RM10.10,https://vgg.bites.com.my/collections/fridge/products/magnolia-uht-full-cream-6-200ml
https://vgg.bites.com.my/collections/fridge,Fridge,MAGNOLIA UHT FULL CREAM 1LTR,RM6.49,RM6.90,https://vgg.bites.com.my/collections/fridge/products/magnolia-uht-full-cream-1ltr
https://vgg.bites.com.my/collections/fridge,Fridge,GOODDAY UHT LOW FAT 1L,RM6.49,RM8.50,https://vgg.bites.com.my/collections/fridge/products/goodday-uht-low-fat-1l
https://vgg.bites.com.my/collections/fridge,Fridge,GOODDAY UHT CHOCOLATE 1L,RM6.49,RM8.50,https://vgg.bites.com.my/collections/fridge/products/goodday-uht-chocolate-1l
https://vgg.bites.com.my/collections/fridge,Fridge,GOODDAY UHT LOW FAT MILK 6X200ML,RM9.19,RM11.80,https://vgg.bites.com.my/collections/fridge/products/goodday-uht-low-fat-milk-6x200ml
https://vgg.bites.com.my/collections/fridge,Fridge,LADY BORDEN PINT STRAWBERRY 470ML,RM34.90,,https://vgg.bites.com.my/collections/fridge/products/lady-borden-pint-strawberry-470ml
https://vgg.bites.com.my/collections/fridge,Fridge,LADY BORDEN PINT GREENTEA 470ML,RM34.90,,https://vgg.bites.com.my/collections/fridge/products/lady-borden-pint-greentea-470ml
https://vgg.bites.com.my/collections/fridge,Fridge,HUNGRITOS FRENCH FRIES CLASSIC 500G,RM10.15,,https://vgg.bites.com.my/collections/fridge/products/hungritos-french-fries-classic-500g
https://vgg.bites.com.my/collections/fridge,Fridge,HUNGRITOS FRENCH FRIES PERI PERI 500G,RM11.15,,https://vgg.bites.com.my/collections/fridge/products/hungritos-french-fries-peri-peri-500g
https://vgg.bites.com.my/collections/fridge,Fridge,HUNGRITOS POTATO POPCORN PERI PERI 350G,RM11.15,,https://vgg.bites.com.my/collections/fridge/products/hungritos-potato-popcorn-peri-peri-350g
https://vgg.bites.com.my/collections/fridge,Fridge,HUNGRITOS POTATO SLIDER ALOO TIKKI 300G,RM11.15,,https://vgg.bites.com.my/collections/fridge/products/hungritos-potato-slider-aloo-tikki-300g
https://vgg.bites.com.my/collections/fridge,Fridge,HUNGRITOS HASHBROWN 600G,RM9.60,,https://vgg.bites.com.my/collections/fridge/products/hungritos-hashbrown-600g
https://vgg.bites.com.my/collections/fridge,Fridge,FIGO CHICKEN SLICE 500G,RM13.80,,https://vgg.bites.com.my/collections/fridge/products/figo-chicken-slice-500g
https://vgg.bites.com.my/collections/fridge,Fridge,CHOBANI GREEK YOGHURT FIT BLUEBERRY 160G,RM12.75,,https://vgg.bites.com.my/collections/fridge/products/chobani-greek-yoghurt-fit-blueberry-160g
https://vgg.bites.com.my/collections/fridge,Fridge,CHOBANI GREEK YOGHURT FIT PASSIONFRUIT 160G,RM12.75,,https://vgg.bites.com.my/collections/fridge/products/chobani-greek-yoghurt-fit-passionfruit-160g
https://vgg.bites.com.my/collections/fridge,Fridge,CHOBANI GREEK YOGHURT FIT STRAWBERRY 160G,RM12.75,,https://vgg.bites.com.my/collections/fridge/products/chobani-greek-yoghurt-fit-strawberry-160g
https://vgg.bites.com.my/collections/fridge,Fridge,CHOBANI GREEK YOGHURT FIT TROPICAL 160G,RM12.75,,https://vgg.bites.com.my/collections/fridge/products/chobani-greek-yoghurt-fit-tropical-160g
https://vgg.bites.com.my/collections/fridge,Fridge,CHOBANI GREEK YOGHURT FIT VANILLA 160G,RM12.75,,https://vgg.bites.com.my/collections/fridge/products/chobani-greek-yoghurt-fit-vanilla-160g
https://vgg.bites.com.my/collections/fridge,Fridge,CHOBANI GREEK YOGHURT FIT SALTED CARAMEL 160G,RM12.75,,https://vgg.bites.com.my/collections/fridge/products/chobani-greek-yoghurt-fit-salted-caramel-160g
https://vgg.bites.com.my/collections/fridge,Fridge,BULLA REDUCED FAT VANIALLA 2L,RM25.55,,https://vgg.bites.com.my/collections/fridge/products/bulla-reduced-fat-vanialla-2l
https://vgg.bites.com.my/collections/fridge,Fridge,BULLA REDUCED FAT CHOCOLATE 2L,RM25.55,,https://vgg.bites.com.my/collections/fridge/products/bulla-reduced-fat-chocolate-2l
https://vgg.bites.com.my/collections/fridge,Fridge,BULLA CREAMY CLASSIC VAN CHOC FDGE CONES 4PK 520ML,RM24.20,,https://vgg.bites.com.my/collections/fridge/products/bulla-creamy-classic-van-choc-fdge-cones-4pk-520ml
https://vgg.bites.com.my/collections/fridge,Fridge,BULLA CREAMY CLASSIC VANILLA 4X90ML,RM27.25,,https://vgg.bites.com.my/collections/fridge/products/bulla-creamy-classic-vanilla-4x90ml
https://vgg.bites.com.my/collections/fridge,Fridge,BULLA CREAMY CLASSICS STICK HONEYCOMB 4PK 360G,RM27.25,,https://vgg.bites.com.my/collections/fridge/products/bulla-creamy-classics-stick-honeycomb-4pk-360g
https://vgg.bites.com.my/collections/fridge,Fridge,BULLA CREAMY CLASSICS STICK NEAPOLITAN 4PK 360G,RM27.25,,https://vgg.bites.com.my/collections/fridge/products/bulla-creamy-classics-stick-neapolitan-4pk-360g
https://vgg.bites.com.my/collections/fridge,Fridge,BULLA SPLITS 10'S TWO SELECTION PACK,RM26.25,,https://vgg.bites.com.my/collections/fridge/products/bulla-splits-10-s-two-selection-pack
https://vgg.bites.com.my/collections/fridge,Fridge,BULLA ICE CREAM SANDWICHES VANILLA 4S 440ML,RM19.30,,https://vgg.bites.com.my/collections/fridge/products/bulla-ice-cream-sandwiches-vanilla-4s-440ml
https://vgg.bites.com.my/collections/fridge,Fridge,BULLA ICE CREAM SANDWICHES COOKIES & CREAM 4S 440M,RM19.30,,https://vgg.bites.com.my/collections/fridge/products/bulla-ice-cream-sandwiches-cookies-cream-4s-440m
https://vgg.bites.com.my/collections/fridge,Fridge,EMBORG ORGANIC CHOPPED SPINACH 400G,RM14.99,RM16.15,https://vgg.bites.com.my/collections/fridge/products/emborg-organic-chopped-spinach-400g
https://vgg.bites.com.my/collections/fridge,Fridge,EMBORG ORGANIC GREEN PEAS 400G,RM14.79,RM15.95,https://vgg.bites.com.my/collections/fridge/products/emborg-organic-green-peas-400g
https://vgg.bites.com.my/collections/fridge,Fridge,EMBORG CAULIFLOWER RICE 450G,RM18.30,,https://vgg.bites.com.my/collections/fridge/products/emborg-cauliflower-rice-450g
https://vgg.bites.com.my/collections/fridge,Fridge,LESCURE UNSALTED BUTTER ROLLED 250G,RM27.50,,https://vgg.bites.com.my/collections/fridge/products/lescure-unsalted-butter-rolled-250g
https://vgg.bites.com.my/collections/fridge,Fridge,PERFECT ITALIANO PERFECT PIZZA SHREDDED 150G,RM12.70,,https://vgg.bites.com.my/collections/fridge/products/perfect-italiano-perfect-pizza-shredded-150g
https://vgg.bites.com.my/collections/fridge,Fridge,PERFECT ITALIANO PERFECT BAKES SHREDDED 150G,RM12.70,,https://vgg.bites.com.my/collections/fridge/products/perfect-italiano-perfect-bakes-shredded-150g
https://vgg.bites.com.my/collections/fridge,Fridge,SAILOR'S CHILLI BEEF SAUSASGES 400G,RM34.80,,https://vgg.bites.com.my/collections/fridge/products/sailor-s-chilli-beef-sausasges-400g
https://vgg.bites.com.my/collections/fridge,Fridge,FIGO BEEF BALL 500G,RM13.10,,https://vgg.bites.com.my/collections/fridge/products/figo-beef-ball-500g
https://vgg.bites.com.my/collections/fridge,Fridge,FIGO JAPANESE DUMPLING KIMCHI 200G,RM6.25,,https://vgg.bites.com.my/collections/fridge/products/figo-japanese-dumpling-kimchi-200g
https://vgg.bites.com.my/collections/fridge,Fridge,FIGO JAPANESE PRAWN DUMPLING 200G,RM7.80,,https://vgg.bites.com.my/collections/fridge/products/figo-japanese-prawn-dumpling-200g
https://vgg.bites.com.my/collections/fridge,Fridge,EMBORG MONTEREY JACK SHREDDED 200G,RM18.15,,https://vgg.bites.com.my/collections/fridge/products/emborg-monterey-jack-shredded-200g
https://vgg.bites.com.my/collections/fridge,Fridge,ARLA PRO CREAM BUTTER SALTED 250G,RM21.10,,https://vgg.bites.com.my/collections/fridge/products/arla-pro-cream-butter-salted-250g
https://vgg.bites.com.my/collections/fridge,Fridge,ARLA PRO CREAM BUTTER UNSALTED 250G,RM21.10,,https://vgg.bites.com.my/collections/fridge/products/arla-pro-cream-butter-unsalted-250g
https://vgg.bites.com.my/collections/fridge,Fridge,DAIRY FARMERS T&C YELLOW BOX HONEY 150GM,RM10.80,,https://vgg.bites.com.my/collections/fridge/products/dairy-farmers-t-c-yellow-box-honey-150gm
https://vgg.bites.com.my/collections/fridge,Fridge,BEGA SMOKED BBQ SLICED CHEESE 200G,RM11.15,,https://vgg.bites.com.my/collections/fridge/products/bega-smoked-bbq-sliced-cheese-200g
https://vgg.bites.com.my/collections/fridge,Fridge,BEGA BLACK PEPPER CHEDDAR CHEESE 200G,RM11.40,,https://vgg.bites.com.my/collections/fridge/products/bega-black-pepper-cheddar-cheese-200g
https://vgg.bites.com.my/collections/fridge,Fridge,YEOS IMMUNO SOY MILK 1L,RM3.19,RM4.90,https://vgg.bites.com.my/collections/fridge/products/yeos-immuno-soy-milk-1l
https://vgg.bites.com.my/collections/fridge,Fridge,YEOS IMMUNO SOY CHOCOLATE 1L,RM3.19,RM4.90,https://vgg.bites.com.my/collections/fridge/products/yeos-immuno-soy-chocolate-1l
https://vgg.bites.com.my/collections/fridge,Fridge,DUTCH LADY UHT FULL CREAM 6X200ML,RM10.20,RM11.20,https://vgg.bites.com.my/collections/fridge/products/dutch-lady-uht-full-cream-6x200ml
https://vgg.bites.com.my/collections/fridge,Fridge,DUTCH LADY UHT CHOC 6X200ML,RM10.20,RM11.20,https://vgg.bites.com.my/collections/fridge/products/dutch-lady-uht-choc-6x200ml
https://vgg.bites.com.my/collections/fridge,Fridge,DUTCH LADY UHT STRAWBERRY 6X200ML,RM10.20,RM11.20,https://vgg.bites.com.my/collections/fridge/products/dutch-lady-uht-strawberry-6x200ml
https://vgg.bites.com.my/collections/fridge,Fridge,DUTCH LADY UHT KURMA 6X200ML,RM10.20,RM11.20,https://vgg.bites.com.my/collections/fridge/products/dutch-lady-uht-kurma-6x200ml
https://vgg.bites.com.my/collections/fridge,Fridge,DUTCH LADY UHT CHOCOLATE 1L,RM7.40,RM7.90,https://vgg.bites.com.my/collections/fridge/products/dutch-lady-uht-chocolate-1l
https://vgg.bites.com.my/collections/fridge,Fridge,NZ/AUST BONELESS LAMB LEG STEAK (+/-500G),RM66.45,,https://vgg.bites.com.my/collections/fridge/products/nzaust-boneless-lamb-leg-steak-500g
https://vgg.bites.com.my/collections/fridge,Fridge,FIGO ROTI PARATHA PLAIN 400GM,RM6.00,,https://vgg.bites.com.my/collections/fridge/products/figo-roti-paratha-plain-400gm
https://vgg.bites.com.my/collections/fridge,Fridge,FIGO ROTI PARATHA ONION 400GM,RM6.00,,https://vgg.bites.com.my/collections/fridge/products/figo-roti-paratha-onion-400gm
https://vgg.bites.com.my/collections/fridge,Fridge,DUTCH LADY UHT MILKY FROZEN F/CREAM 4X125ML,RM5.75,,https://vgg.bites.com.my/collections/fridge/products/dutch-lady-uht-milky-frozen-f-cream-4x125ml
https://vgg.bites.com.my/collections/fridge,Fridge,DUTCH LADY UHT MILKY FROZEN CHOC 4X125ML,RM5.75,,https://vgg.bites.com.my/collections/fridge/products/dutch-lady-uht-milky-frozen-choc-4x125ml
https://vgg.bites.com.my/collections/fridge,Fridge,DUTCH LADY UHT MILKY MARVEL CHOC 4X125ML,RM5.75,,https://vgg.bites.com.my/collections/fridge/products/dutch-lady-uht-milky-marvel-choc-4x125ml
https://vgg.bites.com.my/collections/fridge,Fridge,PROMEX UNSALTED BUTTER 227G,RM13.99,RM14.60,https://vgg.bites.com.my/collections/fridge/products/promex-unsalted-butter-227g
https://vgg.bites.com.my/collections/fridge,Fridge,OLDENBURGER COOKING CREAM 200ML,RM6.40,,https://vgg.bites.com.my/collections/fridge/products/oldenburger-cooking-cream-200ml
https://vgg.bites.com.my/collections/fridge,Fridge,EMMI SWISS GREEK STYLE YOGURT BLUEBERRY 450G,RM28.80,,https://vgg.bites.com.my/collections/fridge/products/emmi-swiss-greek-style-yogurt-blueberry-450g
https://vgg.bites.com.my/collections/fridge,Fridge,EMMI SWISS GREEK STYLE YOGURT NATURAL 0% 450G,RM28.80,,https://vgg.bites.com.my/collections/fridge/products/emmi-swiss-greek-style-yogurt-natural-0-450g
https://vgg.bites.com.my/collections/fridge,Fridge,EMMI SWISS GREEK STYLE YOGURT PEACH 450G,RM28.80,,https://vgg.bites.com.my/collections/fridge/products/emmi-swiss-greek-style-yogurt-peach-450g
https://vgg.bites.com.my/collections/fridge,Fridge,CJ SLICED (MAT) KIMCHI 150G,RM11.25,,https://vgg.bites.com.my/collections/fridge/products/cj-sliced-mat-kimchi-150g
https://vgg.bites.com.my/collections/fridge,Fridge,PETIT MIAM SQUEEZIE BANANA 70GM,RM5.90,,https://vgg.bites.com.my/collections/fridge/products/petit-miam-squeezie-banana-70gm
https://vgg.bites.com.my/collections/fridge,Fridge,PETIT MIAM SQUEEZIE VANILLA 70GM,RM5.90,,https://vgg.bites.com.my/collections/fridge/products/petit-miam-squeezie-vanilla-70gm
https://vgg.bites.com.my/collections/fridge,Fridge,CJ BIBIGO SLICED KIMCHI 1KG,RM52.05,,https://vgg.bites.com.my/collections/fridge/products/cj-bibigo-sliced-kimchi-1kg
https://vgg.bites.com.my/collections/fridge,Fridge,BIBIGO PLANTABLE VEGAN KIMCHI(SLICED) 500G (PET),RM30.20,,https://vgg.bites.com.my/collections/fridge/products/bibigo-plantable-vegan-kimchi-sliced-500g-pet
https://vgg.bites.com.my/collections/fridge,Fridge,ANZEN ORGANIC SMOOTH TOFU 300G,RM2.70,RM2.75,https://vgg.bites.com.my/collections/fridge/products/anzen-organic-smooth-tofu-300g
https://vgg.bites.com.my/collections/fridge,Fridge,137 DEGREES ALMOND MILK WITH AVOCADO 1L,RM22.20,,https://vgg.bites.com.my/collections/fridge/products/137-degrees-almond-milk-with-avocado-1l
https://vgg.bites.com.my/collections/fridge,Fridge,SANITARIUM SO GOOD EXTRA CREAMY OAT MILK 1L,RM11.39,RM13.10,https://vgg.bites.com.my/collections/fridge/products/sanitarium-so-good-extra-creamy-oat-milk-1l
https://vgg.bites.com.my/collections/fridge,Fridge,FFF DORYFISH 1KG,RM39.90,,https://vgg.bites.com.my/collections/fridge/products/fff-doryfish-1kg
https://vgg.bites.com.my/collections/fridge,Fridge,SUNGLO LF NATURAL LASSI 700ML,RM5.80,,https://vgg.bites.com.my/collections/fridge/products/sunglo-lf-natural-lassi-700ml
https://vgg.bites.com.my/collections/fridge,Fridge,SUNGLO APPLE LASSI LF 700ML,RM5.80,,https://vgg.bites.com.my/collections/fridge/products/sunglo-apple-lassi-lf-700ml
https://vgg.bites.com.my/collections/fridge,Fridge,AYAMAS KITCHEN CRISPY FRIED CHICKEN ORIGINAL 750G,RM25.70,,https://vgg.bites.com.my/collections/fridge/products/ayamas-kitchen-crispy-fried-chicken-original-750g
https://vgg.bites.com.my/collections/fridge,Fridge,AYAMAS KITCHEN CRISPY RED HOT FRIED CHICKEN 750G,RM25.70,,https://vgg.bites.com.my/collections/fridge/products/ayamas-kitchen-crispy-red-hot-fried-chicken-750g
https://vgg.bites.com.my/collections/fridge,Fridge,FARMHOUSE HICAL LOW FAT 1L,RM11.59,RM12.70,https://vgg.bites.com.my/collections/fridge/products/farmhouse-hical-low-fat-1l
https://vgg.bites.com.my/collections/fridge,Fridge,DUTCH LADY UHT COFFEE 6X200ML,RM10.20,RM11.20,https://vgg.bites.com.my/collections/fridge/products/dutch-lady-uht-coffee-6x200ml
https://vgg.bites.com.my/collections/fridge,Fridge,LACTEL YOGHURT GREEK NAT PECAN GULA MELAKA 130G,RM6.20,,https://vgg.bites.com.my/collections/fridge/products/lactel-yoghurt-greek-nat-pecan-gula-melaka-130g
https://vgg.bites.com.my/collections/fridge,Fridge,FARM YOGURT MIXBERRIES 120G,RM3.40,,https://vgg.bites.com.my/collections/fridge/products/farm-yogurt-mixberries-120g
https://vgg.bites.com.my/collections/fridge,Fridge,EMBORG CHEESE STRIPS 168G,RM18.75,,https://vgg.bites.com.my/collections/fridge/products/emborg-cheese-strips-168g
https://vgg.bites.com.my/collections/fridge,Fridge,PAYSAN BRETON MINI BUTTER SALTED 20X100G,RM17.75,,https://vgg.bites.com.my/collections/fridge/products/paysan-breton-mini-butter-salted-20x100g
https://vgg.bites.com.my/collections/fridge,Fridge,PAYSAN BRETON MINI BUTTER UNSALTED 20X100G,RM17.75,,https://vgg.bites.com.my/collections/fridge/products/paysan-breton-mini-butter-unsalted-20x100g
https://vgg.bites.com.my/collections/fridge,Fridge,FARMERS UNION GREEK POUCH MANGO 130G,RM10.30,,https://vgg.bites.com.my/collections/fridge/products/farmers-union-greek-pouch-mango-130g
https://vgg.bites.com.my/collections/fridge,Fridge,FARMERS UNION GREEK POUCH VANILLA,RM10.30,,https://vgg.bites.com.my/collections/fridge/products/farmers-union-greek-pouch-vanilla
https://vgg.bites.com.my/collections/fridge,Fridge,PAYSAN BRETON SALTED SPREAD 250G,RM20.15,,https://vgg.bites.com.my/collections/fridge/products/paysan-breton-salted-spread-250g
https://vgg.bites.com.my/collections/fridge,Fridge,CHOBANI GREEK YOGHURT 0% FAT RASPBERRY POUCH 140G,RM13.90,,https://vgg.bites.com.my/collections/fridge/products/chobani-greek-yoghurt-0-fat-raspberry-pouch-140g
https://vgg.bites.com.my/collections/fridge,Fridge,CHOBANI NSA VANILLA BEAN 150G,RM12.75,,https://vgg.bites.com.my/collections/fridge/products/chobani-nsa-vanilla-bean-150g
https://vgg.bites.com.my/collections/fridge,Fridge,EMMI SWISS PREMIUM MANGO PASSION FRUITS YOG 450G,RM25.20,,https://vgg.bites.com.my/collections/fridge/products/emmi-swiss-premium-mango-passion-fruits-yog-450g
https://vgg.bites.com.my/collections/fridge,Fridge,EMMI SWISS PREMIUM NATURAL YOGURT 0% FAT 450G,RM25.20,,https://vgg.bites.com.my/collections/fridge/products/emmi-swiss-premium-natural-yogurt-0-fat-450g
https://vgg.bites.com.my/collections/fridge,Fridge,EMMI SWISS PREMIUM NATURAL YOGURT 3.5% FAT 450G,RM25.20,,https://vgg.bites.com.my/collections/fridge/products/emmi-swiss-premium-natural-yogurt-3-5-fat-450g
https://vgg.bites.com.my/collections/fridge,Fridge,EMMI SWISS PREMIUM STRAWBERRY YOGURT 450G,RM25.20,,https://vgg.bites.com.my/collections/fridge/products/emmi-swiss-premium-strawberry-yogurt-450g
https://vgg.bites.com.my/collections/fridge,Fridge,TWIN COWS FAT SPREAD 250G,RM5.85,,https://vgg.bites.com.my/collections/fridge/products/twin-cows-fat-spread-250g
https://vgg.bites.com.my/collections/fridge,Fridge,JONGGA PONYTAIL RADISH KIMCHI 500GM,RM26.00,,https://vgg.bites.com.my/collections/fridge/products/jongga-ponytail-radish-kimchi-500gm
https://vgg.bites.com.my/collections/fridge,Fridge,JONGGA CHOPPED RADISH KIMCHI 500GM,RM26.00,,https://vgg.bites.com.my/collections/fridge/products/jongga-chopped-radish-kimchi-500gm
https://vgg.bites.com.my/collections/fridge,Fridge,SPRING HOME GLUTINOUS RICE BALL RED BEAN 200G,RM6.60,,https://vgg.bites.com.my/collections/fridge/products/spring-home-glutinous-rice-ball-red-bean-200g
https://vgg.bites.com.my/collections/fridge,Fridge,MAT KIMCHI TWINPACK 2X380G,RM30.30,,https://vgg.bites.com.my/collections/fridge/products/mat-kimchi-twinpack-2x380g
https://vgg.bites.com.my/collections/fridge,Fridge,SPRING HOME MINI RICE BALL ORI 300GM,RM7.20,,https://vgg.bites.com.my/collections/fridge/products/spring-home-mini-rice-ball-ori-300gm
https://vgg.bites.com.my/collections/fridge,Fridge,SPRING HOME MINI RICE BALL S/POTATO&TARO 180GM,RM7.20,,https://vgg.bites.com.my/collections/fridge/products/spring-home-mini-rice-ball-s-potato-taro-180gm
https://vgg.bites.com.my/collections/fridge,Fridge,SPRING HOME CHIVES&VEGETABLE DUMPLING 200GM,RM9.60,,https://vgg.bites.com.my/collections/fridge/products/spring-home-chives-vegetable-dumpling-200gm
https://vgg.bites.com.my/collections/fridge,Fridge,SPRING HOME PRAWN HARGOW 160GM,RM12.50,,https://vgg.bites.com.my/collections/fridge/products/spring-home-prawn-hargow-160gm
https://vgg.bites.com.my/collections/fridge,Fridge,SPRING HOME PRAWN SHAOMAI 200GM,RM15.55,,https://vgg.bites.com.my/collections/fridge/products/spring-home-prawn-shaomai-200gm
https://vgg.bites.com.my/collections/fridge,Fridge,SPRING HOME FRIED PRAWN WONTON 144GM,RM15.10,,https://vgg.bites.com.my/collections/fridge/products/spring-home-fried-prawn-wonton-144gm
https://vgg.bites.com.my/collections/fridge,Fridge,SPRING HOME GLUTINOUS RICE DPG 270GM,RM12.00,,https://vgg.bites.com.my/collections/fridge/products/spring-home-glutinous-rice-dpg-270gm
https://vgg.bites.com.my/collections/fridge,Fridge,KAWAN DHALL CURRY 130G,RM5.05,,https://vgg.bites.com.my/collections/fridge/products/kawan-dhall-curry-130g
https://vgg.bites.com.my/collections/fridge,Fridge,NUTRIPLUS NH TATSUTA FRIED CHICKEN 450G,RM20.10,,https://vgg.bites.com.my/collections/fridge/products/nutriplus-nh-tatsuta-fried-chicken-450g
https://vgg.bites.com.my/collections/fridge,Fridge,MARINA CHICKEN FINGER 500G,RM12.55,,https://vgg.bites.com.my/collections/fridge/products/marina-chicken-finger-500g
https://vgg.bites.com.my/collections/fridge,Fridge,MUSHROOM SMALL FRIED FISH BALL 500G,RM10.10,,https://vgg.bites.com.my/collections/fridge/products/mushroom-small-fried-fish-ball-500g
https://vgg.bites.com.my/collections/fridge,Fridge,MUSHROOM LOBSTER FLAVOURED BALL 500G,RM15.80,,https://vgg.bites.com.my/collections/fridge/products/mushroom-lobster-flavoured-ball-500g
https://vgg.bites.com.my/collections/fridge,Fridge,MUSHROOM FISH BALL 500G,RM13.70,,https://vgg.bites.com.my/collections/fridge/products/mushroom-fish-ball-500g
https://vgg.bites.com.my/collections/fridge,Fridge,MUSHROOM FISH SANDWICH 500G,RM15.60,,https://vgg.bites.com.my/collections/fridge/products/mushroom-fish-sandwich-500g
https://vgg.bites.com.my/collections/fridge,Fridge,MUSHROOM KING CRAB CHUNK 500G,RM14.15,,https://vgg.bites.com.my/collections/fridge/products/mushroom-king-crab-chunk-500g
https://vgg.bites.com.my/collections/fridge,Fridge,MUSHROOM FISRO 500G,RM16.60,,https://vgg.bites.com.my/collections/fridge/products/mushroom-fisro-500g
https://vgg.bites.com.my/collections/fridge,Fridge,MUSHROOM QQ FISH FILAMENT 500G,RM15.80,,https://vgg.bites.com.my/collections/fridge/products/mushroom-qq-fish-filament-500g
https://vgg.bites.com.my/collections/fridge,Fridge,SPRING HOME GLUTINOUS RICE BALL PEANUT 200G,RM6.60,,https://vgg.bites.com.my/collections/fridge/products/spring-home-glutinous-rice-ball-peanut-200g
https://vgg.bites.com.my/collections/fridge,Fridge,PUCK ORIGINAL SLICE CHEESE 200G,RM8.80,,https://vgg.bites.com.my/collections/fridge/products/puck-original-slice-cheese-200g
https://vgg.bites.com.my/collections/fridge,Fridge,PUCK CHEDDAR SLICE CHEESE 200G,RM8.80,,https://vgg.bites.com.my/collections/fridge/products/puck-cheddar-slice-cheese-200g
https://vgg.bites.com.my/collections/fridge,Fridge,COSIP CHOCOLICIOUS PLANT BASED MILK 1L,RM15.60,,https://vgg.bites.com.my/collections/fridge/products/cosip-chocolicious-plant-based-milk-1l
https://vgg.bites.com.my/collections/fridge,Fridge,COSIP BARISTA PLANT BASED MILK 1L,RM16.50,,https://vgg.bites.com.my/collections/fridge/products/cosip-barista-plant-based-milk-1l
https://vgg.bites.com.my/collections/fridge,Fridge,R AUST KNUCKLE MINCED FRZ THAW (+/-500G),RM31.95,,https://vgg.bites.com.my/collections/fridge/products/r-aust-knuckle-minced-frz-thaw-500g
https://vgg.bites.com.my/collections/fridge,Fridge,AUST FROZEN KNUCKLE WEIGHT WATCHER (+/- 500G),RM34.95,,https://vgg.bites.com.my/collections/fridge/products/aust-frozen-knuckle-weight-watcher-500g
https://vgg.bites.com.my/collections/fridge,Fridge,NZ BONELESS LAMB LEG STEAK 190G R,RM24.90,,https://vgg.bites.com.my/collections/fridge/products/nz-boneless-lamb-leg-steak-190g-r
https://vgg.bites.com.my/collections/fridge,Fridge,NZ BONELESS LAMB LEG SLICE 190G R,RM24.90,,https://vgg.bites.com.my/collections/fridge/products/nz-boneless-lamb-leg-slice-190g-r
https://vgg.bites.com.my/collections/fridge,Fridge,NZ BONELESS LAMB LEG CUBE 190G R,RM24.90,,https://vgg.bites.com.my/collections/fridge/products/nz-boneless-lamb-leg-cube-190g-r
https://vgg.bites.com.my/collections/fridge,Fridge,NZ BONELESS LAMB LEG STIR FRY 190G R,RM24.90,,https://vgg.bites.com.my/collections/fridge/products/nz-boneless-lamb-leg-stir-fry-190g-r
https://vgg.bites.com.my/collections/fridge,Fridge,LAUGHING COW CHEEZ DIPPERS STRAWBERRY 105G,RM18.00,,https://vgg.bites.com.my/collections/fridge/products/laughing-cow-cheez-dippers-strawberry-105g
https://vgg.bites.com.my/collections/fridge,Fridge,LAUGHING COW CHEEZ DIPPERS BLUEBERRY 105G,RM18.00,,https://vgg.bites.com.my/collections/fridge/products/laughing-cow-cheez-dippers-blueberry-105g
https://vgg.bites.com.my/collections/fridge,Fridge,MARINA CHICKEN POPCORN 500G,RM15.90,,https://vgg.bites.com.my/collections/fridge/products/marina-chicken-popcorn-500g
https://vgg.bites.com.my/collections/fridge,Fridge,BETAGEN CULTURED MILK LOW FAT 1+5X85ML,RM6.00,,https://vgg.bites.com.my/collections/fridge/products/betagen-cultured-milk-low-fat-1-5x85ml
https://vgg.bites.com.my/collections/fridge,Fridge,BETAGEN CULTURED MILK  1+5X85ML,RM6.00,,https://vgg.bites.com.my/collections/fridge/products/betagen-cultured-milk-1-5x85ml
https://vgg.bites.com.my/collections/fridge,Fridge,FIRST PRIDE BUTTERMILK NUGGETS 700G,RM18.99,RM21.45,https://vgg.bites.com.my/collections/fridge/products/first-pride-buttermilk-nuggets-700g
https://vgg.bites.com.my/collections/fridge,Fridge,FIRST PRIDE SMOKY CHICKEN NUGGETS 700G,RM18.99,RM21.45,https://vgg.bites.com.my/collections/fridge/products/first-pride-smoky-chicken-nuggets-700g
https://vgg.bites.com.my/collections/fridge,Fridge,CP SPICY CHICKEN ROLL 550G,RM19.00,,https://vgg.bites.com.my/collections/fridge/products/cp-spicy-chicken-roll-550g
https://vgg.bites.com.my/collections/fridge,Fridge,DARUMA SHOKUHIN HAKODATE HIKIWARI NATTO 40G,RM8.35,,https://vgg.bites.com.my/collections/fridge/products/daruma-shokuhin-hakodate-hikiwari-natto-40g
https://vgg.bites.com.my/collections/fridge,Fridge,DARUMA SHOKUHIN HAKODATE GOKUKOTSUBU NAT 45G,RM8.35,,https://vgg.bites.com.my/collections/fridge/products/daruma-shokuhin-hakodate-gokukotsubu-nat-45g
https://vgg.bites.com.my/collections/fridge,Fridge,DARUMA SHOKUHIN HAKODATE CHUTSUBU NATTO 45G,RM8.35,,https://vgg.bites.com.my/collections/fridge/products/daruma-shokuhin-hakodate-chutsubu-natto-45g
https://vgg.bites.com.my/collections/fridge,Fridge,JONGGA SEAWEED SALAD KIMCHI (SPICY) 300G,RM24.30,,https://vgg.bites.com.my/collections/fridge/products/jongga-seaweed-salad-kimchi-spicy-300g
https://vgg.bites.com.my/collections/fridge,Fridge,ARLA CREAM CHEESE NATURAL 150G,RM12.50,,https://vgg.bites.com.my/collections/fridge/products/arla-cream-cheese-natural-150g
https://vgg.bites.com.my/collections/fridge,Fridge,ARLA CREAM CHEESE NATURAL LIGHT 150G,RM12.65,,https://vgg.bites.com.my/collections/fridge/products/arla-cream-cheese-natural-light-150g
https://vgg.bites.com.my/collections/fridge,Fridge,ARLA CREAM CHEESE HERBS & SPICES 150G,RM12.65,,https://vgg.bites.com.my/collections/fridge/products/arla-cream-cheese-herbs-spices-150g
https://vgg.bites.com.my/collections/fridge,Fridge,ARLAFRESH CHEESE WITH GARLIC 150G,RM12.65,,https://vgg.bites.com.my/collections/fridge/products/arlafresh-cheese-with-garlic-150g
https://vgg.bites.com.my/collections/fridge,Fridge,ARLA CREAM CHEESE LACTO FREE 200G,RM12.65,,https://vgg.bites.com.my/collections/fridge/products/arla-cream-cheese-lacto-free-200g
https://vgg.bites.com.my/collections/fridge,Fridge,FIGO 3IN1 SPICY FISH PASTE BUN,RM12.95,,https://vgg.bites.com.my/collections/fridge/products/figo-3in1-spicy-fish-paste-bun
https://vgg.bites.com.my/collections/fridge,Fridge,DAIRY WEST CRUMBED CHILLI NACHOS BITES 250G,RM20.70,,https://vgg.bites.com.my/collections/fridge/products/dairy-west-crumbed-chilli-nachos-bites-250g
https://vgg.bites.com.my/collections/fridge,Fridge,PACIFIC GREENS WHOLLY BURGER 245G,RM14.95,,https://vgg.bites.com.my/collections/fridge/products/pacific-greens-wholly-burger-245g
https://vgg.bites.com.my/collections/fridge,Fridge,MILO ACTIV-GO UHT 1L,RM8.25,,https://vgg.bites.com.my/collections/fridge/products/milo-activ-go-uht-1l
https://vgg.bites.com.my/collections/fridge,Fridge,AUST FRZ WAGYU TOPSIDE MB 8/9 CUBE - 300G,RM133.90,,https://vgg.bites.com.my/collections/fridge/products/aust-frz-wagyu-topside-mb-89-cube-300g
https://vgg.bites.com.my/collections/fridge,Fridge,AUST WAGYU FROZEN TOPSIDE MB 8/9 - 1KG,RM116.90,,https://vgg.bites.com.my/collections/fridge/products/aust-wagyu-frozen-topside-mb-89-1kg
https://vgg.bites.com.my/collections/fridge,Fridge,CF TAUFU SAKURA 250G,RM1.20,,https://vgg.bites.com.my/collections/fridge/products/cf-taufu-sakura-250g
https://vgg.bites.com.my/collections/fridge,Fridge,INARIAGE SUSHI POCKET 10PCS 400G,RM11.90,,https://vgg.bites.com.my/collections/fridge/products/inariage-sushi-pocket-10pcs-400g
https://vgg.bites.com.my/collections/fridge,Fridge,KATOKICHI SANUKI UDON 3P 600G,RM19.45,,https://vgg.bites.com.my/collections/fridge/products/katokichi-sanuki-udon-3p-600g
https://vgg.bites.com.my/collections/fridge,Fridge,LOTTE HERSHEY CHOCOLATE ICE BAR 7 X 53ML,RM19.15,,https://vgg.bites.com.my/collections/fridge/products/lotte-hershey-chocolate-ice-bar-7-x-53ml
https://vgg.bites.com.my/collections/fridge,Fridge,LOTTE MINI YUKIMI DAIFUKU 9X30ML,RM19.65,,https://vgg.bites.com.my/collections/fridge/products/lotte-mini-yukimi-daifuku-9x30ml
https://vgg.bites.com.my/collections/fridge,Fridge,SHINRAI EDAMAME SOYBEAN HIGH GRADE 500G,RM10.05,,https://vgg.bites.com.my/collections/fridge/products/shinrai-edamame-soybean-high-grade-500g
https://vgg.bites.com.my/collections/fridge,Fridge,KOSUGI SHOKUHIN HALAL NATTO OCHIBISAN 3X40G,RM9.90,,https://vgg.bites.com.my/collections/fridge/products/kosugi-shokuhin-halal-natto-ochibisan-3x40g
https://vgg.bites.com.my/collections/fridge,Fridge,AUST FROZEN STRIPLOIN SUKIYAKI (+/- 400G),RM46.36,,https://vgg.bites.com.my/collections/fridge/products/aust-frozen-striploin-sukiyaki-400g
https://vgg.bites.com.my/collections/fridge,Fridge,FARMERLY OAT DRINK ORIGINAL 1L,RM9.79,RM12.40,https://vgg.bites.com.my/collections/fridge/products/farmerly-oat-drink-original-1l
https://vgg.bites.com.my/collections/fridge,Fridge,DAISY SOFT MARJERIN 450G,RM11.60,,https://vgg.bites.com.my/collections/fridge/products/daisy-soft-marjerin-450g
https://vgg.bites.com.my/collections/fridge,Fridge,NESTLE MAT KOOL CHOC VANILLA 1.5L,RM12.00,,https://vgg.bites.com.my/collections/fridge/products/nestle-mat-kool-choc-vanilla-1-5l
https://vgg.bites.com.my/collections/fridge,Fridge,AYAMAS KITCHEN CHICKEN DRUMMETS ORIGINAL 750G,RM26.90,,https://vgg.bites.com.my/collections/fridge/products/ayamas-kitchen-chicken-drummets-original-750g
https://vgg.bites.com.my/collections/fridge,Fridge,AYAMAS KITCHEN CHICKEN DRUMMET HOT & SPICY 750G,RM26.90,,https://vgg.bites.com.my/collections/fridge/products/ayamas-kitchen-chicken-drummet-hot-spicy-750g
https://vgg.bites.com.my/collections/fridge,Fridge,MARIGOLD PEEL FRESH APPLE A/V 1L,RM6.90,,https://vgg.bites.com.my/collections/fridge/products/marigold-peel-fresh-apple-a-v-1l
https://vgg.bites.com.my/collections/fridge,Fridge,MARIGOLD PEEL FRESH MANGO 1L,RM6.90,,https://vgg.bites.com.my/collections/fridge/products/marigold-peel-fresh-mango-1l
https://vgg.bites.com.my/collections/fridge,Fridge,MARIGOLD PEEL FRESH ORANGE 1L,RM6.90,,https://vgg.bites.com.my/collections/fridge/products/marigold-peel-fresh-orange-1l
https://vgg.bites.com.my/collections/fridge,Fridge,FIGO GOLDEN FISH CHIPS 500G,RM10.20,,https://vgg.bites.com.my/collections/fridge/products/figo-golden-fish-chips-500g
https://vgg.bites.com.my/collections/fridge,Fridge,FIGO PRAWN CHIPS 500G,RM10.20,,https://vgg.bites.com.my/collections/fridge/products/figo-prawn-chips-500g
https://vgg.bites.com.my/collections/fridge,Fridge,OCEAN PLANET COMBO PACK SIEW MAI 300G,RM15.30,,https://vgg.bites.com.my/collections/fridge/products/ocean-planet-combo-pack-siew-mai-300g
https://vgg.bites.com.my/collections/fridge,Fridge,NUTRIPLUS NH POPCORN CHICKEN CHEESE 700G,RM21.40,,https://vgg.bites.com.my/collections/fridge/products/nutriplus-nh-popcorn-chicken-cheese-700g
https://vgg.bites.com.my/collections/fridge,Fridge,MCCAIN STRAIGHT CUT 600G,RM11.25,,https://vgg.bites.com.my/collections/fridge/products/mccain-straight-cut-600g
https://vgg.bites.com.my/collections/fridge,Fridge,MILO ACTIV-GO UHT 4X125ML,RM5.60,RM5.65,https://vgg.bites.com.my/collections/fridge/products/milo-activ-go-uht-4x125ml
https://vgg.bites.com.my/collections/fridge,Fridge,DUTCH LADY UHT MILKY MARVEL STRAW 4X125ML,RM5.75,,https://vgg.bites.com.my/collections/fridge/products/dutch-lady-uht-milky-marvel-straw-4x125ml
https://vgg.bites.com.my/collections/fridge,Fridge,MCCART CHS/LEEK/ONION PLAIT 340G,RM23.20,,https://vgg.bites.com.my/collections/fridge/products/mccart-chs-leek-onion-plait-340g
https://vgg.bites.com.my/collections/fridge,Fridge,CP SMOKED CHICKEN COCKTAIL 200G,RM7.89,RM8.55,https://vgg.bites.com.my/collections/fridge/products/cp-smoked-chicken-cocktail-200g
https://vgg.bites.com.my/collections/fridge,Fridge,TILLAMOOK COFFEE ALMOND FUDGE 48OZ,RM34.40,,https://vgg.bites.com.my/collections/fridge/products/tillamook-coffee-almond-fudge-48oz
https://vgg.bites.com.my/collections/fridge,Fridge,KAWAN SWEET POTATO BALL 300G,RM7.69,RM8.35,https://vgg.bites.com.my/collections/fridge/products/kawan-sweet-potato-ball-300g
https://vgg.bites.com.my/collections/fridge,Fridge,HOMESOY HONEY MELON 1L,RM3.79,RM4.00,https://vgg.bites.com.my/collections/fridge/products/homesoy-honey-melon-1l
https://vgg.bites.com.my/collections/fridge,Fridge,NZ FROZEN LAMB RACK CUTLET (+/- 500G),RM74.00,RM80.45,https://vgg.bites.com.my/collections/fridge/products/nz-frozen-lamb-rack-cutlet-500g
https://vgg.bites.com.my/collections/fridge,Fridge,FROZEN BAMBOO CLAM (+/- 1KG),RM15.00,,https://vgg.bites.com.my/collections/fridge/products/frozen-bamboo-clam-1kg
https://vgg.bites.com.my/collections/fridge,Fridge,PACIFIC GREEN PB TEMPURA FISH FILLET 325G,RM20.30,,https://vgg.bites.com.my/collections/fridge/products/pacific-green-pb-tempura-fish-fillet-325g
https://vgg.bites.com.my/collections/fridge,Fridge,HOSHAY PLANT BASED SWEET & SOUR MEAT 227GM,RM10.85,,https://vgg.bites.com.my/collections/fridge/products/hoshay-plant-based-sweet-sour-meat-227gm
https://vgg.bites.com.my/collections/fridge,Fridge,HOSHAY PLANT BASED TOMATO MUSHROOM MEATBALL 300GM,RM16.20,,https://vgg.bites.com.my/collections/fridge/products/hoshay-plant-based-tomato-mushroom-meatball-300gm
https://vgg.bites.com.my/collections/fridge,Fridge,EVERBEST FRESH SOY KNOT 500G,RM10.99,RM11.95,https://vgg.bites.com.my/collections/fridge/products/everbest-fresh-soy-knot-500g
https://vgg.bites.com.my/collections/fridge,Fridge,EVERBEST FRESH SOY CHIP 300G,RM5.55,,https://vgg.bites.com.my/collections/fridge/products/everbest-fresh-soy-chip-300g
https://vgg.bites.com.my/collections/fridge,Fridge,EVERBEST VEGE DUMPLING (14PCS) 210GM,RM10.45,,https://vgg.bites.com.my/collections/fridge/products/everbest-vege-dumpling-14pcs-210gm
https://vgg.bites.com.my/collections/fridge,Fridge,EVERBEST VEGE LAYER MEAT 500GM,RM17.45,,https://vgg.bites.com.my/collections/fridge/products/everbest-vege-layer-meat-500gm
https://vgg.bites.com.my/collections/fridge,Fridge,EVERBEST VEGE SPICED DUCK 250G,RM10.40,,https://vgg.bites.com.my/collections/fridge/products/everbest-vege-spiced-duck-250g
https://vgg.bites.com.my/collections/fridge,Fridge,EVERBEST VEGE SALAD ROLL (8PCS) 280GM,RM10.60,,https://vgg.bites.com.my/collections/fridge/products/everbest-vege-salad-roll-8pcs-280gm
https://vgg.bites.com.my/collections/fridge,Fridge,EVERBEST VEGE SPRING ROLL 450G,RM13.70,,https://vgg.bites.com.my/collections/fridge/products/everbest-vege-spring-roll-450g
https://vgg.bites.com.my/collections/fridge,Fridge,EVERBEST VEGE YUBA MAKI ROLL (5PCS) 300G,RM11.45,,https://vgg.bites.com.my/collections/fridge/products/everbest-vege-yuba-maki-roll-5pcs-300g
https://vgg.bites.com.my/collections/fridge,Fridge,EVERBEST VEGE MUSHROOM MEAT 250G,RM16.90,,https://vgg.bites.com.my/collections/fridge/products/everbest-vege-mushroom-meat-250g
https://vgg.bites.com.my/collections/fridge,Fridge,QBB PURE GHEE 400G,RM35.40,,https://vgg.bites.com.my/collections/fridge/products/qbb-pure-ghee-400g
https://vgg.bites.com.my/collections/fridge,Fridge,PERFECT ITALIANO PERFECT MELT 150G,RM12.70,,https://vgg.bites.com.my/collections/fridge/products/perfect-italiano-perfect-melt-150g
https://vgg.bites.com.my/collections/fridge,Fridge,SIMPLOT SHOESTRING F/FRIES 1KG,RM15.50,,https://vgg.bites.com.my/collections/fridge/products/simplot-shoestring-f-fries-1kg
https://vgg.bites.com.my/collections/fridge,Fridge,NUTRIPLUS NH BONE IN KARAAGE 850G,RM25.55,,https://vgg.bites.com.my/collections/fridge/products/nutriplus-nh-bone-in-karaage-850g
https://vgg.bites.com.my/collections/fridge,Fridge,CREAPAN THIN PANCAKES 8S 400G,RM21.65,,https://vgg.bites.com.my/collections/fridge/products/creapan-thin-pancakes-8s-400g
https://vgg.bites.com.my/collections/fridge,Fridge,RANA RICOTTA & SPINACH TORTELLINI 250G,RM27.70,,https://vgg.bites.com.my/collections/fridge/products/rana-ricotta-spinach-tortellini-250g
https://vgg.bites.com.my/collections/fridge,Fridge,RANA TOMATO & MOZZARELLA TORTELLINI 250G,RM27.70,,https://vgg.bites.com.my/collections/fridge/products/rana-tomato-mozzarella-tortellini-250g
https://vgg.bites.com.my/collections/fridge,Fridge,RANA PARMIGIANO REGGIANO RAVIOLI 250G,RM27.70,,https://vgg.bites.com.my/collections/fridge/products/rana-parmigiano-reggiano-ravioli-250g
https://vgg.bites.com.my/collections/fridge,Fridge,WOOLWORTHS FROZEN RASPBERRIES 500G,RM43.45,,https://vgg.bites.com.my/collections/fridge/products/woolworths-frozen-raspberries-500g
https://vgg.bites.com.my/collections/fridge,Fridge,WOOLWORTHS FROZEN STRAWBERRIES 500G,RM26.25,,https://vgg.bites.com.my/collections/fridge/products/woolworths-frozen-strawberries-500g
https://vgg.bites.com.my/collections/fridge,Fridge,SIMPLOT STRAIGHT CUT F/FRIES 1KG,RM15.50,,https://vgg.bites.com.my/collections/fridge/products/simplot-straight-cut-f-fries-1kg
https://vgg.bites.com.my/collections/fridge,Fridge,SIMPLOT CRINKLE CUT F/FRIES 1KG,RM15.50,,https://vgg.bites.com.my/collections/fridge/products/simplot-crinkle-cut-f-fries-1kg
https://vgg.bites.com.my/collections/fridge,Fridge,MARUSANAI SOYMILK COFFEE&MALT CALORIE 50% LESS 1L,RM15.90,,https://vgg.bites.com.my/collections/fridge/products/marusanai-soymilk-coffee-malt-calorie-50-less-1l
https://vgg.bites.com.my/collections/fridge,Fridge,MARUSAN SOY MILK CALRIE OFF 1L,RM15.90,,https://vgg.bites.com.my/collections/fridge/products/marusan-soy-milk-calrie-off-1l
https://vgg.bites.com.my/collections/fridge,Fridge,UFC VELVET ALMOND DRINK ORIGINAL 1L,RM14.19,RM15.75,https://vgg.bites.com.my/collections/fridge/products/ufc-velvet-almond-drink-original-1l
https://vgg.bites.com.my/collections/fridge,Fridge,UFC VELVET OAT MILK UNSWEETENED 1L,RM14.19,RM15.75,https://vgg.bites.com.my/collections/fridge/products/ufc-velvet-oat-milk-unsweetened-1l
https://vgg.bites.com.my/collections/fridge,Fridge,UFC VELVET OAT MILK BARISTA EDITION 1L,RM14.19,RM15.75,https://vgg.bites.com.my/collections/fridge/products/ufc-velvet-oat-milk-barista-edition-1l
https://vgg.bites.com.my/collections/fridge,Fridge,ROWNTREE FRUIT PASTILLES LOLLIES,RM23.90,,https://vgg.bites.com.my/collections/fridge/products/rowntree-fruit-pastilles-lollies
https://vgg.bites.com.my/collections/fridge,Fridge,AYAMAS KITCHEN SPACE SHAPE NUGGETS 750G,RM23.40,,https://vgg.bites.com.my/collections/fridge/products/ayamas-kitchen-space-shape-nuggets-750g
https://vgg.bites.com.my/collections/fridge,Fridge,SAKUMA BROS BLUEBERRIES 10OZ,RM17.19,RM18.15,https://vgg.bites.com.my/collections/fridge/products/sakuma-bros-blueberries-10oz
https://vgg.bites.com.my/collections/fridge,Fridge,MUCH MOORE VANILLA BEAN 1L,RM29.89,RM35.90,https://vgg.bites.com.my/collections/fridge/products/much-moore-vanilla-bean-1l
https://vgg.bites.com.my/collections/fridge,Fridge,MUCH MOORE HALF BAKED BROWNIE 1L,RM29.89,RM35.90,https://vgg.bites.com.my/collections/fridge/products/much-moore-half-baked-brownie-1l
https://vgg.bites.com.my/collections/fridge,Fridge,FIGO LOBSTER BALL 500G,RM13.65,,https://vgg.bites.com.my/collections/fridge/products/figo-lobster-ball-500g
https://vgg.bites.com.my/collections/fridge,Fridge,FIGO MINI MANTAU-PANDAN 180G,RM3.15,,https://vgg.bites.com.my/collections/fridge/products/figo-mini-mantau-pandan-180g
https://vgg.bites.com.my/collections/fridge,Fridge,FIGO MINI MANTAU-CHOCOLATE 180G,RM3.15,,https://vgg.bites.com.my/collections/fridge/products/figo-mini-mantau-chocolate-180g
https://vgg.bites.com.my/collections/fridge,Fridge,FIGO MINI MANTAU-PLAIN 180G,RM3.15,,https://vgg.bites.com.my/collections/fridge/products/figo-mini-mantau-plain-180g
https://vgg.bites.com.my/collections/fridge,Fridge,FIGO GLUTINOUS RICE BALL (RED BEAN) 200G,RM5.70,,https://vgg.bites.com.my/collections/fridge/products/figo-glutinous-rice-ball-red-bean-200g
https://vgg.bites.com.my/collections/fridge,Fridge,FIGO GLUTINOUS RICE BALL (SESAME) 200G,RM5.70,,https://vgg.bites.com.my/collections/fridge/products/figo-glutinous-rice-ball-sesame-200g
https://vgg.bites.com.my/collections/fridge,Fridge,SAVOIR CLASSIC EGG GRADE A 30'S,RM15.00,,https://vgg.bites.com.my/collections/fridge/products/savoir-classic-egg-grade-a-30-s
https://vgg.bites.com.my/collections/fridge,Fridge,SAVOIR CLASSIC EGG GRADE B 30'S,RM14.75,,https://vgg.bites.com.my/collections/fridge/products/savoir-classic-egg-grade-b-30-s
https://vgg.bites.com.my/collections/fridge,Fridge,SAVOIR CLASSIC EGG GRADE C 30'S,RM14.20,,https://vgg.bites.com.my/collections/fridge/products/savoir-classic-egg-grade-c-30-s
https://vgg.bites.com.my/collections/fridge,Fridge,MEMORI BRAISED ABALONE (5PCS) 425G,RM22.88,RM49.90,https://vgg.bites.com.my/collections/fridge/products/memori-braised-abalone-5pcs-425g
https://vgg.bites.com.my/collections/fridge,Fridge,AUST FRZ STRIPLOIN SUKIYAKI (+/-400G),RM46.36,,https://vgg.bites.com.my/collections/fridge/products/aust-frz-striploin-sukiyaki-400g
https://vgg.bites.com.my/collections/fridge,Fridge,NZ FROZEN LAMB SHABU-SHABU (+/- 400G),RM48.36,,https://vgg.bites.com.my/collections/fridge/products/nz-frozen-lamb-shabu-shabu-400g
https://vgg.bites.com.my/collections/fridge,Fridge,ELLE VIRE MON GREC STRAWBERRY 125G,RM6.75,,https://vgg.bites.com.my/collections/fridge/products/elle-vire-mon-grec-strawberry-125g
https://vgg.bites.com.my/collections/fridge,Fridge,ELLE VIRE MON GREC VANILLA 125G,RM6.75,,https://vgg.bites.com.my/collections/fridge/products/elle-vire-mon-grec-vanilla-125g
https://vgg.bites.com.my/collections/fridge,Fridge,ELLE VIRE MON GREC BLUEBERRY 125G,RM6.75,,https://vgg.bites.com.my/collections/fridge/products/elle-vire-mon-grec-blueberry-125g
https://vgg.bites.com.my/collections/fridge,Fridge,DARA PERDANA 100 CHICKEN BURGER 400G,RM11.20,,https://vgg.bites.com.my/collections/fridge/products/dara-perdana-100-chicken-burger-400g
https://vgg.bites.com.my/collections/fridge,Fridge,DARA PERDANA 100 BEEF BURGER 400G,RM19.20,,https://vgg.bites.com.my/collections/fridge/products/dara-perdana-100-beef-burger-400g
https://vgg.bites.com.my/collections/fridge,Fridge,XO ICE GELATO BUBBLELY HILLS 473ML,RM36.90,,https://vgg.bites.com.my/collections/fridge/products/xo-ice-gelato-bubblely-hills-473ml
https://vgg.bites.com.my/collections/fridge,Fridge,XO ICE GELATO GINGERLY CHOCOLATE 473ML,RM36.90,,https://vgg.bites.com.my/collections/fridge/products/xo-ice-gelato-gingerly-chocolate-473ml
https://vgg.bites.com.my/collections/fridge,Fridge,XO ICE GELATO NOCCIOBELLA 473ML,RM36.90,,https://vgg.bites.com.my/collections/fridge/products/xo-ice-gelato-nocciobella-473ml
https://vgg.bites.com.my/collections/fridge,Fridge,XO ICE GELATO OPEN SESAME 473ML,RM36.90,,https://vgg.bites.com.my/collections/fridge/products/xo-ice-gelato-open-sesame-473ml
https://vgg.bites.com.my/collections/fridge,Fridge,XO ICE KING DON'T LIE DURIAN 473ML,RM36.90,,https://vgg.bites.com.my/collections/fridge/products/xo-ice-king-don-t-lie-durian-473ml
https://vgg.bites.com.my/collections/fridge,Fridge,XO ICE PLANT BASE MANGO GOES COCO 473ML,RM36.90,,https://vgg.bites.com.my/collections/fridge/products/xo-ice-plant-base-mango-goes-coco-473ml
https://vgg.bites.com.my/collections/fridge,Fridge,TRICIOUS FOLD PIZZA CLASSIC BEEF 235G,RM14.15,,https://vgg.bites.com.my/collections/fridge/products/tricious-fold-pizza-classic-beef-235g
https://vgg.bites.com.my/collections/fridge,Fridge,TRICIOUS FOLD PIZZA SIGNATURE MUSHROOM 200G,RM14.15,,https://vgg.bites.com.my/collections/fridge/products/tricious-fold-pizza-signature-mushroom-200g
https://vgg.bites.com.my/collections/fridge,Fridge,TRICIOUS FOLD PIZZA SPICY CHICKEN 220G,RM14.15,,https://vgg.bites.com.my/collections/fridge/products/tricious-fold-pizza-spicy-chicken-220g
https://vgg.bites.com.my/collections/fridge,Fridge,CREAPAN SWEET TOASTER CAKES 6X50G,RM20.85,,https://vgg.bites.com.my/collections/fridge/products/creapan-sweet-toaster-cakes-6x50g
https://vgg.bites.com.my/collections/fridge,Fridge,MEZETE HUMMUS TO GO CLASSIC W BREADSTICKS 92G,RM8.99,RM10.00,https://vgg.bites.com.my/collections/fridge/products/mezete-hummus-to-go-classic-w-breadsticks-92g
https://vgg.bites.com.my/collections/fridge,Fridge,MEZETE HUMMUS TO GO ZESTY ZAATAR W B/STICKS 92G,RM8.99,RM10.00,https://vgg.bites.com.my/collections/fridge/products/mezete-hummus-to-go-zesty-za-atar-w-b-sticks-92g
https://vgg.bites.com.my/collections/fridge,Fridge,CAPTAIN OAT COCOA AND MALT 1L,RM12.60,,https://vgg.bites.com.my/collections/fridge/products/captain-oat-cocoa-and-malt-1l
https://vgg.bites.com.my/collections/fridge,Fridge,CAPTAIN OAT ORIGINAL 1L,RM12.60,,https://vgg.bites.com.my/collections/fridge/products/captain-oat-original-1l
https://vgg.bites.com.my/collections/fridge,Fridge,DARA PRIME MINCED BEEF 400G,RM17.95,,https://vgg.bites.com.my/collections/fridge/products/dara-prime-minced-beef-400g
https://vgg.bites.com.my/collections/fridge,Fridge,WALLS MAGNUM MINI BROWNIE 6X45ML,RM18.75,,https://vgg.bites.com.my/collections/fridge/products/walls-magnum-mini-brownie-6x45ml
https://vgg.bites.com.my/collections/fridge,Fridge,PUCK CREAM CHEESE SPREAD JAR 2X240G (VALUE PACK),RM23.05,,https://vgg.bites.com.my/collections/fridge/products/puck-cream-cheese-spread-jar-2x240g-value-pack
https://vgg.bites.com.my/collections/fridge,Fridge,NUTRIGEN KURMA MILK 1L,RM8.99,RM9.40,https://vgg.bites.com.my/collections/fridge/products/nutrigen-kurma-milk-1l
https://vgg.bites.com.my/collections/fridge,Fridge,NUTRIGEN DARK CHOC MILK 1L,RM8.99,RM9.40,https://vgg.bites.com.my/collections/fridge/products/nutrigen-dark-choc-milk-1l
https://vgg.bites.com.my/collections/fridge,Fridge,NUTRIGEN FULL CREAM MILK 1L,RM8.99,RM9.40,https://vgg.bites.com.my/collections/fridge/products/nutrigen-full-cream-milk-1l
https://vgg.bites.com.my/collections/fridge,Fridge,NUTRIGEN LOW FAT MILK 1L,RM8.99,RM9.40,https://vgg.bites.com.my/collections/fridge/products/nutrigen-low-fat-milk-1l
https://vgg.bites.com.my/collections/fridge,Fridge,NUTRIGEN COFFEE LATTE MILK 1L,RM8.99,RM9.40,https://vgg.bites.com.my/collections/fridge/products/nutrigen-coffee-latte-milk-1l
https://vgg.bites.com.my/collections/fridge,Fridge,SAVOIR NATURAL SPRING RAISED CHICKEN EGGS 10S,RM13.85,,https://vgg.bites.com.my/collections/fridge/products/savoir-natural-spring-raised-chicken-eggs-10s
https://vgg.bites.com.my/collections/fridge,Fridge,FIGO WALNUT BUN 360G,RM10.00,,https://vgg.bites.com.my/collections/fridge/products/figo-walnut-bun-360g
https://vgg.bites.com.my/collections/fridge,Fridge,FIGO CRANBERRY LAVA BUN 360G,RM9.20,,https://vgg.bites.com.my/collections/fridge/products/figo-cranberry-lava-bun-360g
https://vgg.bites.com.my/collections/fridge,Fridge,MATCHARO KOMBUCHA PEACH SAKURA 4X240ML,RM25.30,,https://vgg.bites.com.my/collections/fridge/products/matcharo-kombucha-peach-sakura-4x240ml
https://vgg.bites.com.my/collections/fridge,Fridge,MATCHARO KOMBUCHA RASPBERRY 4X240ML,RM25.30,,https://vgg.bites.com.my/collections/fridge/products/matcharo-kombucha-raspberry-4x240ml
https://vgg.bites.com.my/collections/fridge,Fridge,TEAZEN KOMBUCHA BERRY 10X5G,RM26.90,,https://vgg.bites.com.my/collections/fridge/products/teazen-kombucha-berry-10x5g
https://vgg.bites.com.my/collections/fridge,Fridge,TEAZEN KOMBUCHA CITRON TEA 10X5G,RM26.90,,https://vgg.bites.com.my/collections/fridge/products/teazen-kombucha-citron-tea-10x5g
https://vgg.bites.com.my/collections/fridge,Fridge,TEAZEN GRAPEFRUIT TEA 10X5G,RM26.90,,https://vgg.bites.com.my/collections/fridge/products/teazen-grapefruit-tea-10x5g
https://vgg.bites.com.my/collections/fridge,Fridge,TEAZEN KOMBUCHA LEMON 10X5G,RM26.90,,https://vgg.bites.com.my/collections/fridge/products/teazen-kombucha-lemon-10x5g
https://vgg.bites.com.my/collections/fridge,Fridge,TEAZEN KOMBUCHA PEACH 10X5G,RM26.90,,https://vgg.bites.com.my/collections/fridge/products/teazen-kombucha-peach-10x5g
https://vgg.bites.com.my/collections/fridge,Fridge,ALMOND KOKA ORIGINAL 3X180ML,RM14.00,,https://vgg.bites.com.my/collections/fridge/products/almond-koka-original-3x180ml
https://vgg.bites.com.my/collections/fridge,Fridge,ALMOND KOKA UNSWEETENED 3X180ML,RM14.00,,https://vgg.bites.com.my/collections/fridge/products/almond-koka-unsweetened-3x180ml
https://vgg.bites.com.my/collections/fridge,Fridge,137 DEGREES MACADAMIA MILK 1L,RM25.30,,https://vgg.bites.com.my/collections/fridge/products/137-degrees-macadamia-milk-1l
https://vgg.bites.com.my/collections/fridge,Fridge,SAVOIR OMEGA LUTEIN EGG 15S,RM10.20,,https://vgg.bites.com.my/collections/fridge/products/savoir-omega-lutein-egg-15s
https://vgg.bites.com.my/collections/fridge,Fridge,SAVOIR KAMPUNG EGG 15S,RM9.55,,https://vgg.bites.com.my/collections/fridge/products/savoir-kampung-egg-15s
https://vgg.bites.com.my/collections/fridge,Fridge,BONI GRANA PADANO DOP 200G,RM32.30,,https://vgg.bites.com.my/collections/fridge/products/boni-grana-padano-dop-200g
https://vgg.bites.com.my/collections/fridge,Fridge,BONI PECORINO ROMANO DOP 200G,RM41.25,,https://vgg.bites.com.my/collections/fridge/products/boni-pecorino-romano-dop-200g
https://vgg.bites.com.my/collections/fridge,Fridge,ROKEBY PROTEIN SMOOTHIE VANILLA WAFER 425ML,RM15.15,,https://vgg.bites.com.my/collections/fridge/products/rokeby-protein-smoothie-vanilla-wafer-425ml
https://vgg.bites.com.my/collections/fridge,Fridge,ROKEBY FARM SMOOTHIE CHOC HONEYCOMB 425ML,RM15.15,,https://vgg.bites.com.my/collections/fridge/products/rokeby-farm-smoothie-choc-honeycomb-425ml
https://vgg.bites.com.my/collections/fridge,Fridge,BETAGEN CMD ORIGINAL 0% FAT 700ML,RM8.05,,https://vgg.bites.com.my/collections/fridge/products/betagen-cmd-original-0-fat-700ml
https://vgg.bites.com.my/collections/fridge,Fridge,BETAGEN CMD LIGHT 700ML,RM8.05,,https://vgg.bites.com.my/collections/fridge/products/betagen-cmd-light-700ml
https://vgg.bites.com.my/collections/fridge,Fridge,BETAGEN STRAWBERRY 700ML,RM8.05,,https://vgg.bites.com.my/collections/fridge/products/betagen-strawberry-700ml
https://vgg.bites.com.my/collections/fridge,Fridge,BETAGEN ORANGE 700ML,RM8.05,,https://vgg.bites.com.my/collections/fridge/products/betagen-orange-700ml
https://vgg.bites.com.my/collections/fridge,Fridge,CJ BIBIGO PLANT BASED KIMCHI DUMPLING 420G,RM24.50,,https://vgg.bites.com.my/collections/fridge/products/cj-bibigo-plant-based-kimchi-dumpling-420g
https://vgg.bites.com.my/collections/fridge,Fridge,CJ BIBIGO PLANT BASED VEGETABLE DUMPLING 420G,RM24.50,,https://vgg.bites.com.my/collections/fridge/products/cj-bibigo-plant-based-vegetable-dumpling-420g
https://vgg.bites.com.my/collections/fridge,Fridge,CJ BIBIGO PLANT BASED DUMPLING ORIGINAL 420G,RM24.50,,https://vgg.bites.com.my/collections/fridge/products/cj-bibigo-plant-based-dumpling-original-420g
https://vgg.bites.com.my/collections/fridge,Fridge,CP KOREAN FRIED CHICKEN 610G,RM20.25,,https://vgg.bites.com.my/collections/fridge/products/cp-korean-fried-chicken-610g
https://vgg.bites.com.my/collections/fridge,Fridge,CP KOREAN POPCORN CHICKEN 550G,RM20.25,,https://vgg.bites.com.my/collections/fridge/products/cp-korean-popcorn-chicken-550g
https://vgg.bites.com.my/collections/fridge,Fridge,VICENZI PUFF PASTRY MILK CREAM 100G,RM12.90,,https://vgg.bites.com.my/collections/fridge/products/vicenzi-puff-pastry-milk-cream-100g
https://vgg.bites.com.my/collections/fridge,Fridge,VICENZI PUFF PASTRY CHOCOLATE CREAM 100G,RM12.90,,https://vgg.bites.com.my/collections/fridge/products/vicenzi-puff-pastry-chocolate-cream-100g
https://vgg.bites.com.my/collections/fridge,Fridge,VICENZI PUFF PASTRY RASPBERRY 90G,RM12.90,,https://vgg.bites.com.my/collections/fridge/products/vicenzi-puff-pastry-raspberry-90g
https://vgg.bites.com.my/collections/fridge,Fridge,VICENZI PUFF PASTRY BUTTER STICKS 125G,RM13.90,,https://vgg.bites.com.my/collections/fridge/products/vicenzi-puff-pastry-butter-sticks-125g
https://vgg.bites.com.my/collections/fridge,Fridge,MAGNOLIA HERSHEY CHOC OVERLOAD 3X110ML,RM12.80,,https://vgg.bites.com.my/collections/fridge/products/magnolia-hershey-choc-overload-3x110ml
https://vgg.bites.com.my/collections/fridge,Fridge,AYAMAS KITCHEN JUMBO SMOKED CHEESE SAUSAGE 400G,RM13.95,,https://vgg.bites.com.my/collections/fridge/products/ayamas-kitchen-jumbo-smoked-cheese-sausage-400g
https://vgg.bites.com.my/collections/fridge,Fridge,AYAMAS KITCHEN JUMBO SMOKED SAUSAGE 400G,RM13.50,,https://vgg.bites.com.my/collections/fridge/products/ayamas-kitchen-jumbo-smoked-sausage-400g
https://vgg.bites.com.my/collections/fridge,Fridge,ELLE&VIRE GOURMET ROLL UNSALTED 250G,RM26.50,,https://vgg.bites.com.my/collections/fridge/products/elle-vire-gourmet-roll-unsalted-250g
https://vgg.bites.com.my/collections/fridge,Fridge,ELLE&VIRE PEACH DAIRY DESSERT 125G,RM4.70,,https://vgg.bites.com.my/collections/fridge/products/elle-vire-peach-dairy-dessert-125g
https://vgg.bites.com.my/collections/fridge,Fridge,SUNGLO NATURAL YOGHURT 135G,RM2.65,,https://vgg.bites.com.my/collections/fridge/products/sunglo-natural-yoghurt-135g
https://vgg.bites.com.my/collections/fridge,Fridge,SUNGLO STRAWBERRY YOGHURT 135G,RM2.65,,https://vgg.bites.com.my/collections/fridge/products/sunglo-strawberry-yoghurt-135g
https://vgg.bites.com.my/collections/fridge,Fridge,SUNGLO MIXBERRIES YOGHURT 135G,RM2.65,,https://vgg.bites.com.my/collections/fridge/products/sunglo-mixberries-yoghurt-135g
https://vgg.bites.com.my/collections/fridge,Fridge,SUNGLO MANGO YOGHURT 135G,RM2.65,,https://vgg.bites.com.my/collections/fridge/products/sunglo-mango-yoghurt-135g
https://vgg.bites.com.my/collections/fridge,Fridge,FELICIE 8 PANCAKES 200G,RM23.80,,https://vgg.bites.com.my/collections/fridge/products/felicie-8-pancakes-200g
https://vgg.bites.com.my/collections/fridge,Fridge,NUTRIGEN CULTURED MILK ASSORTED 5X125ML,RM4.39,RM4.70,https://vgg.bites.com.my/collections/fridge/products/nutrigen-cultured-milk-assorted-5x125ml
https://vgg.bites.com.my/collections/fridge,Fridge,NUTRIGEN DARK CHOC MILK 568ML,RM6.20,,https://vgg.bites.com.my/collections/fridge/products/nutrigen-dark-choc-milk-568ml
https://vgg.bites.com.my/collections/fridge,Fridge,NUTRIGEN WHOLE MILK 568ML,RM6.20,,https://vgg.bites.com.my/collections/fridge/products/nutrigen-whole-milk-568ml
https://vgg.bites.com.my/collections/fridge,Fridge,NUTRIGEN BROWN SUGAR MILK TEA 568ML,RM6.20,,https://vgg.bites.com.my/collections/fridge/products/nutrigen-brown-sugar-milk-tea-568ml
https://vgg.bites.com.my/collections/fridge,Fridge,KANIKA BREADED SCALLOP 180G,RM7.90,,https://vgg.bites.com.my/collections/fridge/products/kanika-breaded-scallop-180g
https://vgg.bites.com.my/collections/fridge,Fridge,KANIKA SHRIMP BOMB 180G,RM6.49,RM8.45,https://vgg.bites.com.my/collections/fridge/products/kanika-shrimp-bomb-180g
https://vgg.bites.com.my/collections/fridge,Fridge,FERNLEAF CALCI-YUM MANGO N STRAWBERRY 4X60G,RM5.20,,https://vgg.bites.com.my/collections/fridge/products/fernleaf-calci-yum-mango-n-strawberry-4x60g
https://vgg.bites.com.my/collections/fridge,Fridge,KAWAN CHEESE NAAN 270G,RM6.25,,https://vgg.bites.com.my/collections/fridge/products/kawan-cheese-naan-270g
https://vgg.bites.com.my/collections/fridge,Fridge,KAWAN CHAPPATHI 10X40GM,RM6.25,,https://vgg.bites.com.my/collections/fridge/products/kawan-chappathi-10x40gm
https://vgg.bites.com.my/collections/fridge,Fridge,KG BUN RED BEAN 6SX60G,RM7.00,,https://vgg.bites.com.my/collections/fridge/products/kg-bun-red-bean-6sx60g
https://vgg.bites.com.my/collections/fridge,Fridge,KG BUN KAYA 6SX60G,RM7.00,,https://vgg.bites.com.my/collections/fridge/products/kg-bun-kaya-6sx60g
https://vgg.bites.com.my/collections/fridge,Fridge,CHESDALE TRIM 250GM,RM13.70,,https://vgg.bites.com.my/collections/fridge/products/chesdale-trim-250gm
https://vgg.bites.com.my/collections/fridge,Fridge,KG BUN VEGETABLE 6SX60G,RM7.00,,https://vgg.bites.com.my/collections/fridge/products/kg-bun-vegetable-6sx60g
https://vgg.bites.com.my/collections/fridge,Fridge,CHESDALE SMOKED SLICE CHEESE 250G,RM12.60,,https://vgg.bites.com.my/collections/fridge/products/chesdale-smoked-slice-cheese-250g
https://vgg.bites.com.my/collections/fridge,Fridge,KAWAN CURRY POTATO BUN 60G,RM7.40,,https://vgg.bites.com.my/collections/fridge/products/kawan-curry-potato-bun-60g
https://vgg.bites.com.my/collections/fridge,Fridge,CHESDALE BURGER SLICE CHEESE 250G,RM12.60,,https://vgg.bites.com.my/collections/fridge/products/chesdale-burger-slice-cheese-250g
https://vgg.bites.com.my/collections/fridge,Fridge,CHESDALE CHEESE TOPPING 250G,RM13.70,,https://vgg.bites.com.my/collections/fridge/products/chesdale-cheese-topping-250g
https://vgg.bites.com.my/collections/fridge,Fridge,SPRING HOME ROTI CHAPATI 10'S,RM6.30,,https://vgg.bites.com.my/collections/fridge/products/spring-home-roti-chapati-10-s
https://vgg.bites.com.my/collections/fridge,Fridge,DAIRY WEST CRUMBED FIG CHEESE BALLS 250G,RM19.50,,https://vgg.bites.com.my/collections/fridge/products/dairy-west-crumbed-fig-cheese-balls-250g
https://vgg.bites.com.my/collections/fridge,Fridge,DAIRY WEST CRUMB SWEET POTATO CHEESE FINGER 250G,RM21.20,,https://vgg.bites.com.my/collections/fridge/products/dairy-west-crumb-sweet-potato-cheese-finger-250g
https://vgg.bites.com.my/collections/fridge,Fridge,PROMEX COOK & BAKE BUTTER 227G,RM5.09,RM5.75,https://vgg.bites.com.my/collections/fridge/products/promex-cook-bake-butter-227g
https://vgg.bites.com.my/collections/fridge,Fridge,JONGGA SILMI KIMCHI (SUPER SPICY) 300G,RM23.05,,https://vgg.bites.com.my/collections/fridge/products/jongga-silmi-kimchi-super-spicy-300g
https://vgg.bites.com.my/collections/fridge,Fridge,LACTEL GREEK STYLE NATURAL YOGHURT 930G,RM24.50,,https://vgg.bites.com.my/collections/fridge/products/lactel-greek-style-natural-yoghurt-930g
https://vgg.bites.com.my/collections/fridge,Fridge,LACTEL GREEK STYLE STRAWBERRY YOGHURT 930G,RM24.50,,https://vgg.bites.com.my/collections/fridge/products/lactel-greek-style-strawberry-yoghurt-930g
https://vgg.bites.com.my/collections/fridge,Fridge,KRAFT SINGLES SLICED CHEESE 12S 250G,RM12.79,RM13.05,https://vgg.bites.com.my/collections/fridge/products/kraft-singles-sliced-cheese-12s-250g
https://vgg.bites.com.my/collections/fridge,Fridge,KRAFT SINGLES 25% LESS FAT SLICED CHEESE 12S 250G,RM12.79,RM13.05,https://vgg.bites.com.my/collections/fridge/products/kraft-singles-25-less-fat-sliced-cheese-12s-250g
https://vgg.bites.com.my/collections/fridge,Fridge,ARLA MULTI BURGER SLICE 400G,RM19.40,,https://vgg.bites.com.my/collections/fridge/products/arla-multi-burger-slice-400g
https://vgg.bites.com.my/collections/fridge,Fridge,ARLA MULTI SANDWICH SLICE 400G,RM19.40,,https://vgg.bites.com.my/collections/fridge/products/arla-multi-sandwich-slice-400g
https://vgg.bites.com.my/collections/fridge,Fridge,EMBORG COOK & BAKE UNSALTED 200G,RM6.79,RM7.70,https://vgg.bites.com.my/collections/fridge/products/emborg-cook-bake-unsalted-200g
https://vgg.bites.com.my/collections/fridge,Fridge,HAPPY COW CHEESE EMMENTAL PKT,RM29.70,,https://vgg.bites.com.my/collections/fridge/products/happy-cow-cheese-emmental-pkt
https://vgg.bites.com.my/collections/fridge,Fridge,DAIRYWORKS PARMESAN WEDGE 200G,RM32.40,,https://vgg.bites.com.my/collections/fridge/products/dairyworks-parmesan-wedge-200g
https://vgg.bites.com.my/collections/fridge,Fridge,FOOD FOR FRIENDS PEPPER JACK SINGLE 160G,RM15.99,RM17.50,https://vgg.bites.com.my/collections/fridge/products/food-for-friends-pepper-jack-single-160g
https://vgg.bites.com.my/collections/fridge,Fridge,ELLE+VIRE DEMI-SEL SALTED BUTTER 200G,RM20.80,,https://vgg.bites.com.my/collections/fridge/products/elle-vire-demi-sel-salted-butter-200g
https://vgg.bites.com.my/collections/fridge,Fridge,ELLE+VIRE DOUX UNSALTED BUTTER 200G,RM20.80,,https://vgg.bites.com.my/collections/fridge/products/elle-vire-doux-unsalted-butter-200g
https://vgg.bites.com.my/collections/fridge,Fridge,CHOBANI GREEK YOGHURT 2% FAT LEMON 160G,RM11.69,RM13.15,https://vgg.bites.com.my/collections/fridge/products/chobani-greek-yoghurt-2-fat-lemon-160g
https://vgg.bites.com.my/collections/fridge,Fridge,AJINOMOTO CHICKEN GYOZA 600G,RM31.30,,https://vgg.bites.com.my/collections/fridge/products/ajinomoto-chicken-gyoza-600g
https://vgg.bites.com.my/collections/fridge,Fridge,AJINOMOTO PRAWN GYOZA 600G,RM33.15,,https://vgg.bites.com.my/collections/fridge/products/ajinomoto-prawn-gyoza-600g
https://vgg.bites.com.my/collections/fridge,Fridge,NESTLE OREO ICE CREAM 750ML,RM14.35,,https://vgg.bites.com.my/collections/fridge/products/nestle-oreo-ice-cream-750ml
https://vgg.bites.com.my/collections/fridge,Fridge,KANIKA NARUTO MAKI 160G,RM7.85,,https://vgg.bites.com.my/collections/fridge/products/kanika-naruto-maki-160g
https://vgg.bites.com.my/collections/fridge,Fridge,EB STEAMBOAT 5IN1 500G,RM15.90,,https://vgg.bites.com.my/collections/fridge/products/eb-steamboat-5in1-500g
https://vgg.bites.com.my/collections/fridge,Fridge,MILO INTENSE DARK CHOC MIXES 10X33G,RM16.89,RM17.90,https://vgg.bites.com.my/collections/fridge/products/milo-intense-dark-choc-mixes-10x33g
https://vgg.bites.com.my/collections/fridge,Fridge,ALMOND KOKA ORIGINAL 1L,RM19.05,,https://vgg.bites.com.my/collections/fridge/products/almond-koka-original-1l
https://vgg.bites.com.my/collections/fridge,Fridge,ALMOND KOKA UNSWEETENED 1L,RM19.05,,https://vgg.bites.com.my/collections/fridge/products/almond-koka-unsweetened-1l
https://vgg.bites.com.my/collections/fridge,Fridge,MUCH MOORE CHOCOLATE COOKIES FUDGE OVERLOAD 1L,RM29.89,RM35.90,https://vgg.bites.com.my/collections/fridge/products/much-moore-chocolate-cookies-fudge-overload-1l
https://vgg.bites.com.my/collections/fridge,Fridge,OCEAN PLANET CHICKEN SIEW MAI 300G,RM13.90,,https://vgg.bites.com.my/collections/fridge/products/ocean-planet-chicken-siew-mai-300g
https://vgg.bites.com.my/collections/fridge,Fridge,LACTEL YOGHURT COOKIES & CREAM 130G,RM6.20,,https://vgg.bites.com.my/collections/fridge/products/lactel-yoghurt-cookies-cream-130g
https://vgg.bites.com.my/collections/fridge,Fridge,MAGNOLIA HERSHEY CHOC ALMOND 3X70ML,RM15.45,,https://vgg.bites.com.my/collections/fridge/products/magnolia-hershey-choc-almond-3x70ml
https://vgg.bites.com.my/collections/fridge,Fridge,AVIETA BRUSSELS WAFFLES 240G,RM10.29,RM20.40,https://vgg.bites.com.my/collections/fridge/products/avieta-brussels-waffles-240g
https://vgg.bites.com.my/collections/fridge,Fridge,NUTRIPLUS HOT & SPICY FRIED CHICKEN 700G,RM18.79,RM21.60,https://vgg.bites.com.my/collections/fridge/products/nutriplus-hot-spicy-fried-chicken-700g
https://vgg.bites.com.my/collections/fridge,Fridge,AYAMAS KITCHEN TEMPURA NUGGETS 750G,RM23.40,,https://vgg.bites.com.my/collections/fridge/products/ayamas-kitchen-tempura-nuggets-750g
https://vgg.bites.com.my/collections/fridge,Fridge,KAWAN PARATHA ONION 5'SX80GM,RM6.19,RM6.70,https://vgg.bites.com.my/collections/fridge/products/kawan-paratha-onion-5-sx80gm
https://vgg.bites.com.my/collections/fridge,Fridge,PUCK CREAM CHEESE SPREAD OLIVE 200G,RM10.75,,https://vgg.bites.com.my/collections/fridge/products/puck-cream-cheese-spread-olive-200g
https://vgg.bites.com.my/collections/fridge,Fridge,PUCK CREAM CHEESE SPREAD GARLIC 200G,RM10.75,,https://vgg.bites.com.my/collections/fridge/products/puck-cream-cheese-spread-garlic-200g
https://vgg.bites.com.my/collections/fridge,Fridge,PUCK CREAM CHEESE SPREAD ORIGINAL 200G,RM10.75,,https://vgg.bites.com.my/collections/fridge/products/puck-cream-cheese-spread-original-200g
https://vgg.bites.com.my/collections/fridge,Fridge,PUCK CREAM CHEESE LIGHT 200G,RM10.60,,https://vgg.bites.com.my/collections/fridge/products/puck-cream-cheese-light-200g
https://vgg.bites.com.my/collections/fridge,Fridge,SAVOIR TEMPURA CHICKEN NUGGETS 750G,RM16.90,,https://vgg.bites.com.my/collections/fridge/products/savoir-tempura-chicken-nuggets-750g
https://vgg.bites.com.my/collections/fridge,Fridge,SAVOIR CRISPY CHICKEN NUGGETS 750G,RM17.90,,https://vgg.bites.com.my/collections/fridge/products/savoir-crispy-chicken-nuggets-750g
https://vgg.bites.com.my/collections/fridge,Fridge,SAVOIR FISH FINGERS 440G,RM19.90,,https://vgg.bites.com.my/collections/fridge/products/savoir-fish-fingers-440g
https://vgg.bites.com.my/collections/fridge,Fridge,SAVOIR FISH CUTLET 480G,RM19.90,,https://vgg.bites.com.my/collections/fridge/products/savoir-fish-cutlet-480g
https://vgg.bites.com.my/collections/fridge,Fridge,GALBANI MASCARPONE 500G,RM49.55,,https://vgg.bites.com.my/collections/fridge/products/galbani-mascarpone-500g
https://vgg.bites.com.my/collections/fridge,Fridge,GRANAROLO MASCARPONE 42% FAT 500G,RM38.00,,https://vgg.bites.com.my/collections/fridge/products/granarolo-mascarpone-42-fat-500g
https://vgg.bites.com.my/collections/fridge,Fridge,HAAGEN DAZS PISTACHIO & CREAM 100ML,RM9.10,,https://vgg.bites.com.my/collections/fridge/products/haagen-dazs-pistachio-cream-100ml
https://vgg.bites.com.my/collections/fridge,Fridge,TIP TOP MOMENTS VANILLA 2L,RM19.99,RM24.00,https://vgg.bites.com.my/collections/fridge/products/tip-top-moments-vanilla-2l
https://vgg.bites.com.my/collections/fridge,Fridge,TIP TOP MOMENTS COOKIES & CREAM 2L,RM19.99,RM24.00,https://vgg.bites.com.my/collections/fridge/products/tip-top-moments-cookies-cream-2l
https://vgg.bites.com.my/collections/fridge,Fridge,TIP TOP MOMENTS NEAPOLITAN 2L,RM19.99,RM24.00,https://vgg.bites.com.my/collections/fridge/products/tip-top-moments-neapolitan-2l
https://vgg.bites.com.my/collections/fridge,Fridge,EB KRANCH CHEEZY CHICKEN MEATBALL 500GM,RM18.49,RM19.90,https://vgg.bites.com.my/collections/fridge/products/eb-kranch-cheezy-chicken-meatball-500gm
https://vgg.bites.com.my/collections/fridge,Fridge,MILKLAB FULL CREAM DAIRY MILK 1L,RM7.99,RM9.20,https://vgg.bites.com.my/collections/fridge/products/milklab-full-cream-dairy-milk-1l
https://vgg.bites.com.my/collections/fridge,Fridge,ELLE VIRE NOIR INTENSE DARK CHOCOLATE 100G,RM4.55,,https://vgg.bites.com.my/collections/fridge/products/elle-vire-noir-intense-dark-chocolate-100g
https://vgg.bites.com.my/collections/fridge,Fridge,ELLE VIRE NOIR INTENSE HAZELNUT CHOCOLATE 100G,RM4.55,,https://vgg.bites.com.my/collections/fridge/products/elle-vire-noir-intense-hazelnut-chocolate-100g
https://vgg.bites.com.my/collections/fridge,Fridge,WALL'S MAGNUM MINI WHITE ALMOND 6X45ML,RM18.75,,https://vgg.bites.com.my/collections/fridge/products/wall-s-magnum-mini-white-almond-6x45ml
https://vgg.bites.com.my/collections/fridge,Fridge,KG PASTRY S/ROLL 190MMX190MM 50S,RM6.95,,https://vgg.bites.com.my/collections/fridge/products/kg-pastry-sroll-190mmx190mm-50s
https://vgg.bites.com.my/collections/fridge,Fridge,MILO ACTIV-GO UHT 8X125ML,RM8.90,,https://vgg.bites.com.my/collections/fridge/products/milo-activ-go-uht-8x125ml
https://vgg.bites.com.my/collections/fridge,Fridge,DIAMOND PURE MILK W INULIN FIBRE 1L,RM8.99,RM9.90,https://vgg.bites.com.my/collections/fridge/products/diamond-pure-milk-w-inulin-fibre-1l
https://vgg.bites.com.my/collections/fridge,Fridge,FOOD FOR FRIENDS MONTEREY JACK CHUNK 226G,RM19.39,RM21.05,https://vgg.bites.com.my/collections/fridge/products/food-for-friends-monterey-jack-chunk-226g
https://vgg.bites.com.my/collections/fridge,Fridge,CJ BIBIGO DUMPLING GREEN CHILI 168G,RM16.30,,https://vgg.bites.com.my/collections/fridge/products/cj-bibigo-dumpling-green-chili-168g
https://vgg.bites.com.my/collections/fridge,Fridge,CJ BIBIGO DUMPLING KIMCHI 168G,RM16.30,,https://vgg.bites.com.my/collections/fridge/products/cj-bibigo-dumpling-kimchi-168g
https://vgg.bites.com.my/collections/fridge,Fridge,FROZEN ISI KERANG (+/- 1KG),RM22.90,,https://vgg.bites.com.my/collections/fridge/products/frozen-isi-kerang-1kg
https://vgg.bites.com.my/collections/fridge,Fridge,CALPIS SODA ORIGINAL 4X320ML,RM9.89,RM10.90,https://vgg.bites.com.my/collections/fridge/products/calpis-soda-original-4x320ml
https://vgg.bites.com.my/collections/fridge,Fridge,CALPIS SODA GRAPE 4X320ML,RM9.89,RM10.90,https://vgg.bites.com.my/collections/fridge/products/calpis-soda-grape-4x320ml
https://vgg.bites.com.my/collections/fridge,Fridge,ELLE & VIRE UHT WHOLE MILK 1L,RM14.90,,https://vgg.bites.com.my/collections/fridge/products/elle-vire-uht-whole-milk-1l
https://vgg.bites.com.my/collections/fridge,Fridge,LOTTE PEPERO ICE BAR PEANUT 6X75ML,RM40.90,,https://vgg.bites.com.my/collections/fridge/products/lotte-pepero-ice-bar-peanut-6x75ml
https://vgg.bites.com.my/collections/fridge,Fridge,EB KRANCH MINI CHEESE STICK 280GM,RM18.49,RM19.90,https://vgg.bites.com.my/collections/fridge/products/eb-kranch-mini-cheese-stick-280gm
https://vgg.bites.com.my/collections/fridge,Fridge,FIGO ITALIAN HERBS CHICKEN SLICE 300G,RM8.45,,https://vgg.bites.com.my/collections/fridge/products/figo-italian-herbs-chicken-slice-300g
https://vgg.bites.com.my/collections/fridge,Fridge,GOURMESSA SMOKED CHICKEN SAUSAGE ORGINAL 240G,RM14.80,,https://vgg.bites.com.my/collections/fridge/products/gourmessa-smoked-chicken-sausage-orginal-240g
https://vgg.bites.com.my/collections/fridge,Fridge,GOURMESSA SMOKED CHICKEN SAUSAGE SPICY 240G,RM14.80,,https://vgg.bites.com.my/collections/fridge/products/gourmessa-smoked-chicken-sausage-spicy-240g
https://vgg.bites.com.my/collections/fridge,Fridge,GOURMESSA SMOKED CHICKEN SAUSAGE CHEESE 240G,RM15.90,,https://vgg.bites.com.my/collections/fridge/products/gourmessa-smoked-chicken-sausage-cheese-240g
https://vgg.bites.com.my/collections/fridge,Fridge,GOURMESSA SMOKIES CHICKEN 240G,RM10.65,,https://vgg.bites.com.my/collections/fridge/products/gourmessa-smokies-chicken-240g
https://vgg.bites.com.my/collections/fridge,Fridge,GOURMESSA SMOKIES CHICKEN CHEDDARS 200G,RM11.75,,https://vgg.bites.com.my/collections/fridge/products/gourmessa-smokies-chicken-cheddars-200g
https://vgg.bites.com.my/collections/fridge,Fridge,MILO INTENSE DARKCHOC TIN 400G,RM19.90,,https://vgg.bites.com.my/collections/fridge/products/milo-intense-darkchoc-tin-400g
https://vgg.bites.com.my/collections/fridge,Fridge,NZ LUMINA FROZEN LAMB SHOULDER SLICE (+/- 600G),RM38.34,,https://vgg.bites.com.my/collections/fridge/products/nz-lumina-frozen-lamb-shoulder-slice-600g
https://vgg.bites.com.my/collections/fridge,Fridge,HERNAN MK DURIAN ICE CREAM PINT 400ML,RM24.90,,https://vgg.bites.com.my/collections/fridge/products/hernan-mk-durian-ice-cream-pint-400ml
https://vgg.bites.com.my/collections/fridge,Fridge,CANDIA SALTED BUTTER 200G,RM14.99,RM19.00,https://vgg.bites.com.my/collections/fridge/products/candia-salted-butter-200g
https://vgg.bites.com.my/collections/fridge,Fridge,CANDIA UNSALTED BUTTER 200G,RM14.99,RM19.00,https://vgg.bites.com.my/collections/fridge/products/candia-unsalted-butter-200g
https://vgg.bites.com.my/collections/fridge,Fridge,LS SMOOTH EGG TOFU 3IN1 (3X130G),RM3.75,,https://vgg.bites.com.my/collections/fridge/products/ls-smooth-egg-tofu-3in1-3x130g
https://vgg.bites.com.my/collections/fridge,Fridge,LS WANTAN PASTRY 200G,RM3.45,,https://vgg.bites.com.my/collections/fridge/products/ls-wantan-pastry-200g
https://vgg.bites.com.my/collections/fridge,Fridge,EB FISH SANDWICH 500G,RM15.50,,https://vgg.bites.com.my/collections/fridge/products/eb-fish-sandwich-500g
https://vgg.bites.com.my/collections/fridge,Fridge,SNOW SPREAD 160G,RM12.65,,https://vgg.bites.com.my/collections/fridge/products/snow-spread-160g
https://vgg.bites.com.my/collections/fridge,Fridge,WOOLWORTHS FROZEN PITTED CHERRIES 500G,RM26.25,,https://vgg.bites.com.my/collections/fridge/products/woolworths-frozen-pitted-cherries-500g
https://vgg.bites.com.my/collections/fridge,Fridge,DUTCH LADY UHT LOW FAT 6X200ML,RM10.20,RM11.20,https://vgg.bites.com.my/collections/fridge/products/dutch-lady-uht-low-fat-6x200ml
https://vgg.bites.com.my/collections/fridge,Fridge,MEZETE TAHINI SAUCE CLASSIC 315G,RM15.99,RM17.95,https://vgg.bites.com.my/collections/fridge/products/mezete-tahini-sauce-classic-315g
https://vgg.bites.com.my/collections/fridge,Fridge,MEZETE SHATTA (RED HOT) SAUCE 315G,RM15.99,RM18.50,https://vgg.bites.com.my/collections/fridge/products/mezete-shatta-red-hot-sauce-315g
https://vgg.bites.com.my/collections/fridge,Fridge,SATONOYUKI OISHII TOFU FIRM 300G,RM6.90,,https://vgg.bites.com.my/collections/fridge/products/satonoyuki-oishii-tofu-firm-300g
https://vgg.bites.com.my/collections/fridge,Fridge,AYAMAS KITCHEN SMOKED COCKTL CHEESE SAUSAGE 450G,RM15.90,,https://vgg.bites.com.my/collections/fridge/products/ayamas-kitchen-smoked-cocktl-cheese-sausage-450g
https://vgg.bites.com.my/collections/fridge,Fridge,HERNAN FOOD DURIAN MOCHI 4S 120G,RM11.50,,https://vgg.bites.com.my/collections/fridge/products/hernan-food-durian-mochi-4s-120g
https://vgg.bites.com.my/collections/fridge,Fridge,HERNAN FOOD YUZU MOCHI 4S 120G,RM10.50,,https://vgg.bites.com.my/collections/fridge/products/hernan-food-yuzu-mochi-4s-120g
https://vgg.bites.com.my/collections/fridge,Fridge,HERNAN STRAWBERRY MOCHI 4X30G,RM10.50,,https://vgg.bites.com.my/collections/fridge/products/hernan-strawberry-mochi-4x30g
https://vgg.bites.com.my/collections/fridge,Fridge,FIRST PRIDE TEMPURA DRUMMET ORIGINAL 500G,RM20.30,,https://vgg.bites.com.my/collections/fridge/products/first-pride-tempura-drummet-original-500g
https://vgg.bites.com.my/collections/fridge,Fridge,FIRST PRIDE TEMPURA DRUMMET HOT & SPICY 500G,RM20.30,,https://vgg.bites.com.my/collections/fridge/products/first-pride-tempura-drummet-hot-spicy-500g
https://vgg.bites.com.my/collections/fridge,Fridge,PUCK CREAM CHEESE SPREAD JAR 240G,RM16.70,,https://vgg.bites.com.my/collections/fridge/products/puck-cream-cheese-spread-jar-240g
https://vgg.bites.com.my/collections/fridge,Fridge,OATSIDE BARISTA 3X180ML,RM6.00,,https://vgg.bites.com.my/collections/fridge/products/oatside-barista-3x180ml
https://vgg.bites.com.my/collections/fridge,Fridge,OATSIDE CHOCOLATE MALT OAT MILK 3X180ML,RM6.00,,https://vgg.bites.com.my/collections/fridge/products/oatside-chocolate-malt-oat-milk-3x180ml
https://vgg.bites.com.my/collections/fridge,Fridge,OATSIDE CHOCOLATE 3X180ML,RM6.00,,https://vgg.bites.com.my/collections/fridge/products/oatside-chocolate-3x180ml
https://vgg.bites.com.my/collections/fridge,Fridge,NURTRIPLUS KOREAN CHEESE FRIED CHICKEN 700GM,RM19.29,RM22.10,https://vgg.bites.com.my/collections/fridge/products/nurtriplus-korean-cheese-fried-chicken-700gm
https://vgg.bites.com.my/collections/fridge,Fridge,MEADOW LEA LOW SALT SPRD 500G,RM12.95,,https://vgg.bites.com.my/collections/fridge/products/meadow-lea-low-salt-sprd-500g
https://vgg.bites.com.my/collections/fridge,Fridge,MEADOW LEA CANOLA SPREAD 500G,RM13.75,,https://vgg.bites.com.my/collections/fridge/products/meadow-lea-canola-spread-500g
https://vgg.bites.com.my/collections/fridge,Fridge,FARM FRESH PASTEURIZED LOW FAT MILK 1L,RM7.90,,https://vgg.bites.com.my/collections/fridge/products/farm-fresh-pasteurized-low-fat-milk-1l
https://vgg.bites.com.my/collections/fridge,Fridge,FARM FRESH PASTEURIZED FULL CREAM MILK 1L,RM7.90,,https://vgg.bites.com.my/collections/fridge/products/farm-fresh-pasteurized-full-cream-milk-1l
https://vgg.bites.com.my/collections/fridge,Fridge,CHOBANI GREEK YOGHURT 2% FAT PASSION FRUIT 160G,RM11.69,RM13.15,https://vgg.bites.com.my/collections/fridge/products/chobani-greek-yoghurt-2-fat-passion-fruit-160g
https://vgg.bites.com.my/collections/fridge,Fridge,CHOBANI GREEK YOGHURT HONEY 160G,RM11.69,RM13.20,https://vgg.bites.com.my/collections/fridge/products/chobani-greek-yoghurt-honey-160g
https://vgg.bites.com.my/collections/fridge,Fridge,LAUGHING COW CHEEZ DIPPERS PIZZA 140G,RM17.75,,https://vgg.bites.com.my/collections/fridge/products/laughing-cow-cheez-dippers-pizza-140g
https://vgg.bites.com.my/collections/fridge,Fridge,EB KRANCH CHICKEN KARAAGE 530GM,RM19.90,,https://vgg.bites.com.my/collections/fridge/products/eb-kranch-chicken-karaage-530gm
https://vgg.bites.com.my/collections/fridge,Fridge,RASA MALAYA FREE RANGE CAGE FREE EGG 10S,RM13.85,,https://vgg.bites.com.my/collections/fridge/products/rasa-malaya-free-range-cage-free-egg-10s
https://vgg.bites.com.my/collections/fridge,Fridge,AYAMAS KITCHEN GOLDEN NUGGETS 750G,RM22.40,,https://vgg.bites.com.my/collections/fridge/products/ayamas-kitchen-golden-nuggets-750g
https://vgg.bites.com.my/collections/fridge,Fridge,FARM BEST CHIC BALLS VEGE 400GM,RM6.80,,https://vgg.bites.com.my/collections/fridge/products/farm-best-chic-balls-vege-400gm
https://vgg.bites.com.my/collections/fridge,Fridge,SANITARIUM SO GOOD EXTRA CREAMY ALMOND 1L,RM11.39,RM13.10,https://vgg.bites.com.my/collections/fridge/products/sanitarium-so-good-extra-creamy-almond-1l
https://vgg.bites.com.my/collections/fridge,Fridge,SANITARIUM SO GOOD HIGH PROTEIN SOY 1L,RM14.99,RM16.70,https://vgg.bites.com.my/collections/fridge/products/sanitarium-so-good-high-protein-soy-1l
https://vgg.bites.com.my/collections/fridge,Fridge,ATLANTIS KINGS BREADED SALMON FINGER 255G,RM15.19,RM17.10,https://vgg.bites.com.my/collections/fridge/products/atlantis-kings-breaded-salmon-finger-255g
https://vgg.bites.com.my/collections/fridge,Fridge,I AM ORGANIC TIGER MILK CACAO OATMILK 800G,RM95.00,,https://vgg.bites.com.my/collections/fridge/products/i-am-organic-tiger-milk-cacao-oatmilk-800g
https://vgg.bites.com.my/collections/fridge,Fridge,I AM ORGANIC PINK LOVER OATMILK 800G,RM95.00,,https://vgg.bites.com.my/collections/fridge/products/i-am-organic-pink-lover-oatmilk-800g
https://vgg.bites.com.my/collections/fridge,Fridge,I AM ORGANIC OATMILK 850G,RM95.00,,https://vgg.bites.com.my/collections/fridge/products/i-am-organic-oatmilk-850g
https://vgg.bites.com.my/collections/fridge,Fridge,DIONE VANILLA SALTED CARAMEL 475 ML,RM24.89,RM29.90,https://vgg.bites.com.my/collections/fridge/products/dione-vanilla-salted-caramel-475-ml
https://vgg.bites.com.my/collections/fridge,Fridge,DIONE ZERO SUGAR VANILLA COOKIE DOUGH 475ML,RM32.29,RM34.35,https://vgg.bites.com.my/collections/fridge/products/dione-zero-sugar-vanilla-cookie-dough-475ml
https://vgg.bites.com.my/collections/fridge,Fridge,ATLANTIS KINGS SALMON WELLINGTON 185G,RM17.99,RM19.60,https://vgg.bites.com.my/collections/fridge/products/atlantis-kings-salmon-wellington-185g
https://vgg.bites.com.my/collections/fridge,Fridge,PACIFIC WEST CHUNKY COD BITES 300G,RM30.70,,https://vgg.bites.com.my/collections/fridge/products/pacific-west-chunky-cod-bites-300g
https://vgg.bites.com.my/collections/fridge,Fridge,OOB FROZEN RASPBERRY 450G,RM39.39,RM43.49,https://vgg.bites.com.my/collections/fridge/products/oob-frozen-raspberry-450g
https://vgg.bites.com.my/collections/fridge,Fridge,WALL'S TOP TEN CHOC MP 4X70ML,RM10.20,,https://vgg.bites.com.my/collections/fridge/products/wall-s-top-ten-choc-mp-4x70ml
https://vgg.bites.com.my/collections/fridge,Fridge,PACIFIC WEST CRUMBED HOKI FISH FILLETS 340G,RM21.90,,https://vgg.bites.com.my/collections/fridge/products/pacific-west-crumbed-hoki-fish-fillets-340g
https://vgg.bites.com.my/collections/fridge,Fridge,FIRST PRIDE SPICY CRISPY CHICKEN KATSU 320G,RM19.35,,https://vgg.bites.com.my/collections/fridge/products/first-pride-spicy-crispy-chicken-katsu-320g
https://vgg.bites.com.my/collections/fridge,Fridge,FIRST PRIDE CRISPY CHICKEN KATSU 320G,RM19.35,,https://vgg.bites.com.my/collections/fridge/products/first-pride-crispy-chicken-katsu-320g
https://vgg.bites.com.my/collections/fridge,Fridge,BIBIGO RADISH KIMCHI(CHONGKAK) 450G,RM31.80,,https://vgg.bites.com.my/collections/fridge/products/bibigo-radish-kimchi-chongkak-450g
https://vgg.bites.com.my/collections/fridge,Fridge,FARM FRESH GROW CLTR MILK KYOHO GRAPEMILK 5X100ML,RM4.70,,https://vgg.bites.com.my/collections/fridge/products/farm-fresh-grow-cltr-milk-kyoho-grapemilk-5x100ml
https://vgg.bites.com.my/collections/fridge,Fridge,FARM FRESH GROW CULTR MILK APPLE 5X100ML,RM4.70,,https://vgg.bites.com.my/collections/fridge/products/farm-fresh-grow-cultr-milk-apple-5x100ml
https://vgg.bites.com.my/collections/fridge,Fridge,FARM FRESH GROW CULTR MILK ICHIBA MELON 5X100ML,RM4.70,,https://vgg.bites.com.my/collections/fridge/products/farm-fresh-grow-cultr-milk-ichiba-melon-5x100ml
https://vgg.bites.com.my/collections/fridge,Fridge,FARM FRESH GROW CULTR MILK ORIGINAL 5X100ML,RM4.70,,https://vgg.bites.com.my/collections/fridge/products/farm-fresh-grow-cultr-milk-original-5x100ml
https://vgg.bites.com.my/collections/fridge,Fridge,FARM FRESH GROW CULTR MILK TUTTI FRUTTI 5X100ML,RM4.70,,https://vgg.bites.com.my/collections/fridge/products/farm-fresh-grow-cultr-milk-tutti-frutti-5x100ml
https://vgg.bites.com.my/collections/fridge,Fridge,WAITROSE ESSENTIAL FROZEN STRAWBERRIES 400G,RM18.15,,https://vgg.bites.com.my/collections/fridge/products/waitrose-essential-frozen-strawberries-400g
https://vgg.bites.com.my/collections/fridge,Fridge,BEGA SHREDDED CHEDDAR 200G,RM14.90,,https://vgg.bites.com.my/collections/fridge/products/bega-shredded-cheddar-200g
https://vgg.bites.com.my/collections/fridge,Fridge,BEGA SHREDDED MOZZARELLA 200G,RM14.90,,https://vgg.bites.com.my/collections/fridge/products/bega-shredded-mozzarella-200g
https://vgg.bites.com.my/collections/fridge,Fridge,BEGA SHREDDED CHEESE MELT 200G,RM14.90,,https://vgg.bites.com.my/collections/fridge/products/bega-shredded-cheese-melt-200g
https://vgg.bites.com.my/collections/fridge,Fridge,WAITROSE ESS BLUEBERRIES 400G,RM29.30,,https://vgg.bites.com.my/collections/fridge/products/waitrose-ess-blueberries-400g
https://vgg.bites.com.my/collections/fridge,Fridge,FARM FRESH KIDS FORMULATED MILK 4X125ML,RM5.49,RM6.00,https://vgg.bites.com.my/collections/fridge/products/farm-fresh-kids-formulated-milk-4x125ml
https://vgg.bites.com.my/collections/fridge,Fridge,YOBICK YOGURT DRINK ORIGINAL 700ML,RM7.00,,https://vgg.bites.com.my/collections/fridge/products/yobick-yogurt-drink-original-700ml
https://vgg.bites.com.my/collections/fridge,Fridge,YOBICK YOGURT DRINK FUJI APPLE 700ML,RM7.00,,https://vgg.bites.com.my/collections/fridge/products/yobick-yogurt-drink-fuji-apple-700ml
https://vgg.bites.com.my/collections/fridge,Fridge,FRESHXEAL CHIA SEED BAGEL 4'S 300G,RM17.99,RM19.95,https://vgg.bites.com.my/collections/fridge/products/freshxeal-chia-seed-bagel-4-s-300g
https://vgg.bites.com.my/collections/fridge,Fridge,FRESHXEAL CRANBERRY BAGEL 4'S 360G,RM18.89,RM20.95,https://vgg.bites.com.my/collections/fridge/products/freshxeal-cranberry-bagel-4-s-360g
https://vgg.bites.com.my/collections/fridge,Fridge,FRESHXEAL VEGAN  BURGER BUN,RM14.39,RM15.95,https://vgg.bites.com.my/collections/fridge/products/freshxeal-vegan-burger-bun
https://vgg.bites.com.my/collections/fridge,Fridge,FRESHXEAL PLAIN BAGEL 4'S 300G,RM12.59,RM13.95,https://vgg.bites.com.my/collections/fridge/products/freshxeal-plain-bagel-4-s-300g
https://vgg.bites.com.my/collections/fridge,Fridge,FRESHXEAL WHOLEMEAL BAGEL 4'S 300G,RM14.39,RM15.95,https://vgg.bites.com.my/collections/fridge/products/freshxeal-wholemeal-bagel-4-s-300g
https://vgg.bites.com.my/collections/fridge,Fridge,MAGNOLIA UHT FRESH MILK 1L,RM5.99,RM7.35,https://vgg.bites.com.my/collections/fridge/products/magnolia-uht-fresh-milk-1l
https://vgg.bites.com.my/collections/fridge,Fridge,YARRA BY FARM FRESH UHT FULL CREAM MILK 4X200ML,RM7.10,,https://vgg.bites.com.my/collections/fridge/products/yarra-by-farm-fresh-uht-full-cream-milk-4x200ml
https://vgg.bites.com.my/collections/fridge,Fridge,YARRA BY FARM FRESH UHT CHOCOLATE MILK 4X200ML,RM7.10,,https://vgg.bites.com.my/collections/fridge/products/yarra-by-farm-fresh-uht-chocolate-milk-4x200ml
https://vgg.bites.com.my/collections/fridge,Fridge,YARRA BY FARM FRESH UHT STRAWBERRY MILK 4X200ML,RM7.10,,https://vgg.bites.com.my/collections/fridge/products/yarra-by-farm-fresh-uht-strawberry-milk-4x200ml
https://vgg.bites.com.my/collections/fridge,Fridge,ALMOND KOKA MIXED 3 NUTS 1L,RM20.80,,https://vgg.bites.com.my/collections/fridge/products/almond-koka-mixed-3-nuts-1l
https://vgg.bites.com.my/collections/fridge,Fridge,ALMOND KOKA CHOCOLATE 180MLX3,RM14.00,,https://vgg.bites.com.my/collections/fridge/products/almond-koka-chocolate-180mlx3
https://vgg.bites.com.my/collections/fridge,Fridge,SANITARIUM SO GOOD HIGH PROTEIN OAT 1L,RM14.99,RM16.70,https://vgg.bites.com.my/collections/fridge/products/sanitarium-so-good-high-protein-oat-1l
https://vgg.bites.com.my/collections/fridge,Fridge,LAMB WESTON GRILL FRIES SALT & PEPPER 500G,RM10.90,,https://vgg.bites.com.my/collections/fridge/products/lamb-weston-grill-fries-salt-pepper-500g
https://vgg.bites.com.my/collections/fridge,Fridge,LAMB WESTON POTATO DIPPERS 650G,RM12.90,,https://vgg.bites.com.my/collections/fridge/products/lamb-weston-potato-dippers-650g
https://vgg.bites.com.my/collections/fridge,Fridge,LAMB WESTON TWISTER FRIES SEASONED 600G,RM13.50,,https://vgg.bites.com.my/collections/fridge/products/lamb-weston-twister-fries-seasoned-600g
https://vgg.bites.com.my/collections/fridge,Fridge,LAMB WESTON ZIGGY FRIES SEASONED 750G,RM13.70,,https://vgg.bites.com.my/collections/fridge/products/lamb-weston-ziggy-fries-seasoned-750g
https://vgg.bites.com.my/collections/fridge,Fridge,LAMB WESTON RUSTIC FRIES 750G,RM13.70,,https://vgg.bites.com.my/collections/fridge/products/lamb-weston-rustic-fries-750g
https://vgg.bites.com.my/collections/fridge,Fridge,SUBI CRUMBED POLLOCK FISH FINGERS 400G,RM14.99,RM16.30,https://vgg.bites.com.my/collections/fridge/products/subi-crumbed-pollock-fish-fingers-400g
https://vgg.bites.com.my/collections/fridge,Fridge,LA CREMERIA CHOCOBERRY ROYALE 750ML,RM13.99,RM15.25,https://vgg.bites.com.my/collections/fridge/products/la-cremeria-chocoberry-royale-750ml
https://vgg.bites.com.my/collections/fridge,Fridge,LA CREMERIA PISTACHIO 750ML,RM13.99,RM15.25,https://vgg.bites.com.my/collections/fridge/products/la-cremeria-pistachio-750ml
https://vgg.bites.com.my/collections/fridge,Fridge,HI-CHEF SQUID GYOZA 240G,RM13.90,,https://vgg.bites.com.my/collections/fridge/products/hi-chef-squid-gyoza-240g
https://vgg.bites.com.my/collections/fridge,Fridge,HI-CHEF SALMON GYOZA 240G,RM13.90,,https://vgg.bites.com.my/collections/fridge/products/hi-chef-salmon-gyoza-240g
https://vgg.bites.com.my/collections/fridge,Fridge,HI-CHEF SHRIMP GYOZA 240G,RM13.90,,https://vgg.bites.com.my/collections/fridge/products/hi-chef-shrimp-gyoza-240g
https://vgg.bites.com.my/collections/fridge,Fridge,NESTLE CRUNCH D/CHOCO ICE CREAM MP 4X70ML,RM10.20,,https://vgg.bites.com.my/collections/fridge/products/nestle-crunch-d-choco-ice-cream-mp-4x70ml
https://vgg.bites.com.my/collections/fridge,Fridge,NESTLE CRUNCH VANILLA ICE CREAM MP 4X70ML,RM10.20,,https://vgg.bites.com.my/collections/fridge/products/nestle-crunch-vanilla-ice-cream-mp-4x70ml
https://vgg.bites.com.my/collections/fridge,Fridge,EMBORG BRIE CHEESE 125GM,RM18.55,,https://vgg.bites.com.my/collections/fridge/products/emborg-brie-cheese-125gm
https://vgg.bites.com.my/collections/fridge,Fridge,EMBORG DANABLU CREAMY CHEESE 100G,RM12.05,,https://vgg.bites.com.my/collections/fridge/products/emborg-danablu-creamy-cheese-100g
https://vgg.bites.com.my/collections/fridge,Fridge,QUESCREM CREAM CHEESE OLIVE TUB 200G,RM19.00,,https://vgg.bites.com.my/collections/fridge/products/quescrem-cream-cheese-olive-tub-200g
https://vgg.bites.com.my/collections/fridge,Fridge,YARRA BY FARM FRESH CHOCOLATE MILK UHT 1L,RM6.19,RM6.80,https://vgg.bites.com.my/collections/fridge/products/yarra-by-farm-fresh-chocolate-milk-uht-1l
https://vgg.bites.com.my/collections/fridge,Fridge,YARRA BY FARM FRESH STRAWBERRY MILK UHT 1L,RM6.19,RM6.80,https://vgg.bites.com.my/collections/fridge/products/yarra-by-farm-fresh-strawberry-milk-uht-1l
https://vgg.bites.com.my/collections/fridge,Fridge,FF MOOLA UHT CHOCO MALT KAW 4X115ML,RM5.19,RM5.70,https://vgg.bites.com.my/collections/fridge/products/ff-moola-uht-choco-malt-kaw-4x115ml
https://vgg.bites.com.my/collections/fridge,Fridge,WESTERN BAGEL MINI WHOLE WHEAT BAGEL 510G,RM42.15,,https://vgg.bites.com.my/collections/fridge/products/western-bagel-mini-whole-wheat-bagel-510g
https://vgg.bites.com.my/collections/fridge,Fridge,MAGNOLIA HERSHEY'S COOKIES N CREME 3X70ML,RM15.45,,https://vgg.bites.com.my/collections/fridge/products/magnolia-hershey-s-cookies-n-creme-3x70ml
https://vgg.bites.com.my/collections/fridge,Fridge,NUTRIPLUS CHICKEN FINGER 450G,RM11.10,,https://vgg.bites.com.my/collections/fridge/products/nutriplus-chicken-finger-450g
https://vgg.bites.com.my/collections/fridge,Fridge,BS FRATELLI BRAZZALE UNSALTED BUTTER 125G,RM18.15,,https://vgg.bites.com.my/collections/fridge/products/bs-fratelli-brazzale-unsalted-butter-125g
https://vgg.bites.com.my/collections/fridge,Fridge,BS FRATELLI BRAZZALE SMOKED SALT BUTTER 125G,RM18.15,,https://vgg.bites.com.my/collections/fridge/products/bs-fratelli-brazzale-smoked-salt-butter-125g
https://vgg.bites.com.my/collections/fridge,Fridge,BS FRATELLI BRAZZALE SALTED W FENNEL BUTTER 125G,RM18.15,,https://vgg.bites.com.my/collections/fridge/products/bs-fratelli-brazzale-salted-w-fennel-butter-125g
https://vgg.bites.com.my/collections/fridge,Fridge,BEEMSTER GOUDA XO 26 MONTHS 150G,RM30.55,,https://vgg.bites.com.my/collections/fridge/products/beemster-gouda-xo-26-months-150g
https://vgg.bites.com.my/collections/fridge,Fridge,GRANAROLO GRANA PADANO PDO GRATED 90G,RM14.10,,https://vgg.bites.com.my/collections/fridge/products/granarolo-grana-padano-pdo-grated-90g
https://vgg.bites.com.my/collections/fridge,Fridge,GRANAROLO PECORINO ROMANO PDO GRATED 70G,RM18.10,,https://vgg.bites.com.my/collections/fridge/products/granarolo-pecorino-romano-pdo-grated-70g
https://vgg.bites.com.my/collections/fridge,Fridge,GRANAROLO PECORINO ROMANO 150G,RM31.00,,https://vgg.bites.com.my/collections/fridge/products/granarolo-pecorino-romano-150g
https://vgg.bites.com.my/collections/fridge,Fridge,FERNLEAF STRAWBERRY MIXED BERRY YOGHURT 4X110G,RM6.00,,https://vgg.bites.com.my/collections/fridge/products/fernleaf-strawberry-mixed-berry-yoghurt-4x110g
https://vgg.bites.com.my/collections/fridge,Fridge,GRANAROLO PROVOLONE MILD 180G,RM27.25,,https://vgg.bites.com.my/collections/fridge/products/granarolo-provolone-mild-180g
https://vgg.bites.com.my/collections/fridge,Fridge,GRANAROLO BUFALO MOZZARELLA BALL 125G,RM27.25,,https://vgg.bites.com.my/collections/fridge/products/granarolo-bufalo-mozzarella-ball-125g
https://vgg.bites.com.my/collections/fridge,Fridge,GRANAROLO PARMIGGINO REGGIANO PDO GRATED 90G,RM17.75,,https://vgg.bites.com.my/collections/fridge/products/granarolo-parmiggino-reggiano-pdo-grated-90g
https://vgg.bites.com.my/collections/fridge,Fridge,HOKKAIDO BABY SCALLOP 41-50/LB 500GM,RM30.90,,https://vgg.bites.com.my/collections/fridge/products/hokkaido-baby-scallop-41-50-lb-500gm
https://vgg.bites.com.my/collections/fridge,Fridge,TIP TOP CREAMY VANILLA 2L,RM30.49,RM33.60,https://vgg.bites.com.my/collections/fridge/products/tip-top-creamy-vanilla-2l
https://vgg.bites.com.my/collections/fridge,Fridge,TIP TOP BOYSENBERRY RIPPLE 2L,RM33.60,,https://vgg.bites.com.my/collections/fridge/products/tip-top-boysenberry-ripple-2l
https://vgg.bites.com.my/collections/fridge,Fridge,KERRYGOLD DUBLINER CHEESE 200G,RM21.40,,https://vgg.bites.com.my/collections/fridge/products/kerrygold-dubliner-cheese-200g
https://vgg.bites.com.my/collections/fridge,Fridge,KERRYGOLD VINTAGE WHITE CHEDDAR CHEESE 200G,RM21.40,,https://vgg.bites.com.my/collections/fridge/products/kerrygold-vintage-white-cheddar-cheese-200g
https://vgg.bites.com.my/collections/fridge,Fridge,BULLA FROYO VANILLA BOYSENBERRY 1L,RM23.50,,https://vgg.bites.com.my/collections/fridge/products/bulla-froyo-vanilla-boysenberry-1l
https://vgg.bites.com.my/collections/fridge,Fridge,MAGNOLIA HERSHEY'S COOKIES N CREME 750ML,RM14.95,,https://vgg.bites.com.my/collections/fridge/products/magnolia-hershey-s-cookies-n-creme-750ml
https://vgg.bites.com.my/collections/fridge,Fridge,CHOBANI FLIP CARAMEL SLICE 140G,RM12.69,RM14.10,https://vgg.bites.com.my/collections/fridge/products/chobani-flip-caramel-slice-140g
https://vgg.bites.com.my/collections/fridge,Fridge,CHOBANI FLIP COOKIES DOUGH YOGURT 140G,RM14.10,,https://vgg.bites.com.my/collections/fridge/products/chobani-flip-cookies-dough-yogurt-140g
https://vgg.bites.com.my/collections/fridge,Fridge,ROKEBY FARM SMOOTHIE STRAWBERRY 425ML,RM15.15,,https://vgg.bites.com.my/collections/fridge/products/rokeby-farm-smoothie-strawberry-425ml
https://vgg.bites.com.my/collections/fridge,Fridge,FROZEN SHABU SHABU SNAKEHEAD FISH 200G,RM8.99,RM10.90,https://vgg.bites.com.my/collections/fridge/products/frozen-shabu-shabu-snakehead-fish-200g
https://vgg.bites.com.my/collections/fridge,Fridge,BEN & JERRYS EU NETFLIX & CHILL'D 465ML,RM36.35,,https://vgg.bites.com.my/collections/fridge/products/ben-jerrys-eu-netflix-chill-d-465ml
https://vgg.bites.com.my/collections/fridge,Fridge,MEGAH JAPANESE GROZA PASTRY 200G+/-,RM4.05,,https://vgg.bites.com.my/collections/fridge/products/megah-japanese-groza-pastry-200g
https://vgg.bites.com.my/collections/fridge,Fridge,EB CHEESE TOFU 500G,RM15.20,,https://vgg.bites.com.my/collections/fridge/products/eb-cheese-tofu-500g
https://vgg.bites.com.my/collections/fridge,Fridge,KETO ICE BAR SEA SALTED CARAMEL CRUNCH 4X81ML,RM39.90,,https://vgg.bites.com.my/collections/fridge/products/keto-ice-bar-sea-salted-caramel-crunch-4x81ml
https://vgg.bites.com.my/collections/fridge,Fridge,KETO ICE BAR VANILA ALMOND 4X81ML,RM39.90,,https://vgg.bites.com.my/collections/fridge/products/keto-ice-bar-vanila-almond-4x81ml
https://vgg.bites.com.my/collections/fridge,Fridge,M&S COCONUT WHIPPING CREAM 500ML,RM9.99,RM14.80,https://vgg.bites.com.my/collections/fridge/products/m-s-coconut-whipping-cream-500ml
https://vgg.bites.com.my/collections/fridge,Fridge,OASIS ICE TUBE PACK 2KG,RM2.25,,https://vgg.bites.com.my/collections/fridge/products/oasis-ice-tube-pack-2kg
https://vgg.bites.com.my/collections/fridge,Fridge,OASIS ICE CUP 16OZ,RM1.70,,https://vgg.bites.com.my/collections/fridge/products/oasis-ice-cup-16oz
https://vgg.bites.com.my/collections/fridge,Fridge,PACIFIC WEST CRUMBED FISH CAKES ORI 4'S 400G,RM20.20,,https://vgg.bites.com.my/collections/fridge/products/pacific-west-crumbed-fish-cakes-ori-4-s-400g
https://vgg.bites.com.my/collections/fridge,Fridge,PACIFIC WEST CRUMBED FISH CAKES H&S 4'S 400G,RM21.00,,https://vgg.bites.com.my/collections/fridge/products/pacific-west-crumbed-fish-cakes-h-s-4-s-400g
https://vgg.bites.com.my/collections/fridge,Fridge,PACIFIC WEST CRUMBED FISH CAKES CURRY 4'S 400G,RM21.80,,https://vgg.bites.com.my/collections/fridge/products/pacific-west-crumbed-fish-cakes-curry-4-s-400g
https://vgg.bites.com.my/collections/fridge,Fridge,EMBORG COOK & BAKE SALTED 200G,RM6.19,RM7.70,https://vgg.bites.com.my/collections/fridge/products/emborg-cook-bake-salted-200g
https://vgg.bites.com.my/collections/fridge,Fridge,MUCH MOORE AWESOME VANILLA 2L,RM34.99,RM38.90,https://vgg.bites.com.my/collections/fridge/products/much-moore-awesome-vanilla-2l
https://vgg.bites.com.my/collections/fridge,Fridge,MUCH MOORE AWESOME 4SOME FAMILY CLASSIC 2L,RM34.99,RM38.90,https://vgg.bites.com.my/collections/fridge/products/much-moore-awesome-4some-family-classic-2l
https://vgg.bites.com.my/collections/fridge,Fridge,MUCH MOORE AWESOME 4SOME CRAVINGS 2L,RM34.99,RM38.90,https://vgg.bites.com.my/collections/fridge/products/much-moore-awesome-4some-cravings-2l
https://vgg.bites.com.my/collections/fridge,Fridge,OOB FROZEN BLUEBERRIES 450G,RM32.39,RM35.39,https://vgg.bites.com.my/collections/fridge/products/oob-frozen-blueberries-450g
https://vgg.bites.com.my/collections/fridge,Fridge,OOB FROZEN MIXED BERRIES 450G,RM32.39,RM35.90,https://vgg.bites.com.my/collections/fridge/products/oob-frozen-mixed-berries-450g
https://vgg.bites.com.my/collections/fridge,Fridge,FIGO SEAWEED NUGGET BITES 330G,RM8.99,RM9.40,https://vgg.bites.com.my/collections/fridge/products/figo-seaweed-nugget-bites-330g
https://vgg.bites.com.my/collections/fridge,Fridge,[BB] (BUY ANY 2 @RM16.99) FARM FRESH UNSALTED BUTTER 200G,RM11.90,,https://vgg.bites.com.my/collections/fridge/products/bb-buy-any-2-rm1699-farm-fresh-unsalted-butter-200g
https://vgg.bites.com.my/collections/fridge,Fridge,[BB] (BUY ANY 2 @RM16.99) FARM FRESH SALTED BUTTER 200G,RM11.90,,https://vgg.bites.com.my/collections/fridge/products/bb-buy-any-2-rm1699-farm-fresh-salted-butter-200g
https://vgg.bites.com.my/collections/fridge,Fridge,[BB] MAGNOLIA HERSHEY'S CHOCOLATE ALMOND MINI 6X45ML,RM11.99,RM18.20,https://vgg.bites.com.my/collections/fridge/products/bb-magnolia-hersheys-chocolate-almond-mini-6x45ml
https://vgg.bites.com.my/collections/fridge,Fridge,NOBLE GREEN BUTTERMILK WAFFLE ORIGINAL 6X45G,RM16.59,RM17.40,https://vgg.bites.com.my/collections/fridge/products/noble-green-buttermilk-waffle-original-6x45g
https://vgg.bites.com.my/collections/fridge,Fridge,NUTRIPLUS CHEESE CHIC FRANK 300GM,RM6.99,RM7.60,https://vgg.bites.com.my/collections/fridge/products/nutriplus-cheese-chic-frank-300gm
